"cycle","label","tid","name","state","overlap_ms"
0,"animation-requested→first-ui-motion",16849,"binder:16838_3","S",78.319000
0,"animation-requested→first-ui-motion",16850,"Profile Saver","S",78.319000
0,"animation-requested→first-ui-motion",16855,"ScionFrontendAp","S",78.319000
0,"animation-requested→first-ui-motion",16859,"DefaultDispatch","S",78.319000
0,"animation-requested→first-ui-motion",16861,"Measurement Wor","S",78.319000
0,"animation-requested→first-ui-motion",16862,"queued-work-loo","S",78.319000
0,"animation-requested→first-ui-motion",16864,"Firebase Backgr","S",78.319000
0,"animation-requested→first-ui-motion",16866,"Firebase Backgr","S",78.319000
0,"animation-requested→first-ui-motion",16870,"Firebase Blocki","S",78.319000
0,"animation-requested→first-ui-motion",16875,"hwuiTask0","S",78.319000
0,"animation-requested→first-ui-motion",16882,"binder:16838_4","S",78.319000
0,"animation-requested→first-ui-motion",16889,"ncFunctionQueue","S",78.319000
0,"animation-requested→first-ui-motion",16899,"DefaultDispatch","S",78.319000
0,"animation-requested→first-ui-motion",16902,".0.2.2:8093/...","S",78.319000
0,"animation-requested→first-ui-motion",16915,"CookieMonsterCl","S",78.319000
0,"animation-requested→first-ui-motion",16922,"binder:16838_4","S",78.319000
0,"animation-requested→first-ui-motion",16924,"OkHttp TaskRunn","S",78.319000
0,"animation-requested→first-ui-motion",16927,"OkHttp TaskRunn","S",78.319000
0,"animation-requested→first-ui-motion",16937,".0.2.2:8093/...","S",78.319000
0,"animation-requested→first-ui-motion",16982,"GPU completion","S",78.319000
0,"animation-requested→first-ui-motion",16983,"HWC release","S",78.319000
0,"animation-requested→first-ui-motion",16988,"glide-disk-cach","S",77.620000
0,"animation-requested→first-ui-motion",16881,"mqt_v_native","S",75.896000
0,"animation-requested→first-ui-motion",16871,"RenderThread","S",71.153000
0,"animation-requested→first-ui-motion",16841,"Jit thread pool","S",67.846000
0,"animation-requested→first-ui-motion",16880,"mqt_v_js","S",66.580000
0,"animation-requested→first-ui-motion",16987,"glide-disk-cach","S",55.783000
0,"animation-requested→first-ui-motion",16942,"glide-disk-cach","R+",45.432000
0,"animation-requested→first-ui-motion",16838,"oelseisfree.app","R",33.537000
0,"animation-requested→first-ui-motion",16838,"oelseisfree.app","Running",30.902000
0,"animation-requested→first-ui-motion",16942,"glide-disk-cach","R",9.942000
0,"animation-requested→first-ui-motion",16942,"glide-disk-cach","S",9.675000
0,"animation-requested→first-ui-motion",16942,"glide-disk-cach","Running",9.227000
0,"animation-requested→first-ui-motion",16838,"oelseisfree.app","R+",9.115000
0,"animation-requested→first-ui-motion",16880,"mqt_v_js","Running",9.058000
0,"animation-requested→first-ui-motion",16990,"glide-disk-cach","R+",8.495000
0,"animation-requested→first-ui-motion",16841,"Jit thread pool","R+",4.801000
0,"animation-requested→first-ui-motion",16838,"oelseisfree.app","S",4.764000
0,"animation-requested→first-ui-motion",16841,"Jit thread pool","Running",4.599000
0,"animation-requested→first-ui-motion",16942,"glide-disk-cach","D",4.043000
0,"animation-requested→first-ui-motion",16871,"RenderThread","Running",3.739000
0,"animation-requested→first-ui-motion",16987,"glide-disk-cach","R+",2.651000
0,"animation-requested→first-ui-motion",16880,"mqt_v_js","R+",2.383000
0,"animation-requested→first-ui-motion",16881,"mqt_v_native","Running",2.330000
0,"animation-requested→first-ui-motion",16987,"glide-disk-cach","Running",1.802000
0,"animation-requested→first-ui-motion",16871,"RenderThread","R",1.783000
0,"animation-requested→first-ui-motion",16871,"RenderThread","R+",1.644000
0,"animation-requested→first-ui-motion",16987,"glide-disk-cach","R",1.240000
0,"animation-requested→first-ui-motion",16841,"Jit thread pool","R",1.073000
0,"animation-requested→first-ui-motion",16990,"glide-disk-cach","Running",0.827000
0,"animation-requested→first-ui-motion",16988,"glide-disk-cach","R",0.688000
0,"animation-requested→first-ui-motion",16880,"mqt_v_js","R",0.298000
0,"animation-requested→first-ui-motion",16881,"mqt_v_native","R",0.093000
0,"animation-requested→first-ui-motion",16988,"glide-disk-cach","Running",0.012000
0,"animation-requested→first-ui-motion",16987,"glide-disk-cach","X",-0.000000
0,"animation-requested→first-ui-motion",16990,"glide-disk-cach","X",-0.000000
0,"destination-measured→takeoff-ready",16855,"ScionFrontendAp","S",280.691000
0,"destination-measured→takeoff-ready",16859,"DefaultDispatch","S",280.691000
0,"destination-measured→takeoff-ready",16864,"Firebase Backgr","S",280.691000
0,"destination-measured→takeoff-ready",16866,"Firebase Backgr","S",280.691000
0,"destination-measured→takeoff-ready",16870,"Firebase Blocki","S",280.691000
0,"destination-measured→takeoff-ready",16889,"ncFunctionQueue","S",280.691000
0,"destination-measured→takeoff-ready",16899,"DefaultDispatch","S",280.691000
0,"destination-measured→takeoff-ready",16902,".0.2.2:8093/...","S",280.691000
0,"destination-measured→takeoff-ready",16915,"CookieMonsterCl","S",280.691000
0,"destination-measured→takeoff-ready",16924,"OkHttp TaskRunn","S",280.691000
0,"destination-measured→takeoff-ready",16927,"OkHttp TaskRunn","S",280.691000
0,"destination-measured→takeoff-ready",16937,".0.2.2:8093/...","S",280.691000
0,"destination-measured→takeoff-ready",16983,"HWC release","S",280.691000
0,"destination-measured→takeoff-ready",16922,"binder:16838_4","S",280.462000
0,"destination-measured→takeoff-ready",16982,"GPU completion","S",275.760000
0,"destination-measured→takeoff-ready",16881,"mqt_v_native","S",274.988000
0,"destination-measured→takeoff-ready",16862,"queued-work-loo","S",270.311000
0,"destination-measured→takeoff-ready",16882,"binder:16838_4","S",264.857000
0,"destination-measured→takeoff-ready",16861,"Measurement Wor","S",231.895000
0,"destination-measured→takeoff-ready",16849,"binder:16838_3","S",225.844000
0,"destination-measured→takeoff-ready",16942,"glide-disk-cach","R",195.042000
0,"destination-measured→takeoff-ready",16875,"hwuiTask0","S",177.233000
0,"destination-measured→takeoff-ready",16871,"RenderThread","S",134.517000
0,"destination-measured→takeoff-ready",16880,"mqt_v_js","S",107.820000
0,"destination-measured→takeoff-ready",16841,"Jit thread pool","S",102.406000
0,"destination-measured→takeoff-ready",16841,"Jit thread pool","R",97.538000
0,"destination-measured→takeoff-ready",16838,"oelseisfree.app","Running",94.548000
0,"destination-measured→takeoff-ready",16838,"oelseisfree.app","S",90.836000
0,"destination-measured→takeoff-ready",16880,"mqt_v_js","R",74.236000
0,"destination-measured→takeoff-ready",16841,"Jit thread pool","R+",72.296000
0,"destination-measured→takeoff-ready",16871,"RenderThread","Running",69.455000
0,"destination-measured→takeoff-ready",16880,"mqt_v_js","Running",65.286000
0,"destination-measured→takeoff-ready",16838,"oelseisfree.app","R+",58.539000
0,"destination-measured→takeoff-ready",16849,"binder:16838_3","R",54.194000
0,"destination-measured→takeoff-ready",16861,"Measurement Wor","R",47.655000
0,"destination-measured→takeoff-ready",16871,"RenderThread","R+",41.015000
0,"destination-measured→takeoff-ready",16838,"oelseisfree.app","R",36.768000
0,"destination-measured→takeoff-ready",16871,"RenderThread","R",35.704000
0,"destination-measured→takeoff-ready",16942,"glide-disk-cach","R+",34.486000
0,"destination-measured→takeoff-ready",16880,"mqt_v_js","R+",33.349000
0,"destination-measured→takeoff-ready",16906,"FrescoDecodeExe","R",33.154000
0,"destination-measured→takeoff-ready",16942,"glide-disk-cach","Running",24.584000
0,"destination-measured→takeoff-ready",16906,"FrescoDecodeExe","Running",21.806000
0,"destination-measured→takeoff-ready",16903,"FrescoLightWeig","R",17.849000
0,"destination-measured→takeoff-ready",16882,"binder:16838_4","R",15.677000
0,"destination-measured→takeoff-ready",16841,"Jit thread pool","Running",8.451000
0,"destination-measured→takeoff-ready",16862,"queued-work-loo","D",7.935000
0,"destination-measured→takeoff-ready",16881,"mqt_v_native","R",5.295000
0,"destination-measured→takeoff-ready",16982,"GPU completion","R",4.838000
0,"destination-measured→takeoff-ready",16906,"FrescoDecodeExe","R+",3.934000
0,"destination-measured→takeoff-ready",16911,"FrescoIoBoundEx","R",3.266000
0,"destination-measured→takeoff-ready",16911,"FrescoIoBoundEx","Running",2.195000
0,"destination-measured→takeoff-ready",16875,"hwuiTask0","Running",2.007000
0,"destination-measured→takeoff-ready",16862,"queued-work-loo","R+",1.587000
0,"destination-measured→takeoff-ready",16942,"glide-disk-cach","D",1.190000
0,"destination-measured→takeoff-ready",16861,"Measurement Wor","Running",1.141000
0,"destination-measured→takeoff-ready",16911,"FrescoIoBoundEx","D",0.835000
0,"destination-measured→takeoff-ready",16862,"queued-work-loo","Running",0.817000
0,"destination-measured→takeoff-ready",16849,"binder:16838_3","Running",0.652000
0,"destination-measured→takeoff-ready",16903,"FrescoLightWeig","Running",0.569000
0,"destination-measured→takeoff-ready",16881,"mqt_v_native","Running",0.407000
0,"destination-measured→takeoff-ready",16875,"hwuiTask0","R",0.381000
0,"destination-measured→takeoff-ready",16922,"binder:16838_4","R",0.215000
0,"destination-measured→takeoff-ready",16882,"binder:16838_4","Running",0.157000
0,"destination-measured→takeoff-ready",16982,"GPU completion","Running",0.092000
0,"destination-measured→takeoff-ready",16862,"queued-work-loo","R",0.040000
0,"destination-measured→takeoff-ready",16911,"FrescoIoBoundEx","R+",0.016000
0,"destination-measured→takeoff-ready",16922,"binder:16838_4","Running",0.013000
0,"destination-measured→takeoff-ready",16903,"FrescoLightWeig","S",-0.000000
0,"destination-measured→takeoff-ready",16906,"FrescoDecodeExe","S",-0.000000
0,"destination-measured→takeoff-ready",16911,"FrescoIoBoundEx","S",-0.000000
0,"navigate→destination-measured",16871,"RenderThread","S",256.357000
0,"navigate→destination-measured",16882,"binder:16838_4","S",256.357000
0,"navigate→destination-measured",16983,"HWC release","S",256.357000
0,"navigate→destination-measured",16881,"mqt_v_native","S",250.154000
0,"navigate→destination-measured",16889,"ncFunctionQueue","S",249.514000
0,"navigate→destination-measured",16982,"GPU completion","S",249.172000
0,"navigate→destination-measured",16849,"binder:16838_3","S",247.741000
0,"navigate→destination-measured",16922,"binder:16838_4","S",234.936000
0,"navigate→destination-measured",16880,"mqt_v_js","Running",185.392000
0,"navigate→destination-measured",16838,"oelseisfree.app","S",146.373000
0,"navigate→destination-measured",16841,"Jit thread pool","S",76.129000
0,"navigate→destination-measured",16838,"oelseisfree.app","Running",73.571000
0,"navigate→destination-measured",16880,"mqt_v_js","R",63.416000
0,"navigate→destination-measured",16855,"ScionFrontendAp","S",49.225000
0,"navigate→destination-measured",16915,"CookieMonsterCl","S",46.385000
0,"navigate→destination-measured",16924,"OkHttp TaskRunn","S",38.224000
0,"navigate→destination-measured",16927,"OkHttp TaskRunn","S",37.296000
0,"navigate→destination-measured",16902,".0.2.2:8093/...","S",34.319000
0,"navigate→destination-measured",16937,".0.2.2:8093/...","S",33.215000
0,"navigate→destination-measured",16838,"oelseisfree.app","R",32.484000
0,"navigate→destination-measured",16866,"Firebase Backgr","S",24.125000
0,"navigate→destination-measured",16859,"DefaultDispatch","S",23.639000
0,"navigate→destination-measured",16899,"DefaultDispatch","S",22.828000
0,"navigate→destination-measured",16864,"Firebase Backgr","S",22.003000
0,"navigate→destination-measured",16870,"Firebase Blocki","S",21.277000
0,"navigate→destination-measured",16861,"Measurement Wor","R+",16.888000
0,"navigate→destination-measured",16861,"Measurement Wor","S",14.452000
0,"navigate→destination-measured",16937,".0.2.2:8093/...","R",9.634000
0,"navigate→destination-measured",16861,"Measurement Wor","Running",8.965000
0,"navigate→destination-measured",16902,".0.2.2:8093/...","R",8.390000
0,"navigate→destination-measured",16849,"binder:16838_3","R",8.214000
0,"navigate→destination-measured",16880,"mqt_v_js","R+",7.548000
0,"navigate→destination-measured",16982,"GPU completion","R",7.167000
0,"navigate→destination-measured",16902,".0.2.2:8093/...","Running",6.071000
0,"navigate→destination-measured",16862,"queued-work-loo","S",5.312000
0,"navigate→destination-measured",16889,"ncFunctionQueue","R+",5.312000
0,"navigate→destination-measured",16937,".0.2.2:8093/...","R+",5.296000
0,"navigate→destination-measured",16902,".0.2.2:8093/...","R+",4.882000
0,"navigate→destination-measured",16861,"Measurement Wor","R",4.847000
0,"navigate→destination-measured",16937,".0.2.2:8093/...","Running",4.758000
0,"navigate→destination-measured",16881,"mqt_v_native","R",4.233000
0,"navigate→destination-measured",16861,"Measurement Wor","D",4.085000
0,"navigate→destination-measured",16838,"oelseisfree.app","R+",3.929000
0,"navigate→destination-measured",16881,"mqt_v_native","Running",1.969000
0,"navigate→destination-measured",16899,"DefaultDispatch","Running",1.249000
0,"navigate→destination-measured",16866,"Firebase Backgr","Running",1.164000
0,"navigate→destination-measured",16862,"queued-work-loo","R",1.159000
0,"navigate→destination-measured",16889,"ncFunctionQueue","Running",1.106000
0,"navigate→destination-measured",16927,"OkHttp TaskRunn","R",0.949000
0,"navigate→destination-measured",16841,"Jit thread pool","Running",0.777000
0,"navigate→destination-measured",16924,"OkHttp TaskRunn","Running",0.619000
0,"navigate→destination-measured",16915,"CookieMonsterCl","Running",0.583000
0,"navigate→destination-measured",16870,"Firebase Blocki","R",0.491000
0,"navigate→destination-measured",16915,"CookieMonsterCl","R",0.440000
0,"navigate→destination-measured",16855,"ScionFrontendAp","Running",0.431000
0,"navigate→destination-measured",16864,"Firebase Backgr","Running",0.429000
0,"navigate→destination-measured",16899,"DefaultDispatch","R",0.420000
0,"navigate→destination-measured",16937,".0.2.2:8093/...","D",0.419000
0,"navigate→destination-measured",16924,"OkHttp TaskRunn","R",0.404000
0,"navigate→destination-measured",16889,"ncFunctionQueue","D",0.351000
0,"navigate→destination-measured",16849,"binder:16838_3","Running",0.335000
0,"navigate→destination-measured",16855,"ScionFrontendAp","R",0.293000
0,"navigate→destination-measured",16927,"OkHttp TaskRunn","Running",0.254000
0,"navigate→destination-measured",16870,"Firebase Blocki","Running",0.246000
0,"navigate→destination-measured",16862,"queued-work-loo","Running",0.214000
0,"navigate→destination-measured",16927,"OkHttp TaskRunn","R+",0.199000
0,"navigate→destination-measured",16859,"DefaultDispatch","Running",0.183000
0,"navigate→destination-measured",16859,"DefaultDispatch","R",0.161000
0,"navigate→destination-measured",16866,"Firebase Backgr","R+",0.150000
0,"navigate→destination-measured",16866,"Firebase Backgr","R",0.101000
0,"navigate→destination-measured",16864,"Firebase Backgr","R",0.091000
0,"navigate→destination-measured",16841,"Jit thread pool","R",0.079000
0,"navigate→destination-measured",16889,"ncFunctionQueue","R",0.073000
0,"navigate→destination-measured",16849,"binder:16838_3","R+",0.066000
0,"navigate→destination-measured",16922,"binder:16838_4","Running",0.066000
0,"navigate→destination-measured",16982,"GPU completion","Running",0.018000
0,"navigate→destination-measured",16862,"queued-work-loo","R+",0.006000
0,"navigate→destination-measured",16922,"binder:16838_4","R",0.006000
0,"opening",16983,"HWC release","S",1025.702000
0,"opening",16881,"mqt_v_native","S",1023.343000
0,"opening",16982,"GPU completion","S",1013.417000
0,"opening",16882,"binder:16838_4","S",1012.652000
0,"opening",16889,"ncFunctionQueue","S",1007.005000
0,"opening",16922,"binder:16838_4","S",990.843000
0,"opening",16849,"binder:16838_3","S",971.954000
0,"opening",16855,"ScionFrontendAp","S",806.711000
0,"opening",16915,"CookieMonsterCl","S",803.871000
0,"opening",16924,"OkHttp TaskRunn","S",795.710000
0,"opening",16927,"OkHttp TaskRunn","S",794.782000
0,"opening",16902,".0.2.2:8093/...","S",791.805000
0,"opening",16937,".0.2.2:8093/...","S",790.701000
0,"opening",16866,"Firebase Backgr","S",781.611000
0,"opening",16859,"DefaultDispatch","S",781.125000
0,"opening",16899,"DefaultDispatch","S",780.314000
0,"opening",16864,"Firebase Backgr","S",779.489000
0,"opening",16870,"Firebase Blocki","S",778.763000
0,"opening",16871,"RenderThread","S",771.885000
0,"opening",16862,"queued-work-loo","S",752.418000
0,"opening",16861,"Measurement Wor","S",674.284000
0,"opening",16875,"hwuiTask0","S",654.028000
0,"opening",16841,"Jit thread pool","S",545.858000
0,"opening",16880,"mqt_v_js","Running",489.468000
0,"opening",16838,"oelseisfree.app","S",458.904000
0,"opening",16850,"Profile Saver","S",422.688000
0,"opening",16838,"oelseisfree.app","Running",329.593000
0,"opening",16942,"glide-disk-cach","R",291.707000
0,"opening",16880,"mqt_v_js","R",288.262000
0,"opening",16942,"glide-disk-cach","R+",258.737000
0,"opening",16880,"mqt_v_js","S",180.635000
0,"opening",16838,"oelseisfree.app","R",162.186000
0,"opening",16841,"Jit thread pool","R",150.625000
0,"opening",16871,"RenderThread","Running",136.242000
0,"opening",16841,"Jit thread pool","R+",114.278000
0,"opening",16838,"oelseisfree.app","R+",113.434000
0,"opening",16880,"mqt_v_js","R+",103.999000
0,"opening",16871,"RenderThread","R",100.320000
0,"opening",16942,"glide-disk-cach","Running",87.963000
0,"opening",16988,"glide-disk-cach","S",82.307000
0,"opening",16942,"glide-disk-cach","S",75.480000
0,"opening",16849,"binder:16838_3","R",70.700000
0,"opening",16987,"glide-disk-cach","S",62.642000
0,"opening",16861,"Measurement Wor","R",58.092000
0,"opening",16871,"RenderThread","R+",55.670000
0,"opening",16906,"FrescoDecodeExe","R",33.154000
0,"opening",16882,"binder:16838_4","R",30.399000
0,"opening",16861,"Measurement Wor","R+",28.389000
0,"opening",16861,"Measurement Wor","D",27.783000
0,"opening",16841,"Jit thread pool","Running",23.710000
0,"opening",16906,"FrescoDecodeExe","Running",21.806000
0,"opening",16942,"glide-disk-cach","D",18.211000
0,"opening",16861,"Measurement Wor","Running",18.175000
0,"opening",16903,"FrescoLightWeig","R",17.849000
0,"opening",16987,"glide-disk-cach","R+",15.937000
0,"opening",16987,"glide-disk-cach","R",14.992000
0,"opening",16987,"glide-disk-cach","Running",14.521000
0,"opening",16982,"GPU completion","R",12.189000
0,"opening",16881,"mqt_v_native","R",11.813000
0,"opening",16987,"glide-disk-cach","D",11.434000
0,"opening",16850,"Profile Saver","R",11.117000
0,"opening",16937,".0.2.2:8093/...","R",9.634000
0,"opening",16990,"glide-disk-cach","R+",8.495000
0,"opening",16902,".0.2.2:8093/...","R",8.390000
0,"opening",16862,"queued-work-loo","D",7.935000
0,"opening",16889,"ncFunctionQueue","R+",7.812000
0,"opening",16881,"mqt_v_native","Running",6.496000
0,"opening",16902,".0.2.2:8093/...","Running",6.071000
0,"opening",16937,".0.2.2:8093/...","R+",5.296000
0,"opening",16902,".0.2.2:8093/...","R+",4.882000
0,"opening",16937,".0.2.2:8093/...","Running",4.758000
0,"opening",16906,"FrescoDecodeExe","R+",3.934000
0,"opening",16911,"FrescoIoBoundEx","R",3.266000
0,"opening",16889,"ncFunctionQueue","Running",2.198000
0,"opening",16911,"FrescoIoBoundEx","Running",2.195000
0,"opening",16875,"hwuiTask0","Running",2.007000
0,"opening",16862,"queued-work-loo","R+",1.594000
0,"opening",16922,"binder:16838_4","R",1.558000
0,"opening",16899,"DefaultDispatch","Running",1.249000
0,"opening",16862,"queued-work-loo","R",1.199000
0,"opening",16866,"Firebase Backgr","Running",1.164000
0,"opening",16849,"binder:16838_3","Running",1.049000
0,"opening",16862,"queued-work-loo","Running",1.032000
0,"opening",16927,"OkHttp TaskRunn","R",0.949000
0,"opening",16911,"FrescoIoBoundEx","D",0.835000
0,"opening",16990,"glide-disk-cach","Running",0.827000
0,"opening",16988,"glide-disk-cach","R",0.688000
0,"opening",16924,"OkHttp TaskRunn","Running",0.619000
0,"opening",16915,"CookieMonsterCl","Running",0.583000
0,"opening",16903,"FrescoLightWeig","Running",0.569000
0,"opening",16870,"Firebase Blocki","R",0.491000
0,"opening",16915,"CookieMonsterCl","R",0.440000
0,"opening",16855,"ScionFrontendAp","Running",0.431000
0,"opening",16864,"Firebase Backgr","Running",0.429000
0,"opening",16882,"binder:16838_4","Running",0.420000
0,"opening",16899,"DefaultDispatch","R",0.420000
0,"opening",16937,".0.2.2:8093/...","D",0.419000
0,"opening",16924,"OkHttp TaskRunn","R",0.404000
0,"opening",16875,"hwuiTask0","R",0.381000
0,"opening",16889,"ncFunctionQueue","D",0.377000
0,"opening",16855,"ScionFrontendAp","R",0.293000
0,"opening",16982,"GPU completion","Running",0.278000
0,"opening",16850,"Profile Saver","Running",0.262000
0,"opening",16927,"OkHttp TaskRunn","Running",0.254000
0,"opening",16870,"Firebase Blocki","Running",0.246000
0,"opening",16927,"OkHttp TaskRunn","R+",0.199000
0,"opening",16859,"DefaultDispatch","Running",0.183000
0,"opening",16859,"DefaultDispatch","R",0.161000
0,"opening",16866,"Firebase Backgr","R+",0.150000
0,"opening",16866,"Firebase Backgr","R",0.101000
0,"opening",16922,"binder:16838_4","Running",0.093000
0,"opening",16864,"Firebase Backgr","R",0.091000
0,"opening",16889,"ncFunctionQueue","R",0.080000
0,"opening",16849,"binder:16838_3","R+",0.066000
0,"opening",16988,"glide-disk-cach","Running",0.066000
0,"opening",16983,"HWC release","Running",0.029000
0,"opening",16911,"FrescoIoBoundEx","R+",0.016000
0,"opening",16850,"Profile Saver","R+",0.005000
0,"opening",16903,"FrescoLightWeig","S",-0.000000
0,"opening",16906,"FrescoDecodeExe","S",-0.000000
0,"opening",16911,"FrescoIoBoundEx","S",-0.000000
0,"opening",16987,"glide-disk-cach","X",-0.000000
0,"opening",16990,"glide-disk-cach","X",-0.000000
0,"takeoff-ready→animation-requested",16849,"binder:16838_3","S",398.476000
0,"takeoff-ready→animation-requested",16855,"ScionFrontendAp","S",398.476000
0,"takeoff-ready→animation-requested",16859,"DefaultDispatch","S",398.476000
0,"takeoff-ready→animation-requested",16862,"queued-work-loo","S",398.476000
0,"takeoff-ready→animation-requested",16864,"Firebase Backgr","S",398.476000
0,"takeoff-ready→animation-requested",16866,"Firebase Backgr","S",398.476000
0,"takeoff-ready→animation-requested",16870,"Firebase Blocki","S",398.476000
0,"takeoff-ready→animation-requested",16875,"hwuiTask0","S",398.476000
0,"takeoff-ready→animation-requested",16881,"mqt_v_native","S",398.476000
0,"takeoff-ready→animation-requested",16889,"ncFunctionQueue","S",398.476000
0,"takeoff-ready→animation-requested",16899,"DefaultDispatch","S",398.476000
0,"takeoff-ready→animation-requested",16902,".0.2.2:8093/...","S",398.476000
0,"takeoff-ready→animation-requested",16915,"CookieMonsterCl","S",398.476000
0,"takeoff-ready→animation-requested",16924,"OkHttp TaskRunn","S",398.476000
0,"takeoff-ready→animation-requested",16927,"OkHttp TaskRunn","S",398.476000
0,"takeoff-ready→animation-requested",16937,".0.2.2:8093/...","S",398.476000
0,"takeoff-ready→animation-requested",16983,"HWC release","S",398.476000
0,"takeoff-ready→animation-requested",16982,"GPU completion","S",398.277000
0,"takeoff-ready→animation-requested",16922,"binder:16838_4","S",397.126000
0,"takeoff-ready→animation-requested",16882,"binder:16838_4","S",384.126000
0,"takeoff-ready→animation-requested",16861,"Measurement Wor","S",349.617000
0,"takeoff-ready→animation-requested",16850,"Profile Saver","S",344.369000
0,"takeoff-ready→animation-requested",16841,"Jit thread pool","S",299.478000
0,"takeoff-ready→animation-requested",16871,"RenderThread","S",297.597000
0,"takeoff-ready→animation-requested",16880,"mqt_v_js","Running",207.032000
0,"takeoff-ready→animation-requested",16838,"oelseisfree.app","S",185.435000
0,"takeoff-ready→animation-requested",16942,"glide-disk-cach","R+",178.819000
0,"takeoff-ready→animation-requested",16880,"mqt_v_js","R",132.508000
0,"takeoff-ready→animation-requested",16838,"oelseisfree.app","Running",122.472000
0,"takeoff-ready→animation-requested",16942,"glide-disk-cach","R",86.722000
0,"takeoff-ready→animation-requested",16942,"glide-disk-cach","S",65.804000
0,"takeoff-ready→animation-requested",16880,"mqt_v_js","R+",58.936000
0,"takeoff-ready→animation-requested",16942,"glide-disk-cach","Running",54.152000
0,"takeoff-ready→animation-requested",16838,"oelseisfree.app","R",53.353000
0,"takeoff-ready→animation-requested",16841,"Jit thread pool","R",51.935000
0,"takeoff-ready→animation-requested",16871,"RenderThread","R",48.655000
0,"takeoff-ready→animation-requested",16871,"RenderThread","Running",40.064000
0,"takeoff-ready→animation-requested",16838,"oelseisfree.app","R+",37.216000
0,"takeoff-ready→animation-requested",16841,"Jit thread pool","R+",37.180000
0,"takeoff-ready→animation-requested",16861,"Measurement Wor","D",23.698000
0,"takeoff-ready→animation-requested",16882,"binder:16838_4","R",14.158000
0,"takeoff-ready→animation-requested",16987,"glide-disk-cach","R",13.752000
0,"takeoff-ready→animation-requested",16987,"glide-disk-cach","R+",13.286000
0,"takeoff-ready→animation-requested",16942,"glide-disk-cach","D",12.978000
0,"takeoff-ready→animation-requested",16987,"glide-disk-cach","Running",12.719000
0,"takeoff-ready→animation-requested",16871,"RenderThread","R+",12.160000
0,"takeoff-ready→animation-requested",16861,"Measurement Wor","R+",11.500000
0,"takeoff-ready→animation-requested",16987,"glide-disk-cach","D",11.434000
0,"takeoff-ready→animation-requested",16850,"Profile Saver","R",11.117000
0,"takeoff-ready→animation-requested",16841,"Jit thread pool","Running",9.883000
0,"takeoff-ready→animation-requested",16861,"Measurement Wor","Running",8.070000
0,"takeoff-ready→animation-requested",16987,"glide-disk-cach","S",6.859000
0,"takeoff-ready→animation-requested",16861,"Measurement Wor","R",5.591000
0,"takeoff-ready→animation-requested",16988,"glide-disk-cach","S",4.687000
0,"takeoff-ready→animation-requested",16922,"binder:16838_4","R",1.337000
0,"takeoff-ready→animation-requested",16850,"Profile Saver","Running",0.262000
0,"takeoff-ready→animation-requested",16882,"binder:16838_4","Running",0.192000
0,"takeoff-ready→animation-requested",16982,"GPU completion","R",0.184000
0,"takeoff-ready→animation-requested",16988,"glide-disk-cach","Running",0.054000
0,"takeoff-ready→animation-requested",16982,"GPU completion","Running",0.015000
0,"takeoff-ready→animation-requested",16922,"binder:16838_4","Running",0.013000
0,"takeoff-ready→animation-requested",16850,"Profile Saver","R+",0.005000
0,"up→navigate",16838,"oelseisfree.app","S",31.496000
0,"up→navigate",16882,"binder:16838_4","S",28.993000
0,"up→navigate",16881,"mqt_v_native","S",23.829000
0,"up→navigate",16871,"RenderThread","Running",22.983000
0,"up→navigate",16880,"mqt_v_js","Running",22.698000
0,"up→navigate",16849,"binder:16838_3","S",21.574000
0,"up→navigate",16880,"mqt_v_js","R",17.804000
0,"up→navigate",16871,"RenderThread","R",14.178000
0,"up→navigate",16871,"RenderThread","S",12.261000
0,"up→navigate",16982,"GPU completion","S",11.888000
0,"up→navigate",16983,"HWC release","S",11.860000
0,"up→navigate",16849,"binder:16838_3","R",8.291000
0,"up→navigate",16838,"oelseisfree.app","Running",8.100000
0,"up→navigate",16880,"mqt_v_js","S",6.236000
0,"up→navigate",16838,"oelseisfree.app","R",6.044000
0,"up→navigate",16838,"oelseisfree.app","R+",4.634000
0,"up→navigate",16889,"ncFunctionQueue","R+",2.500000
0,"up→navigate",16881,"mqt_v_native","R",2.191000
0,"up→navigate",16881,"mqt_v_native","Running",1.790000
0,"up→navigate",16880,"mqt_v_js","R+",1.784000
0,"up→navigate",16889,"ncFunctionQueue","Running",1.092000
0,"up→navigate",16871,"RenderThread","R+",0.851000
0,"up→navigate",16882,"binder:16838_4","R",0.565000
0,"up→navigate",16982,"GPU completion","Running",0.152000
0,"up→navigate",16882,"binder:16838_4","Running",0.072000
0,"up→navigate",16849,"binder:16838_3","Running",0.061000
0,"up→navigate",16983,"HWC release","Running",0.029000
0,"up→navigate",16889,"ncFunctionQueue","D",0.026000
0,"up→navigate",16889,"ncFunctionQueue","R",0.007000
0,"up→navigate",16889,"ncFunctionQueue","S",0.005000
1,"animation-requested→first-ui-motion",16842,"HeapTaskDaemon","S",26.436000
1,"animation-requested→first-ui-motion",16843,"ReferenceQueueD","S",26.436000
1,"animation-requested→first-ui-motion",16844,"FinalizerDaemon","S",26.436000
1,"animation-requested→first-ui-motion",16845,"FinalizerWatchd","S",26.436000
1,"animation-requested→first-ui-motion",16846,"binder:16838_1","S",26.436000
1,"animation-requested→first-ui-motion",16849,"binder:16838_3","S",26.436000
1,"animation-requested→first-ui-motion",16850,"Profile Saver","S",26.436000
1,"animation-requested→first-ui-motion",16855,"ScionFrontendAp","S",26.436000
1,"animation-requested→first-ui-motion",16856,"Firebase Backgr","S",26.436000
1,"animation-requested→first-ui-motion",16859,"DefaultDispatch","S",26.436000
1,"animation-requested→first-ui-motion",16861,"Measurement Wor","S",26.436000
1,"animation-requested→first-ui-motion",16862,"queued-work-loo","S",26.436000
1,"animation-requested→first-ui-motion",16864,"Firebase Backgr","S",26.436000
1,"animation-requested→first-ui-motion",16866,"Firebase Backgr","S",26.436000
1,"animation-requested→first-ui-motion",16870,"Firebase Blocki","S",26.436000
1,"animation-requested→first-ui-motion",16875,"hwuiTask0","S",26.436000
1,"animation-requested→first-ui-motion",16876,"hwuiTask1","S",26.436000
1,"animation-requested→first-ui-motion",16877,"Firebase Backgr","S",26.436000
1,"animation-requested→first-ui-motion",16878,"HybridData Dest","S",26.436000
1,"animation-requested→first-ui-motion",16881,"mqt_v_native","S",26.436000
1,"animation-requested→first-ui-motion",16882,"binder:16838_4","S",26.436000
1,"animation-requested→first-ui-motion",16888,"Expo JNI deallo","S",26.436000
1,"animation-requested→first-ui-motion",16889,"ncFunctionQueue","S",26.436000
1,"animation-requested→first-ui-motion",16899,"DefaultDispatch","S",26.436000
1,"animation-requested→first-ui-motion",16902,".0.2.2:8093/...","S",26.436000
1,"animation-requested→first-ui-motion",16915,"CookieMonsterCl","S",26.436000
1,"animation-requested→first-ui-motion",16922,"binder:16838_4","S",26.436000
1,"animation-requested→first-ui-motion",16924,"OkHttp TaskRunn","S",26.436000
1,"animation-requested→first-ui-motion",16929,"OkHttp TaskRunn","S",26.436000
1,"animation-requested→first-ui-motion",16937,".0.2.2:8093/...","S",26.436000
1,"animation-requested→first-ui-motion",16942,"glide-disk-cach","S",26.436000
1,"animation-requested→first-ui-motion",16982,"GPU completion","S",26.436000
1,"animation-requested→first-ui-motion",16983,"HWC release","S",26.436000
1,"animation-requested→first-ui-motion",16871,"RenderThread","R",17.226000
1,"animation-requested→first-ui-motion",16841,"Jit thread pool","S",14.896000
1,"animation-requested→first-ui-motion",16880,"mqt_v_js","R",14.320000
1,"animation-requested→first-ui-motion",16838,"oelseisfree.app","S",12.702000
1,"animation-requested→first-ui-motion",16841,"Jit thread pool","Running",11.008000
1,"animation-requested→first-ui-motion",16880,"mqt_v_js","Running",10.886000
1,"animation-requested→first-ui-motion",16838,"oelseisfree.app","Running",10.837000
1,"animation-requested→first-ui-motion",16871,"RenderThread","S",8.596000
1,"animation-requested→first-ui-motion",16838,"oelseisfree.app","R",2.850000
1,"animation-requested→first-ui-motion",16880,"mqt_v_js","R+",1.230000
1,"animation-requested→first-ui-motion",16871,"RenderThread","Running",0.614000
1,"animation-requested→first-ui-motion",16841,"Jit thread pool","R+",0.306000
1,"animation-requested→first-ui-motion",16841,"Jit thread pool","R",0.225000
1,"animation-requested→first-ui-motion",16838,"oelseisfree.app","R+",0.047000
1,"destination-measured→takeoff-ready",16842,"HeapTaskDaemon","S",122.897000
1,"destination-measured→takeoff-ready",16843,"ReferenceQueueD","S",122.897000
1,"destination-measured→takeoff-ready",16844,"FinalizerDaemon","S",122.897000
1,"destination-measured→takeoff-ready",16845,"FinalizerWatchd","S",122.897000
1,"destination-measured→takeoff-ready",16849,"binder:16838_3","S",122.897000
1,"destination-measured→takeoff-ready",16850,"Profile Saver","S",122.897000
1,"destination-measured→takeoff-ready",16855,"ScionFrontendAp","S",122.897000
1,"destination-measured→takeoff-ready",16856,"Firebase Backgr","S",122.897000
1,"destination-measured→takeoff-ready",16876,"hwuiTask1","S",122.897000
1,"destination-measured→takeoff-ready",16877,"Firebase Backgr","S",122.897000
1,"destination-measured→takeoff-ready",16878,"HybridData Dest","S",122.897000
1,"destination-measured→takeoff-ready",16888,"Expo JNI deallo","S",122.897000
1,"destination-measured→takeoff-ready",16889,"ncFunctionQueue","S",122.897000
1,"destination-measured→takeoff-ready",16902,".0.2.2:8093/...","S",122.897000
1,"destination-measured→takeoff-ready",16915,"CookieMonsterCl","S",122.897000
1,"destination-measured→takeoff-ready",16924,"OkHttp TaskRunn","S",122.897000
1,"destination-measured→takeoff-ready",16929,"OkHttp TaskRunn","S",122.897000
1,"destination-measured→takeoff-ready",16937,".0.2.2:8093/...","S",122.897000
1,"destination-measured→takeoff-ready",16922,"binder:16838_4","S",122.836000
1,"destination-measured→takeoff-ready",16983,"HWC release","S",122.797000
1,"destination-measured→takeoff-ready",16859,"DefaultDispatch","S",122.446000
1,"destination-measured→takeoff-ready",16899,"DefaultDispatch","S",122.068000
1,"destination-measured→takeoff-ready",16882,"binder:16838_4","S",121.616000
1,"destination-measured→takeoff-ready",16862,"queued-work-loo","S",121.572000
1,"destination-measured→takeoff-ready",16866,"Firebase Backgr","S",120.880000
1,"destination-measured→takeoff-ready",16982,"GPU completion","S",118.024000
1,"destination-measured→takeoff-ready",16870,"Firebase Blocki","S",117.348000
1,"destination-measured→takeoff-ready",16846,"binder:16838_1","S",116.885000
1,"destination-measured→takeoff-ready",16864,"Firebase Backgr","S",115.811000
1,"destination-measured→takeoff-ready",16875,"hwuiTask0","S",113.241000
1,"destination-measured→takeoff-ready",16881,"mqt_v_native","S",109.176000
1,"destination-measured→takeoff-ready",16861,"Measurement Wor","S",91.767000
1,"destination-measured→takeoff-ready",16841,"Jit thread pool","S",79.115000
1,"destination-measured→takeoff-ready",16871,"RenderThread","S",78.925000
1,"destination-measured→takeoff-ready",16838,"oelseisfree.app","Running",69.693000
1,"destination-measured→takeoff-ready",16942,"glide-disk-cach","R",66.179000
1,"destination-measured→takeoff-ready",16880,"mqt_v_js","S",59.880000
1,"destination-measured→takeoff-ready",16942,"glide-disk-cach","S",37.341000
1,"destination-measured→takeoff-ready",16880,"mqt_v_js","Running",36.273000
1,"destination-measured→takeoff-ready",16838,"oelseisfree.app","R",27.882000
1,"destination-measured→takeoff-ready",16841,"Jit thread pool","R",27.384000
1,"destination-measured→takeoff-ready",16880,"mqt_v_js","R",23.211000
1,"destination-measured→takeoff-ready",16838,"oelseisfree.app","S",22.072000
1,"destination-measured→takeoff-ready",17003,"glide-disk-cach","R",16.356000
1,"destination-measured→takeoff-ready",16871,"RenderThread","R",16.239000
1,"destination-measured→takeoff-ready",16861,"Measurement Wor","R",14.620000
1,"destination-measured→takeoff-ready",16871,"RenderThread","Running",13.922000
1,"destination-measured→takeoff-ready",16871,"RenderThread","R+",13.810000
1,"destination-measured→takeoff-ready",16881,"mqt_v_native","R",13.243000
1,"destination-measured→takeoff-ready",16942,"glide-disk-cach","Running",12.807000
1,"destination-measured→takeoff-ready",16875,"hwuiTask0","R",9.514000
1,"destination-measured→takeoff-ready",16841,"Jit thread pool","R+",8.880000
1,"destination-measured→takeoff-ready",17003,"glide-disk-cach","R+",7.988000
1,"destination-measured→takeoff-ready",16841,"Jit thread pool","Running",7.518000
1,"destination-measured→takeoff-ready",16864,"Firebase Backgr","R",6.994000
1,"destination-measured→takeoff-ready",16861,"Measurement Wor","D",6.781000
1,"destination-measured→takeoff-ready",16861,"Measurement Wor","R+",6.619000
1,"destination-measured→takeoff-ready",16942,"glide-disk-cach","R+",6.569000
1,"destination-measured→takeoff-ready",16846,"binder:16838_1","R",5.907000
1,"destination-measured→takeoff-ready",16870,"Firebase Blocki","R",5.257000
1,"destination-measured→takeoff-ready",16982,"GPU completion","R",4.827000
1,"destination-measured→takeoff-ready",17003,"glide-disk-cach","Running",4.512000
1,"destination-measured→takeoff-ready",16880,"mqt_v_js","R+",3.533000
1,"destination-measured→takeoff-ready",16838,"oelseisfree.app","R+",3.250000
1,"destination-measured→takeoff-ready",16861,"Measurement Wor","Running",3.109000
1,"destination-measured→takeoff-ready",16862,"queued-work-loo","R",1.306000
1,"destination-measured→takeoff-ready",16882,"binder:16838_4","R",1.279000
1,"destination-measured→takeoff-ready",16866,"Firebase Backgr","Running",0.836000
1,"destination-measured→takeoff-ready",16866,"Firebase Backgr","R+",0.820000
1,"destination-measured→takeoff-ready",16899,"DefaultDispatch","Running",0.820000
1,"destination-measured→takeoff-ready",16881,"mqt_v_native","Running",0.478000
1,"destination-measured→takeoff-ready",16866,"Firebase Backgr","R",0.361000
1,"destination-measured→takeoff-ready",16859,"DefaultDispatch","R",0.321000
1,"destination-measured→takeoff-ready",16870,"Firebase Blocki","Running",0.292000
1,"destination-measured→takeoff-ready",16875,"hwuiTask0","Running",0.141000
1,"destination-measured→takeoff-ready",16859,"DefaultDispatch","Running",0.130000
1,"destination-measured→takeoff-ready",16846,"binder:16838_1","Running",0.105000
1,"destination-measured→takeoff-ready",16864,"Firebase Backgr","Running",0.091000
1,"destination-measured→takeoff-ready",16983,"HWC release","R",0.086000
1,"destination-measured→takeoff-ready",16922,"binder:16838_4","R",0.046000
1,"destination-measured→takeoff-ready",16982,"GPU completion","Running",0.046000
1,"destination-measured→takeoff-ready",16862,"queued-work-loo","Running",0.019000
1,"destination-measured→takeoff-ready",16922,"binder:16838_4","Running",0.015000
1,"destination-measured→takeoff-ready",16983,"HWC release","Running",0.014000
1,"destination-measured→takeoff-ready",16899,"DefaultDispatch","R",0.008000
1,"destination-measured→takeoff-ready",16882,"binder:16838_4","Running",0.002000
1,"navigate→destination-measured",16842,"HeapTaskDaemon","S",93.351000
1,"navigate→destination-measured",16843,"ReferenceQueueD","S",93.351000
1,"navigate→destination-measured",16844,"FinalizerDaemon","S",93.351000
1,"navigate→destination-measured",16845,"FinalizerWatchd","S",93.351000
1,"navigate→destination-measured",16846,"binder:16838_1","S",93.351000
1,"navigate→destination-measured",16849,"binder:16838_3","S",93.351000
1,"navigate→destination-measured",16850,"Profile Saver","S",93.351000
1,"navigate→destination-measured",16856,"Firebase Backgr","S",93.351000
1,"navigate→destination-measured",16859,"DefaultDispatch","S",93.351000
1,"navigate→destination-measured",16862,"queued-work-loo","S",93.351000
1,"navigate→destination-measured",16864,"Firebase Backgr","S",93.351000
1,"navigate→destination-measured",16866,"Firebase Backgr","S",93.351000
1,"navigate→destination-measured",16870,"Firebase Blocki","S",93.351000
1,"navigate→destination-measured",16871,"RenderThread","S",93.351000
1,"navigate→destination-measured",16875,"hwuiTask0","S",93.351000
1,"navigate→destination-measured",16876,"hwuiTask1","S",93.351000
1,"navigate→destination-measured",16877,"Firebase Backgr","S",93.351000
1,"navigate→destination-measured",16878,"HybridData Dest","S",93.351000
1,"navigate→destination-measured",16882,"binder:16838_4","S",93.351000
1,"navigate→destination-measured",16888,"Expo JNI deallo","S",93.351000
1,"navigate→destination-measured",16899,"DefaultDispatch","S",93.351000
1,"navigate→destination-measured",16922,"binder:16838_4","S",93.351000
1,"navigate→destination-measured",16942,"glide-disk-cach","S",93.351000
1,"navigate→destination-measured",16982,"GPU completion","S",93.351000
1,"navigate→destination-measured",16983,"HWC release","S",93.351000
1,"navigate→destination-measured",16924,"OkHttp TaskRunn","S",92.478000
1,"navigate→destination-measured",16889,"ncFunctionQueue","S",90.882000
1,"navigate→destination-measured",16855,"ScionFrontendAp","S",90.414000
1,"navigate→destination-measured",16915,"CookieMonsterCl","S",90.201000
1,"navigate→destination-measured",16881,"mqt_v_native","S",88.789000
1,"navigate→destination-measured",16927,"OkHttp TaskRunn","S",86.727000
1,"navigate→destination-measured",16880,"mqt_v_js","Running",81.784000
1,"navigate→destination-measured",16902,".0.2.2:8093/...","S",75.782000
1,"navigate→destination-measured",16937,".0.2.2:8093/...","S",74.105000
1,"navigate→destination-measured",16841,"Jit thread pool","S",72.266000
1,"navigate→destination-measured",16861,"Measurement Wor","S",68.495000
1,"navigate→destination-measured",16838,"oelseisfree.app","S",55.631000
1,"navigate→destination-measured",16838,"oelseisfree.app","Running",29.405000
1,"navigate→destination-measured",16841,"Jit thread pool","R",18.018000
1,"navigate→destination-measured",16937,".0.2.2:8093/...","R",14.818000
1,"navigate→destination-measured",16861,"Measurement Wor","R",12.430000
1,"navigate→destination-measured",16902,".0.2.2:8093/...","R",11.816000
1,"navigate→destination-measured",16880,"mqt_v_js","R",10.957000
1,"navigate→destination-measured",16861,"Measurement Wor","R+",9.067000
1,"navigate→destination-measured",16838,"oelseisfree.app","R",6.654000
1,"navigate→destination-measured",16929,"OkHttp TaskRunn","S",4.716000
1,"navigate→destination-measured",16937,".0.2.2:8093/...","Running",4.118000
1,"navigate→destination-measured",16902,".0.2.2:8093/...","Running",3.868000
1,"navigate→destination-measured",16881,"mqt_v_native","R",3.134000
1,"navigate→destination-measured",16841,"Jit thread pool","Running",3.067000
1,"navigate→destination-measured",16915,"CookieMonsterCl","R",2.983000
1,"navigate→destination-measured",16855,"ScionFrontendAp","R",2.776000
1,"navigate→destination-measured",16902,".0.2.2:8093/...","R+",1.886000
1,"navigate→destination-measured",16861,"Measurement Wor","Running",1.701000
1,"navigate→destination-measured",16838,"oelseisfree.app","R+",1.660000
1,"navigate→destination-measured",16861,"Measurement Wor","D",1.658000
1,"navigate→destination-measured",16927,"OkHttp TaskRunn","R",1.621000
1,"navigate→destination-measured",16881,"mqt_v_native","Running",1.429000
1,"navigate→destination-measured",16889,"ncFunctionQueue","R+",1.306000
1,"navigate→destination-measured",16889,"ncFunctionQueue","Running",0.771000
1,"navigate→destination-measured",16880,"mqt_v_js","R+",0.610000
1,"navigate→destination-measured",16924,"OkHttp TaskRunn","Running",0.583000
1,"navigate→destination-measured",16889,"ncFunctionQueue","R",0.392000
1,"navigate→destination-measured",16937,".0.2.2:8093/...","R+",0.311000
1,"navigate→destination-measured",16924,"OkHttp TaskRunn","R",0.291000
1,"navigate→destination-measured",16915,"CookieMonsterCl","Running",0.167000
1,"navigate→destination-measured",16855,"ScionFrontendAp","Running",0.161000
1,"navigate→destination-measured",16927,"OkHttp TaskRunn","R+",0.161000
1,"navigate→destination-measured",16927,"OkHttp TaskRunn","Running",0.137000
1,"navigate→destination-measured",16929,"OkHttp TaskRunn","Running",0.102000
1,"navigate→destination-measured",16929,"OkHttp TaskRunn","R",0.017000
1,"opening",16842,"HeapTaskDaemon","S",333.842000
1,"opening",16843,"ReferenceQueueD","S",333.842000
1,"opening",16844,"FinalizerDaemon","S",333.842000
1,"opening",16845,"FinalizerWatchd","S",333.842000
1,"opening",16849,"binder:16838_3","S",333.842000
1,"opening",16850,"Profile Saver","S",333.842000
1,"opening",16856,"Firebase Backgr","S",333.842000
1,"opening",16876,"hwuiTask1","S",333.842000
1,"opening",16877,"Firebase Backgr","S",333.842000
1,"opening",16878,"HybridData Dest","S",333.842000
1,"opening",16888,"Expo JNI deallo","S",333.842000
1,"opening",16922,"binder:16838_4","S",333.713000
1,"opening",16983,"HWC release","S",333.676000
1,"opening",16859,"DefaultDispatch","S",333.391000
1,"opening",16899,"DefaultDispatch","S",333.014000
1,"opening",16924,"OkHttp TaskRunn","S",332.969000
1,"opening",16882,"binder:16838_4","S",332.561000
1,"opening",16866,"Firebase Backgr","S",331.825000
1,"opening",16889,"ncFunctionQueue","S",331.050000
1,"opening",16855,"ScionFrontendAp","S",330.905000
1,"opening",16915,"CookieMonsterCl","S",330.692000
1,"opening",16982,"GPU completion","S",328.877000
1,"opening",16870,"Firebase Blocki","S",328.293000
1,"opening",16864,"Firebase Backgr","S",326.757000
1,"opening",16875,"hwuiTask0","S",324.187000
1,"opening",16846,"binder:16838_1","S",322.707000
1,"opening",16902,".0.2.2:8093/...","S",316.273000
1,"opening",16881,"mqt_v_native","S",314.941000
1,"opening",16937,".0.2.2:8093/...","S",314.596000
1,"opening",16862,"queued-work-loo","S",298.709000
1,"opening",16861,"Measurement Wor","S",277.856000
1,"opening",16841,"Jit thread pool","S",257.395000
1,"opening",16929,"OkHttp TaskRunn","S",236.972000
1,"opening",16871,"RenderThread","S",234.904000
1,"opening",16942,"glide-disk-cach","S",230.079000
1,"opening",16880,"mqt_v_js","Running",167.171000
1,"opening",16838,"oelseisfree.app","S",131.254000
1,"opening",16838,"oelseisfree.app","Running",127.901000
1,"opening",16927,"OkHttp TaskRunn","S",94.963000
1,"opening",16880,"mqt_v_js","R",91.889000
1,"opening",16942,"glide-disk-cach","R",78.114000
1,"opening",16838,"oelseisfree.app","R",69.596000
1,"opening",16880,"mqt_v_js","S",66.269000
1,"opening",16871,"RenderThread","R",50.272000
1,"opening",16841,"Jit thread pool","R",45.667000
1,"opening",17003,"glide-disk-cach","R",44.962000
1,"opening",17004,"glide-disk-cach","S",31.432000
1,"opening",16861,"Measurement Wor","R",27.050000
1,"opening",16871,"RenderThread","Running",26.459000
1,"opening",17005,"RSMessageThread","R",23.000000
1,"opening",16871,"RenderThread","R+",22.207000
1,"opening",16841,"Jit thread pool","Running",21.594000
1,"opening",16862,"queued-work-loo","D",21.195000
1,"opening",16942,"glide-disk-cach","Running",17.176000
1,"opening",16881,"mqt_v_native","R",16.661000
1,"opening",16861,"Measurement Wor","R+",15.686000
1,"opening",16937,".0.2.2:8093/...","R",14.818000
1,"opening",17003,"glide-disk-cach","R+",14.434000
1,"opening",17003,"glide-disk-cach","Running",11.945000
1,"opening",16902,".0.2.2:8093/...","R",11.816000
1,"opening",16862,"queued-work-loo","R",11.092000
1,"opening",16846,"binder:16838_1","R",10.821000
1,"opening",16875,"hwuiTask0","R",9.514000
1,"opening",16841,"Jit thread pool","R+",9.186000
1,"opening",16880,"mqt_v_js","R+",8.513000
1,"opening",16942,"glide-disk-cach","R+",8.473000
1,"opening",16861,"Measurement Wor","D",8.439000
1,"opening",16864,"Firebase Backgr","R",6.994000
1,"opening",17003,"glide-disk-cach","S",5.747000
1,"opening",16870,"Firebase Blocki","R",5.257000
1,"opening",16838,"oelseisfree.app","R+",5.091000
1,"opening",16982,"GPU completion","R",4.844000
1,"opening",16861,"Measurement Wor","Running",4.810000
1,"opening",16937,".0.2.2:8093/...","Running",4.118000
1,"opening",16902,".0.2.2:8093/...","Running",3.868000
1,"opening",16915,"CookieMonsterCl","R",2.983000
1,"opening",16855,"ScionFrontendAp","R",2.776000
1,"opening",16862,"queued-work-loo","Running",2.740000
1,"opening",17005,"RSMessageThread","Running",2.543000
1,"opening",16881,"mqt_v_native","Running",2.240000
1,"opening",16902,".0.2.2:8093/...","R+",1.886000
1,"opening",16927,"OkHttp TaskRunn","R",1.621000
1,"opening",16889,"ncFunctionQueue","R+",1.306000
1,"opening",16882,"binder:16838_4","R",1.279000
1,"opening",17005,"RSMessageThread","S",1.023000
1,"opening",16866,"Firebase Backgr","Running",0.836000
1,"opening",17004,"glide-disk-cach","R",0.824000
1,"opening",16866,"Firebase Backgr","R+",0.820000
1,"opening",16899,"DefaultDispatch","Running",0.820000
1,"opening",16889,"ncFunctionQueue","Running",0.771000
1,"opening",16889,"ncFunctionQueue","R",0.716000
1,"opening",16924,"OkHttp TaskRunn","Running",0.583000
1,"opening",16866,"Firebase Backgr","R",0.361000
1,"opening",16859,"DefaultDispatch","R",0.321000
1,"opening",16846,"binder:16838_1","Running",0.314000
1,"opening",16937,".0.2.2:8093/...","R+",0.311000
1,"opening",16870,"Firebase Blocki","Running",0.292000
1,"opening",16924,"OkHttp TaskRunn","R",0.291000
1,"opening",16915,"CookieMonsterCl","Running",0.167000
1,"opening",16855,"ScionFrontendAp","Running",0.161000
1,"opening",16927,"OkHttp TaskRunn","R+",0.161000
1,"opening",17004,"glide-disk-cach","Running",0.158000
1,"opening",16875,"hwuiTask0","Running",0.141000
1,"opening",16983,"HWC release","R",0.138000
1,"opening",16927,"OkHttp TaskRunn","Running",0.137000
1,"opening",17005,"RSMessageThread","R+",0.131000
1,"opening",16859,"DefaultDispatch","Running",0.130000
1,"opening",16982,"GPU completion","Running",0.121000
1,"opening",16862,"queued-work-loo","R+",0.106000
1,"opening",16922,"binder:16838_4","R",0.105000
1,"opening",16929,"OkHttp TaskRunn","Running",0.102000
1,"opening",16864,"Firebase Backgr","Running",0.091000
1,"opening",16983,"HWC release","Running",0.028000
1,"opening",16922,"binder:16838_4","Running",0.024000
1,"opening",16929,"OkHttp TaskRunn","R",0.017000
1,"opening",16899,"DefaultDispatch","R",0.008000
1,"opening",17004,"glide-disk-cach","R+",0.003000
1,"opening",16882,"binder:16838_4","Running",0.002000
1,"opening",17003,"glide-disk-cach","X",-0.000000
1,"opening",17004,"glide-disk-cach","X",-0.000000
1,"opening",17005,"RSMessageThread","X",-0.000000
1,"takeoff-ready→animation-requested",16842,"HeapTaskDaemon","S",82.923000
1,"takeoff-ready→animation-requested",16843,"ReferenceQueueD","S",82.923000
1,"takeoff-ready→animation-requested",16844,"FinalizerDaemon","S",82.923000
1,"takeoff-ready→animation-requested",16845,"FinalizerWatchd","S",82.923000
1,"takeoff-ready→animation-requested",16849,"binder:16838_3","S",82.923000
1,"takeoff-ready→animation-requested",16850,"Profile Saver","S",82.923000
1,"takeoff-ready→animation-requested",16855,"ScionFrontendAp","S",82.923000
1,"takeoff-ready→animation-requested",16856,"Firebase Backgr","S",82.923000
1,"takeoff-ready→animation-requested",16859,"DefaultDispatch","S",82.923000
1,"takeoff-ready→animation-requested",16861,"Measurement Wor","S",82.923000
1,"takeoff-ready→animation-requested",16864,"Firebase Backgr","S",82.923000
1,"takeoff-ready→animation-requested",16866,"Firebase Backgr","S",82.923000
1,"takeoff-ready→animation-requested",16870,"Firebase Blocki","S",82.923000
1,"takeoff-ready→animation-requested",16875,"hwuiTask0","S",82.923000
1,"takeoff-ready→animation-requested",16876,"hwuiTask1","S",82.923000
1,"takeoff-ready→animation-requested",16877,"Firebase Backgr","S",82.923000
1,"takeoff-ready→animation-requested",16878,"HybridData Dest","S",82.923000
1,"takeoff-ready→animation-requested",16881,"mqt_v_native","S",82.923000
1,"takeoff-ready→animation-requested",16882,"binder:16838_4","S",82.923000
1,"takeoff-ready→animation-requested",16888,"Expo JNI deallo","S",82.923000
1,"takeoff-ready→animation-requested",16889,"ncFunctionQueue","S",82.923000
1,"takeoff-ready→animation-requested",16899,"DefaultDispatch","S",82.923000
1,"takeoff-ready→animation-requested",16902,".0.2.2:8093/...","S",82.923000
1,"takeoff-ready→animation-requested",16915,"CookieMonsterCl","S",82.923000
1,"takeoff-ready→animation-requested",16924,"OkHttp TaskRunn","S",82.923000
1,"takeoff-ready→animation-requested",16929,"OkHttp TaskRunn","S",82.923000
1,"takeoff-ready→animation-requested",16937,".0.2.2:8093/...","S",82.923000
1,"takeoff-ready→animation-requested",16841,"Jit thread pool","S",82.882000
1,"takeoff-ready→animation-requested",16983,"HWC release","S",82.857000
1,"takeoff-ready→animation-requested",16922,"binder:16838_4","S",82.854000
1,"takeoff-ready→animation-requested",16982,"GPU completion","S",82.831000
1,"takeoff-ready→animation-requested",16846,"binder:16838_1","S",77.799000
1,"takeoff-ready→animation-requested",16942,"glide-disk-cach","S",64.715000
1,"takeoff-ready→animation-requested",16862,"queued-work-loo","S",49.114000
1,"takeoff-ready→animation-requested",16871,"RenderThread","S",45.796000
1,"takeoff-ready→animation-requested",16880,"mqt_v_js","R",43.245000
1,"takeoff-ready→animation-requested",16880,"mqt_v_js","Running",36.856000
1,"takeoff-ready→animation-requested",16838,"oelseisfree.app","S",34.311000
1,"takeoff-ready→animation-requested",16838,"oelseisfree.app","R",32.032000
1,"takeoff-ready→animation-requested",17004,"glide-disk-cach","S",31.432000
1,"takeoff-ready→animation-requested",17003,"glide-disk-cach","R",28.606000
1,"takeoff-ready→animation-requested",17005,"RSMessageThread","R",23.000000
1,"takeoff-ready→animation-requested",16862,"queued-work-loo","D",21.195000
1,"takeoff-ready→animation-requested",16871,"RenderThread","R",16.806000
1,"takeoff-ready→animation-requested",16838,"oelseisfree.app","Running",16.464000
1,"takeoff-ready→animation-requested",16942,"glide-disk-cach","R",11.935000
1,"takeoff-ready→animation-requested",16871,"RenderThread","Running",11.923000
1,"takeoff-ready→animation-requested",16862,"queued-work-loo","R",9.787000
1,"takeoff-ready→animation-requested",16871,"RenderThread","R+",8.397000
1,"takeoff-ready→animation-requested",17003,"glide-disk-cach","Running",7.433000
1,"takeoff-ready→animation-requested",17003,"glide-disk-cach","R+",6.446000
1,"takeoff-ready→animation-requested",17003,"glide-disk-cach","S",5.747000
1,"takeoff-ready→animation-requested",16846,"binder:16838_1","R",4.915000
1,"takeoff-ready→animation-requested",16942,"glide-disk-cach","Running",4.368000
1,"takeoff-ready→animation-requested",16880,"mqt_v_js","R+",2.822000
1,"takeoff-ready→animation-requested",16862,"queued-work-loo","Running",2.722000
1,"takeoff-ready→animation-requested",17005,"RSMessageThread","Running",2.543000
1,"takeoff-ready→animation-requested",16942,"glide-disk-cach","R+",1.904000
1,"takeoff-ready→animation-requested",17005,"RSMessageThread","S",1.023000
1,"takeoff-ready→animation-requested",17004,"glide-disk-cach","R",0.824000
1,"takeoff-ready→animation-requested",16846,"binder:16838_1","Running",0.209000
1,"takeoff-ready→animation-requested",17004,"glide-disk-cach","Running",0.158000
1,"takeoff-ready→animation-requested",17005,"RSMessageThread","R+",0.131000
1,"takeoff-ready→animation-requested",16838,"oelseisfree.app","R+",0.117000
1,"takeoff-ready→animation-requested",16862,"queued-work-loo","R+",0.106000
1,"takeoff-ready→animation-requested",16982,"GPU completion","Running",0.075000
1,"takeoff-ready→animation-requested",16922,"binder:16838_4","R",0.059000
1,"takeoff-ready→animation-requested",16983,"HWC release","R",0.052000
1,"takeoff-ready→animation-requested",16841,"Jit thread pool","R",0.040000
1,"takeoff-ready→animation-requested",16982,"GPU completion","R",0.017000
1,"takeoff-ready→animation-requested",16983,"HWC release","Running",0.014000
1,"takeoff-ready→animation-requested",16922,"binder:16838_4","Running",0.010000
1,"takeoff-ready→animation-requested",17004,"glide-disk-cach","R+",0.003000
1,"takeoff-ready→animation-requested",17003,"glide-disk-cach","X",-0.000000
1,"takeoff-ready→animation-requested",17004,"glide-disk-cach","X",-0.000000
1,"takeoff-ready→animation-requested",17005,"RSMessageThread","X",-0.000000
1,"up→navigate",16841,"Jit thread pool","S",8.235000
1,"up→navigate",16842,"HeapTaskDaemon","S",8.235000
1,"up→navigate",16843,"ReferenceQueueD","S",8.235000
1,"up→navigate",16844,"FinalizerDaemon","S",8.235000
1,"up→navigate",16845,"FinalizerWatchd","S",8.235000
1,"up→navigate",16846,"binder:16838_1","S",8.235000
1,"up→navigate",16849,"binder:16838_3","S",8.235000
1,"up→navigate",16850,"Profile Saver","S",8.235000
1,"up→navigate",16855,"ScionFrontendAp","S",8.235000
1,"up→navigate",16856,"Firebase Backgr","S",8.235000
1,"up→navigate",16859,"DefaultDispatch","S",8.235000
1,"up→navigate",16861,"Measurement Wor","S",8.235000
1,"up→navigate",16862,"queued-work-loo","S",8.235000
1,"up→navigate",16864,"Firebase Backgr","S",8.235000
1,"up→navigate",16866,"Firebase Backgr","S",8.235000
1,"up→navigate",16870,"Firebase Blocki","S",8.235000
1,"up→navigate",16871,"RenderThread","S",8.235000
1,"up→navigate",16875,"hwuiTask0","S",8.235000
1,"up→navigate",16876,"hwuiTask1","S",8.235000
1,"up→navigate",16877,"Firebase Backgr","S",8.235000
1,"up→navigate",16878,"HybridData Dest","S",8.235000
1,"up→navigate",16882,"binder:16838_4","S",8.235000
1,"up→navigate",16888,"Expo JNI deallo","S",8.235000
1,"up→navigate",16899,"DefaultDispatch","S",8.235000
1,"up→navigate",16902,".0.2.2:8093/...","S",8.235000
1,"up→navigate",16915,"CookieMonsterCl","S",8.235000
1,"up→navigate",16922,"binder:16838_4","S",8.235000
1,"up→navigate",16924,"OkHttp TaskRunn","S",8.235000
1,"up→navigate",16927,"OkHttp TaskRunn","S",8.235000
1,"up→navigate",16937,".0.2.2:8093/...","S",8.235000
1,"up→navigate",16942,"glide-disk-cach","S",8.235000
1,"up→navigate",16982,"GPU completion","S",8.235000
1,"up→navigate",16983,"HWC release","S",8.235000
1,"up→navigate",16889,"ncFunctionQueue","S",7.911000
1,"up→navigate",16881,"mqt_v_native","S",7.618000
1,"up→navigate",16838,"oelseisfree.app","S",6.538000
1,"up→navigate",16880,"mqt_v_js","S",6.389000
1,"up→navigate",16838,"oelseisfree.app","Running",1.501000
1,"up→navigate",16880,"mqt_v_js","Running",1.373000
1,"up→navigate",16881,"mqt_v_native","Running",0.334000
1,"up→navigate",16889,"ncFunctionQueue","R",0.324000
1,"up→navigate",16880,"mqt_v_js","R+",0.318000
1,"up→navigate",16881,"mqt_v_native","R",0.284000
1,"up→navigate",16838,"oelseisfree.app","R",0.178000
1,"up→navigate",16880,"mqt_v_js","R",0.156000
1,"up→navigate",16838,"oelseisfree.app","R+",0.018000
2,"animation-requested→first-ui-motion",16841,"Jit thread pool","R",20.754000
2,"animation-requested→first-ui-motion",16842,"HeapTaskDaemon","R",20.754000
2,"animation-requested→first-ui-motion",16843,"ReferenceQueueD","S",20.754000
2,"animation-requested→first-ui-motion",16844,"FinalizerDaemon","S",20.754000
2,"animation-requested→first-ui-motion",16845,"FinalizerWatchd","S",20.754000
2,"animation-requested→first-ui-motion",16846,"binder:16838_1","S",20.754000
2,"animation-requested→first-ui-motion",16849,"binder:16838_3","S",20.754000
2,"animation-requested→first-ui-motion",16850,"Profile Saver","S",20.754000
2,"animation-requested→first-ui-motion",16855,"ScionFrontendAp","S",20.754000
2,"animation-requested→first-ui-motion",16856,"Firebase Backgr","S",20.754000
2,"animation-requested→first-ui-motion",16859,"DefaultDispatch","S",20.754000
2,"animation-requested→first-ui-motion",16861,"Measurement Wor","S",20.754000
2,"animation-requested→first-ui-motion",16862,"queued-work-loo","S",20.754000
2,"animation-requested→first-ui-motion",16864,"Firebase Backgr","S",20.754000
2,"animation-requested→first-ui-motion",16866,"Firebase Backgr","S",20.754000
2,"animation-requested→first-ui-motion",16870,"Firebase Blocki","S",20.754000
2,"animation-requested→first-ui-motion",16875,"hwuiTask0","S",20.754000
2,"animation-requested→first-ui-motion",16876,"hwuiTask1","S",20.754000
2,"animation-requested→first-ui-motion",16877,"Firebase Backgr","S",20.754000
2,"animation-requested→first-ui-motion",16878,"HybridData Dest","S",20.754000
2,"animation-requested→first-ui-motion",16881,"mqt_v_native","S",20.754000
2,"animation-requested→first-ui-motion",16882,"binder:16838_4","S",20.754000
2,"animation-requested→first-ui-motion",16888,"Expo JNI deallo","S",20.754000
2,"animation-requested→first-ui-motion",16889,"ncFunctionQueue","S",20.754000
2,"animation-requested→first-ui-motion",16899,"DefaultDispatch","S",20.754000
2,"animation-requested→first-ui-motion",16902,".0.2.2:8093/...","S",20.754000
2,"animation-requested→first-ui-motion",16915,"CookieMonsterCl","S",20.754000
2,"animation-requested→first-ui-motion",16922,"binder:16838_4","S",20.754000
2,"animation-requested→first-ui-motion",16924,"OkHttp TaskRunn","S",20.754000
2,"animation-requested→first-ui-motion",16929,"OkHttp TaskRunn","S",20.754000
2,"animation-requested→first-ui-motion",16937,".0.2.2:8093/...","S",20.754000
2,"animation-requested→first-ui-motion",16942,"glide-disk-cach","R",20.754000
2,"animation-requested→first-ui-motion",16982,"GPU completion","S",20.754000
2,"animation-requested→first-ui-motion",16983,"HWC release","S",20.754000
2,"animation-requested→first-ui-motion",16871,"RenderThread","S",19.162000
2,"animation-requested→first-ui-motion",16880,"mqt_v_js","R",10.862000
2,"animation-requested→first-ui-motion",16838,"oelseisfree.app","Running",9.709000
2,"animation-requested→first-ui-motion",16880,"mqt_v_js","Running",8.028000
2,"animation-requested→first-ui-motion",16838,"oelseisfree.app","R",5.892000
2,"animation-requested→first-ui-motion",16838,"oelseisfree.app","S",5.125000
2,"animation-requested→first-ui-motion",16880,"mqt_v_js","R+",1.864000
2,"animation-requested→first-ui-motion",16871,"RenderThread","R",1.579000
2,"animation-requested→first-ui-motion",16838,"oelseisfree.app","R+",0.029000
2,"animation-requested→first-ui-motion",16871,"RenderThread","Running",0.014000
2,"destination-measured→takeoff-ready",16843,"ReferenceQueueD","S",114.688000
2,"destination-measured→takeoff-ready",16844,"FinalizerDaemon","S",114.688000
2,"destination-measured→takeoff-ready",16845,"FinalizerWatchd","S",114.688000
2,"destination-measured→takeoff-ready",16855,"ScionFrontendAp","S",114.688000
2,"destination-measured→takeoff-ready",16856,"Firebase Backgr","S",114.688000
2,"destination-measured→takeoff-ready",16859,"DefaultDispatch","S",114.688000
2,"destination-measured→takeoff-ready",16861,"Measurement Wor","S",114.688000
2,"destination-measured→takeoff-ready",16864,"Firebase Backgr","S",114.688000
2,"destination-measured→takeoff-ready",16866,"Firebase Backgr","S",114.688000
2,"destination-measured→takeoff-ready",16870,"Firebase Blocki","S",114.688000
2,"destination-measured→takeoff-ready",16876,"hwuiTask1","S",114.688000
2,"destination-measured→takeoff-ready",16877,"Firebase Backgr","S",114.688000
2,"destination-measured→takeoff-ready",16878,"HybridData Dest","S",114.688000
2,"destination-measured→takeoff-ready",16888,"Expo JNI deallo","S",114.688000
2,"destination-measured→takeoff-ready",16889,"ncFunctionQueue","S",114.688000
2,"destination-measured→takeoff-ready",16899,"DefaultDispatch","S",114.688000
2,"destination-measured→takeoff-ready",16902,".0.2.2:8093/...","S",114.688000
2,"destination-measured→takeoff-ready",16915,"CookieMonsterCl","S",114.688000
2,"destination-measured→takeoff-ready",16922,"binder:16838_4","S",114.688000
2,"destination-measured→takeoff-ready",16924,"OkHttp TaskRunn","S",114.688000
2,"destination-measured→takeoff-ready",16929,"OkHttp TaskRunn","S",114.688000
2,"destination-measured→takeoff-ready",16937,".0.2.2:8093/...","S",114.688000
2,"destination-measured→takeoff-ready",16983,"HWC release","S",114.688000
2,"destination-measured→takeoff-ready",16881,"mqt_v_native","S",112.319000
2,"destination-measured→takeoff-ready",16882,"binder:16838_4","S",111.825000
2,"destination-measured→takeoff-ready",16846,"binder:16838_1","S",111.633000
2,"destination-measured→takeoff-ready",16850,"Profile Saver","S",108.623000
2,"destination-measured→takeoff-ready",16875,"hwuiTask0","S",108.074000
2,"destination-measured→takeoff-ready",16982,"GPU completion","S",106.724000
2,"destination-measured→takeoff-ready",16862,"queued-work-loo","S",94.104000
2,"destination-measured→takeoff-ready",16849,"binder:16838_3","S",90.530000
2,"destination-measured→takeoff-ready",16942,"glide-disk-cach","R",79.782000
2,"destination-measured→takeoff-ready",16842,"HeapTaskDaemon","R",69.859000
2,"destination-measured→takeoff-ready",16871,"RenderThread","S",66.513000
2,"destination-measured→takeoff-ready",16841,"Jit thread pool","R",57.783000
2,"destination-measured→takeoff-ready",16838,"oelseisfree.app","S",51.128000
2,"destination-measured→takeoff-ready",16880,"mqt_v_js","S",46.622000
2,"destination-measured→takeoff-ready",16880,"mqt_v_js","R",42.707000
2,"destination-measured→takeoff-ready",16838,"oelseisfree.app","Running",42.104000
2,"destination-measured→takeoff-ready",16871,"RenderThread","Running",34.954000
2,"destination-measured→takeoff-ready",16942,"glide-disk-cach","S",32.130000
2,"destination-measured→takeoff-ready",16849,"binder:16838_3","R",24.155000
2,"destination-measured→takeoff-ready",16841,"Jit thread pool","S",23.430000
2,"destination-measured→takeoff-ready",16841,"Jit thread pool","R+",22.724000
2,"destination-measured→takeoff-ready",16880,"mqt_v_js","Running",22.347000
2,"destination-measured→takeoff-ready",16842,"HeapTaskDaemon","Running",21.246000
2,"destination-measured→takeoff-ready",16842,"HeapTaskDaemon","S",21.135000
2,"destination-measured→takeoff-ready",16862,"queued-work-loo","R",20.585000
2,"destination-measured→takeoff-ready",16838,"oelseisfree.app","R",19.828000
2,"destination-measured→takeoff-ready",16871,"RenderThread","R+",9.595000
2,"destination-measured→takeoff-ready",16982,"GPU completion","R",7.917000
2,"destination-measured→takeoff-ready",16841,"Jit thread pool","Running",7.876000
2,"destination-measured→takeoff-ready",16850,"Profile Saver","R",6.003000
2,"destination-measured→takeoff-ready",16871,"RenderThread","R",3.626000
2,"destination-measured→takeoff-ready",16875,"hwuiTask0","R",3.531000
2,"destination-measured→takeoff-ready",16846,"binder:16838_1","R",3.047000
2,"destination-measured→takeoff-ready",16880,"mqt_v_js","R+",3.011000
2,"destination-measured→takeoff-ready",16875,"hwuiTask0","R+",2.902000
2,"destination-measured→takeoff-ready",16841,"Jit thread pool","D",2.875000
2,"destination-measured→takeoff-ready",16882,"binder:16838_4","R",2.863000
2,"destination-measured→takeoff-ready",16942,"glide-disk-cach","Running",2.745000
2,"destination-measured→takeoff-ready",16842,"HeapTaskDaemon","R+",2.448000
2,"destination-measured→takeoff-ready",16881,"mqt_v_native","R",2.284000
2,"destination-measured→takeoff-ready",16838,"oelseisfree.app","R+",1.628000
2,"destination-measured→takeoff-ready",16875,"hwuiTask0","Running",0.181000
2,"destination-measured→takeoff-ready",16881,"mqt_v_native","Running",0.085000
2,"destination-measured→takeoff-ready",16850,"Profile Saver","Running",0.062000
2,"destination-measured→takeoff-ready",16982,"GPU completion","Running",0.047000
2,"destination-measured→takeoff-ready",16942,"glide-disk-cach","R+",0.031000
2,"destination-measured→takeoff-ready",16846,"binder:16838_1","Running",0.009000
2,"destination-measured→takeoff-ready",16849,"binder:16838_3","Running",0.004000
2,"navigate→destination-measured",16842,"HeapTaskDaemon","S",103.481000
2,"navigate→destination-measured",16843,"ReferenceQueueD","S",103.481000
2,"navigate→destination-measured",16844,"FinalizerDaemon","S",103.481000
2,"navigate→destination-measured",16845,"FinalizerWatchd","S",103.481000
2,"navigate→destination-measured",16846,"binder:16838_1","S",103.481000
2,"navigate→destination-measured",16849,"binder:16838_3","S",103.481000
2,"navigate→destination-measured",16850,"Profile Saver","S",103.481000
2,"navigate→destination-measured",16856,"Firebase Backgr","S",103.481000
2,"navigate→destination-measured",16875,"hwuiTask0","S",103.481000
2,"navigate→destination-measured",16876,"hwuiTask1","S",103.481000
2,"navigate→destination-measured",16877,"Firebase Backgr","S",103.481000
2,"navigate→destination-measured",16878,"HybridData Dest","S",103.481000
2,"navigate→destination-measured",16882,"binder:16838_4","S",103.481000
2,"navigate→destination-measured",16888,"Expo JNI deallo","S",103.481000
2,"navigate→destination-measured",16922,"binder:16838_4","S",103.481000
2,"navigate→destination-measured",16942,"glide-disk-cach","S",103.481000
2,"navigate→destination-measured",16982,"GPU completion","S",103.481000
2,"navigate→destination-measured",16983,"HWC release","S",103.481000
2,"navigate→destination-measured",16924,"OkHttp TaskRunn","S",103.225000
2,"navigate→destination-measured",16915,"CookieMonsterCl","S",102.917000
2,"navigate→destination-measured",16855,"ScionFrontendAp","S",102.895000
2,"navigate→destination-measured",16859,"DefaultDispatch","S",102.894000
2,"navigate→destination-measured",16899,"DefaultDispatch","S",102.887000
2,"navigate→destination-measured",16871,"RenderThread","S",102.792000
2,"navigate→destination-measured",16870,"Firebase Blocki","S",102.319000
2,"navigate→destination-measured",16862,"queued-work-loo","S",102.176000
2,"navigate→destination-measured",16864,"Firebase Backgr","S",101.297000
2,"navigate→destination-measured",16929,"OkHttp TaskRunn","S",101.110000
2,"navigate→destination-measured",16866,"Firebase Backgr","S",100.555000
2,"navigate→destination-measured",16881,"mqt_v_native","S",99.498000
2,"navigate→destination-measured",16889,"ncFunctionQueue","S",98.324000
2,"navigate→destination-measured",16937,".0.2.2:8093/...","S",87.088000
2,"navigate→destination-measured",16902,".0.2.2:8093/...","S",86.561000
2,"navigate→destination-measured",16880,"mqt_v_js","Running",83.991000
2,"navigate→destination-measured",16841,"Jit thread pool","S",71.696000
2,"navigate→destination-measured",16861,"Measurement Wor","S",65.050000
2,"navigate→destination-measured",16838,"oelseisfree.app","S",55.664000
2,"navigate→destination-measured",16838,"oelseisfree.app","Running",35.392000
2,"navigate→destination-measured",16841,"Jit thread pool","R",21.905000
2,"navigate→destination-measured",16880,"mqt_v_js","R",19.382000
2,"navigate→destination-measured",16861,"Measurement Wor","R",17.723000
2,"navigate→destination-measured",16861,"Measurement Wor","D",13.836000
2,"navigate→destination-measured",16838,"oelseisfree.app","R",11.142000
2,"navigate→destination-measured",16937,".0.2.2:8093/...","R+",10.591000
2,"navigate→destination-measured",16902,".0.2.2:8093/...","R",9.589000
2,"navigate→destination-measured",16841,"Jit thread pool","Running",8.119000
2,"navigate→destination-measured",16889,"ncFunctionQueue","R",4.435000
2,"navigate→destination-measured",16937,".0.2.2:8093/...","Running",3.932000
2,"navigate→destination-measured",16902,".0.2.2:8093/...","R+",3.927000
2,"navigate→destination-measured",16861,"Measurement Wor","Running",3.827000
2,"navigate→destination-measured",16902,".0.2.2:8093/...","Running",3.404000
2,"navigate→destination-measured",16861,"Measurement Wor","R+",3.045000
2,"navigate→destination-measured",16881,"mqt_v_native","R",2.773000
2,"navigate→destination-measured",16937,".0.2.2:8093/...","R",1.870000
2,"navigate→destination-measured",16929,"OkHttp TaskRunn","R",1.846000
2,"navigate→destination-measured",16864,"Firebase Backgr","R+",1.702000
2,"navigate→destination-measured",16841,"Jit thread pool","D",1.409000
2,"navigate→destination-measured",16862,"queued-work-loo","R",1.287000
2,"navigate→destination-measured",16838,"oelseisfree.app","R+",1.283000
2,"navigate→destination-measured",16881,"mqt_v_native","Running",1.210000
2,"navigate→destination-measured",16866,"Firebase Backgr","R+",1.155000
2,"navigate→destination-measured",16866,"Firebase Backgr","R",1.119000
2,"navigate→destination-measured",16870,"Firebase Blocki","R",1.004000
2,"navigate→destination-measured",16889,"ncFunctionQueue","Running",0.722000
2,"navigate→destination-measured",16866,"Firebase Backgr","Running",0.653000
2,"navigate→destination-measured",16871,"RenderThread","R",0.641000
2,"navigate→destination-measured",16855,"ScionFrontendAp","R",0.503000
2,"navigate→destination-measured",16929,"OkHttp TaskRunn","Running",0.493000
2,"navigate→destination-measured",16899,"DefaultDispatch","Running",0.461000
2,"navigate→destination-measured",16859,"DefaultDispatch","R",0.427000
2,"navigate→destination-measured",16915,"CookieMonsterCl","R",0.390000
2,"navigate→destination-measured",16841,"Jit thread pool","R+",0.352000
2,"navigate→destination-measured",16864,"Firebase Backgr","Running",0.305000
2,"navigate→destination-measured",16924,"OkHttp TaskRunn","Running",0.222000
2,"navigate→destination-measured",16864,"Firebase Backgr","R",0.177000
2,"navigate→destination-measured",16915,"CookieMonsterCl","Running",0.174000
2,"navigate→destination-measured",16859,"DefaultDispatch","Running",0.159000
2,"navigate→destination-measured",16870,"Firebase Blocki","Running",0.158000
2,"navigate→destination-measured",16899,"DefaultDispatch","R",0.133000
2,"navigate→destination-measured",16880,"mqt_v_js","R+",0.108000
2,"navigate→destination-measured",16855,"ScionFrontendAp","Running",0.083000
2,"navigate→destination-measured",16871,"RenderThread","Running",0.047000
2,"navigate→destination-measured",16924,"OkHttp TaskRunn","R",0.034000
2,"navigate→destination-measured",16929,"OkHttp TaskRunn","R+",0.032000
2,"navigate→destination-measured",16862,"queued-work-loo","Running",0.017000
2,"opening",16843,"ReferenceQueueD","S",287.145000
2,"opening",16844,"FinalizerDaemon","S",287.145000
2,"opening",16845,"FinalizerWatchd","S",287.145000
2,"opening",16856,"Firebase Backgr","S",287.145000
2,"opening",16876,"hwuiTask1","S",287.145000
2,"opening",16877,"Firebase Backgr","S",287.145000
2,"opening",16878,"HybridData Dest","S",287.145000
2,"opening",16888,"Expo JNI deallo","S",287.145000
2,"opening",16983,"HWC release","S",287.145000
2,"opening",16922,"binder:16838_4","S",286.927000
2,"opening",16924,"OkHttp TaskRunn","S",286.889000
2,"opening",16915,"CookieMonsterCl","S",286.581000
2,"opening",16855,"ScionFrontendAp","S",286.560000
2,"opening",16859,"DefaultDispatch","S",286.559000
2,"opening",16899,"DefaultDispatch","S",286.551000
2,"opening",16870,"Firebase Blocki","S",285.983000
2,"opening",16864,"Firebase Backgr","S",284.961000
2,"opening",16929,"OkHttp TaskRunn","S",284.774000
2,"opening",16866,"Firebase Backgr","S",284.219000
2,"opening",16889,"ncFunctionQueue","S",281.833000
2,"opening",16850,"Profile Saver","S",281.080000
2,"opening",16875,"hwuiTask0","S",280.531000
2,"opening",16882,"binder:16838_4","S",279.537000
2,"opening",16982,"GPU completion","S",278.741000
2,"opening",16881,"mqt_v_native","S",275.638000
2,"opening",16846,"binder:16838_1","S",275.047000
2,"opening",16937,".0.2.2:8093/...","S",270.752000
2,"opening",16902,".0.2.2:8093/...","S",270.225000
2,"opening",16862,"queued-work-loo","S",254.034000
2,"opening",16849,"binder:16838_3","S",253.130000
2,"opening",16861,"Measurement Wor","S",248.714000
2,"opening",16871,"RenderThread","S",236.245000
2,"opening",16838,"oelseisfree.app","S",157.953000
2,"opening",16942,"glide-disk-cach","S",156.122000
2,"opening",16842,"HeapTaskDaemon","S",145.126000
2,"opening",16880,"mqt_v_js","Running",135.897000
2,"opening",16942,"glide-disk-cach","R",128.247000
2,"opening",16841,"Jit thread pool","R",128.153000
2,"opening",16841,"Jit thread pool","S",115.637000
2,"opening",16842,"HeapTaskDaemon","R",115.442000
2,"opening",16838,"oelseisfree.app","Running",88.838000
2,"opening",16880,"mqt_v_js","R",80.545000
2,"opening",16880,"mqt_v_js","S",65.302000
2,"opening",16838,"oelseisfree.app","R",37.397000
2,"opening",16871,"RenderThread","Running",35.296000
2,"opening",16849,"binder:16838_3","R",33.767000
2,"opening",16862,"queued-work-loo","R",30.374000
2,"opening",16842,"HeapTaskDaemon","Running",24.129000
2,"opening",16841,"Jit thread pool","R+",23.076000
2,"opening",16861,"Measurement Wor","R",17.723000
2,"opening",16841,"Jit thread pool","Running",15.995000
2,"opening",16861,"Measurement Wor","D",13.836000
2,"opening",16846,"binder:16838_1","R",12.081000
2,"opening",16937,".0.2.2:8093/...","R+",10.591000
2,"opening",16871,"RenderThread","R+",9.641000
2,"opening",16902,".0.2.2:8093/...","R",9.589000
2,"opening",16881,"mqt_v_native","R",9.268000
2,"opening",16982,"GPU completion","R",8.336000
2,"opening",16882,"binder:16838_4","R",7.540000
2,"opening",16850,"Profile Saver","R",6.003000
2,"opening",16871,"RenderThread","R",5.964000
2,"opening",16880,"mqt_v_js","R+",5.401000
2,"opening",16889,"ncFunctionQueue","R",4.590000
2,"opening",16841,"Jit thread pool","D",4.284000
2,"opening",16937,".0.2.2:8093/...","Running",3.932000
2,"opening",16902,".0.2.2:8093/...","R+",3.927000
2,"opening",16861,"Measurement Wor","Running",3.827000
2,"opening",16875,"hwuiTask0","R",3.531000
2,"opening",16902,".0.2.2:8093/...","Running",3.404000
2,"opening",16861,"Measurement Wor","R+",3.045000
2,"opening",16838,"oelseisfree.app","R+",2.958000
2,"opening",16875,"hwuiTask0","R+",2.902000
2,"opening",16942,"glide-disk-cach","Running",2.745000
2,"opening",16842,"HeapTaskDaemon","R+",2.448000
2,"opening",16881,"mqt_v_native","Running",2.239000
2,"opening",16937,".0.2.2:8093/...","R",1.870000
2,"opening",16929,"OkHttp TaskRunn","R",1.846000
2,"opening",16862,"queued-work-loo","D",1.816000
2,"opening",16864,"Firebase Backgr","R+",1.702000
2,"opening",16866,"Firebase Backgr","R+",1.155000
2,"opening",16866,"Firebase Backgr","R",1.119000
2,"opening",16870,"Firebase Blocki","R",1.004000
2,"opening",16862,"queued-work-loo","Running",0.824000
2,"opening",16889,"ncFunctionQueue","Running",0.722000
2,"opening",16866,"Firebase Backgr","Running",0.653000
2,"opening",16855,"ScionFrontendAp","R",0.503000
2,"opening",16929,"OkHttp TaskRunn","Running",0.493000
2,"opening",16899,"DefaultDispatch","Running",0.461000
2,"opening",16859,"DefaultDispatch","R",0.427000
2,"opening",16915,"CookieMonsterCl","R",0.390000
2,"opening",16864,"Firebase Backgr","Running",0.305000
2,"opening",16849,"binder:16838_3","Running",0.248000
2,"opening",16924,"OkHttp TaskRunn","Running",0.222000
2,"opening",16922,"binder:16838_4","R",0.191000
2,"opening",16875,"hwuiTask0","Running",0.181000
2,"opening",16864,"Firebase Backgr","R",0.177000
2,"opening",16915,"CookieMonsterCl","Running",0.174000
2,"opening",16859,"DefaultDispatch","Running",0.159000
2,"opening",16870,"Firebase Blocki","Running",0.158000
2,"opening",16899,"DefaultDispatch","R",0.133000
2,"opening",16862,"queued-work-loo","R+",0.097000
2,"opening",16855,"ScionFrontendAp","Running",0.083000
2,"opening",16882,"binder:16838_4","Running",0.068000
2,"opening",16982,"GPU completion","Running",0.068000
2,"opening",16850,"Profile Saver","Running",0.062000
2,"opening",16924,"OkHttp TaskRunn","R",0.034000
2,"opening",16929,"OkHttp TaskRunn","R+",0.032000
2,"opening",16942,"glide-disk-cach","R+",0.031000
2,"opening",16922,"binder:16838_4","Running",0.027000
2,"opening",16846,"binder:16838_1","Running",0.016000
2,"takeoff-ready→animation-requested",16841,"Jit thread pool","R",27.711000
2,"takeoff-ready→animation-requested",16843,"ReferenceQueueD","S",27.711000
2,"takeoff-ready→animation-requested",16844,"FinalizerDaemon","S",27.711000
2,"takeoff-ready→animation-requested",16845,"FinalizerWatchd","S",27.711000
2,"takeoff-ready→animation-requested",16850,"Profile Saver","S",27.711000
2,"takeoff-ready→animation-requested",16855,"ScionFrontendAp","S",27.711000
2,"takeoff-ready→animation-requested",16856,"Firebase Backgr","S",27.711000
2,"takeoff-ready→animation-requested",16859,"DefaultDispatch","S",27.711000
2,"takeoff-ready→animation-requested",16861,"Measurement Wor","S",27.711000
2,"takeoff-ready→animation-requested",16864,"Firebase Backgr","S",27.711000
2,"takeoff-ready→animation-requested",16866,"Firebase Backgr","S",27.711000
2,"takeoff-ready→animation-requested",16870,"Firebase Blocki","S",27.711000
2,"takeoff-ready→animation-requested",16875,"hwuiTask0","S",27.711000
2,"takeoff-ready→animation-requested",16876,"hwuiTask1","S",27.711000
2,"takeoff-ready→animation-requested",16877,"Firebase Backgr","S",27.711000
2,"takeoff-ready→animation-requested",16878,"HybridData Dest","S",27.711000
2,"takeoff-ready→animation-requested",16888,"Expo JNI deallo","S",27.711000
2,"takeoff-ready→animation-requested",16889,"ncFunctionQueue","S",27.711000
2,"takeoff-ready→animation-requested",16899,"DefaultDispatch","S",27.711000
2,"takeoff-ready→animation-requested",16902,".0.2.2:8093/...","S",27.711000
2,"takeoff-ready→animation-requested",16915,"CookieMonsterCl","S",27.711000
2,"takeoff-ready→animation-requested",16924,"OkHttp TaskRunn","S",27.711000
2,"takeoff-ready→animation-requested",16929,"OkHttp TaskRunn","S",27.711000
2,"takeoff-ready→animation-requested",16937,".0.2.2:8093/...","S",27.711000
2,"takeoff-ready→animation-requested",16942,"glide-disk-cach","R",27.711000
2,"takeoff-ready→animation-requested",16983,"HWC release","S",27.711000
2,"takeoff-ready→animation-requested",16922,"binder:16838_4","S",27.493000
2,"takeoff-ready→animation-requested",16982,"GPU completion","S",27.271000
2,"takeoff-ready→animation-requested",16871,"RenderThread","S",27.267000
2,"takeoff-ready→animation-requested",16838,"oelseisfree.app","S",27.090000
2,"takeoff-ready→animation-requested",16842,"HeapTaskDaemon","R",24.828000
2,"takeoff-ready→animation-requested",16881,"mqt_v_native","S",23.003000
2,"takeoff-ready→animation-requested",16882,"binder:16838_4","S",22.966000
2,"takeoff-ready→animation-requested",16880,"mqt_v_js","Running",20.145000
2,"takeoff-ready→animation-requested",16846,"binder:16838_1","S",18.669000
2,"takeoff-ready→animation-requested",16849,"binder:16838_3","S",17.854000
2,"takeoff-ready→animation-requested",16862,"queued-work-loo","S",16.489000
2,"takeoff-ready→animation-requested",16849,"binder:16838_3","R",9.612000
2,"takeoff-ready→animation-requested",16846,"binder:16838_1","R",9.034000
2,"takeoff-ready→animation-requested",16862,"queued-work-loo","R",8.502000
2,"takeoff-ready→animation-requested",16880,"mqt_v_js","R",7.488000
2,"takeoff-ready→animation-requested",16882,"binder:16838_4","R",4.677000
2,"takeoff-ready→animation-requested",16881,"mqt_v_native","R",4.110000
2,"takeoff-ready→animation-requested",16842,"HeapTaskDaemon","Running",2.883000
2,"takeoff-ready→animation-requested",16862,"queued-work-loo","D",1.816000
2,"takeoff-ready→animation-requested",16862,"queued-work-loo","Running",0.807000
2,"takeoff-ready→animation-requested",16881,"mqt_v_native","Running",0.598000
2,"takeoff-ready→animation-requested",16982,"GPU completion","R",0.419000
2,"takeoff-ready→animation-requested",16838,"oelseisfree.app","R",0.402000
2,"takeoff-ready→animation-requested",16871,"RenderThread","Running",0.281000
2,"takeoff-ready→animation-requested",16849,"binder:16838_3","Running",0.244000
2,"takeoff-ready→animation-requested",16838,"oelseisfree.app","Running",0.200000
2,"takeoff-ready→animation-requested",16922,"binder:16838_4","R",0.191000
2,"takeoff-ready→animation-requested",16871,"RenderThread","R",0.117000
2,"takeoff-ready→animation-requested",16862,"queued-work-loo","R+",0.097000
2,"takeoff-ready→animation-requested",16880,"mqt_v_js","R+",0.078000
2,"takeoff-ready→animation-requested",16882,"binder:16838_4","Running",0.068000
2,"takeoff-ready→animation-requested",16871,"RenderThread","R+",0.046000
2,"takeoff-ready→animation-requested",16922,"binder:16838_4","Running",0.027000
2,"takeoff-ready→animation-requested",16982,"GPU completion","Running",0.021000
2,"takeoff-ready→animation-requested",16838,"oelseisfree.app","R+",0.018000
2,"takeoff-ready→animation-requested",16846,"binder:16838_1","Running",0.008000
2,"up→navigate",16841,"Jit thread pool","S",20.511000
2,"up→navigate",16842,"HeapTaskDaemon","S",20.511000
2,"up→navigate",16843,"ReferenceQueueD","S",20.511000
2,"up→navigate",16844,"FinalizerDaemon","S",20.511000
2,"up→navigate",16845,"FinalizerWatchd","S",20.511000
2,"up→navigate",16846,"binder:16838_1","S",20.511000
2,"up→navigate",16849,"binder:16838_3","S",20.511000
2,"up→navigate",16850,"Profile Saver","S",20.511000
2,"up→navigate",16855,"ScionFrontendAp","S",20.511000
2,"up→navigate",16856,"Firebase Backgr","S",20.511000
2,"up→navigate",16859,"DefaultDispatch","S",20.511000
2,"up→navigate",16861,"Measurement Wor","S",20.511000
2,"up→navigate",16862,"queued-work-loo","S",20.511000
2,"up→navigate",16864,"Firebase Backgr","S",20.511000
2,"up→navigate",16866,"Firebase Backgr","S",20.511000
2,"up→navigate",16870,"Firebase Blocki","S",20.511000
2,"up→navigate",16871,"RenderThread","S",20.511000
2,"up→navigate",16875,"hwuiTask0","S",20.511000
2,"up→navigate",16876,"hwuiTask1","S",20.511000
2,"up→navigate",16877,"Firebase Backgr","S",20.511000
2,"up→navigate",16878,"HybridData Dest","S",20.511000
2,"up→navigate",16882,"binder:16838_4","S",20.511000
2,"up→navigate",16888,"Expo JNI deallo","S",20.511000
2,"up→navigate",16899,"DefaultDispatch","S",20.511000
2,"up→navigate",16902,".0.2.2:8093/...","S",20.511000
2,"up→navigate",16915,"CookieMonsterCl","S",20.511000
2,"up→navigate",16922,"binder:16838_4","S",20.511000
2,"up→navigate",16924,"OkHttp TaskRunn","S",20.511000
2,"up→navigate",16929,"OkHttp TaskRunn","S",20.511000
2,"up→navigate",16937,".0.2.2:8093/...","S",20.511000
2,"up→navigate",16942,"glide-disk-cach","S",20.511000
2,"up→navigate",16982,"GPU completion","S",20.511000
2,"up→navigate",16983,"HWC release","S",20.511000
2,"up→navigate",16889,"ncFunctionQueue","S",20.356000
2,"up→navigate",16881,"mqt_v_native","S",20.064000
2,"up→navigate",16838,"oelseisfree.app","S",18.945000
2,"up→navigate",16880,"mqt_v_js","S",18.679000
2,"up→navigate",16838,"oelseisfree.app","Running",1.433000
2,"up→navigate",16880,"mqt_v_js","Running",1.385000
2,"up→navigate",16881,"mqt_v_native","Running",0.346000
2,"up→navigate",16880,"mqt_v_js","R+",0.339000
2,"up→navigate",16889,"ncFunctionQueue","R",0.155000
2,"up→navigate",16838,"oelseisfree.app","R",0.133000
2,"up→navigate",16880,"mqt_v_js","R",0.107000
2,"up→navigate",16881,"mqt_v_native","R",0.101000
3,"animation-requested→first-ui-motion",16841,"Jit thread pool","S",59.109000
3,"animation-requested→first-ui-motion",16842,"HeapTaskDaemon","S",59.109000
3,"animation-requested→first-ui-motion",16843,"ReferenceQueueD","S",59.109000
3,"animation-requested→first-ui-motion",16844,"FinalizerDaemon","S",59.109000
3,"animation-requested→first-ui-motion",16845,"FinalizerWatchd","S",59.109000
3,"animation-requested→first-ui-motion",16846,"binder:16838_1","S",59.109000
3,"animation-requested→first-ui-motion",16849,"binder:16838_3","S",59.109000
3,"animation-requested→first-ui-motion",16850,"Profile Saver","S",59.109000
3,"animation-requested→first-ui-motion",16855,"ScionFrontendAp","S",59.109000
3,"animation-requested→first-ui-motion",16856,"Firebase Backgr","S",59.109000
3,"animation-requested→first-ui-motion",16859,"DefaultDispatch","S",59.109000
3,"animation-requested→first-ui-motion",16861,"Measurement Wor","S",59.109000
3,"animation-requested→first-ui-motion",16864,"Firebase Backgr","S",59.109000
3,"animation-requested→first-ui-motion",16866,"Firebase Backgr","S",59.109000
3,"animation-requested→first-ui-motion",16870,"Firebase Blocki","S",59.109000
3,"animation-requested→first-ui-motion",16875,"hwuiTask0","S",59.109000
3,"animation-requested→first-ui-motion",16876,"hwuiTask1","S",59.109000
3,"animation-requested→first-ui-motion",16877,"Firebase Backgr","S",59.109000
3,"animation-requested→first-ui-motion",16878,"HybridData Dest","S",59.109000
3,"animation-requested→first-ui-motion",16888,"Expo JNI deallo","S",59.109000
3,"animation-requested→first-ui-motion",16889,"ncFunctionQueue","S",59.109000
3,"animation-requested→first-ui-motion",16899,"DefaultDispatch","S",59.109000
3,"animation-requested→first-ui-motion",16902,".0.2.2:8093/...","S",59.109000
3,"animation-requested→first-ui-motion",16915,"CookieMonsterCl","S",59.109000
3,"animation-requested→first-ui-motion",16924,"OkHttp TaskRunn","S",59.109000
3,"animation-requested→first-ui-motion",16929,"OkHttp TaskRunn","S",59.109000
3,"animation-requested→first-ui-motion",16937,".0.2.2:8093/...","S",59.109000
3,"animation-requested→first-ui-motion",16942,"glide-disk-cach","S",59.109000
3,"animation-requested→first-ui-motion",16983,"HWC release","S",58.926000
3,"animation-requested→first-ui-motion",16982,"GPU completion","S",58.895000
3,"animation-requested→first-ui-motion",16922,"binder:16838_4","S",58.890000
3,"animation-requested→first-ui-motion",16882,"binder:16838_4","S",58.844000
3,"animation-requested→first-ui-motion",16881,"mqt_v_native","S",58.605000
3,"animation-requested→first-ui-motion",16862,"queued-work-loo","S",38.001000
3,"animation-requested→first-ui-motion",16880,"mqt_v_js","Running",31.164000
3,"animation-requested→first-ui-motion",16871,"RenderThread","S",30.105000
3,"animation-requested→first-ui-motion",16880,"mqt_v_js","R",27.282000
3,"animation-requested→first-ui-motion",16838,"oelseisfree.app","S",23.019000
3,"animation-requested→first-ui-motion",16838,"oelseisfree.app","R",21.297000
3,"animation-requested→first-ui-motion",16871,"RenderThread","Running",19.890000
3,"animation-requested→first-ui-motion",16862,"queued-work-loo","D",19.166000
3,"animation-requested→first-ui-motion",16838,"oelseisfree.app","Running",14.778000
3,"animation-requested→first-ui-motion",16871,"RenderThread","R+",6.791000
3,"animation-requested→first-ui-motion",16871,"RenderThread","R",2.323000
3,"animation-requested→first-ui-motion",16862,"queued-work-loo","Running",1.358000
3,"animation-requested→first-ui-motion",16880,"mqt_v_js","R+",0.663000
3,"animation-requested→first-ui-motion",16862,"queued-work-loo","R+",0.408000
3,"animation-requested→first-ui-motion",16881,"mqt_v_native","Running",0.391000
3,"animation-requested→first-ui-motion",16922,"binder:16838_4","R",0.213000
3,"animation-requested→first-ui-motion",16982,"GPU completion","R",0.186000
3,"animation-requested→first-ui-motion",16862,"queued-work-loo","R",0.177000
3,"animation-requested→first-ui-motion",16882,"binder:16838_4","R",0.139000
3,"animation-requested→first-ui-motion",16882,"binder:16838_4","Running",0.126000
3,"animation-requested→first-ui-motion",16881,"mqt_v_native","R",0.114000
3,"animation-requested→first-ui-motion",16983,"HWC release","Running",0.093000
3,"animation-requested→first-ui-motion",16983,"HWC release","R",0.090000
3,"animation-requested→first-ui-motion",16982,"GPU completion","Running",0.029000
3,"animation-requested→first-ui-motion",16838,"oelseisfree.app","R+",0.015000
3,"animation-requested→first-ui-motion",16922,"binder:16838_4","Running",0.006000
3,"destination-measured→takeoff-ready",16842,"HeapTaskDaemon","S",168.257000
3,"destination-measured→takeoff-ready",16843,"ReferenceQueueD","S",168.257000
3,"destination-measured→takeoff-ready",16844,"FinalizerDaemon","S",168.257000
3,"destination-measured→takeoff-ready",16845,"FinalizerWatchd","S",168.257000
3,"destination-measured→takeoff-ready",16850,"Profile Saver","S",168.257000
3,"destination-measured→takeoff-ready",16855,"ScionFrontendAp","S",168.257000
3,"destination-measured→takeoff-ready",16856,"Firebase Backgr","S",168.257000
3,"destination-measured→takeoff-ready",16875,"hwuiTask0","S",168.257000
3,"destination-measured→takeoff-ready",16877,"Firebase Backgr","S",168.257000
3,"destination-measured→takeoff-ready",16878,"HybridData Dest","S",168.257000
3,"destination-measured→takeoff-ready",16888,"Expo JNI deallo","S",168.257000
3,"destination-measured→takeoff-ready",16889,"ncFunctionQueue","S",168.257000
3,"destination-measured→takeoff-ready",16902,".0.2.2:8093/...","S",168.257000
3,"destination-measured→takeoff-ready",16915,"CookieMonsterCl","S",168.257000
3,"destination-measured→takeoff-ready",16924,"OkHttp TaskRunn","S",168.257000
3,"destination-measured→takeoff-ready",16929,"OkHttp TaskRunn","S",168.257000
3,"destination-measured→takeoff-ready",16937,".0.2.2:8093/...","S",168.257000
3,"destination-measured→takeoff-ready",16846,"binder:16838_1","S",168.252000
3,"destination-measured→takeoff-ready",16983,"HWC release","S",168.211000
3,"destination-measured→takeoff-ready",16849,"binder:16838_3","S",168.142000
3,"destination-measured→takeoff-ready",16870,"Firebase Blocki","S",167.587000
3,"destination-measured→takeoff-ready",16859,"DefaultDispatch","S",167.422000
3,"destination-measured→takeoff-ready",16862,"queued-work-loo","S",167.050000
3,"destination-measured→takeoff-ready",16881,"mqt_v_native","S",165.393000
3,"destination-measured→takeoff-ready",16922,"binder:16838_4","S",162.722000
3,"destination-measured→takeoff-ready",16982,"GPU completion","S",161.774000
3,"destination-measured→takeoff-ready",16882,"binder:16838_4","S",154.832000
3,"destination-measured→takeoff-ready",16899,"DefaultDispatch","S",147.192000
3,"destination-measured→takeoff-ready",16942,"glide-disk-cach","S",139.332000
3,"destination-measured→takeoff-ready",16876,"hwuiTask1","S",131.529000
3,"destination-measured→takeoff-ready",16871,"RenderThread","S",130.496000
3,"destination-measured→takeoff-ready",16841,"Jit thread pool","R",112.965000
3,"destination-measured→takeoff-ready",16866,"Firebase Backgr","S",100.528000
3,"destination-measured→takeoff-ready",16864,"Firebase Backgr","S",95.436000
3,"destination-measured→takeoff-ready",16838,"oelseisfree.app","S",85.740000
3,"destination-measured→takeoff-ready",16861,"Measurement Wor","S",79.071000
3,"destination-measured→takeoff-ready",16880,"mqt_v_js","R",75.955000
3,"destination-measured→takeoff-ready",16864,"Firebase Backgr","R",71.480000
3,"destination-measured→takeoff-ready",16866,"Firebase Backgr","R",67.101000
3,"destination-measured→takeoff-ready",16880,"mqt_v_js","R+",55.494000
3,"destination-measured→takeoff-ready",16838,"oelseisfree.app","Running",48.309000
3,"destination-measured→takeoff-ready",16861,"Measurement Wor","R",46.376000
3,"destination-measured→takeoff-ready",16880,"mqt_v_js","Running",36.808000
3,"destination-measured→takeoff-ready",16876,"hwuiTask1","R",36.565000
3,"destination-measured→takeoff-ready",16841,"Jit thread pool","R+",28.690000
3,"destination-measured→takeoff-ready",16838,"oelseisfree.app","R",25.430000
3,"destination-measured→takeoff-ready",16861,"Measurement Wor","R+",25.221000
3,"destination-measured→takeoff-ready",16841,"Jit thread pool","Running",20.119000
3,"destination-measured→takeoff-ready",16899,"DefaultDispatch","R",19.925000
3,"destination-measured→takeoff-ready",16871,"RenderThread","Running",16.186000
3,"destination-measured→takeoff-ready",16942,"glide-disk-cach","R",14.698000
3,"destination-measured→takeoff-ready",16882,"binder:16838_4","R",13.315000
3,"destination-measured→takeoff-ready",16871,"RenderThread","R",13.265000
3,"destination-measured→takeoff-ready",17031,"RSMessageThread","S",13.163000
3,"destination-measured→takeoff-ready",16942,"glide-disk-cach","Running",12.912000
3,"destination-measured→takeoff-ready",16861,"Measurement Wor","D",10.171000
3,"destination-measured→takeoff-ready",16838,"oelseisfree.app","R+",8.777000
3,"destination-measured→takeoff-ready",16871,"RenderThread","R+",8.310000
3,"destination-measured→takeoff-ready",16861,"Measurement Wor","Running",7.418000
3,"destination-measured→takeoff-ready",16841,"Jit thread pool","S",6.482000
3,"destination-measured→takeoff-ready",16982,"GPU completion","R",6.420000
3,"destination-measured→takeoff-ready",16922,"binder:16838_4","R",5.523000
3,"destination-measured→takeoff-ready",16881,"mqt_v_native","R",1.782000
3,"destination-measured→takeoff-ready",16864,"Firebase Backgr","Running",1.340000
3,"destination-measured→takeoff-ready",16942,"glide-disk-cach","R+",1.314000
3,"destination-measured→takeoff-ready",16899,"DefaultDispatch","Running",1.121000
3,"destination-measured→takeoff-ready",16881,"mqt_v_native","Running",1.082000
3,"destination-measured→takeoff-ready",16862,"queued-work-loo","R",1.013000
3,"destination-measured→takeoff-ready",16859,"DefaultDispatch","R",0.782000
3,"destination-measured→takeoff-ready",16866,"Firebase Backgr","Running",0.627000
3,"destination-measured→takeoff-ready",17031,"RSMessageThread","Running",0.555000
3,"destination-measured→takeoff-ready",16870,"Firebase Blocki","R",0.513000
3,"destination-measured→takeoff-ready",17031,"RSMessageThread","R",0.221000
3,"destination-measured→takeoff-ready",16862,"queued-work-loo","Running",0.194000
3,"destination-measured→takeoff-ready",16876,"hwuiTask1","Running",0.162000
3,"destination-measured→takeoff-ready",16870,"Firebase Blocki","Running",0.157000
3,"destination-measured→takeoff-ready",16882,"binder:16838_4","Running",0.110000
3,"destination-measured→takeoff-ready",16849,"binder:16838_3","R",0.105000
3,"destination-measured→takeoff-ready",16982,"GPU completion","Running",0.062000
3,"destination-measured→takeoff-ready",16859,"DefaultDispatch","Running",0.053000
3,"destination-measured→takeoff-ready",16983,"HWC release","Running",0.038000
3,"destination-measured→takeoff-ready",16899,"DefaultDispatch","R+",0.018000
3,"destination-measured→takeoff-ready",16922,"binder:16838_4","Running",0.011000
3,"destination-measured→takeoff-ready",16849,"binder:16838_3","Running",0.009000
3,"destination-measured→takeoff-ready",16983,"HWC release","R",0.008000
3,"destination-measured→takeoff-ready",16846,"binder:16838_1","R",0.003000
3,"destination-measured→takeoff-ready",16846,"binder:16838_1","Running",0.002000
3,"destination-measured→takeoff-ready",17031,"RSMessageThread","X",-0.000000
3,"navigate→destination-measured",16842,"HeapTaskDaemon","S",137.682000
3,"navigate→destination-measured",16843,"ReferenceQueueD","S",137.682000
3,"navigate→destination-measured",16844,"FinalizerDaemon","S",137.682000
3,"navigate→destination-measured",16845,"FinalizerWatchd","S",137.682000
3,"navigate→destination-measured",16846,"binder:16838_1","S",137.682000
3,"navigate→destination-measured",16849,"binder:16838_3","S",137.682000
3,"navigate→destination-measured",16850,"Profile Saver","S",137.682000
3,"navigate→destination-measured",16856,"Firebase Backgr","S",137.682000
3,"navigate→destination-measured",16859,"DefaultDispatch","S",137.682000
3,"navigate→destination-measured",16862,"queued-work-loo","S",137.682000
3,"navigate→destination-measured",16866,"Firebase Backgr","S",137.682000
3,"navigate→destination-measured",16870,"Firebase Blocki","S",137.682000
3,"navigate→destination-measured",16875,"hwuiTask0","S",137.682000
3,"navigate→destination-measured",16876,"hwuiTask1","S",137.682000
3,"navigate→destination-measured",16877,"Firebase Backgr","S",137.682000
3,"navigate→destination-measured",16878,"HybridData Dest","S",137.682000
3,"navigate→destination-measured",16882,"binder:16838_4","S",137.682000
3,"navigate→destination-measured",16888,"Expo JNI deallo","S",137.682000
3,"navigate→destination-measured",16899,"DefaultDispatch","S",137.682000
3,"navigate→destination-measured",16922,"binder:16838_4","S",137.682000
3,"navigate→destination-measured",16942,"glide-disk-cach","S",137.682000
3,"navigate→destination-measured",16982,"GPU completion","S",137.682000
3,"navigate→destination-measured",16983,"HWC release","S",137.682000
3,"navigate→destination-measured",16915,"CookieMonsterCl","S",137.394000
3,"navigate→destination-measured",16889,"ncFunctionQueue","S",136.998000
3,"navigate→destination-measured",16855,"ScionFrontendAp","S",135.738000
3,"navigate→destination-measured",16871,"RenderThread","S",133.794000
3,"navigate→destination-measured",16924,"OkHttp TaskRunn","S",129.210000
3,"navigate→destination-measured",16929,"OkHttp TaskRunn","S",128.984000
3,"navigate→destination-measured",16881,"mqt_v_native","S",122.980000
3,"navigate→destination-measured",16937,".0.2.2:8093/...","S",116.412000
3,"navigate→destination-measured",16902,".0.2.2:8093/...","S",113.763000
3,"navigate→destination-measured",16864,"Firebase Backgr","S",109.177000
3,"navigate→destination-measured",16861,"Measurement Wor","S",103.928000
3,"navigate→destination-measured",16880,"mqt_v_js","Running",95.609000
3,"navigate→destination-measured",16841,"Jit thread pool","R",84.474000
3,"navigate→destination-measured",16838,"oelseisfree.app","S",80.450000
3,"navigate→destination-measured",16841,"Jit thread pool","S",49.651000
3,"navigate→destination-measured",16838,"oelseisfree.app","Running",43.224000
3,"navigate→destination-measured",16880,"mqt_v_js","R",40.369000
3,"navigate→destination-measured",16864,"Firebase Backgr","R",28.505000
3,"navigate→destination-measured",16861,"Measurement Wor","R",18.636000
3,"navigate→destination-measured",16902,".0.2.2:8093/...","R",16.142000
3,"navigate→destination-measured",16881,"mqt_v_native","R",12.781000
3,"navigate→destination-measured",16937,".0.2.2:8093/...","R+",11.927000
3,"navigate→destination-measured",16838,"oelseisfree.app","R",10.381000
3,"navigate→destination-measured",16929,"OkHttp TaskRunn","R",8.486000
3,"navigate→destination-measured",16861,"Measurement Wor","D",8.075000
3,"navigate→destination-measured",16924,"OkHttp TaskRunn","R",8.032000
3,"navigate→destination-measured",16861,"Measurement Wor","Running",6.081000
3,"navigate→destination-measured",16902,".0.2.2:8093/...","Running",5.276000
3,"navigate→destination-measured",16937,".0.2.2:8093/...","R",4.937000
3,"navigate→destination-measured",16937,".0.2.2:8093/...","Running",4.407000
3,"navigate→destination-measured",16871,"RenderThread","R",3.836000
3,"navigate→destination-measured",16838,"oelseisfree.app","R+",3.628000
3,"navigate→destination-measured",16841,"Jit thread pool","Running",3.557000
3,"navigate→destination-measured",16902,".0.2.2:8093/...","R+",2.502000
3,"navigate→destination-measured",16881,"mqt_v_native","Running",1.921000
3,"navigate→destination-measured",16880,"mqt_v_js","R+",1.704000
3,"navigate→destination-measured",16855,"ScionFrontendAp","R",1.696000
3,"navigate→destination-measured",16861,"Measurement Wor","R+",0.962000
3,"navigate→destination-measured",16889,"ncFunctionQueue","Running",0.679000
3,"navigate→destination-measured",16924,"OkHttp TaskRunn","Running",0.363000
3,"navigate→destination-measured",16855,"ScionFrontendAp","Running",0.248000
3,"navigate→destination-measured",16915,"CookieMonsterCl","Running",0.234000
3,"navigate→destination-measured",16929,"OkHttp TaskRunn","Running",0.213000
3,"navigate→destination-measured",16924,"OkHttp TaskRunn","R+",0.077000
3,"navigate→destination-measured",16915,"CookieMonsterCl","R",0.053000
3,"navigate→destination-measured",16871,"RenderThread","Running",0.052000
3,"navigate→destination-measured",16889,"ncFunctionQueue","R",0.005000
3,"opening",16843,"ReferenceQueueD","S",440.711000
3,"opening",16844,"FinalizerDaemon","S",440.711000
3,"opening",16845,"FinalizerWatchd","S",440.711000
3,"opening",16850,"Profile Saver","S",440.711000
3,"opening",16856,"Firebase Backgr","S",440.711000
3,"opening",16875,"hwuiTask0","S",440.711000
3,"opening",16877,"Firebase Backgr","S",440.711000
3,"opening",16878,"HybridData Dest","S",440.711000
3,"opening",16888,"Expo JNI deallo","S",440.711000
3,"opening",16846,"binder:16838_1","S",440.693000
3,"opening",16983,"HWC release","S",440.482000
3,"opening",16842,"HeapTaskDaemon","S",440.464000
3,"opening",16915,"CookieMonsterCl","S",440.423000
3,"opening",16870,"Firebase Blocki","S",440.041000
3,"opening",16859,"DefaultDispatch","S",439.876000
3,"opening",16889,"ncFunctionQueue","S",439.581000
3,"opening",16855,"ScionFrontendAp","S",438.767000
3,"opening",16849,"binder:16838_3","S",435.386000
3,"opening",16982,"GPU completion","S",434.014000
3,"opening",16924,"OkHttp TaskRunn","S",432.239000
3,"opening",16929,"OkHttp TaskRunn","S",432.012000
3,"opening",16922,"binder:16838_4","S",426.029000
3,"opening",16881,"mqt_v_native","S",421.306000
3,"opening",16882,"binder:16838_4","S",420.232000
3,"opening",16899,"DefaultDispatch","S",419.646000
3,"opening",16937,".0.2.2:8093/...","S",419.441000
3,"opening",16862,"queued-work-loo","S",418.396000
3,"opening",16902,".0.2.2:8093/...","S",416.792000
3,"opening",16942,"glide-disk-cach","S",411.787000
3,"opening",16876,"hwuiTask1","S",403.984000
3,"opening",16866,"Firebase Backgr","S",372.982000
3,"opening",16864,"Firebase Backgr","S",339.385000
3,"opening",16871,"RenderThread","S",337.597000
3,"opening",16861,"Measurement Wor","S",307.942000
3,"opening",16838,"oelseisfree.app","S",217.757000
3,"opening",16841,"Jit thread pool","R",197.439000
3,"opening",16880,"mqt_v_js","Running",192.022000
3,"opening",16841,"Jit thread pool","S",190.906000
3,"opening",16880,"mqt_v_js","R",182.878000
3,"opening",16838,"oelseisfree.app","Running",137.653000
3,"opening",16864,"Firebase Backgr","R",99.986000
3,"opening",16861,"Measurement Wor","R",74.635000
3,"opening",16838,"oelseisfree.app","R",72.819000
3,"opening",16866,"Firebase Backgr","R",67.101000
3,"opening",16880,"mqt_v_js","R+",58.325000
3,"opening",16871,"RenderThread","Running",45.758000
3,"opening",16876,"hwuiTask1","R",36.565000
3,"opening",16871,"RenderThread","R+",30.131000
3,"opening",16841,"Jit thread pool","R+",28.690000
3,"opening",16871,"RenderThread","R",27.226000
3,"opening",16861,"Measurement Wor","R+",26.183000
3,"opening",16841,"Jit thread pool","Running",23.676000
3,"opening",16882,"binder:16838_4","R",20.237000
3,"opening",16899,"DefaultDispatch","R",19.925000
3,"opening",16862,"queued-work-loo","D",19.166000
3,"opening",16861,"Measurement Wor","D",18.246000
3,"opening",16902,".0.2.2:8093/...","R",16.142000
3,"opening",16881,"mqt_v_native","R",14.936000
3,"opening",16942,"glide-disk-cach","R",14.698000
3,"opening",16922,"binder:16838_4","R",14.653000
3,"opening",16861,"Measurement Wor","Running",13.705000
3,"opening",17031,"RSMessageThread","S",13.163000
3,"opening",16942,"glide-disk-cach","Running",12.912000
3,"opening",16838,"oelseisfree.app","R+",12.481000
3,"opening",16937,".0.2.2:8093/...","R+",11.927000
3,"opening",16929,"OkHttp TaskRunn","R",8.486000
3,"opening",16924,"OkHttp TaskRunn","R",8.032000
3,"opening",16880,"mqt_v_js","S",7.485000
3,"opening",16982,"GPU completion","R",6.606000
3,"opening",16902,".0.2.2:8093/...","Running",5.276000
3,"opening",16849,"binder:16838_3","R",5.042000
3,"opening",16937,".0.2.2:8093/...","R",4.937000
3,"opening",16937,".0.2.2:8093/...","Running",4.407000
3,"opening",16881,"mqt_v_native","Running",3.989000
3,"opening",16902,".0.2.2:8093/...","R+",2.502000
3,"opening",16855,"ScionFrontendAp","R",1.696000
3,"opening",16862,"queued-work-loo","Running",1.552000
3,"opening",16864,"Firebase Backgr","Running",1.340000
3,"opening",16942,"glide-disk-cach","R+",1.314000
3,"opening",16862,"queued-work-loo","R",1.190000
3,"opening",16899,"DefaultDispatch","Running",1.121000
3,"opening",16889,"ncFunctionQueue","Running",0.938000
3,"opening",16859,"DefaultDispatch","R",0.782000
3,"opening",16866,"Firebase Backgr","Running",0.627000
3,"opening",17031,"RSMessageThread","Running",0.555000
3,"opening",16870,"Firebase Blocki","R",0.513000
3,"opening",16881,"mqt_v_native","R+",0.480000
3,"opening",16862,"queued-work-loo","R+",0.408000
3,"opening",16924,"OkHttp TaskRunn","Running",0.363000
3,"opening",16849,"binder:16838_3","Running",0.283000
3,"opening",16855,"ScionFrontendAp","Running",0.248000
3,"opening",16882,"binder:16838_4","Running",0.242000
3,"opening",16915,"CookieMonsterCl","Running",0.234000
3,"opening",17031,"RSMessageThread","R",0.221000
3,"opening",16929,"OkHttp TaskRunn","Running",0.213000
3,"opening",16889,"ncFunctionQueue","R",0.192000
3,"opening",16876,"hwuiTask1","Running",0.162000
3,"opening",16842,"HeapTaskDaemon","Running",0.161000
3,"opening",16870,"Firebase Blocki","Running",0.157000
3,"opening",16983,"HWC release","Running",0.132000
3,"opening",16983,"HWC release","R",0.097000
3,"opening",16982,"GPU completion","Running",0.091000
3,"opening",16842,"HeapTaskDaemon","R",0.086000
3,"opening",16924,"OkHttp TaskRunn","R+",0.077000
3,"opening",16859,"DefaultDispatch","Running",0.053000
3,"opening",16915,"CookieMonsterCl","R",0.053000
3,"opening",16922,"binder:16838_4","Running",0.029000
3,"opening",16899,"DefaultDispatch","R+",0.018000
3,"opening",16846,"binder:16838_1","Running",0.010000
3,"opening",16846,"binder:16838_1","R",0.008000
3,"opening",17031,"RSMessageThread","X",-0.000000
3,"takeoff-ready→animation-requested",16841,"Jit thread pool","S",66.221000
3,"takeoff-ready→animation-requested",16843,"ReferenceQueueD","S",66.221000
3,"takeoff-ready→animation-requested",16844,"FinalizerDaemon","S",66.221000
3,"takeoff-ready→animation-requested",16845,"FinalizerWatchd","S",66.221000
3,"takeoff-ready→animation-requested",16850,"Profile Saver","S",66.221000
3,"takeoff-ready→animation-requested",16855,"ScionFrontendAp","S",66.221000
3,"takeoff-ready→animation-requested",16856,"Firebase Backgr","S",66.221000
3,"takeoff-ready→animation-requested",16859,"DefaultDispatch","S",66.221000
3,"takeoff-ready→animation-requested",16862,"queued-work-loo","S",66.221000
3,"takeoff-ready→animation-requested",16864,"Firebase Backgr","S",66.221000
3,"takeoff-ready→animation-requested",16866,"Firebase Backgr","S",66.221000
3,"takeoff-ready→animation-requested",16870,"Firebase Blocki","S",66.221000
3,"takeoff-ready→animation-requested",16875,"hwuiTask0","S",66.221000
3,"takeoff-ready→animation-requested",16876,"hwuiTask1","S",66.221000
3,"takeoff-ready→animation-requested",16877,"Firebase Backgr","S",66.221000
3,"takeoff-ready→animation-requested",16878,"HybridData Dest","S",66.221000
3,"takeoff-ready→animation-requested",16881,"mqt_v_native","S",66.221000
3,"takeoff-ready→animation-requested",16888,"Expo JNI deallo","S",66.221000
3,"takeoff-ready→animation-requested",16889,"ncFunctionQueue","S",66.221000
3,"takeoff-ready→animation-requested",16899,"DefaultDispatch","S",66.221000
3,"takeoff-ready→animation-requested",16902,".0.2.2:8093/...","S",66.221000
3,"takeoff-ready→animation-requested",16915,"CookieMonsterCl","S",66.221000
3,"takeoff-ready→animation-requested",16924,"OkHttp TaskRunn","S",66.221000
3,"takeoff-ready→animation-requested",16929,"OkHttp TaskRunn","S",66.221000
3,"takeoff-ready→animation-requested",16937,".0.2.2:8093/...","S",66.221000
3,"takeoff-ready→animation-requested",16942,"glide-disk-cach","S",66.221000
3,"takeoff-ready→animation-requested",16982,"GPU completion","S",66.221000
3,"takeoff-ready→animation-requested",16983,"HWC release","S",66.221000
3,"takeoff-ready→animation-requested",16846,"binder:16838_1","S",66.208000
3,"takeoff-ready→animation-requested",16842,"HeapTaskDaemon","S",65.974000
3,"takeoff-ready→animation-requested",16849,"binder:16838_3","S",61.011000
3,"takeoff-ready→animation-requested",16882,"binder:16838_4","S",59.432000
3,"takeoff-ready→animation-requested",16922,"binder:16838_4","S",57.292000
3,"takeoff-ready→animation-requested",16861,"Measurement Wor","S",56.393000
3,"takeoff-ready→animation-requested",16880,"mqt_v_js","R",39.232000
3,"takeoff-ready→animation-requested",16871,"RenderThread","S",33.760000
3,"takeoff-ready→animation-requested",16838,"oelseisfree.app","Running",30.177000
3,"takeoff-ready→animation-requested",16880,"mqt_v_js","Running",26.985000
3,"takeoff-ready→animation-requested",16838,"oelseisfree.app","S",20.852000
3,"takeoff-ready→animation-requested",16838,"oelseisfree.app","R",15.131000
3,"takeoff-ready→animation-requested",16871,"RenderThread","R+",15.030000
3,"takeoff-ready→animation-requested",16871,"RenderThread","Running",9.630000
3,"takeoff-ready→animation-requested",16861,"Measurement Wor","R",9.623000
3,"takeoff-ready→animation-requested",16922,"binder:16838_4","R",8.917000
3,"takeoff-ready→animation-requested",16871,"RenderThread","R",7.801000
3,"takeoff-ready→animation-requested",16882,"binder:16838_4","R",6.784000
3,"takeoff-ready→animation-requested",16849,"binder:16838_3","R",4.937000
3,"takeoff-ready→animation-requested",16849,"binder:16838_3","Running",0.274000
3,"takeoff-ready→animation-requested",16861,"Measurement Wor","Running",0.205000
3,"takeoff-ready→animation-requested",16842,"HeapTaskDaemon","Running",0.161000
3,"takeoff-ready→animation-requested",16842,"HeapTaskDaemon","R",0.086000
3,"takeoff-ready→animation-requested",16838,"oelseisfree.app","R+",0.061000
3,"takeoff-ready→animation-requested",16922,"binder:16838_4","Running",0.012000
3,"takeoff-ready→animation-requested",16846,"binder:16838_1","Running",0.008000
3,"takeoff-ready→animation-requested",16846,"binder:16838_1","R",0.005000
3,"takeoff-ready→animation-requested",16882,"binder:16838_4","Running",0.005000
3,"takeoff-ready→animation-requested",16880,"mqt_v_js","R+",0.004000
3,"up→navigate",16841,"Jit thread pool","S",9.442000
3,"up→navigate",16842,"HeapTaskDaemon","S",9.442000
3,"up→navigate",16843,"ReferenceQueueD","S",9.442000
3,"up→navigate",16844,"FinalizerDaemon","S",9.442000
3,"up→navigate",16845,"FinalizerWatchd","S",9.442000
3,"up→navigate",16846,"binder:16838_1","S",9.442000
3,"up→navigate",16849,"binder:16838_3","S",9.442000
3,"up→navigate",16850,"Profile Saver","S",9.442000
3,"up→navigate",16855,"ScionFrontendAp","S",9.442000
3,"up→navigate",16856,"Firebase Backgr","S",9.442000
3,"up→navigate",16859,"DefaultDispatch","S",9.442000
3,"up→navigate",16861,"Measurement Wor","S",9.442000
3,"up→navigate",16862,"queued-work-loo","S",9.442000
3,"up→navigate",16864,"Firebase Backgr","S",9.442000
3,"up→navigate",16866,"Firebase Backgr","S",9.442000
3,"up→navigate",16870,"Firebase Blocki","S",9.442000
3,"up→navigate",16871,"RenderThread","S",9.442000
3,"up→navigate",16875,"hwuiTask0","S",9.442000
3,"up→navigate",16876,"hwuiTask1","S",9.442000
3,"up→navigate",16877,"Firebase Backgr","S",9.442000
3,"up→navigate",16878,"HybridData Dest","S",9.442000
3,"up→navigate",16882,"binder:16838_4","S",9.442000
3,"up→navigate",16888,"Expo JNI deallo","S",9.442000
3,"up→navigate",16899,"DefaultDispatch","S",9.442000
3,"up→navigate",16902,".0.2.2:8093/...","S",9.442000
3,"up→navigate",16915,"CookieMonsterCl","S",9.442000
3,"up→navigate",16922,"binder:16838_4","S",9.442000
3,"up→navigate",16924,"OkHttp TaskRunn","S",9.442000
3,"up→navigate",16929,"OkHttp TaskRunn","S",9.442000
3,"up→navigate",16937,".0.2.2:8093/...","S",9.442000
3,"up→navigate",16942,"glide-disk-cach","S",9.442000
3,"up→navigate",16982,"GPU completion","S",9.442000
3,"up→navigate",16983,"HWC release","S",9.442000
3,"up→navigate",16889,"ncFunctionQueue","S",8.996000
3,"up→navigate",16881,"mqt_v_native","S",8.107000
3,"up→navigate",16838,"oelseisfree.app","S",7.696000
3,"up→navigate",16880,"mqt_v_js","S",7.485000
3,"up→navigate",16880,"mqt_v_js","Running",1.456000
3,"up→navigate",16838,"oelseisfree.app","Running",1.165000
3,"up→navigate",16881,"mqt_v_native","Running",0.596000
3,"up→navigate",16838,"oelseisfree.app","R",0.581000
3,"up→navigate",16881,"mqt_v_native","R+",0.480000
3,"up→navigate",16880,"mqt_v_js","R+",0.459000
3,"up→navigate",16881,"mqt_v_native","R",0.259000
3,"up→navigate",16889,"ncFunctionQueue","Running",0.259000
3,"up→navigate",16889,"ncFunctionQueue","R",0.187000
3,"up→navigate",16880,"mqt_v_js","R",0.041000
4,"animation-requested→first-ui-motion",16842,"HeapTaskDaemon","S",27.235000
4,"animation-requested→first-ui-motion",16843,"ReferenceQueueD","S",27.235000
4,"animation-requested→first-ui-motion",16844,"FinalizerDaemon","S",27.235000
4,"animation-requested→first-ui-motion",16845,"FinalizerWatchd","S",27.235000
4,"animation-requested→first-ui-motion",16846,"binder:16838_1","S",27.235000
4,"animation-requested→first-ui-motion",16850,"Profile Saver","S",27.235000
4,"animation-requested→first-ui-motion",16855,"ScionFrontendAp","S",27.235000
4,"animation-requested→first-ui-motion",16856,"Firebase Backgr","S",27.235000
4,"animation-requested→first-ui-motion",16859,"DefaultDispatch","S",27.235000
4,"animation-requested→first-ui-motion",16861,"Measurement Wor","S",27.235000
4,"animation-requested→first-ui-motion",16864,"Firebase Backgr","S",27.235000
4,"animation-requested→first-ui-motion",16866,"Firebase Backgr","S",27.235000
4,"animation-requested→first-ui-motion",16870,"Firebase Blocki","S",27.235000
4,"animation-requested→first-ui-motion",16875,"hwuiTask0","S",27.235000
4,"animation-requested→first-ui-motion",16876,"hwuiTask1","S",27.235000
4,"animation-requested→first-ui-motion",16877,"Firebase Backgr","S",27.235000
4,"animation-requested→first-ui-motion",16878,"HybridData Dest","S",27.235000
4,"animation-requested→first-ui-motion",16881,"mqt_v_native","S",27.235000
4,"animation-requested→first-ui-motion",16888,"Expo JNI deallo","S",27.235000
4,"animation-requested→first-ui-motion",16889,"ncFunctionQueue","S",27.235000
4,"animation-requested→first-ui-motion",16899,"DefaultDispatch","S",27.235000
4,"animation-requested→first-ui-motion",16902,".0.2.2:8093/...","S",27.235000
4,"animation-requested→first-ui-motion",16915,"CookieMonsterCl","S",27.235000
4,"animation-requested→first-ui-motion",16924,"OkHttp TaskRunn","S",27.235000
4,"animation-requested→first-ui-motion",16929,"OkHttp TaskRunn","S",27.235000
4,"animation-requested→first-ui-motion",16937,".0.2.2:8093/...","S",27.235000
4,"animation-requested→first-ui-motion",16942,"glide-disk-cach","S",27.235000
4,"animation-requested→first-ui-motion",16982,"GPU completion","S",27.235000
4,"animation-requested→first-ui-motion",16983,"HWC release","S",27.140000
4,"animation-requested→first-ui-motion",16882,"binder:16838_4","S",26.614000
4,"animation-requested→first-ui-motion",16871,"RenderThread","S",26.140000
4,"animation-requested→first-ui-motion",16841,"Jit thread pool","S",25.885000
4,"animation-requested→first-ui-motion",16862,"queued-work-loo","S",25.860000
4,"animation-requested→first-ui-motion",16922,"binder:16838_4","S",19.539000
4,"animation-requested→first-ui-motion",16849,"binder:16838_3","S",18.440000
4,"animation-requested→first-ui-motion",16838,"oelseisfree.app","S",16.419000
4,"animation-requested→first-ui-motion",16880,"mqt_v_js","Running",14.762000
4,"animation-requested→first-ui-motion",16880,"mqt_v_js","R",10.893000
4,"animation-requested→first-ui-motion",16838,"oelseisfree.app","Running",10.298000
4,"animation-requested→first-ui-motion",16849,"binder:16838_3","R",8.791000
4,"animation-requested→first-ui-motion",16922,"binder:16838_4","R",7.679000
4,"animation-requested→first-ui-motion",16880,"mqt_v_js","R+",1.580000
4,"animation-requested→first-ui-motion",16841,"Jit thread pool","Running",1.210000
4,"animation-requested→first-ui-motion",16862,"queued-work-loo","R",0.872000
4,"animation-requested→first-ui-motion",16871,"RenderThread","R",0.652000
4,"animation-requested→first-ui-motion",16882,"binder:16838_4","R",0.553000
4,"animation-requested→first-ui-motion",16838,"oelseisfree.app","R",0.491000
4,"animation-requested→first-ui-motion",16862,"queued-work-loo","Running",0.482000
4,"animation-requested→first-ui-motion",16871,"RenderThread","Running",0.421000
4,"animation-requested→first-ui-motion",16841,"Jit thread pool","R",0.139000
4,"animation-requested→first-ui-motion",16983,"HWC release","R",0.087000
4,"animation-requested→first-ui-motion",16882,"binder:16838_4","Running",0.068000
4,"animation-requested→first-ui-motion",16838,"oelseisfree.app","R+",0.027000
4,"animation-requested→first-ui-motion",16862,"queued-work-loo","D",0.021000
4,"animation-requested→first-ui-motion",16871,"RenderThread","R+",0.021000
4,"animation-requested→first-ui-motion",16922,"binder:16838_4","Running",0.017000
4,"animation-requested→first-ui-motion",16983,"HWC release","Running",0.007000
4,"animation-requested→first-ui-motion",16849,"binder:16838_3","Running",0.004000
4,"destination-measured→takeoff-ready",16842,"HeapTaskDaemon","S",47.999000
4,"destination-measured→takeoff-ready",16843,"ReferenceQueueD","S",47.999000
4,"destination-measured→takeoff-ready",16844,"FinalizerDaemon","S",47.999000
4,"destination-measured→takeoff-ready",16845,"FinalizerWatchd","S",47.999000
4,"destination-measured→takeoff-ready",16846,"binder:16838_1","S",47.999000
4,"destination-measured→takeoff-ready",16850,"Profile Saver","S",47.999000
4,"destination-measured→takeoff-ready",16855,"ScionFrontendAp","S",47.999000
4,"destination-measured→takeoff-ready",16856,"Firebase Backgr","S",47.999000
4,"destination-measured→takeoff-ready",16859,"DefaultDispatch","S",47.999000
4,"destination-measured→takeoff-ready",16861,"Measurement Wor","S",47.999000
4,"destination-measured→takeoff-ready",16862,"queued-work-loo","S",47.999000
4,"destination-measured→takeoff-ready",16864,"Firebase Backgr","S",47.999000
4,"destination-measured→takeoff-ready",16866,"Firebase Backgr","S",47.999000
4,"destination-measured→takeoff-ready",16870,"Firebase Blocki","S",47.999000
4,"destination-measured→takeoff-ready",16876,"hwuiTask1","S",47.999000
4,"destination-measured→takeoff-ready",16877,"Firebase Backgr","S",47.999000
4,"destination-measured→takeoff-ready",16878,"HybridData Dest","S",47.999000
4,"destination-measured→takeoff-ready",16888,"Expo JNI deallo","S",47.999000
4,"destination-measured→takeoff-ready",16889,"ncFunctionQueue","S",47.999000
4,"destination-measured→takeoff-ready",16899,"DefaultDispatch","S",47.999000
4,"destination-measured→takeoff-ready",16902,".0.2.2:8093/...","S",47.999000
4,"destination-measured→takeoff-ready",16915,"CookieMonsterCl","S",47.999000
4,"destination-measured→takeoff-ready",16922,"binder:16838_4","S",47.999000
4,"destination-measured→takeoff-ready",16924,"OkHttp TaskRunn","S",47.999000
4,"destination-measured→takeoff-ready",16929,"OkHttp TaskRunn","S",47.999000
4,"destination-measured→takeoff-ready",16937,".0.2.2:8093/...","S",47.999000
4,"destination-measured→takeoff-ready",16983,"HWC release","S",47.999000
4,"destination-measured→takeoff-ready",16849,"binder:16838_3","S",47.949000
4,"destination-measured→takeoff-ready",16882,"binder:16838_4","S",47.883000
4,"destination-measured→takeoff-ready",16982,"GPU completion","S",47.795000
4,"destination-measured→takeoff-ready",16875,"hwuiTask0","S",46.664000
4,"destination-measured→takeoff-ready",16881,"mqt_v_native","S",45.820000
4,"destination-measured→takeoff-ready",16871,"RenderThread","S",39.499000
4,"destination-measured→takeoff-ready",16841,"Jit thread pool","S",37.854000
4,"destination-measured→takeoff-ready",16838,"oelseisfree.app","Running",31.686000
4,"destination-measured→takeoff-ready",16942,"glide-disk-cach","R",24.207000
4,"destination-measured→takeoff-ready",16942,"glide-disk-cach","S",18.148000
4,"destination-measured→takeoff-ready",16880,"mqt_v_js","Running",17.330000
4,"destination-measured→takeoff-ready",16880,"mqt_v_js","S",14.755000
4,"destination-measured→takeoff-ready",16838,"oelseisfree.app","R",8.254000
4,"destination-measured→takeoff-ready",16880,"mqt_v_js","R+",8.241000
4,"destination-measured→takeoff-ready",16880,"mqt_v_js","R",7.672000
4,"destination-measured→takeoff-ready",16942,"glide-disk-cach","Running",5.644000
4,"destination-measured→takeoff-ready",16841,"Jit thread pool","Running",5.222000
4,"destination-measured→takeoff-ready",16871,"RenderThread","Running",4.951000
4,"destination-measured→takeoff-ready",16841,"Jit thread pool","R",4.923000
4,"destination-measured→takeoff-ready",16838,"oelseisfree.app","S",3.667000
4,"destination-measured→takeoff-ready",16871,"RenderThread","R",3.024000
4,"destination-measured→takeoff-ready",16838,"oelseisfree.app","R+",2.548000
4,"destination-measured→takeoff-ready",16881,"mqt_v_native","R",1.860000
4,"destination-measured→takeoff-ready",16838,"oelseisfree.app","D",1.843000
4,"destination-measured→takeoff-ready",16875,"hwuiTask0","R",1.254000
4,"destination-measured→takeoff-ready",16871,"RenderThread","R+",0.525000
4,"destination-measured→takeoff-ready",16881,"mqt_v_native","Running",0.318000
4,"destination-measured→takeoff-ready",16982,"GPU completion","R",0.135000
4,"destination-measured→takeoff-ready",16882,"binder:16838_4","R",0.109000
4,"destination-measured→takeoff-ready",16875,"hwuiTask0","Running",0.081000
4,"destination-measured→takeoff-ready",16982,"GPU completion","Running",0.068000
4,"destination-measured→takeoff-ready",16849,"binder:16838_3","R",0.048000
4,"destination-measured→takeoff-ready",16882,"binder:16838_4","Running",0.007000
4,"destination-measured→takeoff-ready",16849,"binder:16838_3","Running",0.001000
4,"navigate→destination-measured",16842,"HeapTaskDaemon","S",100.432000
4,"navigate→destination-measured",16843,"ReferenceQueueD","S",100.432000
4,"navigate→destination-measured",16844,"FinalizerDaemon","S",100.432000
4,"navigate→destination-measured",16845,"FinalizerWatchd","S",100.432000
4,"navigate→destination-measured",16846,"binder:16838_1","S",100.432000
4,"navigate→destination-measured",16849,"binder:16838_3","S",100.432000
4,"navigate→destination-measured",16850,"Profile Saver","S",100.432000
4,"navigate→destination-measured",16856,"Firebase Backgr","S",100.432000
4,"navigate→destination-measured",16871,"RenderThread","S",100.432000
4,"navigate→destination-measured",16875,"hwuiTask0","S",100.432000
4,"navigate→destination-measured",16876,"hwuiTask1","S",100.432000
4,"navigate→destination-measured",16877,"Firebase Backgr","S",100.432000
4,"navigate→destination-measured",16878,"HybridData Dest","S",100.432000
4,"navigate→destination-measured",16882,"binder:16838_4","S",100.432000
4,"navigate→destination-measured",16888,"Expo JNI deallo","S",100.432000
4,"navigate→destination-measured",16922,"binder:16838_4","S",100.432000
4,"navigate→destination-measured",16942,"glide-disk-cach","S",100.432000
4,"navigate→destination-measured",16982,"GPU completion","S",100.432000
4,"navigate→destination-measured",16983,"HWC release","S",100.432000
4,"navigate→destination-measured",16862,"queued-work-loo","S",100.349000
4,"navigate→destination-measured",16859,"DefaultDispatch","S",100.080000
4,"navigate→destination-measured",16864,"Firebase Backgr","S",100.024000
4,"navigate→destination-measured",16924,"OkHttp TaskRunn","S",100.008000
4,"navigate→destination-measured",16870,"Firebase Blocki","S",99.454000
4,"navigate→destination-measured",16929,"OkHttp TaskRunn","S",99.433000
4,"navigate→destination-measured",16899,"DefaultDispatch","S",99.304000
4,"navigate→destination-measured",16915,"CookieMonsterCl","S",98.030000
4,"navigate→destination-measured",16855,"ScionFrontendAp","S",97.461000
4,"navigate→destination-measured",16866,"Firebase Backgr","S",97.172000
4,"navigate→destination-measured",16881,"mqt_v_native","S",95.551000
4,"navigate→destination-measured",16889,"ncFunctionQueue","S",94.159000
4,"navigate→destination-measured",16841,"Jit thread pool","S",88.473000
4,"navigate→destination-measured",16937,".0.2.2:8093/...","S",83.742000
4,"navigate→destination-measured",16902,".0.2.2:8093/...","S",83.260000
4,"navigate→destination-measured",16861,"Measurement Wor","S",78.933000
4,"navigate→destination-measured",16880,"mqt_v_js","Running",78.906000
4,"navigate→destination-measured",16838,"oelseisfree.app","S",69.158000
4,"navigate→destination-measured",16838,"oelseisfree.app","Running",25.631000
4,"navigate→destination-measured",16880,"mqt_v_js","R",18.324000
4,"navigate→destination-measured",16841,"Jit thread pool","R",10.686000
4,"navigate→destination-measured",16902,".0.2.2:8093/...","R",9.213000
4,"navigate→destination-measured",16937,".0.2.2:8093/...","R+",6.351000
4,"navigate→destination-measured",16861,"Measurement Wor","R",6.249000
4,"navigate→destination-measured",16861,"Measurement Wor","D",6.226000
4,"navigate→destination-measured",16937,".0.2.2:8093/...","Running",5.748000
4,"navigate→destination-measured",16902,".0.2.2:8093/...","Running",5.739000
4,"navigate→destination-measured",16889,"ncFunctionQueue","R",5.437000
4,"navigate→destination-measured",16861,"Measurement Wor","Running",5.300000
4,"navigate→destination-measured",16937,".0.2.2:8093/...","R",4.591000
4,"navigate→destination-measured",16838,"oelseisfree.app","R",4.398000
4,"navigate→destination-measured",16861,"Measurement Wor","R+",3.724000
4,"navigate→destination-measured",16880,"mqt_v_js","R+",3.202000
4,"navigate→destination-measured",16881,"mqt_v_native","R",3.153000
4,"navigate→destination-measured",16855,"ScionFrontendAp","R",2.782000
4,"navigate→destination-measured",16866,"Firebase Backgr","R",2.453000
4,"navigate→destination-measured",16902,".0.2.2:8093/...","R+",2.220000
4,"navigate→destination-measured",16881,"mqt_v_native","Running",1.727000
4,"navigate→destination-measured",16841,"Jit thread pool","Running",1.273000
4,"navigate→destination-measured",16838,"oelseisfree.app","R+",1.245000
4,"navigate→destination-measured",16915,"CookieMonsterCl","R",1.052000
4,"navigate→destination-measured",16899,"DefaultDispatch","Running",0.974000
4,"navigate→destination-measured",16889,"ncFunctionQueue","Running",0.836000
4,"navigate→destination-measured",16866,"Firebase Backgr","Running",0.807000
4,"navigate→destination-measured",16870,"Firebase Blocki","R",0.781000
4,"navigate→destination-measured",16915,"CookieMonsterCl","R+",0.765000
4,"navigate→destination-measured",16915,"CookieMonsterCl","Running",0.585000
4,"navigate→destination-measured",16929,"OkHttp TaskRunn","R",0.539000
4,"navigate→destination-measured",16864,"Firebase Backgr","Running",0.368000
4,"navigate→destination-measured",16929,"OkHttp TaskRunn","Running",0.365000
4,"navigate→destination-measured",16924,"OkHttp TaskRunn","Running",0.282000
4,"navigate→destination-measured",16859,"DefaultDispatch","Running",0.199000
4,"navigate→destination-measured",16870,"Firebase Blocki","Running",0.197000
4,"navigate→destination-measured",16855,"ScionFrontendAp","Running",0.189000
4,"navigate→destination-measured",16859,"DefaultDispatch","R",0.154000
4,"navigate→destination-measured",16899,"DefaultDispatch","R",0.154000
4,"navigate→destination-measured",16924,"OkHttp TaskRunn","R",0.142000
4,"navigate→destination-measured",16929,"OkHttp TaskRunn","R+",0.095000
4,"navigate→destination-measured",16862,"queued-work-loo","Running",0.078000
4,"navigate→destination-measured",16864,"Firebase Backgr","R",0.041000
4,"navigate→destination-measured",16862,"queued-work-loo","R",0.005000
4,"navigate→destination-measured",16881,"mqt_v_native","R+",0.002000
4,"opening",16842,"HeapTaskDaemon","S",252.059000
4,"opening",16843,"ReferenceQueueD","S",252.059000
4,"opening",16844,"FinalizerDaemon","S",252.059000
4,"opening",16845,"FinalizerWatchd","S",252.059000
4,"opening",16850,"Profile Saver","S",252.059000
4,"opening",16856,"Firebase Backgr","S",252.059000
4,"opening",16876,"hwuiTask1","S",252.059000
4,"opening",16877,"Firebase Backgr","S",252.059000
4,"opening",16878,"HybridData Dest","S",252.059000
4,"opening",16888,"Expo JNI deallo","S",252.059000
4,"opening",16846,"binder:16838_1","S",251.928000
4,"opening",16983,"HWC release","S",251.807000
4,"opening",16859,"DefaultDispatch","S",251.706000
4,"opening",16864,"Firebase Backgr","S",251.651000
4,"opening",16924,"OkHttp TaskRunn","S",251.635000
4,"opening",16870,"Firebase Blocki","S",251.081000
4,"opening",16929,"OkHttp TaskRunn","S",251.060000
4,"opening",16899,"DefaultDispatch","S",250.931000
4,"opening",16875,"hwuiTask0","S",250.724000
4,"opening",16882,"binder:16838_4","S",250.524000
4,"opening",16915,"CookieMonsterCl","S",249.657000
4,"opening",16855,"ScionFrontendAp","S",249.088000
4,"opening",16866,"Firebase Backgr","S",248.799000
4,"opening",16982,"GPU completion","S",246.519000
4,"opening",16889,"ncFunctionQueue","S",245.605000
4,"opening",16881,"mqt_v_native","S",243.996000
4,"opening",16922,"binder:16838_4","S",240.835000
4,"opening",16937,".0.2.2:8093/...","S",235.368000
4,"opening",16902,".0.2.2:8093/...","S",234.887000
4,"opening",16862,"queued-work-loo","S",231.982000
4,"opening",16861,"Measurement Wor","S",230.559000
4,"opening",16841,"Jit thread pool","S",228.605000
4,"opening",16849,"binder:16838_3","S",217.840000
4,"opening",16942,"glide-disk-cach","S",203.436000
4,"opening",16871,"RenderThread","S",201.092000
4,"opening",16838,"oelseisfree.app","S",147.096000
4,"opening",16880,"mqt_v_js","Running",145.665000
4,"opening",16838,"oelseisfree.app","Running",73.921000
4,"opening",16880,"mqt_v_js","R",63.826000
4,"opening",16942,"glide-disk-cach","R",39.394000
4,"opening",16849,"binder:16838_3","R",33.790000
4,"opening",16871,"RenderThread","Running",28.404000
4,"opening",16838,"oelseisfree.app","R",25.330000
4,"opening",16880,"mqt_v_js","S",24.590000
4,"opening",16880,"mqt_v_js","R+",17.978000
4,"opening",16871,"RenderThread","R+",16.769000
4,"opening",16841,"Jit thread pool","R",15.748000
4,"opening",16922,"binder:16838_4","R",11.181000
4,"opening",16862,"queued-work-loo","R",9.855000
4,"opening",16902,".0.2.2:8093/...","R",9.213000
4,"opening",16942,"glide-disk-cach","Running",9.168000
4,"opening",16862,"queued-work-loo","D",9.056000
4,"opening",16841,"Jit thread pool","Running",7.706000
4,"opening",16937,".0.2.2:8093/...","R+",6.351000
4,"opening",16861,"Measurement Wor","R",6.249000
4,"opening",16861,"Measurement Wor","D",6.226000
4,"opening",16871,"RenderThread","R",5.793000
4,"opening",16937,".0.2.2:8093/...","Running",5.748000
4,"opening",16902,".0.2.2:8093/...","Running",5.739000
4,"opening",16889,"ncFunctionQueue","R",5.617000
4,"opening",16982,"GPU completion","R",5.393000
4,"opening",16861,"Measurement Wor","Running",5.300000
4,"opening",16881,"mqt_v_native","R",5.175000
4,"opening",16937,".0.2.2:8093/...","R",4.591000
4,"opening",17043,"glide-disk-cach","R",3.888000
4,"opening",16838,"oelseisfree.app","R+",3.868000
4,"opening",16861,"Measurement Wor","R+",3.724000
4,"opening",16855,"ScionFrontendAp","R",2.782000
4,"opening",17043,"glide-disk-cach","Running",2.581000
4,"opening",16866,"Firebase Backgr","R",2.453000
4,"opening",17043,"glide-disk-cach","S",2.444000
4,"opening",16881,"mqt_v_native","Running",2.289000
4,"opening",16902,".0.2.2:8093/...","R+",2.220000
4,"opening",16838,"oelseisfree.app","D",1.843000
4,"opening",17045,"RSMessageThread","Running",1.675000
4,"opening",16882,"binder:16838_4","R",1.458000
4,"opening",16875,"hwuiTask0","R",1.254000
4,"opening",16862,"queued-work-loo","Running",1.166000
4,"opening",16915,"CookieMonsterCl","R",1.052000
4,"opening",17045,"RSMessageThread","R",0.994000
4,"opening",16899,"DefaultDispatch","Running",0.974000
4,"opening",16889,"ncFunctionQueue","Running",0.836000
4,"opening",16866,"Firebase Backgr","Running",0.807000
4,"opening",16870,"Firebase Blocki","R",0.781000
4,"opening",16915,"CookieMonsterCl","R+",0.765000
4,"opening",17045,"RSMessageThread","R+",0.677000
4,"opening",16881,"mqt_v_native","R+",0.599000
4,"opening",16915,"CookieMonsterCl","Running",0.585000
4,"opening",16929,"OkHttp TaskRunn","R",0.539000
4,"opening",16849,"binder:16838_3","Running",0.428000
4,"opening",16864,"Firebase Backgr","Running",0.368000
4,"opening",16929,"OkHttp TaskRunn","Running",0.365000
4,"opening",16924,"OkHttp TaskRunn","Running",0.282000
4,"opening",16859,"DefaultDispatch","Running",0.199000
4,"opening",16870,"Firebase Blocki","Running",0.197000
4,"opening",16855,"ScionFrontendAp","Running",0.189000
4,"opening",16859,"DefaultDispatch","R",0.154000
4,"opening",16899,"DefaultDispatch","R",0.154000
4,"opening",16982,"GPU completion","Running",0.147000
4,"opening",16924,"OkHttp TaskRunn","R",0.142000
4,"opening",16846,"binder:16838_1","R",0.128000
4,"opening",16983,"HWC release","R",0.128000
4,"opening",16983,"HWC release","Running",0.123000
4,"opening",16929,"OkHttp TaskRunn","R+",0.095000
4,"opening",16875,"hwuiTask0","Running",0.081000
4,"opening",16882,"binder:16838_4","Running",0.077000
4,"opening",16942,"glide-disk-cach","R+",0.061000
4,"opening",16922,"binder:16838_4","Running",0.043000
4,"opening",16864,"Firebase Backgr","R",0.041000
4,"opening",16846,"binder:16838_1","Running",0.003000
4,"opening",17043,"glide-disk-cach","X",-0.000000
4,"opening",17045,"RSMessageThread","X",-0.000000
4,"takeoff-ready→animation-requested",16841,"Jit thread pool","S",65.066000
4,"takeoff-ready→animation-requested",16842,"HeapTaskDaemon","S",65.066000
4,"takeoff-ready→animation-requested",16843,"ReferenceQueueD","S",65.066000
4,"takeoff-ready→animation-requested",16844,"FinalizerDaemon","S",65.066000
4,"takeoff-ready→animation-requested",16845,"FinalizerWatchd","S",65.066000
4,"takeoff-ready→animation-requested",16850,"Profile Saver","S",65.066000
4,"takeoff-ready→animation-requested",16855,"ScionFrontendAp","S",65.066000
4,"takeoff-ready→animation-requested",16856,"Firebase Backgr","S",65.066000
4,"takeoff-ready→animation-requested",16859,"DefaultDispatch","S",65.066000
4,"takeoff-ready→animation-requested",16861,"Measurement Wor","S",65.066000
4,"takeoff-ready→animation-requested",16864,"Firebase Backgr","S",65.066000
4,"takeoff-ready→animation-requested",16866,"Firebase Backgr","S",65.066000
4,"takeoff-ready→animation-requested",16870,"Firebase Blocki","S",65.066000
4,"takeoff-ready→animation-requested",16875,"hwuiTask0","S",65.066000
4,"takeoff-ready→animation-requested",16876,"hwuiTask1","S",65.066000
4,"takeoff-ready→animation-requested",16877,"Firebase Backgr","S",65.066000
4,"takeoff-ready→animation-requested",16878,"HybridData Dest","S",65.066000
4,"takeoff-ready→animation-requested",16881,"mqt_v_native","S",65.066000
4,"takeoff-ready→animation-requested",16888,"Expo JNI deallo","S",65.066000
4,"takeoff-ready→animation-requested",16889,"ncFunctionQueue","S",65.066000
4,"takeoff-ready→animation-requested",16899,"DefaultDispatch","S",65.066000
4,"takeoff-ready→animation-requested",16902,".0.2.2:8093/...","S",65.066000
4,"takeoff-ready→animation-requested",16915,"CookieMonsterCl","S",65.066000
4,"takeoff-ready→animation-requested",16924,"OkHttp TaskRunn","S",65.066000
4,"takeoff-ready→animation-requested",16929,"OkHttp TaskRunn","S",65.066000
4,"takeoff-ready→animation-requested",16937,".0.2.2:8093/...","S",65.066000
4,"takeoff-ready→animation-requested",16846,"binder:16838_1","S",64.935000
4,"takeoff-ready→animation-requested",16983,"HWC release","S",64.909000
4,"takeoff-ready→animation-requested",16882,"binder:16838_4","S",64.268000
4,"takeoff-ready→animation-requested",16922,"binder:16838_4","S",61.538000
4,"takeoff-ready→animation-requested",16982,"GPU completion","S",59.729000
4,"takeoff-ready→animation-requested",16838,"oelseisfree.app","S",48.138000
4,"takeoff-ready→animation-requested",16862,"queued-work-loo","S",46.447000
4,"takeoff-ready→animation-requested",16942,"glide-disk-cach","S",46.294000
4,"takeoff-ready→animation-requested",16849,"binder:16838_3","S",39.692000
4,"takeoff-ready→animation-requested",16880,"mqt_v_js","Running",33.328000
4,"takeoff-ready→animation-requested",16880,"mqt_v_js","R",26.784000
4,"takeoff-ready→animation-requested",16849,"binder:16838_3","R",24.951000
4,"takeoff-ready→animation-requested",16871,"RenderThread","S",23.694000
4,"takeoff-ready→animation-requested",16871,"RenderThread","Running",23.031000
4,"takeoff-ready→animation-requested",16871,"RenderThread","R+",16.223000
4,"takeoff-ready→animation-requested",16942,"glide-disk-cach","R",15.187000
4,"takeoff-ready→animation-requested",16838,"oelseisfree.app","R",11.917000
4,"takeoff-ready→animation-requested",16862,"queued-work-loo","D",9.035000
4,"takeoff-ready→animation-requested",16862,"queued-work-loo","R",8.978000
4,"takeoff-ready→animation-requested",16982,"GPU completion","R",5.258000
4,"takeoff-ready→animation-requested",16838,"oelseisfree.app","Running",4.982000
4,"takeoff-ready→animation-requested",16880,"mqt_v_js","R+",4.955000
4,"takeoff-ready→animation-requested",17043,"glide-disk-cach","R",3.888000
4,"takeoff-ready→animation-requested",16942,"glide-disk-cach","Running",3.524000
4,"takeoff-ready→animation-requested",16922,"binder:16838_4","R",3.502000
4,"takeoff-ready→animation-requested",17043,"glide-disk-cach","Running",2.581000
4,"takeoff-ready→animation-requested",17043,"glide-disk-cach","S",2.444000
4,"takeoff-ready→animation-requested",16871,"RenderThread","R",2.118000
4,"takeoff-ready→animation-requested",17045,"RSMessageThread","Running",1.675000
4,"takeoff-ready→animation-requested",17045,"RSMessageThread","R",0.994000
4,"takeoff-ready→animation-requested",16882,"binder:16838_4","R",0.796000
4,"takeoff-ready→animation-requested",17045,"RSMessageThread","R+",0.677000
4,"takeoff-ready→animation-requested",16862,"queued-work-loo","Running",0.606000
4,"takeoff-ready→animation-requested",16849,"binder:16838_3","Running",0.423000
4,"takeoff-ready→animation-requested",16846,"binder:16838_1","R",0.128000
4,"takeoff-ready→animation-requested",16983,"HWC release","Running",0.116000
4,"takeoff-ready→animation-requested",16982,"GPU completion","Running",0.079000
4,"takeoff-ready→animation-requested",16942,"glide-disk-cach","R+",0.061000
4,"takeoff-ready→animation-requested",16983,"HWC release","R",0.041000
4,"takeoff-ready→animation-requested",16838,"oelseisfree.app","R+",0.029000
4,"takeoff-ready→animation-requested",16922,"binder:16838_4","Running",0.026000
4,"takeoff-ready→animation-requested",16846,"binder:16838_1","Running",0.003000
4,"takeoff-ready→animation-requested",16882,"binder:16838_4","Running",0.002000
4,"takeoff-ready→animation-requested",17043,"glide-disk-cach","X",-0.000000
4,"takeoff-ready→animation-requested",17045,"RSMessageThread","X",-0.000000
4,"up→navigate",16841,"Jit thread pool","S",11.327000
4,"up→navigate",16842,"HeapTaskDaemon","S",11.327000
4,"up→navigate",16843,"ReferenceQueueD","S",11.327000
4,"up→navigate",16844,"FinalizerDaemon","S",11.327000
4,"up→navigate",16845,"FinalizerWatchd","S",11.327000
4,"up→navigate",16846,"binder:16838_1","S",11.327000
4,"up→navigate",16849,"binder:16838_3","S",11.327000
4,"up→navigate",16850,"Profile Saver","S",11.327000
4,"up→navigate",16855,"ScionFrontendAp","S",11.327000
4,"up→navigate",16856,"Firebase Backgr","S",11.327000
4,"up→navigate",16859,"DefaultDispatch","S",11.327000
4,"up→navigate",16861,"Measurement Wor","S",11.327000
4,"up→navigate",16862,"queued-work-loo","S",11.327000
4,"up→navigate",16864,"Firebase Backgr","S",11.327000
4,"up→navigate",16866,"Firebase Backgr","S",11.327000
4,"up→navigate",16870,"Firebase Blocki","S",11.327000
4,"up→navigate",16871,"RenderThread","S",11.327000
4,"up→navigate",16875,"hwuiTask0","S",11.327000
4,"up→navigate",16876,"hwuiTask1","S",11.327000
4,"up→navigate",16877,"Firebase Backgr","S",11.327000
4,"up→navigate",16878,"HybridData Dest","S",11.327000
4,"up→navigate",16882,"binder:16838_4","S",11.327000
4,"up→navigate",16888,"Expo JNI deallo","S",11.327000
4,"up→navigate",16899,"DefaultDispatch","S",11.327000
4,"up→navigate",16902,".0.2.2:8093/...","S",11.327000
4,"up→navigate",16915,"CookieMonsterCl","S",11.327000
4,"up→navigate",16922,"binder:16838_4","S",11.327000
4,"up→navigate",16924,"OkHttp TaskRunn","S",11.327000
4,"up→navigate",16929,"OkHttp TaskRunn","S",11.327000
4,"up→navigate",16937,".0.2.2:8093/...","S",11.327000
4,"up→navigate",16942,"glide-disk-cach","S",11.327000
4,"up→navigate",16982,"GPU completion","S",11.327000
4,"up→navigate",16983,"HWC release","S",11.327000
4,"up→navigate",16889,"ncFunctionQueue","S",11.147000
4,"up→navigate",16881,"mqt_v_native","S",10.324000
4,"up→navigate",16880,"mqt_v_js","S",9.834000
4,"up→navigate",16838,"oelseisfree.app","S",9.715000
4,"up→navigate",16880,"mqt_v_js","Running",1.339000
4,"up→navigate",16838,"oelseisfree.app","Running",1.324000
4,"up→navigate",16881,"mqt_v_native","R+",0.597000
4,"up→navigate",16838,"oelseisfree.app","R",0.270000
4,"up→navigate",16881,"mqt_v_native","Running",0.244000
4,"up→navigate",16889,"ncFunctionQueue","R",0.180000
4,"up→navigate",16881,"mqt_v_native","R",0.162000
4,"up→navigate",16880,"mqt_v_js","R",0.153000
4,"up→navigate",16838,"oelseisfree.app","R+",0.019000
5,"animation-requested→first-ui-motion",16845,"FinalizerWatchd","S",1075.761000
5,"animation-requested→first-ui-motion",16846,"binder:16838_1","S",1075.761000
5,"animation-requested→first-ui-motion",16849,"binder:16838_3","S",1075.761000
5,"animation-requested→first-ui-motion",16850,"Profile Saver","S",1075.761000
5,"animation-requested→first-ui-motion",16855,"ScionFrontendAp","S",1075.761000
5,"animation-requested→first-ui-motion",16856,"Firebase Backgr","S",1075.761000
5,"animation-requested→first-ui-motion",16859,"DefaultDispatch","S",1075.761000
5,"animation-requested→first-ui-motion",16861,"Measurement Wor","S",1075.761000
5,"animation-requested→first-ui-motion",16864,"Firebase Backgr","S",1075.761000
5,"animation-requested→first-ui-motion",16866,"Firebase Backgr","S",1075.761000
5,"animation-requested→first-ui-motion",16870,"Firebase Blocki","S",1075.761000
5,"animation-requested→first-ui-motion",16875,"hwuiTask0","S",1075.761000
5,"animation-requested→first-ui-motion",16876,"hwuiTask1","S",1075.761000
5,"animation-requested→first-ui-motion",16877,"Firebase Backgr","S",1075.761000
5,"animation-requested→first-ui-motion",16882,"binder:16838_4","S",1075.761000
5,"animation-requested→first-ui-motion",16889,"ncFunctionQueue","S",1075.761000
5,"animation-requested→first-ui-motion",16899,"DefaultDispatch","S",1075.761000
5,"animation-requested→first-ui-motion",16902,".0.2.2:8093/...","S",1075.761000
5,"animation-requested→first-ui-motion",16915,"CookieMonsterCl","S",1075.761000
5,"animation-requested→first-ui-motion",16922,"binder:16838_4","S",1075.761000
5,"animation-requested→first-ui-motion",16924,"OkHttp TaskRunn","S",1075.761000
5,"animation-requested→first-ui-motion",16929,"OkHttp TaskRunn","S",1075.761000
5,"animation-requested→first-ui-motion",16937,".0.2.2:8093/...","S",1075.761000
5,"animation-requested→first-ui-motion",16942,"glide-disk-cach","S",1075.761000
5,"animation-requested→first-ui-motion",16982,"GPU completion","S",1075.761000
5,"animation-requested→first-ui-motion",16983,"HWC release","S",1075.761000
5,"animation-requested→first-ui-motion",16871,"RenderThread","S",1075.421000
5,"animation-requested→first-ui-motion",16888,"Expo JNI deallo","S",1075.130000
5,"animation-requested→first-ui-motion",16881,"mqt_v_native","S",1068.495000
5,"animation-requested→first-ui-motion",16862,"queued-work-loo","S",1067.734000
5,"animation-requested→first-ui-motion",16841,"Jit thread pool","S",1067.646000
5,"animation-requested→first-ui-motion",16844,"FinalizerDaemon","S",1064.709000
5,"animation-requested→first-ui-motion",16878,"HybridData Dest","S",1037.909000
5,"animation-requested→first-ui-motion",16880,"mqt_v_js","S",998.638000
5,"animation-requested→first-ui-motion",16842,"HeapTaskDaemon","S",795.099000
5,"animation-requested→first-ui-motion",16838,"oelseisfree.app","S",663.706000
5,"animation-requested→first-ui-motion",16885,"hades","Running",543.262000
5,"animation-requested→first-ui-motion",16843,"ReferenceQueueD","S",511.607000
5,"animation-requested→first-ui-motion",16885,"hades","R",422.448000
5,"animation-requested→first-ui-motion",16843,"ReferenceQueueD","R",396.352000
5,"animation-requested→first-ui-motion",16838,"oelseisfree.app","R",248.075000
5,"animation-requested→first-ui-motion",16843,"ReferenceQueueD","Running",142.142000
5,"animation-requested→first-ui-motion",16842,"HeapTaskDaemon","Running",138.500000
5,"animation-requested→first-ui-motion",16842,"HeapTaskDaemon","R+",129.222000
5,"animation-requested→first-ui-motion",16838,"oelseisfree.app","Running",119.328000
5,"animation-requested→first-ui-motion",16885,"hades","R+",61.314000
5,"animation-requested→first-ui-motion",16838,"oelseisfree.app","R+",44.652000
5,"animation-requested→first-ui-motion",16880,"mqt_v_js","Running",40.248000
5,"animation-requested→first-ui-motion",16880,"mqt_v_js","R",31.570000
5,"animation-requested→first-ui-motion",16878,"HybridData Dest","Running",30.163000
5,"animation-requested→first-ui-motion",16843,"ReferenceQueueD","R+",25.526000
5,"animation-requested→first-ui-motion",16842,"HeapTaskDaemon","R",12.940000
5,"animation-requested→first-ui-motion",16844,"FinalizerDaemon","R",8.774000
5,"animation-requested→first-ui-motion",16885,"hades","S",8.681000
5,"animation-requested→first-ui-motion",16878,"HybridData Dest","R",7.689000
5,"animation-requested→first-ui-motion",16862,"queued-work-loo","D",6.743000
5,"animation-requested→first-ui-motion",16880,"mqt_v_js","R+",5.306000
5,"animation-requested→first-ui-motion",16841,"Jit thread pool","R",5.116000
5,"animation-requested→first-ui-motion",16885,"hades","D",4.793000
5,"animation-requested→first-ui-motion",16881,"mqt_v_native","R",4.318000
5,"animation-requested→first-ui-motion",16841,"Jit thread pool","Running",2.998000
5,"animation-requested→first-ui-motion",16881,"mqt_v_native","Running",2.948000
5,"animation-requested→first-ui-motion",16844,"FinalizerDaemon","Running",2.277000
5,"animation-requested→first-ui-motion",16862,"queued-work-loo","Running",1.147000
5,"animation-requested→first-ui-motion",16888,"Expo JNI deallo","Running",0.486000
5,"animation-requested→first-ui-motion",16871,"RenderThread","Running",0.329000
5,"animation-requested→first-ui-motion",16888,"Expo JNI deallo","R",0.144000
5,"animation-requested→first-ui-motion",16862,"queued-work-loo","R",0.136000
5,"animation-requested→first-ui-motion",16843,"ReferenceQueueD","D",0.133000
5,"animation-requested→first-ui-motion",16871,"RenderThread","R",0.011000
5,"destination-measured→takeoff-ready",16843,"ReferenceQueueD","S",250.976000
5,"destination-measured→takeoff-ready",16844,"FinalizerDaemon","S",250.976000
5,"destination-measured→takeoff-ready",16845,"FinalizerWatchd","S",250.976000
5,"destination-measured→takeoff-ready",16855,"ScionFrontendAp","S",250.976000
5,"destination-measured→takeoff-ready",16856,"Firebase Backgr","S",250.976000
5,"destination-measured→takeoff-ready",16862,"queued-work-loo","S",250.976000
5,"destination-measured→takeoff-ready",16876,"hwuiTask1","S",250.976000
5,"destination-measured→takeoff-ready",16877,"Firebase Backgr","S",250.976000
5,"destination-measured→takeoff-ready",16878,"HybridData Dest","S",250.976000
5,"destination-measured→takeoff-ready",16888,"Expo JNI deallo","S",250.976000
5,"destination-measured→takeoff-ready",16889,"ncFunctionQueue","S",250.976000
5,"destination-measured→takeoff-ready",16915,"CookieMonsterCl","S",250.976000
5,"destination-measured→takeoff-ready",16924,"OkHttp TaskRunn","S",250.976000
5,"destination-measured→takeoff-ready",16937,".0.2.2:8093/...","S",250.976000
5,"destination-measured→takeoff-ready",16929,"OkHttp TaskRunn","S",250.683000
5,"destination-measured→takeoff-ready",16983,"HWC release","S",250.198000
5,"destination-measured→takeoff-ready",16902,".0.2.2:8093/...","S",247.134000
5,"destination-measured→takeoff-ready",16882,"binder:16838_4","S",245.698000
5,"destination-measured→takeoff-ready",16875,"hwuiTask0","S",244.477000
5,"destination-measured→takeoff-ready",16922,"binder:16838_4","S",241.233000
5,"destination-measured→takeoff-ready",16881,"mqt_v_native","S",240.522000
5,"destination-measured→takeoff-ready",16846,"binder:16838_1","S",237.157000
5,"destination-measured→takeoff-ready",16982,"GPU completion","S",235.791000
5,"destination-measured→takeoff-ready",16899,"DefaultDispatch","S",234.839000
5,"destination-measured→takeoff-ready",16850,"Profile Saver","S",230.443000
5,"destination-measured→takeoff-ready",16849,"binder:16838_3","S",217.026000
5,"destination-measured→takeoff-ready",16859,"DefaultDispatch","S",206.700000
5,"destination-measured→takeoff-ready",16841,"Jit thread pool","S",200.076000
5,"destination-measured→takeoff-ready",16866,"Firebase Backgr","S",188.031000
5,"destination-measured→takeoff-ready",16870,"Firebase Blocki","S",184.316000
5,"destination-measured→takeoff-ready",16871,"RenderThread","S",165.178000
5,"destination-measured→takeoff-ready",16885,"hades","R",156.134000
5,"destination-measured→takeoff-ready",16942,"glide-disk-cach","R",140.967000
5,"destination-measured→takeoff-ready",16864,"Firebase Backgr","S",135.741000
5,"destination-measured→takeoff-ready",16842,"HeapTaskDaemon","R",134.098000
5,"destination-measured→takeoff-ready",16861,"Measurement Wor","S",115.600000
5,"destination-measured→takeoff-ready",16864,"Firebase Backgr","R+",114.057000
5,"destination-measured→takeoff-ready",16861,"Measurement Wor","R",110.272000
5,"destination-measured→takeoff-ready",16838,"oelseisfree.app","S",100.294000
5,"destination-measured→takeoff-ready",16838,"oelseisfree.app","Running",79.321000
5,"destination-measured→takeoff-ready",16885,"hades","S",76.410000
5,"destination-measured→takeoff-ready",16842,"HeapTaskDaemon","S",76.255000
5,"destination-measured→takeoff-ready",16880,"mqt_v_js","Running",75.453000
5,"destination-measured→takeoff-ready",16880,"mqt_v_js","R",67.002000
5,"destination-measured→takeoff-ready",16870,"Firebase Blocki","R",66.241000
5,"destination-measured→takeoff-ready",16866,"Firebase Backgr","R",62.530000
5,"destination-measured→takeoff-ready",16880,"mqt_v_js","S",57.298000
5,"destination-measured→takeoff-ready",16838,"oelseisfree.app","R",54.105000
5,"destination-measured→takeoff-ready",16942,"glide-disk-cach","S",53.919000
5,"destination-measured→takeoff-ready",16880,"mqt_v_js","R+",51.223000
5,"destination-measured→takeoff-ready",16871,"RenderThread","R",47.750000
5,"destination-measured→takeoff-ready",16859,"DefaultDispatch","R",41.556000
5,"destination-measured→takeoff-ready",16942,"glide-disk-cach","R+",34.482000
5,"destination-measured→takeoff-ready",16849,"binder:16838_3","R",33.244000
5,"destination-measured→takeoff-ready",16841,"Jit thread pool","R",31.837000
5,"destination-measured→takeoff-ready",16842,"HeapTaskDaemon","R+",26.824000
5,"destination-measured→takeoff-ready",16871,"RenderThread","Running",22.558000
5,"destination-measured→takeoff-ready",16942,"glide-disk-cach","Running",21.608000
5,"destination-measured→takeoff-ready",16861,"Measurement Wor","R+",21.233000
5,"destination-measured→takeoff-ready",16850,"Profile Saver","R",20.474000
5,"destination-measured→takeoff-ready",16885,"hades","Running",18.432000
5,"destination-measured→takeoff-ready",16838,"oelseisfree.app","R+",16.004000
5,"destination-measured→takeoff-ready",16899,"DefaultDispatch","R",15.949000
5,"destination-measured→takeoff-ready",16871,"RenderThread","R+",15.491000
5,"destination-measured→takeoff-ready",16841,"Jit thread pool","R+",15.322000
5,"destination-measured→takeoff-ready",16982,"GPU completion","R",14.959000
5,"destination-measured→takeoff-ready",16842,"HeapTaskDaemon","Running",13.800000
5,"destination-measured→takeoff-ready",16846,"binder:16838_1","R",13.669000
5,"destination-measured→takeoff-ready",16922,"binder:16838_4","R",9.724000
5,"destination-measured→takeoff-ready",16881,"mqt_v_native","R",9.717000
5,"destination-measured→takeoff-ready",16875,"hwuiTask0","R",6.272000
5,"destination-measured→takeoff-ready",16882,"binder:16838_4","R",5.273000
5,"destination-measured→takeoff-ready",16841,"Jit thread pool","Running",3.742000
5,"destination-measured→takeoff-ready",16861,"Measurement Wor","Running",3.222000
5,"destination-measured→takeoff-ready",16902,".0.2.2:8093/...","R+",1.902000
5,"destination-measured→takeoff-ready",16859,"DefaultDispatch","Running",1.720000
5,"destination-measured→takeoff-ready",16838,"oelseisfree.app","D",1.252000
5,"destination-measured→takeoff-ready",16902,".0.2.2:8093/...","R",1.237000
5,"destination-measured→takeoff-ready",16864,"Firebase Backgr","Running",1.178000
5,"destination-measured→takeoff-ready",16859,"DefaultDispatch","D",1.001000
5,"destination-measured→takeoff-ready",16881,"mqt_v_native","Running",0.737000
5,"destination-measured→takeoff-ready",16849,"binder:16838_3","Running",0.705000
5,"destination-measured→takeoff-ready",16902,".0.2.2:8093/...","Running",0.704000
5,"destination-measured→takeoff-ready",16861,"Measurement Wor","D",0.648000
5,"destination-measured→takeoff-ready",16983,"HWC release","R",0.431000
5,"destination-measured→takeoff-ready",16870,"Firebase Blocki","Running",0.419000
5,"destination-measured→takeoff-ready",16866,"Firebase Backgr","Running",0.415000
5,"destination-measured→takeoff-ready",16983,"HWC release","Running",0.348000
5,"destination-measured→takeoff-ready",16929,"OkHttp TaskRunn","Running",0.278000
5,"destination-measured→takeoff-ready",16875,"hwuiTask0","Running",0.227000
5,"destination-measured→takeoff-ready",16982,"GPU completion","Running",0.226000
5,"destination-measured→takeoff-ready",16899,"DefaultDispatch","Running",0.188000
5,"destination-measured→takeoff-ready",16846,"binder:16838_1","Running",0.150000
5,"destination-measured→takeoff-ready",16850,"Profile Saver","Running",0.059000
5,"destination-measured→takeoff-ready",16922,"binder:16838_4","Running",0.019000
5,"destination-measured→takeoff-ready",16929,"OkHttp TaskRunn","R",0.014000
5,"destination-measured→takeoff-ready",16882,"binder:16838_4","Running",0.005000
5,"navigate→destination-measured",16842,"HeapTaskDaemon","S",319.599000
5,"navigate→destination-measured",16843,"ReferenceQueueD","S",319.599000
5,"navigate→destination-measured",16844,"FinalizerDaemon","S",319.599000
5,"navigate→destination-measured",16845,"FinalizerWatchd","S",319.599000
5,"navigate→destination-measured",16846,"binder:16838_1","S",319.599000
5,"navigate→destination-measured",16849,"binder:16838_3","S",319.599000
5,"navigate→destination-measured",16850,"Profile Saver","S",319.599000
5,"navigate→destination-measured",16856,"Firebase Backgr","S",319.599000
5,"navigate→destination-measured",16859,"DefaultDispatch","S",319.599000
5,"navigate→destination-measured",16862,"queued-work-loo","S",319.599000
5,"navigate→destination-measured",16870,"Firebase Blocki","S",319.599000
5,"navigate→destination-measured",16875,"hwuiTask0","S",319.599000
5,"navigate→destination-measured",16876,"hwuiTask1","S",319.599000
5,"navigate→destination-measured",16877,"Firebase Backgr","S",319.599000
5,"navigate→destination-measured",16878,"HybridData Dest","S",319.599000
5,"navigate→destination-measured",16882,"binder:16838_4","S",319.599000
5,"navigate→destination-measured",16888,"Expo JNI deallo","S",319.599000
5,"navigate→destination-measured",16899,"DefaultDispatch","S",319.599000
5,"navigate→destination-measured",16922,"binder:16838_4","S",319.599000
5,"navigate→destination-measured",16942,"glide-disk-cach","S",319.599000
5,"navigate→destination-measured",16982,"GPU completion","S",319.599000
5,"navigate→destination-measured",16983,"HWC release","S",319.599000
5,"navigate→destination-measured",16924,"OkHttp TaskRunn","S",319.436000
5,"navigate→destination-measured",16866,"Firebase Backgr","S",319.122000
5,"navigate→destination-measured",16889,"ncFunctionQueue","S",317.937000
5,"navigate→destination-measured",16864,"Firebase Backgr","S",316.730000
5,"navigate→destination-measured",16855,"ScionFrontendAp","S",316.631000
5,"navigate→destination-measured",16871,"RenderThread","S",316.498000
5,"navigate→destination-measured",16929,"OkHttp TaskRunn","S",297.645000
5,"navigate→destination-measured",16915,"CookieMonsterCl","S",288.306000
5,"navigate→destination-measured",16881,"mqt_v_native","S",283.043000
5,"navigate→destination-measured",16841,"Jit thread pool","S",264.509000
5,"navigate→destination-measured",16902,".0.2.2:8093/...","S",254.520000
5,"navigate→destination-measured",16861,"Measurement Wor","S",235.304000
5,"navigate→destination-measured",16937,".0.2.2:8093/...","S",231.023000
5,"navigate→destination-measured",16838,"oelseisfree.app","S",215.422000
5,"navigate→destination-measured",16880,"mqt_v_js","Running",212.441000
5,"navigate→destination-measured",16838,"oelseisfree.app","Running",87.718000
5,"navigate→destination-measured",16880,"mqt_v_js","R",75.176000
5,"navigate→destination-measured",16885,"hades","R",70.893000
5,"navigate→destination-measured",16861,"Measurement Wor","R",66.329000
5,"navigate→destination-measured",16937,".0.2.2:8093/...","R",59.222000
5,"navigate→destination-measured",16841,"Jit thread pool","R+",44.479000
5,"navigate→destination-measured",16902,".0.2.2:8093/...","R",30.603000
5,"navigate→destination-measured",16915,"CookieMonsterCl","R",27.429000
5,"navigate→destination-measured",16902,".0.2.2:8093/...","R+",25.541000
5,"navigate→destination-measured",16880,"mqt_v_js","S",22.608000
5,"navigate→destination-measured",16881,"mqt_v_native","R+",22.454000
5,"navigate→destination-measured",16929,"OkHttp TaskRunn","R",21.623000
5,"navigate→destination-measured",16885,"hades","Running",15.890000
5,"navigate→destination-measured",16838,"oelseisfree.app","R",15.699000
5,"navigate→destination-measured",16937,".0.2.2:8093/...","R+",15.480000
5,"navigate→destination-measured",16937,".0.2.2:8093/...","Running",13.874000
5,"navigate→destination-measured",16881,"mqt_v_native","R",10.494000
5,"navigate→destination-measured",16880,"mqt_v_js","R+",9.375000
5,"navigate→destination-measured",16902,".0.2.2:8093/...","Running",8.935000
5,"navigate→destination-measured",16841,"Jit thread pool","Running",7.914000
5,"navigate→destination-measured",16861,"Measurement Wor","D",7.645000
5,"navigate→destination-measured",16861,"Measurement Wor","Running",7.263000
5,"navigate→destination-measured",16881,"mqt_v_native","Running",3.609000
5,"navigate→destination-measured",16871,"RenderThread","R",3.101000
5,"navigate→destination-measured",16861,"Measurement Wor","R+",3.059000
5,"navigate→destination-measured",16915,"CookieMonsterCl","R+",3.034000
5,"navigate→destination-measured",16841,"Jit thread pool","R",2.697000
5,"navigate→destination-measured",16864,"Firebase Backgr","R+",2.609000
5,"navigate→destination-measured",16855,"ScionFrontendAp","R",2.587000
5,"navigate→destination-measured",16889,"ncFunctionQueue","R",0.867000
5,"navigate→destination-measured",16915,"CookieMonsterCl","Running",0.830000
5,"navigate→destination-measured",16889,"ncFunctionQueue","Running",0.796000
5,"navigate→destination-measured",16838,"oelseisfree.app","R+",0.760000
5,"navigate→destination-measured",16866,"Firebase Backgr","Running",0.474000
5,"navigate→destination-measured",16855,"ScionFrontendAp","Running",0.382000
5,"navigate→destination-measured",16929,"OkHttp TaskRunn","Running",0.331000
5,"navigate→destination-measured",16864,"Firebase Backgr","R",0.204000
5,"navigate→destination-measured",16924,"OkHttp TaskRunn","Running",0.086000
5,"navigate→destination-measured",16924,"OkHttp TaskRunn","R",0.078000
5,"navigate→destination-measured",16864,"Firebase Backgr","Running",0.056000
5,"navigate→destination-measured",16885,"hades","S",0.048000
5,"navigate→destination-measured",16866,"Firebase Backgr","R",0.004000
5,"opening",16845,"FinalizerWatchd","S",2060.303000
5,"opening",16856,"Firebase Backgr","S",2060.303000
5,"opening",16876,"hwuiTask1","S",2060.303000
5,"opening",16877,"Firebase Backgr","S",2060.303000
5,"opening",16924,"OkHttp TaskRunn","S",2060.140000
5,"opening",16888,"Expo JNI deallo","S",2059.672000
5,"opening",16983,"HWC release","S",2059.525000
5,"opening",16889,"ncFunctionQueue","S",2058.191000
5,"opening",16855,"ScionFrontendAp","S",2057.335000
5,"opening",16882,"binder:16838_4","S",2055.025000
5,"opening",16875,"hwuiTask0","S",2053.804000
5,"opening",16922,"binder:16838_4","S",2049.682000
5,"opening",16844,"FinalizerDaemon","S",2049.252000
5,"opening",16846,"binder:16838_1","S",2046.213000
5,"opening",16982,"GPU completion","S",2045.021000
5,"opening",16899,"DefaultDispatch","S",2044.165000
5,"opening",16850,"Profile Saver","S",2039.770000
5,"opening",16929,"OkHttp TaskRunn","S",2038.056000
5,"opening",16915,"CookieMonsterCl","S",2029.010000
5,"opening",16878,"HybridData Dest","S",2022.452000
5,"opening",16859,"DefaultDispatch","S",2016.027000
5,"opening",16849,"binder:16838_3","S",2014.931000
5,"opening",16881,"mqt_v_native","S",1997.345000
5,"opening",16866,"Firebase Backgr","S",1996.881000
5,"opening",16870,"Firebase Blocki","S",1993.643000
5,"opening",16902,".0.2.2:8093/...","S",1991.381000
5,"opening",16937,".0.2.2:8093/...","S",1971.726000
5,"opening",16864,"Firebase Backgr","S",1942.199000
5,"opening",16841,"Jit thread pool","S",1924.748000
5,"opening",16871,"RenderThread","S",1908.037000
5,"opening",16862,"queued-work-loo","S",1858.392000
5,"opening",16942,"glide-disk-cach","S",1787.365000
5,"opening",16861,"Measurement Wor","S",1740.052000
5,"opening",16843,"ReferenceQueueD","S",1496.149000
5,"opening",16842,"HeapTaskDaemon","S",1209.832000
5,"opening",16838,"oelseisfree.app","S",1188.183000
5,"opening",16880,"mqt_v_js","S",1094.848000
5,"opening",16885,"hades","R",847.748000
5,"opening",16885,"hades","Running",609.789000
5,"opening",16880,"mqt_v_js","R",435.994000
5,"opening",16838,"oelseisfree.app","R",430.547000
5,"opening",16880,"mqt_v_js","Running",420.435000
5,"opening",16843,"ReferenceQueueD","R",396.352000
5,"opening",16842,"HeapTaskDaemon","R+",389.065000
5,"opening",16838,"oelseisfree.app","Running",320.988000
5,"opening",16861,"Measurement Wor","R",253.655000
5,"opening",16885,"hades","S",249.749000
5,"opening",16842,"HeapTaskDaemon","Running",249.140000
5,"opening",16842,"HeapTaskDaemon","R",212.266000
5,"opening",16942,"glide-disk-cach","R",209.420000
5,"opening",16843,"ReferenceQueueD","Running",142.142000
5,"opening",16838,"oelseisfree.app","R+",119.333000
5,"opening",16864,"Firebase Backgr","R+",116.666000
5,"opening",16862,"queued-work-loo","R",115.756000
5,"opening",16880,"mqt_v_js","R+",109.026000
5,"opening",16871,"RenderThread","R",80.555000
5,"opening",16841,"Jit thread pool","R+",66.843000
5,"opening",16862,"queued-work-loo","R+",66.260000
5,"opening",16870,"Firebase Blocki","R",66.241000
5,"opening",16866,"Firebase Backgr","R",62.534000
5,"opening",16885,"hades","R+",61.314000
5,"opening",16937,".0.2.2:8093/...","R",59.222000
5,"opening",16841,"Jit thread pool","R",52.065000
5,"opening",16849,"binder:16838_3","R",43.256000
5,"opening",16871,"RenderThread","Running",42.612000
5,"opening",16859,"DefaultDispatch","R",41.556000
5,"opening",16942,"glide-disk-cach","R+",37.036000
5,"opening",16881,"mqt_v_native","R",32.217000
5,"opening",16902,".0.2.2:8093/...","R",31.840000
5,"opening",16878,"HybridData Dest","Running",30.163000
5,"opening",16871,"RenderThread","R+",29.099000
5,"opening",16861,"Measurement Wor","D",28.595000
5,"opening",16902,".0.2.2:8093/...","R+",27.443000
5,"opening",16915,"CookieMonsterCl","R",27.429000
5,"opening",16942,"glide-disk-cach","Running",26.482000
5,"opening",16861,"Measurement Wor","R+",25.989000
5,"opening",16843,"ReferenceQueueD","R+",25.526000
5,"opening",16881,"mqt_v_native","R+",22.454000
5,"opening",16929,"OkHttp TaskRunn","R",21.638000
5,"opening",16850,"Profile Saver","R",20.474000
5,"opening",16841,"Jit thread pool","Running",16.647000
5,"opening",16899,"DefaultDispatch","R",15.949000
5,"opening",16937,".0.2.2:8093/...","R+",15.480000
5,"opening",16982,"GPU completion","R",15.037000
5,"opening",16937,".0.2.2:8093/...","Running",13.874000
5,"opening",16846,"binder:16838_1","R",13.748000
5,"opening",16862,"queued-work-loo","Running",12.352000
5,"opening",16861,"Measurement Wor","Running",12.011000
5,"opening",16922,"binder:16838_4","R",10.563000
5,"opening",16902,".0.2.2:8093/...","Running",9.639000
5,"opening",16844,"FinalizerDaemon","R",8.774000
5,"opening",16881,"mqt_v_native","Running",8.287000
5,"opening",16878,"HybridData Dest","R",7.689000
5,"opening",16862,"queued-work-loo","D",7.543000
5,"opening",16875,"hwuiTask0","R",6.272000
5,"opening",16882,"binder:16838_4","R",5.273000
5,"opening",16885,"hades","D",4.793000
5,"opening",16915,"CookieMonsterCl","R+",3.034000
5,"opening",16855,"ScionFrontendAp","R",2.587000
5,"opening",16844,"FinalizerDaemon","Running",2.277000
5,"opening",16849,"binder:16838_3","Running",2.116000
5,"opening",16859,"DefaultDispatch","Running",1.720000
5,"opening",17058,"RSMessageThread","R+",1.601000
5,"opening",16838,"oelseisfree.app","D",1.252000
5,"opening",16889,"ncFunctionQueue","Running",1.239000
5,"opening",16864,"Firebase Backgr","Running",1.234000
5,"opening",16859,"DefaultDispatch","D",1.001000
5,"opening",16866,"Firebase Backgr","Running",0.888000
5,"opening",16889,"ncFunctionQueue","R",0.873000
5,"opening",16915,"CookieMonsterCl","Running",0.830000
5,"opening",16929,"OkHttp TaskRunn","Running",0.610000
5,"opening",16888,"Expo JNI deallo","Running",0.486000
5,"opening",16983,"HWC release","R",0.431000
5,"opening",16870,"Firebase Blocki","Running",0.419000
5,"opening",17058,"RSMessageThread","Running",0.412000
5,"opening",16855,"ScionFrontendAp","Running",0.382000
5,"opening",16983,"HWC release","Running",0.348000
5,"opening",16846,"binder:16838_1","Running",0.343000
5,"opening",16982,"GPU completion","Running",0.244000
5,"opening",16875,"hwuiTask0","Running",0.227000
5,"opening",16864,"Firebase Backgr","R",0.204000
5,"opening",16899,"DefaultDispatch","Running",0.188000
5,"opening",16888,"Expo JNI deallo","R",0.144000
5,"opening",16843,"ReferenceQueueD","D",0.133000
5,"opening",16924,"OkHttp TaskRunn","Running",0.086000
5,"opening",16924,"OkHttp TaskRunn","R",0.078000
5,"opening",16850,"Profile Saver","Running",0.059000
5,"opening",16922,"binder:16838_4","Running",0.057000
5,"opening",16882,"binder:16838_4","Running",0.005000
5,"opening",17058,"RSMessageThread","X",-0.000000
5,"takeoff-ready→animation-requested",16843,"ReferenceQueueD","S",395.088000
5,"takeoff-ready→animation-requested",16844,"FinalizerDaemon","S",395.088000
5,"takeoff-ready→animation-requested",16845,"FinalizerWatchd","S",395.088000
5,"takeoff-ready→animation-requested",16846,"binder:16838_1","S",395.088000
5,"takeoff-ready→animation-requested",16850,"Profile Saver","S",395.088000
5,"takeoff-ready→animation-requested",16855,"ScionFrontendAp","S",395.088000
5,"takeoff-ready→animation-requested",16856,"Firebase Backgr","S",395.088000
5,"takeoff-ready→animation-requested",16859,"DefaultDispatch","S",395.088000
5,"takeoff-ready→animation-requested",16864,"Firebase Backgr","S",395.088000
5,"takeoff-ready→animation-requested",16866,"Firebase Backgr","S",395.088000
5,"takeoff-ready→animation-requested",16870,"Firebase Blocki","S",395.088000
5,"takeoff-ready→animation-requested",16875,"hwuiTask0","S",395.088000
5,"takeoff-ready→animation-requested",16876,"hwuiTask1","S",395.088000
5,"takeoff-ready→animation-requested",16877,"Firebase Backgr","S",395.088000
5,"takeoff-ready→animation-requested",16878,"HybridData Dest","S",395.088000
5,"takeoff-ready→animation-requested",16882,"binder:16838_4","S",395.088000
5,"takeoff-ready→animation-requested",16888,"Expo JNI deallo","S",395.088000
5,"takeoff-ready→animation-requested",16889,"ncFunctionQueue","S",395.088000
5,"takeoff-ready→animation-requested",16899,"DefaultDispatch","S",395.088000
5,"takeoff-ready→animation-requested",16902,".0.2.2:8093/...","S",395.088000
5,"takeoff-ready→animation-requested",16915,"CookieMonsterCl","S",395.088000
5,"takeoff-ready→animation-requested",16924,"OkHttp TaskRunn","S",395.088000
5,"takeoff-ready→animation-requested",16929,"OkHttp TaskRunn","S",395.088000
5,"takeoff-ready→animation-requested",16937,".0.2.2:8093/...","S",395.088000
5,"takeoff-ready→animation-requested",16982,"GPU completion","S",395.088000
5,"takeoff-ready→animation-requested",16983,"HWC release","S",395.088000
5,"takeoff-ready→animation-requested",16922,"binder:16838_4","S",394.320000
5,"takeoff-ready→animation-requested",16881,"mqt_v_native","S",387.143000
5,"takeoff-ready→animation-requested",16849,"binder:16838_3","S",383.666000
5,"takeoff-ready→animation-requested",16841,"Jit thread pool","S",373.638000
5,"takeoff-ready→animation-requested",16871,"RenderThread","S",332.061000
5,"takeoff-ready→animation-requested",16942,"glide-disk-cach","S",319.208000
5,"takeoff-ready→animation-requested",16861,"Measurement Wor","S",294.509000
5,"takeoff-ready→animation-requested",16880,"mqt_v_js","R",262.196000
5,"takeoff-ready→animation-requested",16842,"HeapTaskDaemon","R+",233.019000
5,"takeoff-ready→animation-requested",16862,"queued-work-loo","S",201.203000
5,"takeoff-ready→animation-requested",16838,"oelseisfree.app","S",199.924000
5,"takeoff-ready→animation-requested",16885,"hades","R",198.272000
5,"takeoff-ready→animation-requested",16885,"hades","S",164.610000
5,"takeoff-ready→animation-requested",16862,"queued-work-loo","R",115.620000
5,"takeoff-ready→animation-requested",16838,"oelseisfree.app","R",106.984000
5,"takeoff-ready→animation-requested",16842,"HeapTaskDaemon","Running",96.840000
5,"takeoff-ready→animation-requested",16880,"mqt_v_js","Running",89.770000
5,"takeoff-ready→animation-requested",16861,"Measurement Wor","R",77.054000
5,"takeoff-ready→animation-requested",16942,"glide-disk-cach","R",68.453000
5,"takeoff-ready→animation-requested",16862,"queued-work-loo","R+",66.260000
5,"takeoff-ready→animation-requested",16842,"HeapTaskDaemon","R",65.229000
5,"takeoff-ready→animation-requested",16838,"oelseisfree.app","R+",55.644000
5,"takeoff-ready→animation-requested",16880,"mqt_v_js","R+",43.122000
5,"takeoff-ready→animation-requested",16838,"oelseisfree.app","Running",32.536000
5,"takeoff-ready→animation-requested",16885,"hades","Running",32.206000
5,"takeoff-ready→animation-requested",16871,"RenderThread","R",29.693000
5,"takeoff-ready→animation-requested",16861,"Measurement Wor","D",20.302000
5,"takeoff-ready→animation-requested",16871,"RenderThread","Running",19.725000
5,"takeoff-ready→animation-requested",16871,"RenderThread","R+",13.608000
5,"takeoff-ready→animation-requested",16841,"Jit thread pool","R",12.416000
5,"takeoff-ready→animation-requested",16862,"queued-work-loo","Running",11.205000
5,"takeoff-ready→animation-requested",16849,"binder:16838_3","R",10.012000
5,"takeoff-ready→animation-requested",16881,"mqt_v_native","R",7.601000
5,"takeoff-ready→animation-requested",16841,"Jit thread pool","R+",7.042000
5,"takeoff-ready→animation-requested",16942,"glide-disk-cach","Running",4.874000
5,"takeoff-ready→animation-requested",16942,"glide-disk-cach","R+",2.554000
5,"takeoff-ready→animation-requested",16841,"Jit thread pool","Running",1.992000
5,"takeoff-ready→animation-requested",16861,"Measurement Wor","R+",1.697000
5,"takeoff-ready→animation-requested",17058,"RSMessageThread","R+",1.601000
5,"takeoff-ready→animation-requested",16861,"Measurement Wor","Running",1.526000
5,"takeoff-ready→animation-requested",16849,"binder:16838_3","Running",1.410000
5,"takeoff-ready→animation-requested",16862,"queued-work-loo","D",0.800000
5,"takeoff-ready→animation-requested",16922,"binder:16838_4","R",0.760000
5,"takeoff-ready→animation-requested",17058,"RSMessageThread","Running",0.412000
5,"takeoff-ready→animation-requested",16881,"mqt_v_native","Running",0.344000
5,"takeoff-ready→animation-requested",16922,"binder:16838_4","Running",0.009000
5,"takeoff-ready→animation-requested",17058,"RSMessageThread","X",-0.000000
5,"up→navigate",16841,"Jit thread pool","S",18.879000
5,"up→navigate",16842,"HeapTaskDaemon","S",18.879000
5,"up→navigate",16843,"ReferenceQueueD","S",18.879000
5,"up→navigate",16844,"FinalizerDaemon","S",18.879000
5,"up→navigate",16845,"FinalizerWatchd","S",18.879000
5,"up→navigate",16849,"binder:16838_3","S",18.879000
5,"up→navigate",16850,"Profile Saver","S",18.879000
5,"up→navigate",16855,"ScionFrontendAp","S",18.879000
5,"up→navigate",16856,"Firebase Backgr","S",18.879000
5,"up→navigate",16859,"DefaultDispatch","S",18.879000
5,"up→navigate",16861,"Measurement Wor","S",18.879000
5,"up→navigate",16862,"queued-work-loo","S",18.879000
5,"up→navigate",16864,"Firebase Backgr","S",18.879000
5,"up→navigate",16866,"Firebase Backgr","S",18.879000
5,"up→navigate",16870,"Firebase Blocki","S",18.879000
5,"up→navigate",16871,"RenderThread","S",18.879000
5,"up→navigate",16875,"hwuiTask0","S",18.879000
5,"up→navigate",16876,"hwuiTask1","S",18.879000
5,"up→navigate",16877,"Firebase Backgr","S",18.879000
5,"up→navigate",16878,"HybridData Dest","S",18.879000
5,"up→navigate",16882,"binder:16838_4","S",18.879000
5,"up→navigate",16888,"Expo JNI deallo","S",18.879000
5,"up→navigate",16899,"DefaultDispatch","S",18.879000
5,"up→navigate",16902,".0.2.2:8093/...","S",18.879000
5,"up→navigate",16915,"CookieMonsterCl","S",18.879000
5,"up→navigate",16924,"OkHttp TaskRunn","S",18.879000
5,"up→navigate",16929,"OkHttp TaskRunn","S",18.879000
5,"up→navigate",16937,".0.2.2:8093/...","S",18.879000
5,"up→navigate",16942,"glide-disk-cach","S",18.879000
5,"up→navigate",16983,"HWC release","S",18.879000
5,"up→navigate",16982,"GPU completion","S",18.782000
5,"up→navigate",16922,"binder:16838_4","S",18.769000
5,"up→navigate",16846,"binder:16838_1","S",18.607000
5,"up→navigate",16889,"ncFunctionQueue","S",18.429000
5,"up→navigate",16881,"mqt_v_native","S",18.143000
5,"up→navigate",16880,"mqt_v_js","S",16.305000
5,"up→navigate",16838,"oelseisfree.app","S",8.837000
5,"up→navigate",16838,"oelseisfree.app","R",5.684000
5,"up→navigate",16880,"mqt_v_js","Running",2.524000
5,"up→navigate",16838,"oelseisfree.app","R+",2.273000
5,"up→navigate",16838,"oelseisfree.app","Running",2.085000
5,"up→navigate",16881,"mqt_v_native","Running",0.649000
5,"up→navigate",16889,"ncFunctionQueue","Running",0.444000
5,"up→navigate",16846,"binder:16838_1","Running",0.193000
5,"up→navigate",16881,"mqt_v_native","R",0.087000
5,"up→navigate",16922,"binder:16838_4","R",0.080000
5,"up→navigate",16846,"binder:16838_1","R",0.079000
5,"up→navigate",16982,"GPU completion","R",0.078000
5,"up→navigate",16880,"mqt_v_js","R",0.050000
5,"up→navigate",16922,"binder:16838_4","Running",0.030000
5,"up→navigate",16982,"GPU completion","Running",0.019000
5,"up→navigate",16889,"ncFunctionQueue","R",0.006000
6,"animation-requested→first-ui-motion",16841,"Jit thread pool","S",34.343000
6,"animation-requested→first-ui-motion",16842,"HeapTaskDaemon","S",34.343000
6,"animation-requested→first-ui-motion",16844,"FinalizerDaemon","S",34.343000
6,"animation-requested→first-ui-motion",16846,"binder:16838_1","S",34.343000
6,"animation-requested→first-ui-motion",16849,"binder:16838_3","S",34.343000
6,"animation-requested→first-ui-motion",16855,"ScionFrontendAp","S",34.343000
6,"animation-requested→first-ui-motion",16856,"Firebase Backgr","S",34.343000
6,"animation-requested→first-ui-motion",16859,"DefaultDispatch","S",34.343000
6,"animation-requested→first-ui-motion",16861,"Measurement Wor","S",34.343000
6,"animation-requested→first-ui-motion",16862,"queued-work-loo","S",34.343000
6,"animation-requested→first-ui-motion",16870,"Firebase Blocki","S",34.343000
6,"animation-requested→first-ui-motion",16875,"hwuiTask0","S",34.343000
6,"animation-requested→first-ui-motion",16876,"hwuiTask1","S",34.343000
6,"animation-requested→first-ui-motion",16877,"Firebase Backgr","S",34.343000
6,"animation-requested→first-ui-motion",16878,"HybridData Dest","S",34.343000
6,"animation-requested→first-ui-motion",16882,"binder:16838_4","S",34.343000
6,"animation-requested→first-ui-motion",16888,"Expo JNI deallo","S",34.343000
6,"animation-requested→first-ui-motion",16899,"DefaultDispatch","S",34.343000
6,"animation-requested→first-ui-motion",16902,".0.2.2:8093/...","S",34.343000
6,"animation-requested→first-ui-motion",16915,"CookieMonsterCl","S",34.343000
6,"animation-requested→first-ui-motion",16922,"binder:16838_4","S",34.343000
6,"animation-requested→first-ui-motion",16924,"OkHttp TaskRunn","S",34.343000
6,"animation-requested→first-ui-motion",16929,"OkHttp TaskRunn","S",34.343000
6,"animation-requested→first-ui-motion",16937,".0.2.2:8093/...","S",34.343000
6,"animation-requested→first-ui-motion",16982,"GPU completion","S",34.343000
6,"animation-requested→first-ui-motion",16983,"HWC release","S",34.343000
6,"animation-requested→first-ui-motion",16871,"RenderThread","S",34.076000
6,"animation-requested→first-ui-motion",16845,"FinalizerWatchd","S",32.618000
6,"animation-requested→first-ui-motion",16881,"mqt_v_native","S",32.086000
6,"animation-requested→first-ui-motion",16843,"ReferenceQueueD","R",24.246000
6,"animation-requested→first-ui-motion",16880,"mqt_v_js","S",22.461000
6,"animation-requested→first-ui-motion",16838,"oelseisfree.app","Running",10.484000
6,"animation-requested→first-ui-motion",16838,"oelseisfree.app","S",10.176000
6,"animation-requested→first-ui-motion",16843,"ReferenceQueueD","Running",10.097000
6,"animation-requested→first-ui-motion",16838,"oelseisfree.app","R",8.843000
6,"animation-requested→first-ui-motion",16880,"mqt_v_js","R",6.282000
6,"animation-requested→first-ui-motion",16880,"mqt_v_js","Running",5.600000
6,"animation-requested→first-ui-motion",16838,"oelseisfree.app","R+",4.840000
6,"animation-requested→first-ui-motion",16881,"mqt_v_native","R",1.545000
6,"animation-requested→first-ui-motion",16845,"FinalizerWatchd","R",0.863000
6,"animation-requested→first-ui-motion",16881,"mqt_v_native","Running",0.712000
6,"animation-requested→first-ui-motion",16845,"FinalizerWatchd","R+",0.687000
6,"animation-requested→first-ui-motion",16871,"RenderThread","Running",0.261000
6,"animation-requested→first-ui-motion",16845,"FinalizerWatchd","Running",0.176000
6,"animation-requested→first-ui-motion",16871,"RenderThread","R",0.006000
6,"destination-measured→takeoff-ready",16843,"ReferenceQueueD","S",202.019000
6,"destination-measured→takeoff-ready",16844,"FinalizerDaemon","S",202.019000
6,"destination-measured→takeoff-ready",16845,"FinalizerWatchd","S",202.019000
6,"destination-measured→takeoff-ready",16855,"ScionFrontendAp","S",202.019000
6,"destination-measured→takeoff-ready",16856,"Firebase Backgr","S",202.019000
6,"destination-measured→takeoff-ready",16859,"DefaultDispatch","S",202.019000
6,"destination-measured→takeoff-ready",16870,"Firebase Blocki","S",202.019000
6,"destination-measured→takeoff-ready",16875,"hwuiTask0","S",202.019000
6,"destination-measured→takeoff-ready",16877,"Firebase Backgr","S",202.019000
6,"destination-measured→takeoff-ready",16878,"HybridData Dest","S",202.019000
6,"destination-measured→takeoff-ready",16888,"Expo JNI deallo","S",202.019000
6,"destination-measured→takeoff-ready",16899,"DefaultDispatch","S",202.019000
6,"destination-measured→takeoff-ready",16915,"CookieMonsterCl","S",202.019000
6,"destination-measured→takeoff-ready",16983,"HWC release","S",202.019000
6,"destination-measured→takeoff-ready",16929,"OkHttp TaskRunn","S",201.898000
6,"destination-measured→takeoff-ready",16924,"OkHttp TaskRunn","S",201.718000
6,"destination-measured→takeoff-ready",16846,"binder:16838_1","S",201.641000
6,"destination-measured→takeoff-ready",16882,"binder:16838_4","S",201.582000
6,"destination-measured→takeoff-ready",16937,".0.2.2:8093/...","S",197.648000
6,"destination-measured→takeoff-ready",16876,"hwuiTask1","S",197.229000
6,"destination-measured→takeoff-ready",16902,".0.2.2:8093/...","S",193.786000
6,"destination-measured→takeoff-ready",16982,"GPU completion","S",192.244000
6,"destination-measured→takeoff-ready",16922,"binder:16838_4","S",189.077000
6,"destination-measured→takeoff-ready",16862,"queued-work-loo","S",187.416000
6,"destination-measured→takeoff-ready",16881,"mqt_v_native","S",183.202000
6,"destination-measured→takeoff-ready",16849,"binder:16838_3","S",174.968000
6,"destination-measured→takeoff-ready",16871,"RenderThread","S",173.245000
6,"destination-measured→takeoff-ready",16841,"Jit thread pool","S",150.944000
6,"destination-measured→takeoff-ready",17081,"glide-disk-cach","S",104.449000
6,"destination-measured→takeoff-ready",16842,"HeapTaskDaemon","R",104.080000
6,"destination-measured→takeoff-ready",16942,"glide-disk-cach","R+",93.311000
6,"destination-measured→takeoff-ready",17080,"glide-disk-cach","S",90.165000
6,"destination-measured→takeoff-ready",16838,"oelseisfree.app","S",88.017000
6,"destination-measured→takeoff-ready",16861,"Measurement Wor","R",84.131000
6,"destination-measured→takeoff-ready",16880,"mqt_v_js","Running",83.417000
6,"destination-measured→takeoff-ready",16861,"Measurement Wor","S",79.587000
6,"destination-measured→takeoff-ready",16838,"oelseisfree.app","Running",70.870000
6,"destination-measured→takeoff-ready",16842,"HeapTaskDaemon","Running",69.087000
6,"destination-measured→takeoff-ready",16880,"mqt_v_js","S",55.285000
6,"destination-measured→takeoff-ready",17082,"RSMessageThread","R",51.689000
6,"destination-measured→takeoff-ready",16942,"glide-disk-cach","S",44.637000
6,"destination-measured→takeoff-ready",16880,"mqt_v_js","R+",32.965000
6,"destination-measured→takeoff-ready",16880,"mqt_v_js","R",30.352000
6,"destination-measured→takeoff-ready",16842,"HeapTaskDaemon","S",28.057000
6,"destination-measured→takeoff-ready",16861,"Measurement Wor","R+",27.042000
6,"destination-measured→takeoff-ready",16849,"binder:16838_3","R",26.898000
6,"destination-measured→takeoff-ready",17082,"RSMessageThread","S",24.423000
6,"destination-measured→takeoff-ready",16838,"oelseisfree.app","R",24.387000
6,"destination-measured→takeoff-ready",16841,"Jit thread pool","R",23.649000
6,"destination-measured→takeoff-ready",16841,"Jit thread pool","R+",21.897000
6,"destination-measured→takeoff-ready",16838,"oelseisfree.app","R+",18.744000
6,"destination-measured→takeoff-ready",16881,"mqt_v_native","R",17.783000
6,"destination-measured→takeoff-ready",16871,"RenderThread","Running",15.959000
6,"destination-measured→takeoff-ready",16942,"glide-disk-cach","Running",15.101000
6,"destination-measured→takeoff-ready",17080,"glide-disk-cach","R",13.916000
6,"destination-measured→takeoff-ready",16922,"binder:16838_4","R",12.797000
6,"destination-measured→takeoff-ready",16942,"glide-disk-cach","R",10.197000
6,"destination-measured→takeoff-ready",16982,"GPU completion","R",9.670000
6,"destination-measured→takeoff-ready",16871,"RenderThread","R",8.971000
6,"destination-measured→takeoff-ready",16862,"queued-work-loo","R",6.852000
6,"destination-measured→takeoff-ready",16861,"Measurement Wor","D",6.101000
6,"destination-measured→takeoff-ready",16841,"Jit thread pool","Running",5.529000
6,"destination-measured→takeoff-ready",16862,"queued-work-loo","D",5.394000
6,"destination-measured→takeoff-ready",16861,"Measurement Wor","Running",5.158000
6,"destination-measured→takeoff-ready",17082,"RSMessageThread","Running",4.603000
6,"destination-measured→takeoff-ready",16876,"hwuiTask1","R",4.473000
6,"destination-measured→takeoff-ready",16902,".0.2.2:8093/...","R+",3.884000
6,"destination-measured→takeoff-ready",16871,"RenderThread","R+",3.844000
6,"destination-measured→takeoff-ready",16937,".0.2.2:8093/...","R",2.953000
6,"destination-measured→takeoff-ready",17081,"glide-disk-cach","R",2.552000
6,"destination-measured→takeoff-ready",16902,".0.2.2:8093/...","R",2.360000
6,"destination-measured→takeoff-ready",17080,"glide-disk-cach","Running",2.257000
6,"destination-measured→takeoff-ready",16902,".0.2.2:8093/...","Running",1.989000
6,"destination-measured→takeoff-ready",16862,"queued-work-loo","Running",1.601000
6,"destination-measured→takeoff-ready",16937,".0.2.2:8093/...","Running",1.418000
6,"destination-measured→takeoff-ready",16881,"mqt_v_native","Running",1.033000
6,"destination-measured→takeoff-ready",16842,"HeapTaskDaemon","R+",0.795000
6,"destination-measured→takeoff-ready",16862,"queued-work-loo","R+",0.755000
6,"destination-measured→takeoff-ready",17081,"glide-disk-cach","Running",0.376000
6,"destination-measured→takeoff-ready",16876,"hwuiTask1","Running",0.317000
6,"destination-measured→takeoff-ready",16882,"binder:16838_4","R",0.248000
6,"destination-measured→takeoff-ready",16846,"binder:16838_1","R",0.193000
6,"destination-measured→takeoff-ready",16882,"binder:16838_4","Running",0.188000
6,"destination-measured→takeoff-ready",16846,"binder:16838_1","Running",0.184000
6,"destination-measured→takeoff-ready",16849,"binder:16838_3","Running",0.153000
6,"destination-measured→takeoff-ready",16924,"OkHttp TaskRunn","R",0.150000
6,"destination-measured→takeoff-ready",16922,"binder:16838_4","Running",0.144000
6,"destination-measured→takeoff-ready",16982,"GPU completion","Running",0.104000
6,"destination-measured→takeoff-ready",16929,"OkHttp TaskRunn","Running",0.091000
6,"destination-measured→takeoff-ready",16924,"OkHttp TaskRunn","R+",0.078000
6,"destination-measured→takeoff-ready",16924,"OkHttp TaskRunn","Running",0.072000
6,"destination-measured→takeoff-ready",16929,"OkHttp TaskRunn","R",0.029000
6,"destination-measured→takeoff-ready",17080,"glide-disk-cach","X",-0.000000
6,"destination-measured→takeoff-ready",17081,"glide-disk-cach","X",-0.000000
6,"destination-measured→takeoff-ready",17082,"RSMessageThread","X",-0.000000
6,"navigate→destination-measured",16842,"HeapTaskDaemon","S",207.611000
6,"navigate→destination-measured",16843,"ReferenceQueueD","S",207.611000
6,"navigate→destination-measured",16844,"FinalizerDaemon","S",207.611000
6,"navigate→destination-measured",16845,"FinalizerWatchd","S",207.611000
6,"navigate→destination-measured",16846,"binder:16838_1","S",207.611000
6,"navigate→destination-measured",16849,"binder:16838_3","S",207.611000
6,"navigate→destination-measured",16856,"Firebase Backgr","S",207.611000
6,"navigate→destination-measured",16871,"RenderThread","S",207.611000
6,"navigate→destination-measured",16875,"hwuiTask0","S",207.611000
6,"navigate→destination-measured",16876,"hwuiTask1","S",207.611000
6,"navigate→destination-measured",16877,"Firebase Backgr","S",207.611000
6,"navigate→destination-measured",16878,"HybridData Dest","S",207.611000
6,"navigate→destination-measured",16882,"binder:16838_4","S",207.611000
6,"navigate→destination-measured",16888,"Expo JNI deallo","S",207.611000
6,"navigate→destination-measured",16922,"binder:16838_4","S",207.611000
6,"navigate→destination-measured",16942,"glide-disk-cach","S",207.611000
6,"navigate→destination-measured",16982,"GPU completion","S",207.611000
6,"navigate→destination-measured",16983,"HWC release","S",207.611000
6,"navigate→destination-measured",16855,"ScionFrontendAp","S",207.410000
6,"navigate→destination-measured",16899,"DefaultDispatch","S",207.302000
6,"navigate→destination-measured",16924,"OkHttp TaskRunn","S",206.278000
6,"navigate→destination-measured",16862,"queued-work-loo","S",205.033000
6,"navigate→destination-measured",16929,"OkHttp TaskRunn","S",204.350000
6,"navigate→destination-measured",16859,"DefaultDispatch","S",201.786000
6,"navigate→destination-measured",16915,"CookieMonsterCl","S",201.688000
6,"navigate→destination-measured",16870,"Firebase Blocki","S",201.666000
6,"navigate→destination-measured",16881,"mqt_v_native","S",200.926000
6,"navigate→destination-measured",16866,"Firebase Backgr","S",191.423000
6,"navigate→destination-measured",16864,"Firebase Backgr","S",186.825000
6,"navigate→destination-measured",16841,"Jit thread pool","S",180.526000
6,"navigate→destination-measured",16937,".0.2.2:8093/...","S",176.132000
6,"navigate→destination-measured",16902,".0.2.2:8093/...","S",175.486000
6,"navigate→destination-measured",16861,"Measurement Wor","S",173.283000
6,"navigate→destination-measured",16880,"mqt_v_js","Running",157.264000
6,"navigate→destination-measured",16838,"oelseisfree.app","S",106.113000
6,"navigate→destination-measured",16889,"ncFunctionQueue","S",59.046000
6,"navigate→destination-measured",16838,"oelseisfree.app","Running",57.859000
6,"navigate→destination-measured",16880,"mqt_v_js","R",47.377000
6,"navigate→destination-measured",16838,"oelseisfree.app","R",29.608000
6,"navigate→destination-measured",16937,".0.2.2:8093/...","R",21.660000
6,"navigate→destination-measured",16902,".0.2.2:8093/...","R",21.322000
6,"navigate→destination-measured",16861,"Measurement Wor","R",20.397000
6,"navigate→destination-measured",16864,"Firebase Backgr","R+",14.639000
6,"navigate→destination-measured",16838,"oelseisfree.app","R+",14.032000
6,"navigate→destination-measured",16841,"Jit thread pool","R",12.772000
6,"navigate→destination-measured",16841,"Jit thread pool","Running",10.860000
6,"navigate→destination-measured",16861,"Measurement Wor","Running",7.583000
6,"navigate→destination-measured",16902,".0.2.2:8093/...","Running",7.212000
6,"navigate→destination-measured",16861,"Measurement Wor","D",6.109000
6,"navigate→destination-measured",16937,".0.2.2:8093/...","Running",5.766000
6,"navigate→destination-measured",16870,"Firebase Blocki","R",5.706000
6,"navigate→destination-measured",16915,"CookieMonsterCl","R",5.233000
6,"navigate→destination-measured",16864,"Firebase Backgr","R",4.489000
6,"navigate→destination-measured",16889,"ncFunctionQueue","R",4.171000
6,"navigate→destination-measured",16937,".0.2.2:8093/...","R+",4.053000
6,"navigate→destination-measured",16859,"DefaultDispatch","R",4.020000
6,"navigate→destination-measured",16902,".0.2.2:8093/...","R+",3.590000
6,"navigate→destination-measured",16841,"Jit thread pool","R+",3.453000
6,"navigate→destination-measured",16881,"mqt_v_native","Running",3.402000
6,"navigate→destination-measured",16881,"mqt_v_native","R",3.036000
6,"navigate→destination-measured",16880,"mqt_v_js","R+",2.970000
6,"navigate→destination-measured",16929,"OkHttp TaskRunn","R",2.860000
6,"navigate→destination-measured",16862,"queued-work-loo","R",2.504000
6,"navigate→destination-measured",16866,"Firebase Backgr","R",2.221000
6,"navigate→destination-measured",16859,"DefaultDispatch","Running",1.743000
6,"navigate→destination-measured",16864,"Firebase Backgr","Running",1.322000
6,"navigate→destination-measured",16924,"OkHttp TaskRunn","Running",1.033000
6,"navigate→destination-measured",16915,"CookieMonsterCl","Running",0.691000
6,"navigate→destination-measured",16866,"Firebase Backgr","Running",0.591000
6,"navigate→destination-measured",16929,"OkHttp TaskRunn","Running",0.401000
6,"navigate→destination-measured",16924,"OkHttp TaskRunn","R",0.300000
6,"navigate→destination-measured",16881,"mqt_v_native","R+",0.247000
6,"navigate→destination-measured",16861,"Measurement Wor","R+",0.238000
6,"navigate→destination-measured",16870,"Firebase Blocki","Running",0.238000
6,"navigate→destination-measured",16899,"DefaultDispatch","R",0.233000
6,"navigate→destination-measured",16889,"ncFunctionQueue","Running",0.205000
6,"navigate→destination-measured",16855,"ScionFrontendAp","Running",0.197000
6,"navigate→destination-measured",16899,"DefaultDispatch","Running",0.075000
6,"navigate→destination-measured",16862,"queued-work-loo","Running",0.073000
6,"navigate→destination-measured",16859,"DefaultDispatch","R+",0.062000
6,"navigate→destination-measured",16855,"ScionFrontendAp","R",0.004000
6,"opening",16844,"FinalizerDaemon","S",660.514000
6,"opening",16856,"Firebase Backgr","S",660.514000
6,"opening",16875,"hwuiTask0","S",660.514000
6,"opening",16877,"Firebase Backgr","S",660.514000
6,"opening",16878,"HybridData Dest","S",660.514000
6,"opening",16888,"Expo JNI deallo","S",660.514000
6,"opening",16983,"HWC release","S",660.514000
6,"opening",16855,"ScionFrontendAp","S",660.314000
6,"opening",16899,"DefaultDispatch","S",660.206000
6,"opening",16846,"binder:16838_1","S",660.137000
6,"opening",16882,"binder:16838_4","S",660.078000
6,"opening",16924,"OkHttp TaskRunn","S",658.881000
6,"opening",16845,"FinalizerWatchd","S",658.789000
6,"opening",16929,"OkHttp TaskRunn","S",657.132000
6,"opening",16876,"hwuiTask1","S",655.725000
6,"opening",16859,"DefaultDispatch","S",654.689000
6,"opening",16915,"CookieMonsterCl","S",654.591000
6,"opening",16870,"Firebase Blocki","S",654.569000
6,"opening",16982,"GPU completion","S",650.740000
6,"opening",16922,"binder:16838_4","S",647.488000
6,"opening",16862,"queued-work-loo","S",643.333000
6,"opening",16849,"binder:16838_3","S",632.745000
6,"opening",16881,"mqt_v_native","S",631.612000
6,"opening",16937,".0.2.2:8093/...","S",624.665000
6,"opening",16871,"RenderThread","S",623.455000
6,"opening",16902,".0.2.2:8093/...","S",620.156000
6,"opening",16843,"ReferenceQueueD","S",612.642000
6,"opening",16841,"Jit thread pool","S",582.354000
6,"opening",16880,"mqt_v_js","Running",368.348000
6,"opening",16838,"oelseisfree.app","S",352.827000
6,"opening",16861,"Measurement Wor","S",344.169000
6,"opening",16842,"HeapTaskDaemon","S",304.427000
6,"opening",16942,"glide-disk-cach","S",273.192000
6,"opening",16866,"Firebase Backgr","S",212.367000
6,"opening",16864,"Firebase Backgr","S",207.768000
6,"opening",16838,"oelseisfree.app","Running",170.758000
6,"opening",16880,"mqt_v_js","R",160.884000
6,"opening",16861,"Measurement Wor","R+",158.129000
6,"opening",16842,"HeapTaskDaemon","Running",139.460000
6,"opening",16842,"HeapTaskDaemon","R",136.953000
6,"opening",16861,"Measurement Wor","R",126.388000
6,"opening",17081,"glide-disk-cach","S",104.449000
6,"opening",16942,"glide-disk-cach","R+",93.311000
6,"opening",17080,"glide-disk-cach","S",90.165000
6,"opening",16880,"mqt_v_js","S",88.587000
6,"opening",16838,"oelseisfree.app","R",87.842000
6,"opening",16842,"HeapTaskDaemon","R+",79.673000
6,"opening",16889,"ncFunctionQueue","S",78.270000
6,"opening",17082,"RSMessageThread","R",51.689000
6,"opening",16838,"oelseisfree.app","R+",49.088000
6,"opening",16880,"mqt_v_js","R+",42.696000
6,"opening",16843,"ReferenceQueueD","R",37.776000
6,"opening",16841,"Jit thread pool","R",36.421000
6,"opening",16849,"binder:16838_3","R",27.019000
6,"opening",16841,"Jit thread pool","R+",25.350000
6,"opening",16937,".0.2.2:8093/...","R",24.613000
6,"opening",17082,"RSMessageThread","S",24.423000
6,"opening",16902,".0.2.2:8093/...","R",23.683000
6,"opening",16881,"mqt_v_native","R",22.454000
6,"opening",16871,"RenderThread","Running",21.462000
6,"opening",16861,"Measurement Wor","Running",18.268000
6,"opening",16841,"Jit thread pool","Running",16.389000
6,"opening",16942,"glide-disk-cach","Running",15.101000
6,"opening",16864,"Firebase Backgr","R+",14.639000
6,"opening",17080,"glide-disk-cach","R",13.916000
6,"opening",16861,"Measurement Wor","D",13.561000
6,"opening",16922,"binder:16838_4","R",12.803000
6,"opening",16871,"RenderThread","R",11.731000
6,"opening",16942,"glide-disk-cach","R",10.197000
6,"opening",16843,"ReferenceQueueD","Running",10.097000
6,"opening",16982,"GPU completion","R",9.670000
6,"opening",16862,"queued-work-loo","R",9.357000
6,"opening",16902,".0.2.2:8093/...","Running",9.201000
6,"opening",16902,".0.2.2:8093/...","R+",7.474000
6,"opening",16937,".0.2.2:8093/...","Running",7.184000
6,"opening",16881,"mqt_v_native","Running",6.201000
6,"opening",16870,"Firebase Blocki","R",5.706000
6,"opening",16862,"queued-work-loo","D",5.394000
6,"opening",16915,"CookieMonsterCl","R",5.233000
6,"opening",16889,"ncFunctionQueue","R",4.672000
6,"opening",17082,"RSMessageThread","Running",4.603000
6,"opening",16864,"Firebase Backgr","R",4.489000
6,"opening",16876,"hwuiTask1","R",4.473000
6,"opening",16937,".0.2.2:8093/...","R+",4.053000
6,"opening",16859,"DefaultDispatch","R",4.020000
6,"opening",16871,"RenderThread","R+",3.866000
6,"opening",16929,"OkHttp TaskRunn","R",2.889000
6,"opening",17081,"glide-disk-cach","R",2.552000
6,"opening",17080,"glide-disk-cach","Running",2.257000
6,"opening",16866,"Firebase Backgr","R",2.221000
6,"opening",16859,"DefaultDispatch","Running",1.743000
6,"opening",16862,"queued-work-loo","Running",1.675000
6,"opening",16889,"ncFunctionQueue","Running",1.424000
6,"opening",16864,"Firebase Backgr","Running",1.322000
6,"opening",16924,"OkHttp TaskRunn","Running",1.105000
6,"opening",16845,"FinalizerWatchd","R",0.863000
6,"opening",16862,"queued-work-loo","R+",0.755000
6,"opening",16915,"CookieMonsterCl","Running",0.691000
6,"opening",16845,"FinalizerWatchd","R+",0.687000
6,"opening",16849,"binder:16838_3","Running",0.670000
6,"opening",16866,"Firebase Backgr","Running",0.591000
6,"opening",16929,"OkHttp TaskRunn","Running",0.493000
6,"opening",16924,"OkHttp TaskRunn","R",0.450000
6,"opening",17081,"glide-disk-cach","Running",0.376000
6,"opening",16876,"hwuiTask1","Running",0.317000
6,"opening",16882,"binder:16838_4","R",0.248000
6,"opening",16881,"mqt_v_native","R+",0.247000
6,"opening",16870,"Firebase Blocki","Running",0.238000
6,"opening",16899,"DefaultDispatch","R",0.233000
6,"opening",16922,"binder:16838_4","Running",0.224000
6,"opening",16855,"ScionFrontendAp","Running",0.197000
6,"opening",16846,"binder:16838_1","R",0.193000
6,"opening",16882,"binder:16838_4","Running",0.188000
6,"opening",16846,"binder:16838_1","Running",0.184000
6,"opening",16845,"FinalizerWatchd","Running",0.176000
6,"opening",16982,"GPU completion","Running",0.104000
6,"opening",16849,"binder:16838_3","R+",0.079000
6,"opening",16924,"OkHttp TaskRunn","R+",0.078000
6,"opening",16899,"DefaultDispatch","Running",0.075000
6,"opening",16859,"DefaultDispatch","R+",0.062000
6,"opening",16855,"ScionFrontendAp","R",0.004000
6,"opening",17080,"glide-disk-cach","X",-0.000000
6,"opening",17081,"glide-disk-cach","X",-0.000000
6,"opening",17082,"RSMessageThread","X",-0.000000
6,"takeoff-ready→animation-requested",16841,"Jit thread pool","S",195.598000
6,"takeoff-ready→animation-requested",16844,"FinalizerDaemon","S",195.598000
6,"takeoff-ready→animation-requested",16845,"FinalizerWatchd","S",195.598000
6,"takeoff-ready→animation-requested",16846,"binder:16838_1","S",195.598000
6,"takeoff-ready→animation-requested",16849,"binder:16838_3","S",195.598000
6,"takeoff-ready→animation-requested",16855,"ScionFrontendAp","S",195.598000
6,"takeoff-ready→animation-requested",16856,"Firebase Backgr","S",195.598000
6,"takeoff-ready→animation-requested",16859,"DefaultDispatch","S",195.598000
6,"takeoff-ready→animation-requested",16862,"queued-work-loo","S",195.598000
6,"takeoff-ready→animation-requested",16870,"Firebase Blocki","S",195.598000
6,"takeoff-ready→animation-requested",16875,"hwuiTask0","S",195.598000
6,"takeoff-ready→animation-requested",16876,"hwuiTask1","S",195.598000
6,"takeoff-ready→animation-requested",16877,"Firebase Backgr","S",195.598000
6,"takeoff-ready→animation-requested",16878,"HybridData Dest","S",195.598000
6,"takeoff-ready→animation-requested",16881,"mqt_v_native","S",195.598000
6,"takeoff-ready→animation-requested",16882,"binder:16838_4","S",195.598000
6,"takeoff-ready→animation-requested",16888,"Expo JNI deallo","S",195.598000
6,"takeoff-ready→animation-requested",16899,"DefaultDispatch","S",195.598000
6,"takeoff-ready→animation-requested",16902,".0.2.2:8093/...","S",195.598000
6,"takeoff-ready→animation-requested",16915,"CookieMonsterCl","S",195.598000
6,"takeoff-ready→animation-requested",16922,"binder:16838_4","S",195.598000
6,"takeoff-ready→animation-requested",16924,"OkHttp TaskRunn","S",195.598000
6,"takeoff-ready→animation-requested",16929,"OkHttp TaskRunn","S",195.598000
6,"takeoff-ready→animation-requested",16937,".0.2.2:8093/...","S",195.598000
6,"takeoff-ready→animation-requested",16982,"GPU completion","S",195.598000
6,"takeoff-ready→animation-requested",16983,"HWC release","S",195.598000
6,"takeoff-ready→animation-requested",16871,"RenderThread","S",187.579000
6,"takeoff-ready→animation-requested",16843,"ReferenceQueueD","S",182.068000
6,"takeoff-ready→animation-requested",16838,"oelseisfree.app","S",137.370000
6,"takeoff-ready→animation-requested",16861,"Measurement Wor","R+",130.849000
6,"takeoff-ready→animation-requested",16880,"mqt_v_js","Running",118.193000
6,"takeoff-ready→animation-requested",16842,"HeapTaskDaemon","R+",78.878000
6,"takeoff-ready→animation-requested",16880,"mqt_v_js","R",70.899000
6,"takeoff-ready→animation-requested",16842,"HeapTaskDaemon","Running",70.374000
6,"takeoff-ready→animation-requested",16861,"Measurement Wor","S",36.012000
6,"takeoff-ready→animation-requested",16842,"HeapTaskDaemon","R",32.873000
6,"takeoff-ready→animation-requested",16838,"oelseisfree.app","R",23.604000
6,"takeoff-ready→animation-requested",16838,"oelseisfree.app","Running",23.170000
6,"takeoff-ready→animation-requested",16861,"Measurement Wor","R",21.860000
6,"takeoff-ready→animation-requested",16843,"ReferenceQueueD","R",13.530000
6,"takeoff-ready→animation-requested",16842,"HeapTaskDaemon","S",13.473000
6,"takeoff-ready→animation-requested",16838,"oelseisfree.app","R+",11.455000
6,"takeoff-ready→animation-requested",16880,"mqt_v_js","R+",6.507000
6,"takeoff-ready→animation-requested",16861,"Measurement Wor","Running",5.526000
6,"takeoff-ready→animation-requested",16871,"RenderThread","Running",5.242000
6,"takeoff-ready→animation-requested",16871,"RenderThread","R",2.754000
6,"takeoff-ready→animation-requested",16861,"Measurement Wor","D",1.351000
6,"takeoff-ready→animation-requested",16871,"RenderThread","R+",0.022000
6,"up→navigate",16841,"Jit thread pool","S",20.944000
6,"up→navigate",16842,"HeapTaskDaemon","S",20.944000
6,"up→navigate",16843,"ReferenceQueueD","S",20.944000
6,"up→navigate",16844,"FinalizerDaemon","S",20.944000
6,"up→navigate",16845,"FinalizerWatchd","S",20.944000
6,"up→navigate",16846,"binder:16838_1","S",20.944000
6,"up→navigate",16855,"ScionFrontendAp","S",20.944000
6,"up→navigate",16856,"Firebase Backgr","S",20.944000
6,"up→navigate",16859,"DefaultDispatch","S",20.944000
6,"up→navigate",16861,"Measurement Wor","S",20.944000
6,"up→navigate",16862,"queued-work-loo","S",20.944000
6,"up→navigate",16864,"Firebase Backgr","S",20.944000
6,"up→navigate",16866,"Firebase Backgr","S",20.944000
6,"up→navigate",16870,"Firebase Blocki","S",20.944000
6,"up→navigate",16871,"RenderThread","S",20.944000
6,"up→navigate",16875,"hwuiTask0","S",20.944000
6,"up→navigate",16876,"hwuiTask1","S",20.944000
6,"up→navigate",16877,"Firebase Backgr","S",20.944000
6,"up→navigate",16878,"HybridData Dest","S",20.944000
6,"up→navigate",16882,"binder:16838_4","S",20.944000
6,"up→navigate",16888,"Expo JNI deallo","S",20.944000
6,"up→navigate",16899,"DefaultDispatch","S",20.944000
6,"up→navigate",16902,".0.2.2:8093/...","S",20.944000
6,"up→navigate",16915,"CookieMonsterCl","S",20.944000
6,"up→navigate",16924,"OkHttp TaskRunn","S",20.944000
6,"up→navigate",16929,"OkHttp TaskRunn","S",20.944000
6,"up→navigate",16937,".0.2.2:8093/...","S",20.944000
6,"up→navigate",16942,"glide-disk-cach","S",20.944000
6,"up→navigate",16982,"GPU completion","S",20.944000
6,"up→navigate",16983,"HWC release","S",20.944000
6,"up→navigate",16922,"binder:16838_4","S",20.858000
6,"up→navigate",16849,"binder:16838_3","S",20.225000
6,"up→navigate",16881,"mqt_v_native","S",19.800000
6,"up→navigate",16889,"ncFunctionQueue","S",19.223000
6,"up→navigate",16838,"oelseisfree.app","S",11.150000
6,"up→navigate",16880,"mqt_v_js","S",10.841000
6,"up→navigate",16838,"oelseisfree.app","Running",8.375000
6,"up→navigate",16880,"mqt_v_js","R",5.975000
6,"up→navigate",16880,"mqt_v_js","Running",3.873000
6,"up→navigate",16838,"oelseisfree.app","R",1.400000
6,"up→navigate",16889,"ncFunctionQueue","Running",1.219000
6,"up→navigate",16881,"mqt_v_native","Running",1.054000
6,"up→navigate",16849,"binder:16838_3","Running",0.517000
6,"up→navigate",16889,"ncFunctionQueue","R",0.501000
6,"up→navigate",16880,"mqt_v_js","R+",0.254000
6,"up→navigate",16849,"binder:16838_3","R",0.122000
6,"up→navigate",16881,"mqt_v_native","R",0.090000
6,"up→navigate",16849,"binder:16838_3","R+",0.079000
6,"up→navigate",16922,"binder:16838_4","Running",0.079000
6,"up→navigate",16838,"oelseisfree.app","R+",0.018000
6,"up→navigate",16922,"binder:16838_4","R",0.006000
