"cycle","label","thread","name","offset_ms","ms","depth"
0,"first-second","RenderThread","DrawFrames 12763990",0.000000,25.646000,0
0,"first-second","RenderThread","Drawing  0.00  0.00 720.00 1600.00",0.000000,25.644000,1
0,"first-second","oelseisfree.app","Choreographer#doFrame 12763997",0.000000,29.859000,0
0,"first-second","oelseisfree.app","animation",0.000000,9.389000,1
0,"first-second","RenderThread","flush commands",0.863000,14.651000,2
0,"first-second","RenderThread","auto skgpu::ganesh::OpsTask::onPrepare(GrOpFlushState *)::(anonymous class)::operator()() const",0.875000,0.034000,3
0,"first-second","RenderThread","Clear",0.877000,0.000000,4
0,"first-second","RenderThread","AtlasTextOp",0.878000,0.009000,4
0,"first-second","RenderThread","TextureOp",0.888000,0.002000,4
0,"first-second","RenderThread","TextureOp",0.890000,0.001000,4
0,"first-second","RenderThread","TextureOp",0.891000,0.001000,4
0,"first-second","RenderThread","TextureOp",0.892000,0.001000,4
0,"first-second","RenderThread","TextureOp",0.893000,0.001000,4
0,"first-second","RenderThread","TextureOp",0.894000,0.001000,4
0,"first-second","RenderThread","CircularRRectOp",0.895000,0.002000,4
0,"first-second","RenderThread","CircularRRectOp",0.898000,0.001000,4
0,"first-second","RenderThread","CircularRRectOp",0.899000,0.001000,4
0,"first-second","RenderThread","AtlasTextOp",0.900000,0.001000,4
0,"first-second","RenderThread","FillRectOp",0.902000,0.005000,4
0,"first-second","RenderThread","TextureOp",0.907000,0.001000,4
0,"first-second","RenderThread","TextureOp",0.909000,0.001000,4
0,"first-second","oelseisfree.app","MountItemDispatcher::mountViews mountItems to execute",6.474000,2.677000,2
0,"first-second","oelseisfree.app","IntBufferBatchMountItem::mountViews",6.489000,2.659000,3
0,"first-second","oelseisfree.app","IntBufferBatchMountItem::mountInstructions::UPDATE_PROPS numInstructions=10",6.499000,2.644000,4
0,"first-second","oelseisfree.app","BatchEventDispatchedListeners",9.359000,0.020000,2
0,"first-second","oelseisfree.app","traversal",9.395000,20.458000,1
0,"first-second","oelseisfree.app","draw-VRI[MainActivity]",9.484000,20.360000,2
0,"first-second","oelseisfree.app","Record View#draw()",9.494000,0.195000,3
0,"first-second","oelseisfree.app","postAndWait",9.693000,20.147000,3
0,"first-second","RenderThread","auto skgpu::ganesh::OpsTask::onExecute(GrOpFlushState *)::(anonymous class)::operator()() const",14.692000,0.801000,3
0,"first-second","RenderThread","Clear",14.705000,0.004000,4
0,"first-second","RenderThread","AtlasTextOp",14.710000,0.062000,4
0,"first-second","RenderThread","TextureOp",14.776000,0.025000,4
0,"first-second","RenderThread","TextureOp",14.802000,0.002000,4
0,"first-second","RenderThread","TextureOp",14.810000,0.242000,4
0,"first-second","RenderThread","TextureOp",15.242000,0.192000,4
0,"first-second","RenderThread","TextureOp",15.435000,0.002000,4
0,"first-second","RenderThread","TextureOp",15.438000,0.003000,4
0,"first-second","RenderThread","CircularRRectOp",15.442000,0.012000,4
0,"first-second","RenderThread","CircularRRectOp",15.455000,0.006000,4
0,"first-second","RenderThread","CircularRRectOp",15.461000,0.002000,4
0,"first-second","RenderThread","AtlasTextOp",15.463000,0.006000,4
0,"first-second","RenderThread","FillRectOp",15.471000,0.006000,4
0,"first-second","RenderThread","TextureOp",15.477000,0.010000,4
0,"first-second","RenderThread","TextureOp",15.487000,0.005000,4
0,"first-second","RenderThread","frameTimelineInfo(frameNumber=93, vsyncId=12763990, inputEventId=0x0)",15.530000,0.005000,2
0,"first-second","RenderThread","dispatchSetFrameTimelineInfo",15.531000,0.004000,3
0,"first-second","RenderThread","setFrameTimelineInfo(VRI[MainActivity]#0) frameNumber: 93 vsyncId: 12763990",15.533000,0.001000,4
0,"first-second","RenderThread","eglSwapBuffersWithDamageKHR",15.539000,10.038000,2
0,"first-second","RenderThread","setSurfaceDamage",15.543000,0.001000,3
0,"first-second","RenderThread","queueBuffer",15.866000,0.280000,3
0,"first-second","RenderThread","applyGrallocMetadataLocked",15.872000,0.004000,4
0,"first-second","RenderThread","queueBuffer",15.876000,0.239000,4
0,"first-second","RenderThread","VRI[MainActivity]#0(BLAST Consumer)0: 1",15.877000,0.000000,5
0,"first-second","RenderThread","addAndGetFrameTimestamps",15.882000,0.014000,5
0,"first-second","RenderThread","onFrameAvailable - VRI[MainActivity]#0(f:0,a:2)",15.898000,0.217000,5
0,"first-second","RenderThread","acquireBuffer",15.902000,0.003000,6
0,"first-second","RenderThread","VRI[MainActivity]#0(BLAST Consumer)0: 1",15.903000,0.000000,7
0,"first-second","RenderThread","acquireNextBufferLocked - VRI[MainActivity]#0(f:0,a:2)frame=93",15.906000,0.207000,6
0,"first-second","RenderThread","Transaction::setFrameTimelineInfo frameNumber: 93 vsyncId: 12763990",15.921000,0.000000,7
0,"first-second","RenderThread","Trace GPU completion fence 6",16.130000,0.008000,4
0,"first-second","RenderThread","dequeueBuffer - VRI[MainActivity]#0(BLAST Consumer)0",16.148000,9.388000,3
0,"first-second","RenderThread","dequeueBuffer",16.148000,9.375000,4
0,"first-second","RenderThread","VRI[MainActivity]#0(BLAST Consumer)0: 0",25.517000,0.001000,5
0,"first-second","RenderThread","addAndGetFrameTimestamps",25.521000,0.002000,5
0,"first-second","RenderThread","Trace HWC release fence 6",25.529000,0.003000,4
0,"first-second","RenderThread","reportMetricsWithPresentTime",25.583000,0.031000,2
0,"first-second","RenderThread","getFrameTimestamps",25.584000,0.001000,3
0,"first-second","RenderThread","dumpingMemoryStatistics",25.617000,0.027000,2
0,"first-second","RenderThread","notifyFramePending",25.656000,0.001000,0
0,"first-second","RenderThread","DrawFrames 12763997",25.658000,4.644000,0
0,"first-second","RenderThread","query",25.660000,0.002000,1
0,"first-second","RenderThread","query",25.660000,0.001000,2
0,"first-second","RenderThread","query",25.662000,0.001000,1
0,"first-second","RenderThread","query",25.662000,0.001000,2
0,"first-second","RenderThread","syncFrameState",25.664000,0.468000,1
0,"first-second","RenderThread","prepareTree",25.714000,0.416000,2
0,"first-second","RenderThread","eglBeginFrame",26.141000,0.001000,1
0,"first-second","RenderThread","Drawing  0.00  0.00 720.00 1600.00",26.146000,4.156000,1
0,"first-second","RenderThread","drawLayer [ReactViewGroup] 720.0 x 1600.0",26.162000,0.150000,2
0,"first-second","RenderThread","flush layers",26.313000,3.988000,2
0,"first-second","RenderThread","auto skgpu::ganesh::OpsTask::onPrepare(GrOpFlushState *)::(anonymous class)::operator()() const",26.337000,0.030000,3
0,"first-second","RenderThread","Clear",26.338000,0.000000,4
0,"first-second","RenderThread","AtlasTextOp",26.339000,0.009000,4
0,"first-second","RenderThread","TextureOp",26.349000,0.002000,4
0,"first-second","RenderThread","TextureOp",26.351000,0.001000,4
0,"first-second","RenderThread","TextureOp",26.352000,0.001000,4
0,"first-second","RenderThread","TextureOp",26.353000,0.001000,4
0,"first-second","RenderThread","TextureOp",26.354000,0.001000,4
0,"first-second","RenderThread","CircularRRectOp",26.355000,0.003000,4
0,"first-second","RenderThread","CircularRRectOp",26.358000,0.001000,4
0,"first-second","RenderThread","CircularRRectOp",26.360000,0.001000,4
0,"first-second","RenderThread","AtlasTextOp",26.361000,0.001000,4
0,"first-second","RenderThread","FillRectOp",26.362000,0.002000,4
0,"first-second","RenderThread","TextureOp",26.365000,0.001000,4
0,"first-second","oelseisfree.app","Choreographer#onVsync 12764005",29.902000,0.007000,0
0,"first-second","oelseisfree.app","Choreographer#doFrame 12764005",30.007000,0.295000,0
0,"first-second","oelseisfree.app","animation",30.011000,0.291000,1
0,"first-second","oelseisfree.app","Choreographer#scheduleVsyncLocked",30.044000,0.041000,2
0,"first200","RenderThread","DrawFrames 12763990",0.000000,25.646000,0
0,"first200","RenderThread","Drawing  0.00  0.00 720.00 1600.00",0.000000,25.644000,1
0,"first200","oelseisfree.app","Choreographer#doFrame 12763997",0.000000,29.859000,0
0,"first200","oelseisfree.app","animation",0.000000,9.389000,1
0,"first200","RenderThread","flush commands",0.863000,14.651000,2
0,"first200","RenderThread","auto skgpu::ganesh::OpsTask::onPrepare(GrOpFlushState *)::(anonymous class)::operator()() const",0.875000,0.034000,3
0,"first200","RenderThread","Clear",0.877000,0.000000,4
0,"first200","RenderThread","AtlasTextOp",0.878000,0.009000,4
0,"first200","RenderThread","TextureOp",0.888000,0.002000,4
0,"first200","RenderThread","TextureOp",0.890000,0.001000,4
0,"first200","RenderThread","TextureOp",0.891000,0.001000,4
0,"first200","RenderThread","TextureOp",0.892000,0.001000,4
0,"first200","RenderThread","TextureOp",0.893000,0.001000,4
0,"first200","RenderThread","TextureOp",0.894000,0.001000,4
0,"first200","RenderThread","CircularRRectOp",0.895000,0.002000,4
0,"first200","RenderThread","CircularRRectOp",0.898000,0.001000,4
0,"first200","RenderThread","CircularRRectOp",0.899000,0.001000,4
0,"first200","RenderThread","AtlasTextOp",0.900000,0.001000,4
0,"first200","RenderThread","FillRectOp",0.902000,0.005000,4
0,"first200","RenderThread","TextureOp",0.907000,0.001000,4
0,"first200","RenderThread","TextureOp",0.909000,0.001000,4
0,"first200","oelseisfree.app","MountItemDispatcher::mountViews mountItems to execute",6.474000,2.677000,2
0,"first200","oelseisfree.app","IntBufferBatchMountItem::mountViews",6.489000,2.659000,3
0,"first200","oelseisfree.app","IntBufferBatchMountItem::mountInstructions::UPDATE_PROPS numInstructions=10",6.499000,2.644000,4
0,"first200","oelseisfree.app","BatchEventDispatchedListeners",9.359000,0.020000,2
0,"first200","oelseisfree.app","traversal",9.395000,20.458000,1
0,"first200","oelseisfree.app","draw-VRI[MainActivity]",9.484000,20.360000,2
0,"first200","oelseisfree.app","Record View#draw()",9.494000,0.195000,3
0,"first200","oelseisfree.app","postAndWait",9.693000,20.147000,3
0,"first200","RenderThread","auto skgpu::ganesh::OpsTask::onExecute(GrOpFlushState *)::(anonymous class)::operator()() const",14.692000,0.801000,3
0,"first200","RenderThread","Clear",14.705000,0.004000,4
0,"first200","RenderThread","AtlasTextOp",14.710000,0.062000,4
0,"first200","RenderThread","TextureOp",14.776000,0.025000,4
0,"first200","RenderThread","TextureOp",14.802000,0.002000,4
0,"first200","RenderThread","TextureOp",14.810000,0.242000,4
0,"first200","RenderThread","TextureOp",15.242000,0.192000,4
0,"first200","RenderThread","TextureOp",15.435000,0.002000,4
0,"first200","RenderThread","TextureOp",15.438000,0.003000,4
0,"first200","RenderThread","CircularRRectOp",15.442000,0.012000,4
0,"first200","RenderThread","CircularRRectOp",15.455000,0.006000,4
0,"first200","RenderThread","CircularRRectOp",15.461000,0.002000,4
0,"first200","RenderThread","AtlasTextOp",15.463000,0.006000,4
0,"first200","RenderThread","FillRectOp",15.471000,0.006000,4
0,"first200","RenderThread","TextureOp",15.477000,0.010000,4
0,"first200","RenderThread","TextureOp",15.487000,0.005000,4
0,"first200","RenderThread","frameTimelineInfo(frameNumber=93, vsyncId=12763990, inputEventId=0x0)",15.530000,0.005000,2
0,"first200","RenderThread","dispatchSetFrameTimelineInfo",15.531000,0.004000,3
0,"first200","RenderThread","setFrameTimelineInfo(VRI[MainActivity]#0) frameNumber: 93 vsyncId: 12763990",15.533000,0.001000,4
0,"first200","RenderThread","eglSwapBuffersWithDamageKHR",15.539000,10.038000,2
0,"first200","RenderThread","setSurfaceDamage",15.543000,0.001000,3
0,"first200","RenderThread","queueBuffer",15.866000,0.280000,3
0,"first200","RenderThread","applyGrallocMetadataLocked",15.872000,0.004000,4
0,"first200","RenderThread","queueBuffer",15.876000,0.239000,4
0,"first200","RenderThread","VRI[MainActivity]#0(BLAST Consumer)0: 1",15.877000,0.000000,5
0,"first200","RenderThread","addAndGetFrameTimestamps",15.882000,0.014000,5
0,"first200","RenderThread","onFrameAvailable - VRI[MainActivity]#0(f:0,a:2)",15.898000,0.217000,5
0,"first200","RenderThread","acquireBuffer",15.902000,0.003000,6
0,"first200","RenderThread","VRI[MainActivity]#0(BLAST Consumer)0: 1",15.903000,0.000000,7
0,"first200","RenderThread","acquireNextBufferLocked - VRI[MainActivity]#0(f:0,a:2)frame=93",15.906000,0.207000,6
0,"first200","RenderThread","Transaction::setFrameTimelineInfo frameNumber: 93 vsyncId: 12763990",15.921000,0.000000,7
0,"first200","RenderThread","Trace GPU completion fence 6",16.130000,0.008000,4
0,"first200","RenderThread","dequeueBuffer - VRI[MainActivity]#0(BLAST Consumer)0",16.148000,9.388000,3
0,"first200","RenderThread","dequeueBuffer",16.148000,9.375000,4
0,"first200","RenderThread","VRI[MainActivity]#0(BLAST Consumer)0: 0",25.517000,0.001000,5
0,"first200","RenderThread","addAndGetFrameTimestamps",25.521000,0.002000,5
0,"first200","RenderThread","Trace HWC release fence 6",25.529000,0.003000,4
0,"first200","RenderThread","reportMetricsWithPresentTime",25.583000,0.031000,2
0,"first200","RenderThread","getFrameTimestamps",25.584000,0.001000,3
0,"first200","RenderThread","dumpingMemoryStatistics",25.617000,0.027000,2
0,"first200","RenderThread","notifyFramePending",25.656000,0.001000,0
0,"first200","RenderThread","DrawFrames 12763997",25.658000,71.744000,0
0,"first200","RenderThread","query",25.660000,0.002000,1
0,"first200","RenderThread","query",25.660000,0.001000,2
0,"first200","RenderThread","query",25.662000,0.001000,1
0,"first200","RenderThread","query",25.662000,0.001000,2
0,"first200","RenderThread","syncFrameState",25.664000,0.468000,1
0,"first200","RenderThread","prepareTree",25.714000,0.416000,2
0,"first200","RenderThread","eglBeginFrame",26.141000,0.001000,1
0,"first200","RenderThread","Drawing  0.00  0.00 720.00 1600.00",26.146000,71.255000,1
0,"first200","RenderThread","drawLayer [ReactViewGroup] 720.0 x 1600.0",26.162000,0.150000,2
0,"first200","RenderThread","flush layers",26.313000,11.163000,2
0,"first200","RenderThread","auto skgpu::ganesh::OpsTask::onPrepare(GrOpFlushState *)::(anonymous class)::operator()() const",26.337000,0.030000,3
0,"first200","RenderThread","Clear",26.338000,0.000000,4
0,"first200","RenderThread","AtlasTextOp",26.339000,0.009000,4
0,"first200","RenderThread","TextureOp",26.349000,0.002000,4
0,"first200","RenderThread","TextureOp",26.351000,0.001000,4
0,"first200","RenderThread","TextureOp",26.352000,0.001000,4
0,"first200","RenderThread","TextureOp",26.353000,0.001000,4
0,"first200","RenderThread","TextureOp",26.354000,0.001000,4
0,"first200","RenderThread","CircularRRectOp",26.355000,0.003000,4
0,"first200","RenderThread","CircularRRectOp",26.358000,0.001000,4
0,"first200","RenderThread","CircularRRectOp",26.360000,0.001000,4
0,"first200","RenderThread","AtlasTextOp",26.361000,0.001000,4
0,"first200","RenderThread","FillRectOp",26.362000,0.002000,4
0,"first200","RenderThread","TextureOp",26.365000,0.001000,4
0,"first200","oelseisfree.app","Choreographer#onVsync 12764005",29.902000,0.007000,0
0,"first200","oelseisfree.app","Choreographer#doFrame 12764005",30.007000,81.085000,0
0,"first200","oelseisfree.app","animation",30.011000,2.588000,1
0,"first200","oelseisfree.app","Choreographer#scheduleVsyncLocked",30.044000,0.041000,2
0,"first200","oelseisfree.app","MountItemDispatcher::mountViews mountItems to execute",31.005000,1.521000,2
0,"first200","oelseisfree.app","IntBufferBatchMountItem::mountViews",31.017000,1.508000,3
0,"first200","oelseisfree.app","IntBufferBatchMountItem::mountInstructions::UPDATE_PROPS numInstructions=6",31.028000,1.494000,4
0,"first200","oelseisfree.app","BatchEventDispatchedListeners",32.594000,0.004000,2
0,"first200","oelseisfree.app","traversal",32.601000,78.475000,1
0,"first200","oelseisfree.app","draw-VRI[MainActivity]",32.668000,78.384000,2
0,"first200","oelseisfree.app","Record View#draw()",32.687000,0.209000,3
0,"first200","oelseisfree.app","postAndWait",32.901000,78.144000,3
0,"first200","RenderThread","auto skgpu::ganesh::OpsTask::onExecute(GrOpFlushState *)::(anonymous class)::operator()() const",34.686000,2.773000,3
0,"first200","RenderThread","Clear",34.709000,0.008000,4
0,"first200","RenderThread","AtlasTextOp",34.719000,2.673000,4
0,"first200","RenderThread","TextureOp",37.394000,0.016000,4
0,"first200","RenderThread","TextureOp",37.410000,0.004000,4
0,"first200","RenderThread","TextureOp",37.414000,0.003000,4
0,"first200","RenderThread","TextureOp",37.418000,0.001000,4
0,"first200","RenderThread","TextureOp",37.420000,0.002000,4
0,"first200","RenderThread","CircularRRectOp",37.423000,0.007000,4
0,"first200","RenderThread","CircularRRectOp",37.431000,0.005000,4
0,"first200","RenderThread","CircularRRectOp",37.437000,0.002000,4
0,"first200","RenderThread","AtlasTextOp",37.439000,0.004000,4
0,"first200","RenderThread","FillRectOp",37.444000,0.006000,4
0,"first200","RenderThread","TextureOp",37.450000,0.008000,4
0,"first200","RenderThread","flush commands",38.412000,57.857000,2
0,"first200","RenderThread","auto skgpu::ganesh::OpsTask::onPrepare(GrOpFlushState *)::(anonymous class)::operator()() const",44.503000,0.018000,3
0,"first200","RenderThread","FillRectOp",44.513000,0.006000,4
0,"first200","RenderThread","FillRectOp",44.519000,0.001000,4
0,"first200","RenderThread","auto skgpu::ganesh::OpsTask::onPrepare(GrOpFlushState *)::(anonymous class)::operator()() const",44.522000,0.003000,3
0,"first200","RenderThread","FillRectOp",44.522000,0.001000,4
0,"first200","RenderThread","FillRectOp",44.524000,0.001000,4
0,"first200","RenderThread","auto skgpu::ganesh::OpsTask::onPrepare(GrOpFlushState *)::(anonymous class)::operator()() const",44.525000,0.002000,3
0,"first200","RenderThread","FillRectOp",44.526000,0.001000,4
0,"first200","RenderThread","auto skgpu::ganesh::OpsTask::onPrepare(GrOpFlushState *)::(anonymous class)::operator()() const",44.528000,0.021000,3
0,"first200","RenderThread","PathStencilCoverOp",44.529000,0.017000,4
0,"first200","RenderThread","FillRectOp",44.547000,0.001000,4
0,"first200","RenderThread","auto skgpu::ganesh::OpsTask::onPrepare(GrOpFlushState *)::(anonymous class)::operator()() const",44.550000,0.906000,3
0,"first200","RenderThread","TextureOp",44.551000,0.004000,4
0,"first200","RenderThread","FillRRectOp",44.565000,0.881000,4
0,"first200","RenderThread","TextureOp",45.449000,0.003000,4
0,"first200","RenderThread","FillRectOp",45.454000,0.001000,4
0,"first200","RenderThread","driver_compile_shader",46.622000,1.468000,3
0,"first200","RenderThread","driver_compile_shader",48.531000,1.067000,3
0,"first200","RenderThread","auto skgpu::ganesh::OpsTask::onExecute(GrOpFlushState *)::(anonymous class)::operator()() const",64.623000,15.501000,3
0,"first200","RenderThread","FillRectOp",64.630000,6.892000,4
0,"first200","RenderThread","shader_compile",64.652000,6.824000,5
0,"first200","RenderThread","ShaderCache::load",64.664000,0.008000,6
0,"first200","RenderThread","cache_miss",65.397000,4.010000,6
0,"first200","RenderThread","driver_compile_shader",65.766000,0.689000,7
0,"first200","RenderThread","driver_compile_shader",66.566000,0.314000,7
0,"first200","RenderThread","driver_link_program",66.886000,2.520000,7
0,"first200","RenderThread","ShaderCache::store",71.431000,0.022000,6
0,"first200","RenderThread","HWUI RAM cache: 22 shaders",71.448000,0.001000,7
0,"first200","RenderThread","FillRectOp",71.524000,8.596000,4
0,"first200","RenderThread","shader_compile",71.529000,8.563000,5
0,"first200","RenderThread","ShaderCache::load",71.531000,0.001000,6
0,"first200","RenderThread","cache_miss",72.891000,6.285000,6
0,"first200","RenderThread","driver_compile_shader",73.127000,0.490000,7
0,"first200","RenderThread","driver_compile_shader",73.659000,0.253000,7
0,"first200","RenderThread","driver_link_program",73.918000,5.257000,7
0,"first200","RenderThread","ShaderCache::store",80.060000,0.004000,6
0,"first200","RenderThread","HWUI RAM cache: 23 shaders",80.062000,0.001000,7
0,"first200","RenderThread","auto skgpu::ganesh::OpsTask::onExecute(GrOpFlushState *)::(anonymous class)::operator()() const",80.128000,7.445000,3
0,"first200","RenderThread","FillRectOp",80.136000,7.408000,4
0,"first200","RenderThread","shader_compile",80.142000,7.371000,5
0,"first200","RenderThread","ShaderCache::load",80.144000,0.001000,6
0,"first200","RenderThread","cache_miss",82.772000,3.381000,6
0,"first200","RenderThread","driver_compile_shader",83.079000,0.722000,7
0,"first200","RenderThread","driver_compile_shader",83.848000,0.522000,7
0,"first200","RenderThread","driver_link_program",84.377000,1.775000,7
0,"first200","RenderThread","ShaderCache::store",87.484000,0.004000,6
0,"first200","RenderThread","HWUI RAM cache: 24 shaders",87.486000,0.001000,7
0,"first200","RenderThread","FillRectOp",87.550000,0.021000,4
0,"first200","RenderThread","auto skgpu::ganesh::OpsTask::onExecute(GrOpFlushState *)::(anonymous class)::operator()() const",87.577000,4.326000,3
0,"first200","RenderThread","FillRectOp",87.585000,4.316000,4
0,"first200","RenderThread","shader_compile",87.588000,4.285000,5
0,"first200","RenderThread","ShaderCache::load",87.592000,0.001000,6
0,"first200","RenderThread","cache_miss",88.142000,3.101000,6
0,"first200","RenderThread","driver_compile_shader",88.281000,0.426000,7
0,"first200","RenderThread","driver_compile_shader",88.751000,0.265000,7
0,"first200","RenderThread","driver_link_program",89.023000,2.219000,7
0,"first200","RenderThread","ShaderCache::store",91.855000,0.003000,6
0,"first200","RenderThread","HWUI RAM cache: 25 shaders",91.857000,0.001000,7
0,"first200","RenderThread","auto skgpu::ganesh::OpsTask::onExecute(GrOpFlushState *)::(anonymous class)::operator()() const",91.905000,0.045000,3
0,"first200","RenderThread","PathStencilCoverOp",91.910000,0.027000,4
0,"first200","RenderThread","FillRectOp",91.943000,0.008000,4
0,"first200","RenderThread","auto skgpu::ganesh::OpsTask::onExecute(GrOpFlushState *)::(anonymous class)::operator()() const",91.954000,4.269000,3
0,"first200","RenderThread","TextureOp",91.957000,0.008000,4
0,"first200","RenderThread","FillRRectOp",91.965000,4.227000,4
0,"first200","RenderThread","shader_compile",91.967000,4.206000,5
0,"first200","RenderThread","ShaderCache::load",91.969000,0.001000,6
0,"first200","RenderThread","cache_miss",92.380000,3.223000,6
0,"first200","RenderThread","driver_compile_shader",92.489000,0.566000,7
0,"first200","RenderThread","driver_compile_shader",93.292000,0.787000,7
0,"first200","RenderThread","driver_link_program",94.090000,1.513000,7
0,"first200","RenderThread","ShaderCache::store",96.155000,0.003000,6
0,"first200","RenderThread","HWUI RAM cache: 26 shaders",96.156000,0.001000,7
0,"first200","RenderThread","TextureOp",96.194000,0.024000,4
0,"first200","RenderThread","FillRectOp",96.219000,0.004000,4
0,"first200","RenderThread","frameTimelineInfo(frameNumber=94, vsyncId=12763997, inputEventId=0x0)",96.300000,0.007000,2
0,"first200","RenderThread","dispatchSetFrameTimelineInfo",96.302000,0.005000,3
0,"first200","RenderThread","setFrameTimelineInfo(VRI[MainActivity]#0) frameNumber: 94 vsyncId: 12763997",96.305000,0.001000,4
0,"first200","RenderThread","eglSwapBuffersWithDamageKHR",96.312000,1.032000,2
0,"first200","RenderThread","setSurfaceDamage",96.318000,0.002000,3
0,"first200","RenderThread","queueBuffer",96.853000,0.455000,3
0,"first200","RenderThread","applyGrallocMetadataLocked",96.861000,0.006000,4
0,"first200","RenderThread","queueBuffer",96.868000,0.412000,4
0,"first200","RenderThread","VRI[MainActivity]#0(BLAST Consumer)0: 0",96.870000,0.000000,5
0,"first200","RenderThread","addAndGetFrameTimestamps",96.875000,0.019000,5
0,"first200","RenderThread","onFrameAvailable - VRI[MainActivity]#0(f:0,a:1)",96.896000,0.383000,5
0,"first200","RenderThread","acquireBuffer",96.899000,0.003000,6
0,"first200","RenderThread","VRI[MainActivity]#0(BLAST Consumer)0: 0",96.900000,0.000000,7
0,"first200","RenderThread","acquireNextBufferLocked - VRI[MainActivity]#0(f:0,a:1)frame=94",96.903000,0.375000,6
0,"first200","RenderThread","Transaction::setFrameTimelineInfo frameNumber: 94 vsyncId: 12763997",96.919000,0.000000,7
0,"first200","RenderThread","Trace GPU completion fence 7",97.302000,0.005000,4
0,"first200","RenderThread","dequeueBuffer - VRI[MainActivity]#0(BLAST Consumer)0",97.310000,0.010000,3
0,"first200","RenderThread","dequeueBuffer",97.311000,0.005000,4
0,"first200","RenderThread","VRI[MainActivity]#0(BLAST Consumer)0: 2",97.312000,0.001000,5
0,"first200","RenderThread","addAndGetFrameTimestamps",97.314000,0.001000,5
0,"first200","RenderThread","HWC release fence 7 has signaled",97.318000,0.001000,4
0,"first200","RenderThread","reportMetricsWithPresentTime",97.359000,0.031000,2
0,"first200","RenderThread","getFrameTimestamps",97.362000,0.001000,3
0,"first200","RenderThread","dumpingMemoryStatistics",97.392000,0.008000,2
0,"first200","RenderThread","notifyFramePending",97.415000,0.001000,0
0,"first200","RenderThread","DrawFrames 12764005",97.417000,54.566000,0
0,"first200","RenderThread","query",97.419000,0.002000,1
0,"first200","RenderThread","query",97.420000,0.001000,2
0,"first200","RenderThread","query",97.421000,0.001000,1
0,"first200","RenderThread","query",97.422000,0.001000,2
0,"first200","RenderThread","syncFrameState",97.424000,3.359000,1
0,"first200","RenderThread","prepareTree",97.502000,3.279000,2
0,"first200","RenderThread","eglBeginFrame",100.798000,0.001000,1
0,"first200","RenderThread","Drawing  0.00  0.00 720.00 1600.00",100.802000,51.180000,1
0,"first200","RenderThread","flush commands",100.932000,42.367000,2
0,"first200","RenderThread","auto skgpu::ganesh::OpsTask::onPrepare(GrOpFlushState *)::(anonymous class)::operator()() const",100.944000,0.010000,3
0,"first200","RenderThread","PathStencilCoverOp",100.945000,0.006000,4
0,"first200","RenderThread","FillRectOp",100.952000,0.002000,4
0,"first200","RenderThread","auto skgpu::ganesh::OpsTask::onPrepare(GrOpFlushState *)::(anonymous class)::operator()() const",100.955000,0.007000,3
0,"first200","RenderThread","TextureOp",100.956000,0.001000,4
0,"first200","RenderThread","FillRRectOp",100.958000,0.002000,4
0,"first200","RenderThread","TextureOp",100.960000,0.001000,4
0,"first200","RenderThread","FillRectOp",100.961000,0.001000,4
0,"first200","oelseisfree.app","Choreographer#onVsync 12764013",111.166000,0.016000,0
0,"first200","oelseisfree.app","Choreographer#doFrame 12764013",111.266000,52.392000,0
0,"first200","oelseisfree.app","Choreographer#doFrame - resynced to 12764018 in 20.2ms",111.295000,52.361000,1
0,"first200","oelseisfree.app","animation",111.298000,1.956000,2
0,"first200","oelseisfree.app","Choreographer#scheduleVsyncLocked",111.359000,0.156000,3
0,"first200","oelseisfree.app","MountItemDispatcher::mountViews mountItems to execute",112.564000,0.615000,3
0,"first200","oelseisfree.app","IntBufferBatchMountItem::mountViews",112.577000,0.601000,4
0,"first200","oelseisfree.app","IntBufferBatchMountItem::mountInstructions::UPDATE_PROPS numInstructions=6",112.600000,0.575000,5
0,"first200","oelseisfree.app","BatchEventDispatchedListeners",113.241000,0.010000,3
0,"first200","oelseisfree.app","traversal",113.255000,50.394000,2
0,"first200","oelseisfree.app","draw-VRI[MainActivity]",113.310000,50.328000,3
0,"first200","oelseisfree.app","Record View#draw()",113.318000,0.175000,4
0,"first200","oelseisfree.app","postAndWait",113.497000,50.136000,4
0,"first200","RenderThread","auto skgpu::ganesh::OpsTask::onExecute(GrOpFlushState *)::(anonymous class)::operator()() const",143.159000,0.076000,3
0,"first200","RenderThread","PathStencilCoverOp",143.174000,0.048000,4
0,"first200","RenderThread","FillRectOp",143.224000,0.011000,4
0,"first200","RenderThread","auto skgpu::ganesh::OpsTask::onExecute(GrOpFlushState *)::(anonymous class)::operator()() const",143.239000,0.045000,3
0,"first200","RenderThread","TextureOp",143.241000,0.013000,4
0,"first200","RenderThread","FillRRectOp",143.256000,0.009000,4
0,"first200","RenderThread","TextureOp",143.265000,0.015000,4
0,"first200","RenderThread","FillRectOp",143.281000,0.003000,4
0,"first200","RenderThread","frameTimelineInfo(frameNumber=95, vsyncId=12764005, inputEventId=0x0)",143.311000,0.004000,2
0,"first200","RenderThread","dispatchSetFrameTimelineInfo",143.312000,0.003000,3
0,"first200","RenderThread","setFrameTimelineInfo(VRI[MainActivity]#0) frameNumber: 95 vsyncId: 12764005",143.314000,0.001000,4
0,"first200","RenderThread","eglSwapBuffersWithDamageKHR",143.319000,8.618000,2
0,"first200","RenderThread","setSurfaceDamage",143.326000,0.002000,3
0,"first200","RenderThread","queueBuffer",151.738000,0.164000,3
0,"first200","RenderThread","applyGrallocMetadataLocked",151.746000,0.006000,4
0,"first200","RenderThread","queueBuffer",151.753000,0.128000,4
0,"first200","RenderThread","VRI[MainActivity]#0(BLAST Consumer)0: 2",151.754000,0.001000,5
0,"first200","RenderThread","addAndGetFrameTimestamps",151.760000,0.030000,5
0,"first200","RenderThread","onFrameAvailable - VRI[MainActivity]#0(f:0,a:1)",151.792000,0.088000,5
0,"first200","RenderThread","acquireBuffer",151.795000,0.003000,6
0,"first200","RenderThread","VRI[MainActivity]#0(BLAST Consumer)0: 2",151.796000,0.000000,7
0,"first200","RenderThread","acquireNextBufferLocked - VRI[MainActivity]#0(f:0,a:1)frame=95",151.800000,0.079000,6
0,"first200","RenderThread","Transaction::setFrameTimelineInfo frameNumber: 95 vsyncId: 12764005",151.816000,0.000000,7
0,"first200","RenderThread","Trace GPU completion fence 8",151.895000,0.005000,4
0,"first200","RenderThread","dequeueBuffer - VRI[MainActivity]#0(BLAST Consumer)0",151.904000,0.009000,3
0,"first200","RenderThread","dequeueBuffer",151.905000,0.004000,4
0,"first200","RenderThread","VRI[MainActivity]#0(BLAST Consumer)0: 1",151.906000,0.000000,5
0,"first200","RenderThread","addAndGetFrameTimestamps",151.908000,0.001000,5
0,"first200","RenderThread","HWC release fence 8 has signaled",151.911000,0.001000,4
0,"first200","RenderThread","reportMetricsWithPresentTime",151.941000,0.031000,2
0,"first200","RenderThread","getFrameTimestamps",151.942000,0.001000,3
0,"first200","RenderThread","dumpingMemoryStatistics",151.975000,0.007000,2
0,"first200","RenderThread","Bitmap#prepareToDraw 150x150",151.986000,8.248000,0
0,"first200","RenderThread","Texture upload(400) 150x150",158.413000,1.779000,1
0,"first200","RenderThread","notifyFramePending",160.243000,0.001000,0
0,"first200","RenderThread","DrawFrames 12764013",160.246000,39.754000,0
0,"first200","RenderThread","query",160.270000,1.836000,1
0,"first200","RenderThread","query",160.274000,1.832000,2
0,"first200","RenderThread","query",162.108000,0.002000,1
0,"first200","RenderThread","query",162.109000,0.001000,2
0,"first200","RenderThread","syncFrameState",162.114000,0.378000,1
0,"first200","RenderThread","prepareTree",162.167000,0.324000,2
0,"first200","RenderThread","eglBeginFrame",162.506000,0.003000,1
0,"first200","RenderThread","Drawing  0.00  0.00 720.00 1600.00",162.513000,37.487000,1
0,"first200","oelseisfree.app","Choreographer#onVsync 12764022",163.702000,0.013000,0
0,"first200","oelseisfree.app","[ExpoImage] onResourceReady",164.738000,2.833000,0
0,"first200","oelseisfree.app","FabricEventEmitter.receiveEvent('topDisplay')",167.478000,0.021000,1
0,"first200","oelseisfree.app","Choreographer#doFrame 12764022",167.585000,32.414000,0
0,"first200","oelseisfree.app","Choreographer#doFrame - resynced to 12764026 in 30.5ms",167.616000,32.384000,1
0,"first200","oelseisfree.app","animation",167.619000,8.062000,2
0,"first200","oelseisfree.app","Choreographer#scheduleVsyncLocked",167.639000,0.020000,3
0,"first200","oelseisfree.app","MountItemDispatcher::mountViews mountItems to execute",168.457000,0.489000,3
0,"first200","oelseisfree.app","IntBufferBatchMountItem::mountViews",168.474000,0.471000,4
0,"first200","oelseisfree.app","IntBufferBatchMountItem::mountInstructions::UPDATE_PROPS numInstructions=6",168.483000,0.459000,5
0,"first200","oelseisfree.app","BatchEventDispatchedListeners",169.006000,6.544000,3
0,"first200","oelseisfree.app","traversal",175.685000,24.315000,2
0,"first200","oelseisfree.app","draw-VRI[MainActivity]",175.972000,24.028000,3
0,"first200","oelseisfree.app","Record View#draw()",175.986000,0.252000,4
0,"first200","oelseisfree.app","computePalette",176.199000,0.003000,5
0,"first200","oelseisfree.app","postAndWait",176.242000,23.758000,4
0,"first200","RenderThread","Texture upload(404) 8x8",177.632000,0.058000,2
0,"first200","RenderThread","flush commands",178.915000,21.085000,2
0,"first200","RenderThread","auto skgpu::ganesh::OpsTask::onPrepare(GrOpFlushState *)::(anonymous class)::operator()() const",179.031000,1.825000,3
0,"first200","RenderThread","TextureOp",179.032000,0.005000,4
0,"first200","RenderThread","FillRRectOp",179.038000,0.004000,4
0,"first200","RenderThread","FillRectOp",179.042000,0.002000,4
0,"first200","RenderThread","FillRectOp",179.045000,0.001000,4
0,"first200","RenderThread","CircleOp",179.046000,0.006000,4
0,"first200","RenderThread","CircleOp",179.053000,0.001000,4
0,"first200","RenderThread","FillRectOp",179.054000,0.001000,4
0,"first200","RenderThread","AtlasTextOp",179.056000,0.261000,4
0,"first200","RenderThread","CircleOp",179.318000,0.002000,4
0,"first200","RenderThread","CircleOp",179.320000,0.001000,4
0,"first200","RenderThread","FillRectOp",179.322000,0.001000,4
0,"first200","RenderThread","CircleOp",179.323000,0.001000,4
0,"first200","RenderThread","CircleOp",179.325000,0.001000,4
0,"first200","RenderThread","FillRectOp",179.326000,0.001000,4
0,"first200","RenderThread","CircleOp",179.327000,0.001000,4
0,"first200","RenderThread","CircleOp",179.328000,0.001000,4
0,"first200","RenderThread","AtlasTextOp",179.329000,1.472000,4
0,"first200","RenderThread","TextureOp",180.803000,0.003000,4
0,"first200","RenderThread","CircularRRectOp",180.806000,0.002000,4
0,"first200","RenderThread","FillRectOp",180.810000,0.001000,4
0,"first200","RenderThread","TextureOp",180.811000,0.001000,4
0,"first200","RenderThread","FillRectOp",180.813000,0.001000,4
0,"first200","RenderThread","CircularRRectOp",180.814000,0.001000,4
0,"first200","RenderThread","AtlasTextOp",180.815000,0.030000,4
0,"first200","RenderThread","CircleOp",180.847000,0.001000,4
0,"first200","RenderThread","FillRectOp",180.849000,0.001000,4
0,"first200","RenderThread","FillRectOp",180.850000,0.001000,4
0,"first200","RenderThread","TextureOp",180.851000,0.001000,4
0,"first200","RenderThread","TextureOp",180.853000,0.001000,4
0,"first200","RenderThread","FillRectOp",180.854000,0.001000,4
0,"first200","RenderThread","Texture upload(406) 277x278",181.198000,0.108000,3
0,"first200","RenderThread","Texture upload(12) 512x69",181.311000,1.665000,3
0,"first200","RenderThread","auto skgpu::ganesh::OpsTask::onExecute(GrOpFlushState *)::(anonymous class)::operator()() const",182.978000,17.021000,3
0,"first200","RenderThread","TextureOp",182.988000,0.033000,4
0,"first200","RenderThread","FillRRectOp",183.022000,0.013000,4
0,"first200","RenderThread","FillRectOp",183.037000,5.802000,4
0,"first200","RenderThread","shader_compile",183.041000,5.776000,5
0,"first200","RenderThread","ShaderCache::load",183.045000,0.001000,6
0,"first200","RenderThread","cache_miss",183.367000,3.745000,6
0,"first200","RenderThread","driver_compile_shader",183.525000,0.685000,7
0,"first200","RenderThread","driver_compile_shader",184.257000,0.338000,7
0,"first200","RenderThread","driver_link_program",184.602000,2.510000,7
0,"first200","RenderThread","ShaderCache::store",188.800000,0.003000,6
0,"first200","RenderThread","HWUI RAM cache: 27 shaders",188.802000,0.001000,7
0,"first200","RenderThread","FillRectOp",188.843000,0.014000,4
0,"first200","RenderThread","CircleOp",188.858000,7.236000,4
0,"first200","RenderThread","shader_compile",188.861000,7.215000,5
0,"first200","RenderThread","ShaderCache::load",188.863000,0.001000,6
0,"first200","RenderThread","cache_miss",189.178000,5.647000,6
0,"first200","RenderThread","driver_compile_shader",189.323000,0.386000,7
0,"first200","RenderThread","driver_compile_shader",189.770000,0.668000,7
0,"first200","RenderThread","driver_link_program",190.446000,4.378000,7
0,"first200","RenderThread","ShaderCache::store",196.059000,0.003000,6
0,"first200","RenderThread","HWUI RAM cache: 28 shaders",196.061000,0.001000,7
0,"first200","RenderThread","CircleOp",196.096000,0.007000,4
0,"first200","RenderThread","FillRectOp",196.104000,3.896000,4
0,"first200","RenderThread","shader_compile",196.111000,3.889000,5
0,"first200","RenderThread","ShaderCache::load",196.112000,0.001000,6
0,"first200","RenderThread","cache_miss",196.946000,3.054000,6
0,"first200","RenderThread","driver_compile_shader",197.426000,1.244000,7
0,"first200","RenderThread","driver_compile_shader",198.752000,0.288000,7
0,"first200","RenderThread","driver_link_program",199.048000,0.952000,7
0,"ready-request","oelseisfree.app","Choreographer#doFrame 12763885",0.000000,0.136000,0
0,"ready-request","oelseisfree.app","Choreographer#doFrame - resynced to 12763932 in 26.2ms",0.000000,0.135000,1
0,"ready-request","oelseisfree.app","traversal",0.000000,0.125000,2
0,"ready-request","oelseisfree.app","draw-VRI[MainActivity]",0.000000,0.113000,3
0,"ready-request","oelseisfree.app","postAndWait",0.000000,0.106000,4
0,"ready-request","RenderThread","DrawFrames 12763885",0.000000,1.348000,0
0,"ready-request","RenderThread","Drawing  0.00  0.00 720.00 1600.00",0.000000,1.346000,1
0,"ready-request","RenderThread","flush commands",0.000000,0.442000,2
0,"ready-request","RenderThread","auto skgpu::ganesh::OpsTask::onExecute(GrOpFlushState *)::(anonymous class)::operator()() const",0.272000,0.150000,3
0,"ready-request","RenderThread","Clear",0.280000,0.004000,4
0,"ready-request","RenderThread","AtlasTextOp",0.284000,0.035000,4
0,"ready-request","RenderThread","TextureOp",0.320000,0.023000,4
0,"ready-request","RenderThread","TextureOp",0.344000,0.004000,4
0,"ready-request","RenderThread","TextureOp",0.350000,0.008000,4
0,"ready-request","RenderThread","TextureOp",0.359000,0.011000,4
0,"ready-request","RenderThread","TextureOp",0.371000,0.003000,4
0,"ready-request","RenderThread","TextureOp",0.374000,0.002000,4
0,"ready-request","RenderThread","CircularRRectOp",0.377000,0.007000,4
0,"ready-request","RenderThread","CircularRRectOp",0.385000,0.005000,4
0,"ready-request","RenderThread","CircularRRectOp",0.390000,0.002000,4
0,"ready-request","RenderThread","AtlasTextOp",0.393000,0.014000,4
0,"ready-request","RenderThread","FillRectOp",0.407000,0.008000,4
0,"ready-request","RenderThread","TextureOp",0.415000,0.006000,4
0,"ready-request","RenderThread","frameTimelineInfo(frameNumber=89, vsyncId=12763885, inputEventId=0x0)",0.452000,0.011000,2
0,"ready-request","RenderThread","dispatchSetFrameTimelineInfo",0.453000,0.008000,3
0,"ready-request","RenderThread","setFrameTimelineInfo(VRI[MainActivity]#0) frameNumber: 89 vsyncId: 12763885",0.457000,0.003000,4
0,"ready-request","RenderThread","eglSwapBuffersWithDamageKHR",0.468000,0.838000,2
0,"ready-request","RenderThread","setSurfaceDamage",0.475000,0.004000,3
0,"ready-request","RenderThread","queueBuffer",1.009000,0.255000,3
0,"ready-request","RenderThread","applyGrallocMetadataLocked",1.015000,0.017000,4
0,"ready-request","RenderThread","queueBuffer",1.034000,0.193000,4
0,"ready-request","RenderThread","VRI[MainActivity]#0(BLAST Consumer)0: 2",1.035000,0.001000,5
0,"ready-request","RenderThread","addAndGetFrameTimestamps",1.039000,0.057000,5
0,"ready-request","RenderThread","onFrameAvailable - VRI[MainActivity]#0(f:0,a:1)",1.100000,0.124000,5
0,"ready-request","RenderThread","acquireBuffer",1.103000,0.006000,6
0,"ready-request","RenderThread","VRI[MainActivity]#0(BLAST Consumer)0: 2",1.106000,0.001000,7
0,"ready-request","RenderThread","acquireNextBufferLocked - VRI[MainActivity]#0(f:0,a:1)frame=89",1.110000,0.112000,6
0,"ready-request","RenderThread","Transaction::setFrameTimelineInfo frameNumber: 89 vsyncId: 12763885",1.135000,0.000000,7
0,"ready-request","RenderThread","Trace GPU completion fence 2",1.252000,0.008000,4
0,"ready-request","RenderThread","dequeueBuffer - VRI[MainActivity]#0(BLAST Consumer)0",1.268000,0.011000,3
0,"ready-request","RenderThread","dequeueBuffer",1.270000,0.005000,4
0,"ready-request","RenderThread","VRI[MainActivity]#0(BLAST Consumer)0: 1",1.272000,0.001000,5
0,"ready-request","RenderThread","addAndGetFrameTimestamps",1.274000,0.001000,5
0,"ready-request","RenderThread","HWC release fence 2 has signaled",1.278000,0.001000,4
0,"ready-request","RenderThread","reportMetricsWithPresentTime",1.314000,0.016000,2
0,"ready-request","RenderThread","getFrameTimestamps",1.315000,0.001000,3
0,"ready-request","RenderThread","dumpingMemoryStatistics",1.334000,0.012000,2
0,"ready-request","oelseisfree.app","Choreographer#onVsync 12763939",18.170000,0.015000,0
0,"ready-request","oelseisfree.app","[ExpoImage] onResourceReady",18.206000,0.956000,0
0,"ready-request","RenderThread","notifyFramePending",18.633000,0.002000,0
0,"ready-request","oelseisfree.app","FabricEventEmitter.receiveEvent('topDisplay')",19.070000,0.030000,1
0,"ready-request","oelseisfree.app","[ExpoImage] onResourceReady",19.751000,10.729000,0
0,"ready-request","oelseisfree.app","FabricEventEmitter.receiveEvent('topDisplay')",30.381000,0.038000,1
0,"ready-request","oelseisfree.app","Choreographer#doFrame 12763939",31.930000,15.774000,0
0,"ready-request","oelseisfree.app","Choreographer#doFrame - resynced to 12763941 in 22.1ms",31.966000,15.737000,1
0,"ready-request","oelseisfree.app","animation",31.970000,2.061000,2
0,"ready-request","oelseisfree.app","Choreographer#scheduleVsyncLocked",32.009000,0.065000,3
0,"ready-request","oelseisfree.app","MountItemDispatcher::mountViews mountItems to execute",33.507000,0.430000,3
0,"ready-request","oelseisfree.app","IntBufferBatchMountItem::mountViews",33.523000,0.412000,4
0,"ready-request","oelseisfree.app","IntBufferBatchMountItem::mountInstructions::UPDATE_PROPS numInstructions=3",33.542000,0.390000,5
0,"ready-request","oelseisfree.app","BatchEventDispatchedListeners",34.021000,0.008000,3
0,"ready-request","oelseisfree.app","traversal",34.033000,13.663000,2
0,"ready-request","oelseisfree.app","draw-VRI[MainActivity]",34.267000,13.415000,3
0,"ready-request","oelseisfree.app","Record View#draw()",34.275000,0.292000,4
0,"ready-request","oelseisfree.app","computePalette",34.413000,0.014000,5
0,"ready-request","oelseisfree.app","computePalette",34.533000,0.011000,5
0,"ready-request","oelseisfree.app","postAndWait",34.571000,13.105000,4
0,"ready-request","RenderThread","notifyFramePending",34.583000,0.001000,0
0,"ready-request","RenderThread","DrawFrames 12763939",34.586000,43.195000,0
0,"ready-request","RenderThread","query",34.589000,0.002000,1
0,"ready-request","RenderThread","query",34.590000,0.001000,2
0,"ready-request","RenderThread","query",34.595000,0.002000,1
0,"ready-request","RenderThread","query",34.595000,0.001000,2
0,"ready-request","RenderThread","syncFrameState",34.598000,9.512000,1
0,"ready-request","RenderThread","prepareTree",34.834000,9.272000,2
0,"ready-request","RenderThread","Texture upload(369) 980x1056",35.377000,8.607000,3
0,"ready-request","RenderThread","eglBeginFrame",44.182000,0.001000,1
0,"ready-request","RenderThread","Drawing  0.00  0.00 720.00 1600.00",44.186000,33.592000,1
0,"ready-request","RenderThread","flush commands",45.341000,15.717000,2
0,"ready-request","RenderThread","auto skgpu::ganesh::OpsTask::onPrepare(GrOpFlushState *)::(anonymous class)::operator()() const",45.358000,0.142000,3
0,"ready-request","RenderThread","Clear",45.360000,0.001000,4
0,"ready-request","RenderThread","AtlasTextOp",45.361000,0.017000,4
0,"ready-request","RenderThread","TextureOp",45.379000,0.002000,4
0,"ready-request","RenderThread","TextureOp",45.382000,0.001000,4
0,"ready-request","RenderThread","TextureOp",45.383000,0.001000,4
0,"ready-request","RenderThread","TextureOp",45.384000,0.003000,4
0,"ready-request","RenderThread","TextureOp",45.388000,0.001000,4
0,"ready-request","RenderThread","TextureOp",45.389000,0.001000,4
0,"ready-request","RenderThread","CircularRRectOp",45.390000,0.003000,4
0,"ready-request","RenderThread","CircularRRectOp",45.393000,0.001000,4
0,"ready-request","RenderThread","CircularRRectOp",45.394000,0.001000,4
0,"ready-request","RenderThread","AtlasTextOp",45.396000,0.001000,4
0,"ready-request","RenderThread","FillRectOp",45.397000,0.100000,4
0,"ready-request","RenderThread","TextureOp",45.498000,0.001000,4
0,"ready-request","RenderThread","TextureOp",45.499000,0.001000,4
0,"ready-request","oelseisfree.app","Choreographer#onVsync 12763955",47.841000,0.018000,0
0,"ready-request","RenderThread","auto skgpu::ganesh::OpsTask::onExecute(GrOpFlushState *)::(anonymous class)::operator()() const",60.916000,0.128000,3
0,"ready-request","RenderThread","Clear",60.923000,0.003000,4
0,"ready-request","RenderThread","AtlasTextOp",60.927000,0.021000,4
0,"ready-request","RenderThread","TextureOp",60.949000,0.026000,4
0,"ready-request","RenderThread","TextureOp",60.976000,0.003000,4
0,"ready-request","RenderThread","TextureOp",60.979000,0.003000,4
0,"ready-request","RenderThread","TextureOp",60.983000,0.002000,4
0,"ready-request","RenderThread","TextureOp",60.986000,0.001000,4
0,"ready-request","RenderThread","TextureOp",60.988000,0.002000,4
0,"ready-request","RenderThread","CircularRRectOp",60.991000,0.007000,4
0,"ready-request","RenderThread","CircularRRectOp",60.998000,0.005000,4
0,"ready-request","RenderThread","CircularRRectOp",61.004000,0.002000,4
0,"ready-request","RenderThread","AtlasTextOp",61.007000,0.004000,4
0,"ready-request","RenderThread","FillRectOp",61.012000,0.006000,4
0,"ready-request","RenderThread","TextureOp",61.018000,0.007000,4
0,"ready-request","RenderThread","TextureOp",61.026000,0.018000,4
0,"ready-request","RenderThread","frameTimelineInfo(frameNumber=90, vsyncId=12763939, inputEventId=0x0)",61.065000,0.004000,2
0,"ready-request","RenderThread","dispatchSetFrameTimelineInfo",61.066000,0.003000,3
0,"ready-request","RenderThread","setFrameTimelineInfo(VRI[MainActivity]#0) frameNumber: 90 vsyncId: 12763939",61.067000,0.001000,4
0,"ready-request","RenderThread","eglSwapBuffersWithDamageKHR",61.071000,16.587000,2
0,"ready-request","RenderThread","setSurfaceDamage",61.075000,0.003000,3
0,"ready-request","RenderThread","queueBuffer",61.932000,15.431000,3
0,"ready-request","RenderThread","applyGrallocMetadataLocked",61.937000,0.018000,4
0,"ready-request","RenderThread","queueBuffer",61.956000,15.361000,4
0,"ready-request","RenderThread","VRI[MainActivity]#0(BLAST Consumer)0: 1",61.957000,0.001000,5
0,"ready-request","RenderThread","addAndGetFrameTimestamps",61.962000,0.274000,5
0,"ready-request","RenderThread","onFrameAvailable - VRI[MainActivity]#0(f:0,a:1)",62.242000,15.073000,5
0,"ready-request","RenderThread","acquireBuffer",62.250000,0.014000,6
0,"ready-request","RenderThread","VRI[MainActivity]#0(BLAST Consumer)0: 1",62.254000,0.001000,7
0,"ready-request","RenderThread","acquireNextBufferLocked - VRI[MainActivity]#0(f:0,a:1)frame=90",62.266000,15.046000,6
0,"ready-request","RenderThread","Transaction::setFrameTimelineInfo frameNumber: 90 vsyncId: 12763939",62.292000,0.000000,7
0,"ready-request","oelseisfree.app","FabricEventEmitter.receiveEvent('topLoad')",68.640000,0.028000,0
0,"ready-request","oelseisfree.app","FabricEventEmitter.receiveEvent('topLoad')",68.989000,0.017000,0
0,"ready-request","RenderThread","Trace GPU completion fence 3",77.336000,0.016000,4
0,"ready-request","RenderThread","dequeueBuffer - VRI[MainActivity]#0(BLAST Consumer)0",77.369000,0.170000,3
0,"ready-request","RenderThread","dequeueBuffer",77.370000,0.007000,4
0,"ready-request","RenderThread","VRI[MainActivity]#0(BLAST Consumer)0: 0",77.373000,0.001000,5
0,"ready-request","RenderThread","addAndGetFrameTimestamps",77.376000,0.001000,5
0,"ready-request","RenderThread","HWC release fence 3 has signaled",77.536000,0.001000,4
0,"ready-request","RenderThread","reportMetricsWithPresentTime",77.669000,0.084000,2
0,"ready-request","RenderThread","getFrameTimestamps",77.671000,0.001000,3
0,"ready-request","RenderThread","dumpingMemoryStatistics",77.758000,0.019000,2
0,"ready-request","oelseisfree.app","Choreographer#doFrame 12763955",135.553000,1.855000,0
0,"ready-request","oelseisfree.app","Choreographer#doFrame - resynced to 12763961 in 18.5ms",135.773000,1.634000,1
0,"ready-request","oelseisfree.app","animation",135.783000,0.617000,2
0,"ready-request","oelseisfree.app","Choreographer#scheduleVsyncLocked",135.831000,0.060000,3
0,"ready-request","oelseisfree.app","BatchEventDispatchedListeners",136.384000,0.011000,3
0,"ready-request","oelseisfree.app","traversal",136.402000,1.003000,2
0,"ready-request","oelseisfree.app","draw-VRI[MainActivity]",136.469000,0.932000,3
0,"ready-request","oelseisfree.app","Record View#draw()",136.483000,0.291000,4
0,"ready-request","oelseisfree.app","postAndWait",136.779000,0.621000,4
0,"ready-request","RenderThread","DrawFrames 12763955",136.808000,7.014000,0
0,"ready-request","RenderThread","query",136.811000,0.002000,1
0,"ready-request","RenderThread","query",136.812000,0.001000,2
0,"ready-request","RenderThread","query",136.814000,0.001000,1
0,"ready-request","RenderThread","query",136.814000,0.001000,2
0,"ready-request","RenderThread","syncFrameState",136.816000,0.377000,1
0,"ready-request","RenderThread","prepareTree",136.873000,0.319000,2
0,"ready-request","oelseisfree.app","MSG_CHECK_INVALIDATION_IDLE",137.422000,0.009000,0
0,"ready-request","oelseisfree.app","Choreographer#onVsync 12763974",139.121000,0.005000,0
0,"ready-request","oelseisfree.app","Choreographer#doFrame 12763974",139.132000,4.690000,0
0,"ready-request","oelseisfree.app","animation",139.135000,4.687000,1
0,"ready-request","oelseisfree.app","MountItemDispatcher::mountViews mountItems to execute",139.178000,4.644000,2
0,"ready-request","oelseisfree.app","IntBufferBatchMountItem::mountViews",139.577000,4.245000,3
0,"ready-request","oelseisfree.app","IntBufferBatchMountItem::mountInstructions::UPDATE_PROPS numInstructions=44",139.602000,2.453000,4
0,"ready-request","oelseisfree.app","Choreographer#scheduleVsyncLocked",140.359000,0.043000,5
0,"ready-request","oelseisfree.app","[ExpoImage] rerenderIfNeeded(shouldRerenderBecauseOfResize=false,force=false)",141.690000,0.090000,5
0,"ready-request","oelseisfree.app","IntBufferBatchMountItem::mountInstructions::UPDATE_STATE numInstructions=3",142.063000,1.759000,4
0,"ready-request","oelseisfree.app","ReactTextViewManager.updateState",142.084000,0.348000,5
0,"ready-request","oelseisfree.app","ReactTextViewManager.updateExtraData",142.438000,1.384000,5
0,"ready-request","oelseisfree.app","ReactTextView.setText(ReactTextUpdate)",142.440000,0.218000,6
0,"request-first","RenderThread","DrawFrames 12763955",0.000000,2.817000,0
0,"request-first","oelseisfree.app","Choreographer#doFrame 12763974",0.000000,15.502000,0
0,"request-first","oelseisfree.app","animation",0.000000,5.360000,1
0,"request-first","oelseisfree.app","MountItemDispatcher::mountViews mountItems to execute",0.000000,4.428000,2
0,"request-first","oelseisfree.app","IntBufferBatchMountItem::mountViews",0.000000,4.425000,3
0,"request-first","oelseisfree.app","IntBufferBatchMountItem::mountInstructions::UPDATE_STATE numInstructions=3",0.000000,4.063000,4
0,"request-first","oelseisfree.app","ReactTextViewManager.updateExtraData",0.000000,3.701000,5
0,"request-first","RenderThread","query",2.502000,0.003000,1
0,"request-first","RenderThread","query",2.504000,0.001000,2
0,"request-first","RenderThread","query",2.506000,0.001000,1
0,"request-first","RenderThread","query",2.506000,0.001000,2
0,"request-first","RenderThread","Frame skipped: NothingToDraw",2.799000,0.000000,1
0,"request-first","RenderThread","notifyFramePending",2.823000,0.001000,0
0,"request-first","oelseisfree.app","ReactTextViewManager.updateState",3.725000,0.123000,5
0,"request-first","oelseisfree.app","ReactTextViewManager.updateExtraData",3.851000,0.073000,5
0,"request-first","oelseisfree.app","ReactTextView.setText(ReactTextUpdate)",3.852000,0.059000,6
0,"request-first","oelseisfree.app","ReactTextViewManager.updateState",3.931000,0.072000,5
0,"request-first","oelseisfree.app","ReactTextViewManager.updateExtraData",4.005000,0.054000,5
0,"request-first","oelseisfree.app","ReactTextView.setText(ReactTextUpdate)",4.007000,0.042000,6
0,"request-first","oelseisfree.app","IntBufferBatchMountItem::mountInstructions::UPDATE_LAYOUT numInstructions=8",4.085000,0.312000,4
0,"request-first","oelseisfree.app","ReactTextView.onMeasure",4.225000,0.154000,5
0,"request-first","oelseisfree.app","IntBufferBatchMountItem::mountInstructions::UPDATE_OVERFLOW_INSET numInstructions=1",4.408000,0.013000,4
0,"request-first","oelseisfree.app","BatchEventDispatchedListeners",5.351000,0.005000,2
0,"request-first","oelseisfree.app","traversal",5.362000,10.124000,1
0,"request-first","oelseisfree.app","draw-VRI[MainActivity]",5.632000,9.841000,2
0,"request-first","oelseisfree.app","Record View#draw()",5.641000,1.373000,3
0,"request-first","oelseisfree.app","ReactTextView.onDraw",5.709000,0.162000,4
0,"request-first","RenderThread","notifyFramePending",6.290000,0.001000,0
0,"request-first","oelseisfree.app","computePalette",6.307000,0.002000,4
0,"request-first","oelseisfree.app","ReactTextView.onDraw",6.380000,0.104000,4
0,"request-first","oelseisfree.app","ReactTextView.onDraw",6.540000,0.160000,4
0,"request-first","oelseisfree.app","postAndWait",7.017000,8.446000,3
0,"request-first","RenderThread","DrawFrames 12763974",7.029000,19.296000,0
0,"request-first","RenderThread","query",7.032000,0.004000,1
0,"request-first","RenderThread","query",7.035000,0.001000,2
0,"request-first","RenderThread","query",7.037000,0.001000,1
0,"request-first","RenderThread","query",7.038000,0.000000,2
0,"request-first","RenderThread","syncFrameState",7.040000,2.751000,1
0,"request-first","RenderThread","prepareTree",7.094000,2.695000,2
0,"request-first","RenderThread","Texture upload(139) 140x66",9.170000,0.244000,3
0,"request-first","RenderThread","eglBeginFrame",9.924000,0.001000,1
0,"request-first","RenderThread","Drawing  0.00  0.00 720.00 1600.00",9.929000,16.394000,1
0,"request-first","RenderThread","drawLayer [RNCMaskedView] 140.0 x 66.0",9.984000,0.109000,2
0,"request-first","RenderThread","drawLayer [RNCMaskedView] 140.0 x 66.0",10.106000,0.068000,2
0,"request-first","RenderThread","drawLayer [RNCMaskedView] 140.0 x 66.0",10.200000,0.072000,2
0,"request-first","RenderThread","flush layers",10.273000,12.707000,2
0,"request-first","oelseisfree.app","Choreographer#onVsync 12763982",15.542000,0.010000,0
0,"request-first","oelseisfree.app","Choreographer#doFrame 12763982",15.626000,12.021000,0
0,"request-first","oelseisfree.app","animation",15.637000,10.110000,1
0,"request-first","oelseisfree.app","MountItemDispatcher::mountViews mountItems to execute",15.692000,1.384000,2
0,"request-first","oelseisfree.app","IntBufferBatchMountItem::mountViews",15.703000,1.371000,3
0,"request-first","oelseisfree.app","IntBufferBatchMountItem::mountInstructions::UPDATE_PROPS numInstructions=44",15.711000,1.360000,4
0,"request-first","oelseisfree.app","[ExpoImage] rerenderIfNeeded(shouldRerenderBecauseOfResize=false,force=false)",16.742000,0.033000,5
0,"request-first","oelseisfree.app","Choreographer#scheduleVsyncLocked",17.100000,2.376000,2
0,"request-first","oelseisfree.app","MountItemDispatcher::mountViews mountItems to execute",21.723000,3.789000,2
0,"request-first","oelseisfree.app","IntBufferBatchMountItem::mountViews",21.742000,3.765000,3
0,"request-first","oelseisfree.app","IntBufferBatchMountItem::mountInstructions::UPDATE_PROPS numInstructions=44",21.757000,3.745000,4
0,"request-first","RenderThread","auto skgpu::ganesh::OpsTask::onPrepare(GrOpFlushState *)::(anonymous class)::operator()() const",22.567000,0.031000,3
0,"request-first","RenderThread","FillRectOp",22.569000,0.005000,4
0,"request-first","RenderThread","FillRectOp",22.575000,0.001000,4
0,"request-first","RenderThread","FillRectOp",22.576000,0.001000,4
0,"request-first","RenderThread","TextureOp",22.584000,0.003000,4
0,"request-first","RenderThread","AtlasTextOp",22.588000,0.007000,4
0,"request-first","RenderThread","FillRectOp",22.596000,0.001000,4
0,"request-first","RenderThread","auto skgpu::ganesh::OpsTask::onPrepare(GrOpFlushState *)::(anonymous class)::operator()() const",22.598000,0.007000,3
0,"request-first","RenderThread","FillRectOp",22.598000,0.001000,4
0,"request-first","RenderThread","FillRectOp",22.600000,0.001000,4
0,"request-first","RenderThread","TextureOp",22.601000,0.001000,4
0,"request-first","RenderThread","AtlasTextOp",22.602000,0.001000,4
0,"request-first","RenderThread","FillRectOp",22.604000,0.001000,4
0,"request-first","RenderThread","auto skgpu::ganesh::OpsTask::onPrepare(GrOpFlushState *)::(anonymous class)::operator()() const",22.605000,0.007000,3
0,"request-first","RenderThread","FillRectOp",22.606000,0.001000,4
0,"request-first","RenderThread","FillRectOp",22.607000,0.001000,4
0,"request-first","RenderThread","TextureOp",22.608000,0.001000,4
0,"request-first","RenderThread","AtlasTextOp",22.610000,0.001000,4
0,"request-first","RenderThread","FillRectOp",22.611000,0.001000,4
0,"request-first","RenderThread","auto skgpu::ganesh::OpsTask::onExecute(GrOpFlushState *)::(anonymous class)::operator()() const",22.827000,0.091000,3
0,"request-first","RenderThread","FillRectOp",22.840000,0.034000,4
0,"request-first","RenderThread","FillRectOp",22.874000,0.013000,4
0,"request-first","RenderThread","FillRectOp",22.889000,0.003000,4
0,"request-first","RenderThread","TextureOp",22.892000,0.006000,4
0,"request-first","RenderThread","AtlasTextOp",22.898000,0.011000,4
0,"request-first","RenderThread","FillRectOp",22.910000,0.007000,4
0,"request-first","RenderThread","auto skgpu::ganesh::OpsTask::onExecute(GrOpFlushState *)::(anonymous class)::operator()() const",22.919000,0.028000,3
0,"request-first","RenderThread","FillRectOp",22.920000,0.002000,4
0,"request-first","RenderThread","FillRectOp",22.923000,0.001000,4
0,"request-first","RenderThread","TextureOp",22.925000,0.009000,4
0,"request-first","RenderThread","AtlasTextOp",22.936000,0.006000,4
0,"request-first","RenderThread","FillRectOp",22.942000,0.004000,4
0,"request-first","RenderThread","auto skgpu::ganesh::OpsTask::onExecute(GrOpFlushState *)::(anonymous class)::operator()() const",22.948000,0.017000,3
0,"request-first","RenderThread","FillRectOp",22.949000,0.002000,4
0,"request-first","RenderThread","FillRectOp",22.952000,0.001000,4
0,"request-first","RenderThread","TextureOp",22.954000,0.003000,4
0,"request-first","RenderThread","AtlasTextOp",22.958000,0.003000,4
0,"request-first","RenderThread","FillRectOp",22.961000,0.003000,4
0,"request-first","RenderThread","flush commands",23.518000,0.657000,2
0,"request-first","RenderThread","auto skgpu::ganesh::OpsTask::onPrepare(GrOpFlushState *)::(anonymous class)::operator()() const",23.527000,0.025000,3
0,"request-first","RenderThread","Clear",23.527000,0.001000,4
0,"request-first","RenderThread","AtlasTextOp",23.528000,0.006000,4
0,"request-first","RenderThread","TextureOp",23.534000,0.001000,4
0,"request-first","RenderThread","TextureOp",23.536000,0.001000,4
0,"request-first","RenderThread","TextureOp",23.537000,0.001000,4
0,"request-first","RenderThread","TextureOp",23.538000,0.001000,4
0,"request-first","RenderThread","TextureOp",23.539000,0.001000,4
0,"request-first","RenderThread","TextureOp",23.540000,0.001000,4
0,"request-first","RenderThread","CircularRRectOp",23.541000,0.003000,4
0,"request-first","RenderThread","CircularRRectOp",23.544000,0.001000,4
0,"request-first","RenderThread","CircularRRectOp",23.545000,0.001000,4
0,"request-first","RenderThread","AtlasTextOp",23.547000,0.001000,4
0,"request-first","RenderThread","FillRectOp",23.548000,0.001000,4
0,"request-first","RenderThread","TextureOp",23.550000,0.001000,4
0,"request-first","RenderThread","TextureOp",23.551000,0.001000,4
0,"request-first","RenderThread","auto skgpu::ganesh::OpsTask::onExecute(GrOpFlushState *)::(anonymous class)::operator()() const",24.087000,0.080000,3
0,"request-first","RenderThread","Clear",24.092000,0.002000,4
0,"request-first","RenderThread","AtlasTextOp",24.095000,0.012000,4
0,"request-first","RenderThread","TextureOp",24.107000,0.015000,4
0,"request-first","RenderThread","TextureOp",24.122000,0.002000,4
0,"request-first","RenderThread","TextureOp",24.125000,0.002000,4
0,"request-first","RenderThread","TextureOp",24.127000,0.002000,4
0,"request-first","RenderThread","TextureOp",24.130000,0.001000,4
0,"request-first","RenderThread","TextureOp",24.132000,0.002000,4
0,"request-first","RenderThread","CircularRRectOp",24.134000,0.006000,4
0,"request-first","RenderThread","CircularRRectOp",24.141000,0.005000,4
0,"request-first","RenderThread","CircularRRectOp",24.146000,0.002000,4
0,"request-first","RenderThread","AtlasTextOp",24.149000,0.003000,4
0,"request-first","RenderThread","FillRectOp",24.153000,0.005000,4
0,"request-first","RenderThread","TextureOp",24.158000,0.005000,4
0,"request-first","RenderThread","TextureOp",24.163000,0.003000,4
0,"request-first","RenderThread","frameTimelineInfo(frameNumber=91, vsyncId=12763974, inputEventId=0x0)",24.189000,0.005000,2
0,"request-first","RenderThread","dispatchSetFrameTimelineInfo",24.191000,0.003000,3
0,"request-first","RenderThread","setFrameTimelineInfo(VRI[MainActivity]#0) frameNumber: 91 vsyncId: 12763974",24.192000,0.001000,4
0,"request-first","RenderThread","eglSwapBuffersWithDamageKHR",24.198000,2.081000,2
0,"request-first","RenderThread","setSurfaceDamage",24.203000,0.001000,3
0,"request-first","RenderThread","queueBuffer",24.573000,1.615000,3
0,"request-first","RenderThread","applyGrallocMetadataLocked",24.579000,0.006000,4
0,"request-first","RenderThread","queueBuffer",24.587000,1.563000,4
0,"request-first","RenderThread","VRI[MainActivity]#0(BLAST Consumer)0: 0",24.588000,0.001000,5
0,"request-first","RenderThread","addAndGetFrameTimestamps",24.596000,0.051000,5
0,"request-first","RenderThread","onFrameAvailable - VRI[MainActivity]#0(f:0,a:1)",24.649000,1.499000,5
0,"request-first","RenderThread","acquireBuffer",24.653000,0.004000,6
0,"request-first","RenderThread","VRI[MainActivity]#0(BLAST Consumer)0: 0",24.654000,0.001000,7
0,"request-first","RenderThread","acquireNextBufferLocked - VRI[MainActivity]#0(f:0,a:1)frame=91",24.658000,1.489000,6
0,"request-first","RenderThread","Transaction::setFrameTimelineInfo frameNumber: 91 vsyncId: 12763974",24.678000,0.000000,7
0,"request-first","oelseisfree.app","[ExpoImage] rerenderIfNeeded(shouldRerenderBecauseOfResize=false,force=false)",25.172000,0.026000,5
0,"request-first","oelseisfree.app","BatchEventDispatchedListeners",25.738000,0.005000,2
0,"request-first","oelseisfree.app","traversal",25.750000,1.807000,1
0,"request-first","oelseisfree.app","draw-VRI[MainActivity]",25.894000,1.657000,2
0,"request-first","oelseisfree.app","Record View#draw()",25.902000,0.725000,3
0,"request-first","RenderThread","Trace GPU completion fence 4",26.181000,0.006000,4
0,"request-first","RenderThread","dequeueBuffer - VRI[MainActivity]#0(BLAST Consumer)0",26.190000,0.010000,3
0,"request-first","RenderThread","dequeueBuffer",26.191000,0.005000,4
0,"request-first","RenderThread","VRI[MainActivity]#0(BLAST Consumer)0: 2",26.193000,0.000000,5
0,"request-first","RenderThread","addAndGetFrameTimestamps",26.195000,0.001000,5
0,"request-first","RenderThread","HWC release fence 4 has signaled",26.199000,0.001000,4
0,"request-first","RenderThread","reportMetricsWithPresentTime",26.290000,0.020000,2
0,"request-first","RenderThread","getFrameTimestamps",26.291000,0.001000,3
0,"request-first","RenderThread","dumpingMemoryStatistics",26.312000,0.011000,2
0,"request-first","oelseisfree.app","postAndWait",26.638000,0.910000,3
0,"request-first","RenderThread","DrawFrames 12763982",26.654000,17.416000,0
0,"request-first","RenderThread","query",26.657000,0.003000,1
0,"request-first","RenderThread","query",26.658000,0.001000,2
0,"request-first","RenderThread","query",26.660000,0.001000,1
0,"request-first","RenderThread","query",26.660000,0.001000,2
0,"request-first","RenderThread","syncFrameState",26.662000,0.877000,1
0,"request-first","RenderThread","prepareTree",26.725000,0.459000,2
0,"request-first","oelseisfree.app","Choreographer#onVsync 12763990",27.932000,0.026000,0
0,"request-first","RenderThread","eglBeginFrame",30.866000,0.003000,1
0,"request-first","RenderThread","Drawing  0.00  0.00 720.00 1600.00",30.877000,13.192000,1
0,"request-first","RenderThread","drawLayer [RNCMaskedView] 140.0 x 66.0",31.071000,0.084000,2
0,"request-first","RenderThread","flush layers",31.157000,0.471000,2
0,"request-first","RenderThread","auto skgpu::ganesh::OpsTask::onPrepare(GrOpFlushState *)::(anonymous class)::operator()() const",31.172000,0.022000,3
0,"request-first","RenderThread","FillRectOp",31.174000,0.007000,4
0,"request-first","RenderThread","FillRectOp",31.182000,0.001000,4
0,"request-first","RenderThread","FillRectOp",31.184000,0.001000,4
0,"request-first","RenderThread","TextureOp",31.185000,0.002000,4
0,"request-first","RenderThread","AtlasTextOp",31.188000,0.004000,4
0,"request-first","RenderThread","FillRectOp",31.193000,0.001000,4
0,"request-first","RenderThread","auto skgpu::ganesh::OpsTask::onExecute(GrOpFlushState *)::(anonymous class)::operator()() const",31.541000,0.077000,3
0,"request-first","RenderThread","FillRectOp",31.553000,0.030000,4
0,"request-first","RenderThread","FillRectOp",31.584000,0.005000,4
0,"request-first","RenderThread","FillRectOp",31.590000,0.002000,4
0,"request-first","RenderThread","TextureOp",31.593000,0.006000,4
0,"request-first","RenderThread","AtlasTextOp",31.599000,0.012000,4
0,"request-first","RenderThread","FillRectOp",31.611000,0.006000,4
0,"request-first","RenderThread","flush commands",31.831000,11.446000,2
0,"request-first","RenderThread","auto skgpu::ganesh::OpsTask::onPrepare(GrOpFlushState *)::(anonymous class)::operator()() const",31.838000,0.174000,3
0,"request-first","RenderThread","Clear",31.839000,0.000000,4
0,"request-first","RenderThread","AtlasTextOp",31.840000,0.005000,4
0,"request-first","RenderThread","TextureOp",31.845000,0.001000,4
0,"request-first","RenderThread","TextureOp",31.846000,0.001000,4
0,"request-first","RenderThread","TextureOp",31.847000,0.001000,4
0,"request-first","RenderThread","TextureOp",31.848000,0.001000,4
0,"request-first","RenderThread","TextureOp",31.849000,0.001000,4
0,"request-first","RenderThread","TextureOp",31.850000,0.001000,4
0,"request-first","RenderThread","CircularRRectOp",31.851000,0.003000,4
0,"request-first","RenderThread","CircularRRectOp",31.992000,0.005000,4
0,"request-first","RenderThread","CircularRRectOp",31.997000,0.001000,4
0,"request-first","RenderThread","AtlasTextOp",31.999000,0.005000,4
0,"request-first","RenderThread","FillRectOp",32.005000,0.002000,4
0,"request-first","RenderThread","TextureOp",32.008000,0.002000,4
0,"request-first","RenderThread","TextureOp",32.011000,0.001000,4
0,"request-first","oelseisfree.app","MountItemDispatcher::mountViews mountItems to execute",36.378000,0.369000,0
0,"request-first","oelseisfree.app","IntBufferBatchMountItem::mountViews",36.390000,0.356000,1
0,"request-first","oelseisfree.app","IntBufferBatchMountItem::mountInstructions::UPDATE_PROPS numInstructions=3",36.406000,0.337000,2
0,"request-first","oelseisfree.app","Choreographer#doFrame 12763990",36.824000,8.247000,0
0,"request-first","oelseisfree.app","animation",36.829000,3.928000,1
0,"request-first","oelseisfree.app","Choreographer#scheduleVsyncLocked",36.841000,2.693000,2
0,"request-first","oelseisfree.app","MountItemDispatcher::mountViews mountItems to execute",40.298000,0.377000,2
0,"request-first","oelseisfree.app","IntBufferBatchMountItem::mountViews",40.306000,0.367000,3
0,"request-first","oelseisfree.app","IntBufferBatchMountItem::mountInstructions::UPDATE_PROPS numInstructions=6",40.313000,0.355000,4
0,"request-first","oelseisfree.app","BatchEventDispatchedListeners",40.746000,0.007000,2
0,"request-first","oelseisfree.app","traversal",40.760000,4.303000,1
0,"request-first","oelseisfree.app","draw-VRI[MainActivity]",40.818000,4.220000,2
0,"request-first","oelseisfree.app","Record View#draw()",40.825000,0.130000,3
0,"request-first","oelseisfree.app","postAndWait",40.958000,4.076000,3
0,"request-first","RenderThread","auto skgpu::ganesh::OpsTask::onExecute(GrOpFlushState *)::(anonymous class)::operator()() const",43.095000,0.162000,3
0,"request-first","RenderThread","Clear",43.109000,0.007000,4
0,"request-first","RenderThread","AtlasTextOp",43.118000,0.034000,4
0,"request-first","RenderThread","TextureOp",43.153000,0.015000,4
0,"request-first","RenderThread","TextureOp",43.169000,0.008000,4
0,"request-first","RenderThread","TextureOp",43.177000,0.005000,4
0,"request-first","RenderThread","TextureOp",43.185000,0.005000,4
0,"request-first","RenderThread","TextureOp",43.191000,0.002000,4
0,"request-first","RenderThread","TextureOp",43.193000,0.002000,4
0,"request-first","RenderThread","CircularRRectOp",43.196000,0.011000,4
0,"request-first","RenderThread","CircularRRectOp",43.208000,0.010000,4
0,"request-first","RenderThread","CircularRRectOp",43.219000,0.003000,4
0,"request-first","RenderThread","AtlasTextOp",43.222000,0.005000,4
0,"request-first","RenderThread","FillRectOp",43.228000,0.006000,4
0,"request-first","RenderThread","TextureOp",43.235000,0.015000,4
0,"request-first","RenderThread","TextureOp",43.251000,0.006000,4
0,"request-first","RenderThread","frameTimelineInfo(frameNumber=92, vsyncId=12763982, inputEventId=0x0)",43.292000,0.005000,2
0,"request-first","RenderThread","dispatchSetFrameTimelineInfo",43.294000,0.003000,3
0,"request-first","RenderThread","setFrameTimelineInfo(VRI[MainActivity]#0) frameNumber: 92 vsyncId: 12763982",43.296000,0.001000,4
0,"request-first","RenderThread","eglSwapBuffersWithDamageKHR",43.301000,0.734000,2
0,"request-first","RenderThread","setSurfaceDamage",43.308000,0.002000,3
0,"request-first","RenderThread","queueBuffer",43.560000,0.414000,3
0,"request-first","RenderThread","applyGrallocMetadataLocked",43.678000,0.009000,4
0,"request-first","RenderThread","queueBuffer",43.688000,0.243000,4
0,"request-first","RenderThread","VRI[MainActivity]#0(BLAST Consumer)0: 2",43.689000,0.000000,5
0,"request-first","RenderThread","addAndGetFrameTimestamps",43.695000,0.027000,5
0,"request-first","RenderThread","onFrameAvailable - VRI[MainActivity]#0(f:0,a:1)",43.724000,0.207000,5
0,"request-first","RenderThread","acquireBuffer",43.727000,0.003000,6
0,"request-first","RenderThread","VRI[MainActivity]#0(BLAST Consumer)0: 2",43.728000,0.000000,7
0,"request-first","RenderThread","acquireNextBufferLocked - VRI[MainActivity]#0(f:0,a:1)frame=92",43.731000,0.198000,6
0,"request-first","RenderThread","Transaction::setFrameTimelineInfo frameNumber: 92 vsyncId: 12763982",43.745000,0.000000,7
0,"request-first","RenderThread","Trace GPU completion fence 5",43.957000,0.009000,4
0,"request-first","RenderThread","dequeueBuffer - VRI[MainActivity]#0(BLAST Consumer)0",43.977000,0.030000,3
0,"request-first","RenderThread","dequeueBuffer",43.978000,0.005000,4
0,"request-first","RenderThread","VRI[MainActivity]#0(BLAST Consumer)0: 1",43.979000,0.001000,5
0,"request-first","RenderThread","addAndGetFrameTimestamps",43.981000,0.001000,5
0,"request-first","RenderThread","Trace HWC release fence 5",43.984000,0.020000,4
0,"request-first","RenderThread","reportMetricsWithPresentTime",44.039000,0.021000,2
0,"request-first","RenderThread","getFrameTimestamps",44.040000,0.001000,3
0,"request-first","RenderThread","dumpingMemoryStatistics",44.062000,0.007000,2
0,"request-first","RenderThread","notifyFramePending",44.077000,0.001000,0
0,"request-first","RenderThread","DrawFrames 12763990",44.078000,1.367000,0
0,"request-first","RenderThread","query",44.080000,0.002000,1
0,"request-first","RenderThread","query",44.081000,0.001000,2
0,"request-first","RenderThread","query",44.082000,0.003000,1
0,"request-first","RenderThread","query",44.083000,0.001000,2
0,"request-first","RenderThread","syncFrameState",44.087000,0.366000,1
0,"request-first","RenderThread","prepareTree",44.138000,0.313000,2
0,"request-first","RenderThread","eglBeginFrame",44.461000,0.001000,1
0,"request-first","RenderThread","Drawing  0.00  0.00 720.00 1600.00",44.464000,0.981000,1
0,"request-first","oelseisfree.app","Choreographer#onVsync 12763997",45.107000,0.008000,0
0,"request-first","oelseisfree.app","Choreographer#doFrame 12763997",45.148000,0.297000,0
0,"request-first","oelseisfree.app","animation",45.151000,0.294000,1
0,"request-first","oelseisfree.app","Choreographer#scheduleVsyncLocked",45.174000,0.049000,2
0,"second-third","RenderThread","DrawFrames 12763997",0.000000,67.100000,0
0,"second-third","RenderThread","Drawing  0.00  0.00 720.00 1600.00",0.000000,67.099000,1
0,"second-third","RenderThread","flush layers",0.000000,7.175000,2
0,"second-third","oelseisfree.app","Choreographer#doFrame 12764005",0.000000,80.790000,0
0,"second-third","oelseisfree.app","animation",0.000000,2.297000,1
0,"second-third","oelseisfree.app","MountItemDispatcher::mountViews mountItems to execute",0.704000,1.521000,2
0,"second-third","oelseisfree.app","IntBufferBatchMountItem::mountViews",0.716000,1.508000,3
0,"second-third","oelseisfree.app","IntBufferBatchMountItem::mountInstructions::UPDATE_PROPS numInstructions=6",0.726000,1.494000,4
0,"second-third","oelseisfree.app","BatchEventDispatchedListeners",2.292000,0.004000,2
0,"second-third","oelseisfree.app","traversal",2.299000,78.475000,1
0,"second-third","oelseisfree.app","draw-VRI[MainActivity]",2.366000,78.384000,2
0,"second-third","oelseisfree.app","Record View#draw()",2.385000,0.209000,3
0,"second-third","oelseisfree.app","postAndWait",2.600000,78.144000,3
0,"second-third","RenderThread","auto skgpu::ganesh::OpsTask::onExecute(GrOpFlushState *)::(anonymous class)::operator()() const",4.385000,2.773000,3
0,"second-third","RenderThread","Clear",4.408000,0.008000,4
0,"second-third","RenderThread","AtlasTextOp",4.417000,2.673000,4
0,"second-third","RenderThread","TextureOp",7.092000,0.016000,4
0,"second-third","RenderThread","TextureOp",7.108000,0.004000,4
0,"second-third","RenderThread","TextureOp",7.112000,0.003000,4
0,"second-third","RenderThread","TextureOp",7.116000,0.001000,4
0,"second-third","RenderThread","TextureOp",7.118000,0.002000,4
0,"second-third","RenderThread","CircularRRectOp",7.121000,0.007000,4
0,"second-third","RenderThread","CircularRRectOp",7.129000,0.005000,4
0,"second-third","RenderThread","CircularRRectOp",7.135000,0.002000,4
0,"second-third","RenderThread","AtlasTextOp",7.138000,0.004000,4
0,"second-third","RenderThread","FillRectOp",7.143000,0.006000,4
0,"second-third","RenderThread","TextureOp",7.149000,0.008000,4
0,"second-third","RenderThread","flush commands",8.110000,57.857000,2
0,"second-third","RenderThread","auto skgpu::ganesh::OpsTask::onPrepare(GrOpFlushState *)::(anonymous class)::operator()() const",14.201000,0.018000,3
0,"second-third","RenderThread","FillRectOp",14.211000,0.006000,4
0,"second-third","RenderThread","FillRectOp",14.218000,0.001000,4
0,"second-third","RenderThread","auto skgpu::ganesh::OpsTask::onPrepare(GrOpFlushState *)::(anonymous class)::operator()() const",14.220000,0.003000,3
0,"second-third","RenderThread","FillRectOp",14.221000,0.001000,4
0,"second-third","RenderThread","FillRectOp",14.222000,0.001000,4
0,"second-third","RenderThread","auto skgpu::ganesh::OpsTask::onPrepare(GrOpFlushState *)::(anonymous class)::operator()() const",14.224000,0.002000,3
0,"second-third","RenderThread","FillRectOp",14.224000,0.001000,4
0,"second-third","RenderThread","auto skgpu::ganesh::OpsTask::onPrepare(GrOpFlushState *)::(anonymous class)::operator()() const",14.226000,0.021000,3
0,"second-third","RenderThread","PathStencilCoverOp",14.227000,0.017000,4
0,"second-third","RenderThread","FillRectOp",14.245000,0.001000,4
0,"second-third","RenderThread","auto skgpu::ganesh::OpsTask::onPrepare(GrOpFlushState *)::(anonymous class)::operator()() const",14.248000,0.906000,3
0,"second-third","RenderThread","TextureOp",14.250000,0.004000,4
0,"second-third","RenderThread","FillRRectOp",14.264000,0.881000,4
0,"second-third","RenderThread","TextureOp",15.148000,0.003000,4
0,"second-third","RenderThread","FillRectOp",15.152000,0.001000,4
0,"second-third","RenderThread","driver_compile_shader",16.321000,1.468000,3
0,"second-third","RenderThread","driver_compile_shader",18.229000,1.067000,3
0,"second-third","RenderThread","auto skgpu::ganesh::OpsTask::onExecute(GrOpFlushState *)::(anonymous class)::operator()() const",34.322000,15.501000,3
0,"second-third","RenderThread","FillRectOp",34.328000,6.892000,4
0,"second-third","RenderThread","shader_compile",34.350000,6.824000,5
0,"second-third","RenderThread","ShaderCache::load",34.363000,0.008000,6
0,"second-third","RenderThread","cache_miss",35.095000,4.010000,6
0,"second-third","RenderThread","driver_compile_shader",35.464000,0.689000,7
0,"second-third","RenderThread","driver_compile_shader",36.265000,0.314000,7
0,"second-third","RenderThread","driver_link_program",36.584000,2.520000,7
0,"second-third","RenderThread","ShaderCache::store",41.130000,0.022000,6
0,"second-third","RenderThread","HWUI RAM cache: 22 shaders",41.147000,0.001000,7
0,"second-third","RenderThread","FillRectOp",41.222000,8.596000,4
0,"second-third","RenderThread","shader_compile",41.228000,8.563000,5
0,"second-third","RenderThread","ShaderCache::load",41.230000,0.001000,6
0,"second-third","RenderThread","cache_miss",42.589000,6.285000,6
0,"second-third","RenderThread","driver_compile_shader",42.825000,0.490000,7
0,"second-third","RenderThread","driver_compile_shader",43.357000,0.253000,7
0,"second-third","RenderThread","driver_link_program",43.617000,5.257000,7
0,"second-third","RenderThread","ShaderCache::store",49.758000,0.004000,6
0,"second-third","RenderThread","HWUI RAM cache: 23 shaders",49.761000,0.001000,7
0,"second-third","RenderThread","auto skgpu::ganesh::OpsTask::onExecute(GrOpFlushState *)::(anonymous class)::operator()() const",49.827000,7.445000,3
0,"second-third","RenderThread","FillRectOp",49.834000,7.408000,4
0,"second-third","RenderThread","shader_compile",49.840000,7.371000,5
0,"second-third","RenderThread","ShaderCache::load",49.842000,0.001000,6
0,"second-third","RenderThread","cache_miss",52.470000,3.381000,6
0,"second-third","RenderThread","driver_compile_shader",52.778000,0.722000,7
0,"second-third","RenderThread","driver_compile_shader",53.546000,0.522000,7
0,"second-third","RenderThread","driver_link_program",54.075000,1.775000,7
0,"second-third","RenderThread","ShaderCache::store",57.182000,0.004000,6
0,"second-third","RenderThread","HWUI RAM cache: 24 shaders",57.184000,0.001000,7
0,"second-third","RenderThread","FillRectOp",57.248000,0.021000,4
0,"second-third","RenderThread","auto skgpu::ganesh::OpsTask::onExecute(GrOpFlushState *)::(anonymous class)::operator()() const",57.275000,4.326000,3
0,"second-third","RenderThread","FillRectOp",57.283000,4.316000,4
0,"second-third","RenderThread","shader_compile",57.286000,4.285000,5
0,"second-third","RenderThread","ShaderCache::load",57.290000,0.001000,6
0,"second-third","RenderThread","cache_miss",57.840000,3.101000,6
0,"second-third","RenderThread","driver_compile_shader",57.979000,0.426000,7
0,"second-third","RenderThread","driver_compile_shader",58.450000,0.265000,7
0,"second-third","RenderThread","driver_link_program",58.721000,2.219000,7
0,"second-third","RenderThread","ShaderCache::store",61.554000,0.003000,6
0,"second-third","RenderThread","HWUI RAM cache: 25 shaders",61.556000,0.001000,7
0,"second-third","RenderThread","auto skgpu::ganesh::OpsTask::onExecute(GrOpFlushState *)::(anonymous class)::operator()() const",61.603000,0.045000,3
0,"second-third","RenderThread","PathStencilCoverOp",61.609000,0.027000,4
0,"second-third","RenderThread","FillRectOp",61.641000,0.008000,4
0,"second-third","RenderThread","auto skgpu::ganesh::OpsTask::onExecute(GrOpFlushState *)::(anonymous class)::operator()() const",61.653000,4.269000,3
0,"second-third","RenderThread","TextureOp",61.655000,0.008000,4
0,"second-third","RenderThread","FillRRectOp",61.663000,4.227000,4
0,"second-third","RenderThread","shader_compile",61.665000,4.206000,5
0,"second-third","RenderThread","ShaderCache::load",61.667000,0.001000,6
0,"second-third","RenderThread","cache_miss",62.078000,3.223000,6
0,"second-third","RenderThread","driver_compile_shader",62.187000,0.566000,7
0,"second-third","RenderThread","driver_compile_shader",62.990000,0.787000,7
0,"second-third","RenderThread","driver_link_program",63.788000,1.513000,7
0,"second-third","RenderThread","ShaderCache::store",65.853000,0.003000,6
0,"second-third","RenderThread","HWUI RAM cache: 26 shaders",65.855000,0.001000,7
0,"second-third","RenderThread","TextureOp",65.892000,0.024000,4
0,"second-third","RenderThread","FillRectOp",65.917000,0.004000,4
0,"second-third","RenderThread","frameTimelineInfo(frameNumber=94, vsyncId=12763997, inputEventId=0x0)",65.998000,0.007000,2
0,"second-third","RenderThread","dispatchSetFrameTimelineInfo",66.000000,0.005000,3
0,"second-third","RenderThread","setFrameTimelineInfo(VRI[MainActivity]#0) frameNumber: 94 vsyncId: 12763997",66.003000,0.001000,4
0,"second-third","RenderThread","eglSwapBuffersWithDamageKHR",66.010000,1.032000,2
0,"second-third","RenderThread","setSurfaceDamage",66.016000,0.002000,3
0,"second-third","RenderThread","queueBuffer",66.551000,0.455000,3
0,"second-third","RenderThread","applyGrallocMetadataLocked",66.559000,0.006000,4
0,"second-third","RenderThread","queueBuffer",66.566000,0.412000,4
0,"second-third","RenderThread","VRI[MainActivity]#0(BLAST Consumer)0: 0",66.568000,0.000000,5
0,"second-third","RenderThread","addAndGetFrameTimestamps",66.574000,0.019000,5
0,"second-third","RenderThread","onFrameAvailable - VRI[MainActivity]#0(f:0,a:1)",66.594000,0.383000,5
0,"second-third","RenderThread","acquireBuffer",66.597000,0.003000,6
0,"second-third","RenderThread","VRI[MainActivity]#0(BLAST Consumer)0: 0",66.598000,0.000000,7
0,"second-third","RenderThread","acquireNextBufferLocked - VRI[MainActivity]#0(f:0,a:1)frame=94",66.602000,0.375000,6
0,"second-third","RenderThread","Transaction::setFrameTimelineInfo frameNumber: 94 vsyncId: 12763997",66.617000,0.000000,7
0,"second-third","RenderThread","Trace GPU completion fence 7",67.000000,0.005000,4
0,"second-third","RenderThread","dequeueBuffer - VRI[MainActivity]#0(BLAST Consumer)0",67.008000,0.010000,3
0,"second-third","RenderThread","dequeueBuffer",67.009000,0.005000,4
0,"second-third","RenderThread","VRI[MainActivity]#0(BLAST Consumer)0: 2",67.011000,0.001000,5
0,"second-third","RenderThread","addAndGetFrameTimestamps",67.012000,0.001000,5
0,"second-third","RenderThread","HWC release fence 7 has signaled",67.016000,0.001000,4
0,"second-third","RenderThread","reportMetricsWithPresentTime",67.057000,0.031000,2
0,"second-third","RenderThread","getFrameTimestamps",67.060000,0.001000,3
0,"second-third","RenderThread","dumpingMemoryStatistics",67.090000,0.008000,2
0,"second-third","RenderThread","notifyFramePending",67.113000,0.001000,0
0,"second-third","RenderThread","DrawFrames 12764005",67.115000,14.432000,0
0,"second-third","RenderThread","query",67.117000,0.002000,1
0,"second-third","RenderThread","query",67.118000,0.001000,2
0,"second-third","RenderThread","query",67.120000,0.001000,1
0,"second-third","RenderThread","query",67.120000,0.001000,2
0,"second-third","RenderThread","syncFrameState",67.122000,3.359000,1
0,"second-third","RenderThread","prepareTree",67.200000,3.279000,2
0,"second-third","RenderThread","eglBeginFrame",70.496000,0.001000,1
0,"second-third","RenderThread","Drawing  0.00  0.00 720.00 1600.00",70.500000,11.048000,1
0,"second-third","RenderThread","flush commands",70.630000,10.917000,2
0,"second-third","RenderThread","auto skgpu::ganesh::OpsTask::onPrepare(GrOpFlushState *)::(anonymous class)::operator()() const",70.643000,0.010000,3
0,"second-third","RenderThread","PathStencilCoverOp",70.644000,0.006000,4
0,"second-third","RenderThread","FillRectOp",70.650000,0.002000,4
0,"second-third","RenderThread","auto skgpu::ganesh::OpsTask::onPrepare(GrOpFlushState *)::(anonymous class)::operator()() const",70.653000,0.007000,3
0,"second-third","RenderThread","TextureOp",70.654000,0.001000,4
0,"second-third","RenderThread","FillRRectOp",70.656000,0.002000,4
0,"second-third","RenderThread","TextureOp",70.659000,0.001000,4
0,"second-third","RenderThread","FillRectOp",70.660000,0.001000,4
0,"second-third","oelseisfree.app","Choreographer#onVsync 12764013",80.865000,0.016000,0
0,"second-third","oelseisfree.app","Choreographer#doFrame 12764013",80.964000,0.584000,0
0,"second-third","oelseisfree.app","Choreographer#doFrame - resynced to 12764018 in 20.2ms",80.994000,0.554000,1
0,"second-third","oelseisfree.app","animation",80.996000,0.552000,2
0,"second-third","oelseisfree.app","Choreographer#scheduleVsyncLocked",81.057000,0.156000,3
1,"first-second","oelseisfree.app","Choreographer#doFrame 12765393",0.000000,1.861000,0
1,"first-second","oelseisfree.app","animation",0.000000,0.901000,1
1,"first-second","oelseisfree.app","BatchEventDispatchedListeners",0.890000,0.006000,2
1,"first-second","oelseisfree.app","traversal",0.905000,0.953000,1
1,"first-second","oelseisfree.app","draw-VRI[MainActivity]",0.990000,0.863000,2
1,"first-second","oelseisfree.app","Record View#draw()",1.000000,0.384000,3
1,"first-second","oelseisfree.app","postAndWait",1.387000,0.464000,3
1,"first-second","RenderThread","DrawFrames 12765393",1.403000,10.974000,0
1,"first-second","RenderThread","query",1.405000,0.002000,1
1,"first-second","RenderThread","query",1.406000,0.001000,2
1,"first-second","RenderThread","query",1.407000,0.001000,1
1,"first-second","RenderThread","query",1.408000,0.001000,2
1,"first-second","RenderThread","syncFrameState",1.410000,0.419000,1
1,"first-second","RenderThread","prepareTree",1.491000,0.336000,2
1,"first-second","RenderThread","eglBeginFrame",2.510000,0.002000,1
1,"first-second","RenderThread","Drawing  0.00  0.00 720.00 1600.00",2.515000,9.862000,1
1,"first-second","RenderThread","flush commands",2.772000,9.605000,2
1,"first-second","RenderThread","auto skgpu::ganesh::OpsTask::onPrepare(GrOpFlushState *)::(anonymous class)::operator()() const",2.781000,0.030000,3
1,"first-second","RenderThread","Clear",2.782000,0.001000,4
1,"first-second","RenderThread","AtlasTextOp",2.783000,0.009000,4
1,"first-second","RenderThread","TextureOp",2.793000,0.001000,4
1,"first-second","RenderThread","TextureOp",2.794000,0.001000,4
1,"first-second","RenderThread","TextureOp",2.795000,0.001000,4
1,"first-second","RenderThread","TextureOp",2.796000,0.001000,4
1,"first-second","RenderThread","TextureOp",2.797000,0.001000,4
1,"first-second","RenderThread","TextureOp",2.798000,0.001000,4
1,"first-second","RenderThread","CircularRRectOp",2.800000,0.002000,4
1,"first-second","RenderThread","CircularRRectOp",2.802000,0.001000,4
1,"first-second","RenderThread","CircularRRectOp",2.804000,0.001000,4
1,"first-second","RenderThread","AtlasTextOp",2.805000,0.001000,4
1,"first-second","RenderThread","FillRectOp",2.807000,0.002000,4
1,"first-second","RenderThread","TextureOp",2.809000,0.001000,4
1,"first-second","RenderThread","TextureOp",2.810000,0.001000,4
1,"first-second","oelseisfree.app","[ExpoImage] onResourceReady",9.335000,1.168000,0
1,"first-second","oelseisfree.app","FabricEventEmitter.receiveEvent('topDisplay')",10.153000,0.021000,1
1,"first-second","oelseisfree.app","FabricEventEmitter.receiveEvent('topLoad')",11.271000,0.007000,0
1,"first-second","oelseisfree.app","Choreographer#onVsync 12765408",12.083000,0.006000,0
1,"first-second","oelseisfree.app","Choreographer#doFrame 12765408",12.093000,0.284000,0
1,"first-second","oelseisfree.app","animation",12.096000,0.281000,1
1,"first-second","oelseisfree.app","Choreographer#scheduleVsyncLocked",12.121000,0.015000,2
1,"first200","oelseisfree.app","Choreographer#doFrame 12765393",0.000000,1.861000,0
1,"first200","oelseisfree.app","animation",0.000000,0.901000,1
1,"first200","oelseisfree.app","BatchEventDispatchedListeners",0.890000,0.006000,2
1,"first200","oelseisfree.app","traversal",0.905000,0.953000,1
1,"first200","oelseisfree.app","draw-VRI[MainActivity]",0.990000,0.863000,2
1,"first200","oelseisfree.app","Record View#draw()",1.000000,0.384000,3
1,"first200","oelseisfree.app","postAndWait",1.387000,0.464000,3
1,"first200","RenderThread","DrawFrames 12765393",1.403000,14.737000,0
1,"first200","RenderThread","query",1.405000,0.002000,1
1,"first200","RenderThread","query",1.406000,0.001000,2
1,"first200","RenderThread","query",1.407000,0.001000,1
1,"first200","RenderThread","query",1.408000,0.001000,2
1,"first200","RenderThread","syncFrameState",1.410000,0.419000,1
1,"first200","RenderThread","prepareTree",1.491000,0.336000,2
1,"first200","RenderThread","eglBeginFrame",2.510000,0.002000,1
1,"first200","RenderThread","Drawing  0.00  0.00 720.00 1600.00",2.515000,13.623000,1
1,"first200","RenderThread","flush commands",2.772000,12.860000,2
1,"first200","RenderThread","auto skgpu::ganesh::OpsTask::onPrepare(GrOpFlushState *)::(anonymous class)::operator()() const",2.781000,0.030000,3
1,"first200","RenderThread","Clear",2.782000,0.001000,4
1,"first200","RenderThread","AtlasTextOp",2.783000,0.009000,4
1,"first200","RenderThread","TextureOp",2.793000,0.001000,4
1,"first200","RenderThread","TextureOp",2.794000,0.001000,4
1,"first200","RenderThread","TextureOp",2.795000,0.001000,4
1,"first200","RenderThread","TextureOp",2.796000,0.001000,4
1,"first200","RenderThread","TextureOp",2.797000,0.001000,4
1,"first200","RenderThread","TextureOp",2.798000,0.001000,4
1,"first200","RenderThread","CircularRRectOp",2.800000,0.002000,4
1,"first200","RenderThread","CircularRRectOp",2.802000,0.001000,4
1,"first200","RenderThread","CircularRRectOp",2.804000,0.001000,4
1,"first200","RenderThread","AtlasTextOp",2.805000,0.001000,4
1,"first200","RenderThread","FillRectOp",2.807000,0.002000,4
1,"first200","RenderThread","TextureOp",2.809000,0.001000,4
1,"first200","RenderThread","TextureOp",2.810000,0.001000,4
1,"first200","oelseisfree.app","[ExpoImage] onResourceReady",9.335000,1.168000,0
1,"first200","oelseisfree.app","FabricEventEmitter.receiveEvent('topDisplay')",10.153000,0.021000,1
1,"first200","oelseisfree.app","FabricEventEmitter.receiveEvent('topLoad')",11.271000,0.007000,0
1,"first200","oelseisfree.app","Choreographer#onVsync 12765408",12.083000,0.006000,0
1,"first200","oelseisfree.app","Choreographer#doFrame 12765408",12.093000,5.863000,0
1,"first200","oelseisfree.app","animation",12.096000,4.446000,1
1,"first200","oelseisfree.app","Choreographer#scheduleVsyncLocked",12.121000,0.015000,2
1,"first200","oelseisfree.app","MountItemDispatcher::mountViews mountItems to execute",14.687000,1.221000,2
1,"first200","oelseisfree.app","IntBufferBatchMountItem::mountViews",14.701000,1.204000,3
1,"first200","oelseisfree.app","IntBufferBatchMountItem::mountInstructions::UPDATE_PROPS numInstructions=44",14.717000,1.180000,4
1,"first200","RenderThread","auto skgpu::ganesh::OpsTask::onExecute(GrOpFlushState *)::(anonymous class)::operator()() const",15.518000,0.102000,3
1,"first200","RenderThread","Clear",15.526000,0.003000,4
1,"first200","RenderThread","AtlasTextOp",15.530000,0.028000,4
1,"first200","RenderThread","TextureOp",15.560000,0.011000,4
1,"first200","oelseisfree.app","[ExpoImage] rerenderIfNeeded(shouldRerenderBecauseOfResize=false,force=false)",15.563000,0.042000,5
1,"first200","RenderThread","TextureOp",15.571000,0.002000,4
1,"first200","RenderThread","TextureOp",15.574000,0.003000,4
1,"first200","RenderThread","TextureOp",15.577000,0.002000,4
1,"first200","RenderThread","TextureOp",15.580000,0.001000,4
1,"first200","RenderThread","TextureOp",15.581000,0.002000,4
1,"first200","RenderThread","CircularRRectOp",15.584000,0.006000,4
1,"first200","RenderThread","CircularRRectOp",15.591000,0.004000,4
1,"first200","RenderThread","CircularRRectOp",15.596000,0.002000,4
1,"first200","RenderThread","AtlasTextOp",15.598000,0.004000,4
1,"first200","RenderThread","FillRectOp",15.603000,0.005000,4
1,"first200","RenderThread","TextureOp",15.609000,0.006000,4
1,"first200","RenderThread","TextureOp",15.615000,0.004000,4
1,"first200","RenderThread","frameTimelineInfo(frameNumber=136, vsyncId=12765393, inputEventId=0x0)",15.641000,0.004000,2
1,"first200","RenderThread","dispatchSetFrameTimelineInfo",15.642000,0.003000,3
1,"first200","RenderThread","setFrameTimelineInfo(VRI[MainActivity]#0) frameNumber: 136 vsyncId: 12765393",15.643000,0.001000,4
1,"first200","RenderThread","eglSwapBuffersWithDamageKHR",15.648000,0.456000,2
1,"first200","RenderThread","setSurfaceDamage",15.651000,0.001000,3
1,"first200","RenderThread","queueBuffer",15.871000,0.196000,3
1,"first200","RenderThread","applyGrallocMetadataLocked",15.875000,0.007000,4
1,"first200","RenderThread","queueBuffer",15.884000,0.147000,4
1,"first200","RenderThread","VRI[MainActivity]#0(BLAST Consumer)0: 0",15.885000,0.000000,5
1,"first200","RenderThread","addAndGetFrameTimestamps",15.890000,0.050000,5
1,"first200","RenderThread","onFrameAvailable - VRI[MainActivity]#0(f:0,a:1)",15.941000,0.089000,5
1,"first200","RenderThread","acquireBuffer",15.944000,0.004000,6
1,"first200","RenderThread","VRI[MainActivity]#0(BLAST Consumer)0: 0",15.945000,0.000000,7
1,"first200","RenderThread","acquireNextBufferLocked - VRI[MainActivity]#0(f:0,a:1)frame=136",15.949000,0.080000,6
1,"first200","RenderThread","Transaction::setFrameTimelineInfo frameNumber: 136 vsyncId: 12765393",15.958000,0.000000,7
1,"first200","RenderThread","Trace GPU completion fence 49",16.061000,0.005000,4
1,"first200","RenderThread","dequeueBuffer - VRI[MainActivity]#0(BLAST Consumer)0",16.069000,0.009000,3
1,"first200","RenderThread","dequeueBuffer",16.070000,0.005000,4
1,"first200","RenderThread","VRI[MainActivity]#0(BLAST Consumer)0: 2",16.071000,0.001000,5
1,"first200","RenderThread","addAndGetFrameTimestamps",16.073000,0.001000,5
1,"first200","RenderThread","HWC release fence 49 has signaled",16.076000,0.001000,4
1,"first200","RenderThread","reportMetricsWithPresentTime",16.107000,0.013000,2
1,"first200","RenderThread","getFrameTimestamps",16.108000,0.002000,3
1,"first200","RenderThread","dumpingMemoryStatistics",16.128000,0.010000,2
1,"first200","RenderThread","notifyFramePending",16.145000,0.001000,0
1,"first200","oelseisfree.app","BatchEventDispatchedListeners",16.258000,0.225000,2
1,"first200","oelseisfree.app","traversal",16.544000,1.410000,1
1,"first200","oelseisfree.app","draw-VRI[MainActivity]",17.207000,0.743000,2
1,"first200","oelseisfree.app","Record View#draw()",17.218000,0.187000,3
1,"first200","oelseisfree.app","computePalette",17.364000,0.005000,4
1,"first200","oelseisfree.app","postAndWait",17.408000,0.541000,3
1,"first200","RenderThread","DrawFrames 12765408",17.420000,51.245000,0
1,"first200","RenderThread","query",17.422000,0.002000,1
1,"first200","RenderThread","query",17.423000,0.001000,2
1,"first200","RenderThread","query",17.424000,0.001000,1
1,"first200","RenderThread","query",17.425000,0.000000,2
1,"first200","RenderThread","syncFrameState",17.427000,0.334000,1
1,"first200","RenderThread","prepareTree",17.491000,0.268000,2
1,"first200","RenderThread","eglBeginFrame",17.903000,0.001000,1
1,"first200","RenderThread","Drawing  0.00  0.00 720.00 1600.00",17.908000,50.755000,1
1,"first200","RenderThread","drawLayer [ReactViewGroup] 720.0 x 1600.0",17.928000,0.128000,2
1,"first200","RenderThread","flush layers",18.062000,3.199000,2
1,"first200","RenderThread","auto skgpu::ganesh::OpsTask::onPrepare(GrOpFlushState *)::(anonymous class)::operator()() const",18.073000,0.025000,3
1,"first200","RenderThread","Clear",18.073000,0.001000,4
1,"first200","RenderThread","AtlasTextOp",18.074000,0.007000,4
1,"first200","RenderThread","TextureOp",18.082000,0.001000,4
1,"first200","RenderThread","TextureOp",18.083000,0.001000,4
1,"first200","RenderThread","TextureOp",18.084000,0.001000,4
1,"first200","RenderThread","TextureOp",18.086000,0.001000,4
1,"first200","RenderThread","TextureOp",18.087000,0.001000,4
1,"first200","RenderThread","CircularRRectOp",18.088000,0.002000,4
1,"first200","RenderThread","CircularRRectOp",18.090000,0.001000,4
1,"first200","RenderThread","CircularRRectOp",18.091000,0.001000,4
1,"first200","RenderThread","AtlasTextOp",18.093000,0.001000,4
1,"first200","RenderThread","FillRectOp",18.094000,0.002000,4
1,"first200","RenderThread","TextureOp",18.097000,0.001000,4
1,"first200","RenderThread","auto skgpu::ganesh::OpsTask::onExecute(GrOpFlushState *)::(anonymous class)::operator()() const",21.164000,0.086000,3
1,"first200","RenderThread","Clear",21.173000,0.002000,4
1,"first200","RenderThread","AtlasTextOp",21.176000,0.025000,4
1,"first200","RenderThread","TextureOp",21.201000,0.008000,4
1,"first200","RenderThread","TextureOp",21.210000,0.002000,4
1,"first200","RenderThread","TextureOp",21.213000,0.002000,4
1,"first200","RenderThread","TextureOp",21.216000,0.002000,4
1,"first200","RenderThread","TextureOp",21.218000,0.002000,4
1,"first200","RenderThread","CircularRRectOp",21.220000,0.006000,4
1,"first200","RenderThread","CircularRRectOp",21.227000,0.004000,4
1,"first200","RenderThread","CircularRRectOp",21.231000,0.002000,4
1,"first200","RenderThread","AtlasTextOp",21.234000,0.004000,4
1,"first200","RenderThread","FillRectOp",21.238000,0.005000,4
1,"first200","RenderThread","TextureOp",21.244000,0.005000,4
1,"first200","RenderThread","flush commands",21.469000,0.398000,2
1,"first200","RenderThread","auto skgpu::ganesh::OpsTask::onPrepare(GrOpFlushState *)::(anonymous class)::operator()() const",21.489000,0.005000,3
1,"first200","RenderThread","FillRectOp",21.490000,0.002000,4
1,"first200","RenderThread","FillRectOp",21.492000,0.001000,4
1,"first200","RenderThread","auto skgpu::ganesh::OpsTask::onPrepare(GrOpFlushState *)::(anonymous class)::operator()() const",21.494000,0.002000,3
1,"first200","RenderThread","FillRectOp",21.494000,0.001000,4
1,"first200","RenderThread","FillRectOp",21.495000,0.001000,4
1,"first200","RenderThread","auto skgpu::ganesh::OpsTask::onPrepare(GrOpFlushState *)::(anonymous class)::operator()() const",21.497000,0.001000,3
1,"first200","RenderThread","FillRectOp",21.497000,0.001000,4
1,"first200","RenderThread","auto skgpu::ganesh::OpsTask::onPrepare(GrOpFlushState *)::(anonymous class)::operator()() const",21.499000,0.006000,3
1,"first200","RenderThread","PathStencilCoverOp",21.499000,0.003000,4
1,"first200","RenderThread","FillRectOp",21.503000,0.001000,4
1,"first200","RenderThread","auto skgpu::ganesh::OpsTask::onPrepare(GrOpFlushState *)::(anonymous class)::operator()() const",21.505000,0.015000,3
1,"first200","RenderThread","TextureOp",21.505000,0.001000,4
1,"first200","RenderThread","FillRRectOp",21.510000,0.007000,4
1,"first200","RenderThread","TextureOp",21.518000,0.001000,4
1,"first200","RenderThread","FillRectOp",21.519000,0.001000,4
1,"first200","RenderThread","auto skgpu::ganesh::OpsTask::onExecute(GrOpFlushState *)::(anonymous class)::operator()() const",21.736000,0.027000,3
1,"first200","RenderThread","FillRectOp",21.737000,0.019000,4
1,"first200","RenderThread","FillRectOp",21.757000,0.005000,4
1,"first200","RenderThread","auto skgpu::ganesh::OpsTask::onExecute(GrOpFlushState *)::(anonymous class)::operator()() const",21.763000,0.021000,3
1,"first200","RenderThread","FillRectOp",21.764000,0.013000,4
1,"first200","RenderThread","FillRectOp",21.778000,0.005000,4
1,"first200","RenderThread","auto skgpu::ganesh::OpsTask::onExecute(GrOpFlushState *)::(anonymous class)::operator()() const",21.785000,0.019000,3
1,"first200","RenderThread","FillRectOp",21.791000,0.012000,4
1,"first200","RenderThread","auto skgpu::ganesh::OpsTask::onExecute(GrOpFlushState *)::(anonymous class)::operator()() const",21.805000,0.026000,3
1,"first200","RenderThread","PathStencilCoverOp",21.812000,0.013000,4
1,"first200","RenderThread","FillRectOp",21.825000,0.005000,4
1,"first200","RenderThread","auto skgpu::ganesh::OpsTask::onExecute(GrOpFlushState *)::(anonymous class)::operator()() const",21.833000,0.024000,3
1,"first200","RenderThread","TextureOp",21.835000,0.004000,4
1,"first200","RenderThread","FillRRectOp",21.839000,0.006000,4
1,"first200","RenderThread","TextureOp",21.846000,0.008000,4
1,"first200","RenderThread","FillRectOp",21.855000,0.003000,4
1,"first200","RenderThread","frameTimelineInfo(frameNumber=137, vsyncId=12765408, inputEventId=0x0)",21.873000,0.004000,2
1,"first200","RenderThread","dispatchSetFrameTimelineInfo",21.874000,0.003000,3
1,"first200","RenderThread","setFrameTimelineInfo(VRI[MainActivity]#0) frameNumber: 137 vsyncId: 12765408",21.876000,0.001000,4
1,"first200","RenderThread","eglSwapBuffersWithDamageKHR",21.880000,46.718000,2
1,"first200","RenderThread","setSurfaceDamage",21.883000,0.001000,3
1,"first200","RenderThread","queueBuffer",22.420000,0.221000,3
1,"first200","RenderThread","applyGrallocMetadataLocked",22.425000,0.004000,4
1,"first200","RenderThread","queueBuffer",22.430000,0.184000,4
1,"first200","RenderThread","VRI[MainActivity]#0(BLAST Consumer)0: 2",22.431000,0.000000,5
1,"first200","RenderThread","addAndGetFrameTimestamps",22.435000,0.036000,5
1,"first200","RenderThread","onFrameAvailable - VRI[MainActivity]#0(f:0,a:2)",22.473000,0.141000,5
1,"first200","RenderThread","acquireBuffer",22.476000,0.004000,6
1,"first200","RenderThread","VRI[MainActivity]#0(BLAST Consumer)0: 2",22.478000,0.000000,7
1,"first200","RenderThread","acquireNextBufferLocked - VRI[MainActivity]#0(f:0,a:2)frame=137",22.481000,0.132000,6
1,"first200","RenderThread","Transaction::setFrameTimelineInfo frameNumber: 137 vsyncId: 12765408",22.493000,0.000000,7
1,"first200","RenderThread","Trace GPU completion fence 50",22.625000,0.009000,4
1,"first200","RenderThread","dequeueBuffer - VRI[MainActivity]#0(BLAST Consumer)0",22.643000,45.912000,3
1,"first200","RenderThread","dequeueBuffer",22.643000,45.890000,4
1,"first200","oelseisfree.app","Choreographer#onVsync 12765416",32.536000,0.033000,0
1,"first200","oelseisfree.app","Choreographer#doFrame 12765416",32.584000,37.745000,0
1,"first200","oelseisfree.app","animation",32.592000,5.605000,1
1,"first200","oelseisfree.app","Choreographer#scheduleVsyncLocked",32.660000,0.360000,2
1,"first200","oelseisfree.app","MountItemDispatcher::mountViews mountItems to execute",37.788000,0.342000,2
1,"first200","oelseisfree.app","IntBufferBatchMountItem::mountViews",37.802000,0.326000,3
1,"first200","oelseisfree.app","IntBufferBatchMountItem::mountInstructions::UPDATE_PROPS numInstructions=3",37.811000,0.315000,4
1,"first200","oelseisfree.app","BatchEventDispatchedListeners",38.177000,0.003000,2
1,"first200","oelseisfree.app","traversal",38.199000,32.125000,1
1,"first200","oelseisfree.app","draw-VRI[MainActivity]",38.498000,31.816000,2
1,"first200","oelseisfree.app","Record View#draw()",38.507000,0.091000,3
1,"first200","oelseisfree.app","postAndWait",38.602000,31.702000,3
1,"first200","RenderThread","VRI[MainActivity]#0(BLAST Consumer)0: 1",68.527000,0.001000,5
1,"first200","RenderThread","addAndGetFrameTimestamps",68.531000,0.002000,5
1,"first200","RenderThread","Trace HWC release fence 50",68.537000,0.015000,4
1,"first200","RenderThread","reportMetricsWithPresentTime",68.607000,0.040000,2
1,"first200","RenderThread","getFrameTimestamps",68.608000,0.001000,3
1,"first200","RenderThread","dumpingMemoryStatistics",68.650000,0.012000,2
1,"first200","RenderThread","notifyFramePending",68.675000,0.001000,0
1,"first200","RenderThread","DrawFrames 12765416",68.677000,35.227000,0
1,"first200","RenderThread","query",68.679000,0.002000,1
1,"first200","RenderThread","query",68.680000,0.001000,2
1,"first200","RenderThread","query",68.681000,0.001000,1
1,"first200","RenderThread","query",68.682000,0.000000,2
1,"first200","RenderThread","syncFrameState",68.683000,0.408000,1
1,"first200","RenderThread","prepareTree",68.762000,0.327000,2
1,"first200","RenderThread","eglBeginFrame",69.240000,0.001000,1
1,"first200","RenderThread","Drawing  0.00  0.00 720.00 1600.00",69.243000,34.659000,1
1,"first200","RenderThread","flush commands",69.332000,22.612000,2
1,"first200","RenderThread","auto skgpu::ganesh::OpsTask::onPrepare(GrOpFlushState *)::(anonymous class)::operator()() const",69.344000,0.010000,3
1,"first200","RenderThread","PathStencilCoverOp",69.344000,0.006000,4
1,"first200","RenderThread","FillRectOp",69.351000,0.002000,4
1,"first200","RenderThread","auto skgpu::ganesh::OpsTask::onPrepare(GrOpFlushState *)::(anonymous class)::operator()() const",69.354000,0.007000,3
1,"first200","RenderThread","TextureOp",69.355000,0.001000,4
1,"first200","RenderThread","FillRRectOp",69.357000,0.002000,4
1,"first200","RenderThread","TextureOp",69.360000,0.001000,4
1,"first200","RenderThread","FillRectOp",69.361000,0.001000,4
1,"first200","oelseisfree.app","Choreographer#onVsync 12765424",70.386000,0.006000,0
1,"first200","oelseisfree.app","Choreographer#doFrame 12765424",70.441000,36.830000,0
1,"first200","oelseisfree.app","Choreographer#doFrame - resynced to 12765426 in 24.6ms",70.489000,36.781000,1
1,"first200","oelseisfree.app","animation",70.492000,0.997000,2
1,"first200","oelseisfree.app","Choreographer#scheduleVsyncLocked",70.527000,0.051000,3
1,"first200","oelseisfree.app","MountItemDispatcher::mountViews mountItems to execute",71.138000,0.291000,3
1,"first200","oelseisfree.app","IntBufferBatchMountItem::mountViews",71.150000,0.277000,4
1,"first200","oelseisfree.app","IntBufferBatchMountItem::mountInstructions::UPDATE_PROPS numInstructions=3",71.159000,0.265000,5
1,"first200","oelseisfree.app","BatchEventDispatchedListeners",71.470000,0.003000,3
1,"first200","oelseisfree.app","traversal",71.490000,35.773000,2
1,"first200","oelseisfree.app","draw-VRI[MainActivity]",71.558000,35.689000,3
1,"first200","oelseisfree.app","Record View#draw()",71.565000,0.089000,4
1,"first200","oelseisfree.app","postAndWait",71.657000,35.579000,4
1,"first200","RenderThread","auto skgpu::ganesh::OpsTask::onExecute(GrOpFlushState *)::(anonymous class)::operator()() const",91.833000,0.055000,3
1,"first200","RenderThread","PathStencilCoverOp",91.845000,0.033000,4
1,"first200","RenderThread","FillRectOp",91.879000,0.008000,4
1,"first200","RenderThread","auto skgpu::ganesh::OpsTask::onExecute(GrOpFlushState *)::(anonymous class)::operator()() const",91.892000,0.038000,3
1,"first200","RenderThread","TextureOp",91.894000,0.009000,4
1,"first200","RenderThread","FillRRectOp",91.905000,0.009000,4
1,"first200","RenderThread","TextureOp",91.914000,0.012000,4
1,"first200","RenderThread","FillRectOp",91.928000,0.002000,4
1,"first200","RenderThread","frameTimelineInfo(frameNumber=138, vsyncId=12765416, inputEventId=0x0)",91.955000,0.046000,2
1,"first200","RenderThread","dispatchSetFrameTimelineInfo",91.955000,0.045000,3
1,"first200","RenderThread","setFrameTimelineInfo(VRI[MainActivity]#0) frameNumber: 138 vsyncId: 12765416",91.957000,0.043000,4
1,"first200","RenderThread","eglSwapBuffersWithDamageKHR",92.005000,11.843000,2
1,"first200","RenderThread","setSurfaceDamage",92.008000,0.001000,3
1,"first200","RenderThread","queueBuffer",103.288000,0.469000,3
1,"first200","RenderThread","applyGrallocMetadataLocked",103.299000,0.006000,4
1,"first200","RenderThread","queueBuffer",103.307000,0.403000,4
1,"first200","RenderThread","VRI[MainActivity]#0(BLAST Consumer)0: 1",103.309000,0.000000,5
1,"first200","RenderThread","addAndGetFrameTimestamps",103.483000,0.050000,5
1,"first200","RenderThread","onFrameAvailable - VRI[MainActivity]#0(f:0,a:1)",103.535000,0.174000,5
1,"first200","RenderThread","acquireBuffer",103.539000,0.014000,6
1,"first200","RenderThread","VRI[MainActivity]#0(BLAST Consumer)0: 1",103.546000,0.001000,7
1,"first200","RenderThread","acquireNextBufferLocked - VRI[MainActivity]#0(f:0,a:1)frame=138",103.556000,0.153000,6
1,"first200","RenderThread","Transaction::setFrameTimelineInfo frameNumber: 138 vsyncId: 12765416",103.577000,0.000000,7
1,"first200","RenderThread","Trace GPU completion fence 51",103.739000,0.010000,4
1,"first200","RenderThread","dequeueBuffer - VRI[MainActivity]#0(BLAST Consumer)0",103.761000,0.010000,3
1,"first200","RenderThread","dequeueBuffer",103.762000,0.005000,4
1,"first200","RenderThread","VRI[MainActivity]#0(BLAST Consumer)0: 0",103.764000,0.001000,5
1,"first200","RenderThread","addAndGetFrameTimestamps",103.766000,0.001000,5
1,"first200","RenderThread","HWC release fence 51 has signaled",103.769000,0.001000,4
1,"first200","RenderThread","reportMetricsWithPresentTime",103.853000,0.037000,2
1,"first200","RenderThread","getFrameTimestamps",103.853000,0.001000,3
1,"first200","RenderThread","dumpingMemoryStatistics",103.891000,0.010000,2
1,"first200","RenderThread","notifyFramePending",103.912000,0.001000,0
1,"first200","RenderThread","DrawFrames 12765424",103.914000,21.769000,0
1,"first200","RenderThread","query",103.915000,0.002000,1
1,"first200","RenderThread","query",103.916000,0.001000,2
1,"first200","RenderThread","query",103.918000,0.001000,1
1,"first200","RenderThread","query",103.918000,0.000000,2
1,"first200","RenderThread","syncFrameState",103.920000,0.382000,1
1,"first200","RenderThread","prepareTree",103.982000,0.318000,2
1,"first200","RenderThread","eglBeginFrame",104.311000,0.001000,1
1,"first200","RenderThread","Drawing  0.00  0.00 720.00 1600.00",104.315000,21.367000,1
1,"first200","RenderThread","flush commands",105.309000,15.786000,2
1,"first200","RenderThread","auto skgpu::ganesh::OpsTask::onPrepare(GrOpFlushState *)::(anonymous class)::operator()() const",105.328000,0.009000,3
1,"first200","RenderThread","PathStencilCoverOp",105.329000,0.006000,4
1,"first200","RenderThread","FillRectOp",105.335000,0.002000,4
1,"first200","RenderThread","auto skgpu::ganesh::OpsTask::onPrepare(GrOpFlushState *)::(anonymous class)::operator()() const",105.337000,0.695000,3
1,"first200","RenderThread","TextureOp",105.338000,0.001000,4
1,"first200","RenderThread","FillRRectOp",105.340000,0.002000,4
1,"first200","RenderThread","FillRectOp",105.343000,0.004000,4
1,"first200","RenderThread","FillRectOp",105.349000,0.001000,4
1,"first200","RenderThread","CircleOp",105.351000,0.003000,4
1,"first200","RenderThread","CircleOp",105.355000,0.001000,4
1,"first200","RenderThread","FillRectOp",105.356000,0.001000,4
1,"first200","RenderThread","AtlasTextOp",105.358000,0.294000,4
1,"first200","RenderThread","CircleOp",105.653000,0.001000,4
1,"first200","RenderThread","CircleOp",105.654000,0.001000,4
1,"first200","RenderThread","FillRectOp",105.656000,0.001000,4
1,"first200","RenderThread","CircleOp",105.657000,0.001000,4
1,"first200","RenderThread","CircleOp",105.658000,0.001000,4
1,"first200","RenderThread","FillRectOp",105.659000,0.001000,4
1,"first200","RenderThread","CircleOp",105.660000,0.001000,4
1,"first200","RenderThread","CircleOp",105.661000,0.001000,4
1,"first200","RenderThread","AtlasTextOp",105.662000,0.357000,4
1,"first200","RenderThread","TextureOp",106.020000,0.002000,4
1,"first200","RenderThread","CircularRRectOp",106.023000,0.002000,4
1,"first200","RenderThread","FillRectOp",106.025000,0.001000,4
1,"first200","RenderThread","TextureOp",106.027000,0.001000,4
1,"first200","RenderThread","FillRectOp",106.028000,0.001000,4
1,"first200","RenderThread","FillRectOp",106.029000,0.001000,4
1,"first200","RenderThread","TextureOp",106.030000,0.001000,4
1,"first200","RenderThread","TextureOp",106.031000,0.001000,4
1,"first200","oelseisfree.app","Choreographer#onVsync 12765432",107.318000,0.011000,0
1,"first200","oelseisfree.app","Choreographer#doFrame 12765432",107.370000,18.734000,0
1,"first200","oelseisfree.app","Choreographer#doFrame - resynced to 12765434 in 21.1ms",107.399000,18.705000,1
1,"first200","oelseisfree.app","animation",107.400000,1.119000,2
1,"first200","oelseisfree.app","Choreographer#scheduleVsyncLocked",107.427000,0.081000,3
1,"first200","oelseisfree.app","MountItemDispatcher::mountViews mountItems to execute",108.108000,0.350000,3
1,"first200","oelseisfree.app","IntBufferBatchMountItem::mountViews",108.122000,0.335000,4
1,"first200","oelseisfree.app","IntBufferBatchMountItem::mountInstructions::UPDATE_PROPS numInstructions=3",108.147000,0.307000,5
1,"first200","oelseisfree.app","BatchEventDispatchedListeners",108.500000,0.003000,3
1,"first200","oelseisfree.app","traversal",108.521000,17.578000,2
1,"first200","oelseisfree.app","draw-VRI[MainActivity]",108.572000,17.518000,3
1,"first200","oelseisfree.app","Record View#draw()",108.579000,0.109000,4
1,"first200","oelseisfree.app","postAndWait",108.691000,17.397000,4
1,"first200","RenderThread","Texture upload(12) 512x39",118.157000,0.471000,3
1,"first200","RenderThread","auto skgpu::ganesh::OpsTask::onExecute(GrOpFlushState *)::(anonymous class)::operator()() const",118.634000,0.092000,3
1,"first200","RenderThread","PathStencilCoverOp",118.648000,0.060000,4
1,"first200","RenderThread","FillRectOp",118.709000,0.016000,4
1,"first200","RenderThread","auto skgpu::ganesh::OpsTask::onExecute(GrOpFlushState *)::(anonymous class)::operator()() const",118.733000,2.094000,3
1,"first200","RenderThread","TextureOp",118.737000,0.017000,4
1,"first200","RenderThread","FillRRectOp",118.756000,0.026000,4
1,"first200","RenderThread","FillRectOp",118.784000,0.048000,4
1,"first200","RenderThread","FillRectOp",118.833000,0.012000,4
1,"first200","RenderThread","CircleOp",118.848000,0.017000,4
1,"first200","RenderThread","CircleOp",118.866000,0.019000,4
1,"first200","RenderThread","FillRectOp",118.886000,0.043000,4
1,"first200","RenderThread","AtlasTextOp",118.931000,0.015000,4
1,"first200","RenderThread","CircleOp",118.948000,0.008000,4
1,"first200","RenderThread","CircleOp",118.957000,0.006000,4
1,"first200","RenderThread","FillRectOp",118.964000,0.014000,4
1,"first200","RenderThread","CircleOp",118.980000,0.007000,4
1,"first200","RenderThread","CircleOp",118.988000,0.005000,4
1,"first200","RenderThread","FillRectOp",118.994000,0.014000,4
1,"first200","RenderThread","CircleOp",119.010000,0.007000,4
1,"first200","RenderThread","CircleOp",119.018000,1.620000,4
1,"first200","RenderThread","AtlasTextOp",120.653000,0.035000,4
1,"first200","RenderThread","TextureOp",120.690000,0.026000,4
1,"first200","RenderThread","CircularRRectOp",120.718000,0.009000,4
1,"first200","RenderThread","FillRectOp",120.729000,0.011000,4
1,"first200","RenderThread","TextureOp",120.740000,0.014000,4
1,"first200","RenderThread","FillRectOp",120.755000,0.020000,4
1,"first200","RenderThread","FillRectOp",120.777000,0.007000,4
1,"first200","RenderThread","TextureOp",120.785000,0.021000,4
1,"first200","RenderThread","TextureOp",120.807000,0.019000,4
1,"first200","RenderThread","frameTimelineInfo(frameNumber=139, vsyncId=12765424, inputEventId=0x0)",121.116000,0.008000,2
1,"first200","RenderThread","dispatchSetFrameTimelineInfo",121.118000,0.006000,3
1,"first200","RenderThread","setFrameTimelineInfo(VRI[MainActivity]#0) frameNumber: 139 vsyncId: 12765424",121.121000,0.002000,4
1,"first200","RenderThread","eglSwapBuffersWithDamageKHR",121.130000,4.510000,2
1,"first200","RenderThread","setSurfaceDamage",121.136000,0.002000,3
1,"first200","RenderThread","queueBuffer",125.278000,0.234000,3
1,"first200","RenderThread","applyGrallocMetadataLocked",125.284000,0.005000,4
1,"first200","RenderThread","queueBuffer",125.290000,0.188000,4
1,"first200","RenderThread","VRI[MainActivity]#0(BLAST Consumer)0: 0",125.291000,0.001000,5
1,"first200","RenderThread","addAndGetFrameTimestamps",125.295000,0.031000,5
1,"first200","RenderThread","onFrameAvailable - VRI[MainActivity]#0(f:0,a:1)",125.329000,0.147000,5
1,"first200","RenderThread","acquireBuffer",125.331000,0.003000,6
1,"first200","RenderThread","VRI[MainActivity]#0(BLAST Consumer)0: 0",125.333000,0.000000,7
1,"first200","RenderThread","acquireNextBufferLocked - VRI[MainActivity]#0(f:0,a:1)frame=139",125.336000,0.137000,6
1,"first200","RenderThread","Transaction::setFrameTimelineInfo frameNumber: 139 vsyncId: 12765424",125.348000,0.000000,7
1,"first200","RenderThread","Trace GPU completion fence 52",125.495000,0.008000,4
1,"first200","RenderThread","dequeueBuffer - VRI[MainActivity]#0(BLAST Consumer)0",125.515000,0.020000,3
1,"first200","RenderThread","dequeueBuffer",125.516000,0.006000,4
1,"first200","RenderThread","VRI[MainActivity]#0(BLAST Consumer)0: 2",125.518000,0.001000,5
1,"first200","RenderThread","addAndGetFrameTimestamps",125.520000,0.001000,5
1,"first200","RenderThread","Trace HWC release fence 52",125.524000,0.011000,4
1,"first200","RenderThread","reportMetricsWithPresentTime",125.644000,0.027000,2
1,"first200","RenderThread","getFrameTimestamps",125.645000,0.001000,3
1,"first200","RenderThread","dumpingMemoryStatistics",125.673000,0.009000,2
1,"first200","RenderThread","notifyFramePending",125.689000,0.001000,0
1,"first200","RenderThread","DrawFrames 12765432",125.690000,39.278000,0
1,"first200","RenderThread","query",125.691000,0.002000,1
1,"first200","RenderThread","query",125.692000,0.001000,2
1,"first200","RenderThread","query",125.694000,0.001000,1
1,"first200","RenderThread","query",125.694000,0.000000,2
1,"first200","RenderThread","syncFrameState",125.696000,0.373000,1
1,"first200","RenderThread","prepareTree",125.759000,0.308000,2
1,"first200","oelseisfree.app","Choreographer#onVsync 12765448",126.140000,0.004000,0
1,"first200","oelseisfree.app","Choreographer#doFrame 12765448",126.184000,46.826000,0
1,"first200","oelseisfree.app","animation",126.187000,1.056000,1
1,"first200","oelseisfree.app","Choreographer#scheduleVsyncLocked",126.216000,0.138000,2
1,"first200","oelseisfree.app","MountItemDispatcher::mountViews mountItems to execute",126.911000,0.271000,2
1,"first200","oelseisfree.app","IntBufferBatchMountItem::mountViews",126.924000,0.256000,3
1,"first200","oelseisfree.app","IntBufferBatchMountItem::mountInstructions::UPDATE_PROPS numInstructions=3",126.933000,0.245000,4
1,"first200","oelseisfree.app","BatchEventDispatchedListeners",127.223000,0.004000,2
1,"first200","oelseisfree.app","traversal",127.244000,45.760000,1
1,"first200","oelseisfree.app","draw-VRI[MainActivity]",127.287000,45.707000,2
1,"first200","oelseisfree.app","Record View#draw()",127.293000,0.082000,3
1,"first200","oelseisfree.app","postAndWait",127.378000,45.611000,3
1,"first200","RenderThread","eglBeginFrame",127.390000,0.001000,1
1,"first200","RenderThread","Drawing  0.00  0.00 720.00 1600.00",127.394000,37.573000,1
1,"first200","RenderThread","flush commands",127.993000,8.094000,2
1,"first200","RenderThread","auto skgpu::ganesh::OpsTask::onPrepare(GrOpFlushState *)::(anonymous class)::operator()() const",128.008000,0.531000,3
1,"first200","RenderThread","TextureOp",128.009000,0.003000,4
1,"first200","RenderThread","FillRRectOp",128.013000,0.003000,4
1,"first200","RenderThread","FillRectOp",128.016000,0.002000,4
1,"first200","RenderThread","TextureOp",128.019000,0.001000,4
1,"first200","RenderThread","FillRectOp",128.020000,0.001000,4
1,"first200","RenderThread","CircleOp",128.027000,0.003000,4
1,"first200","RenderThread","CircleOp",128.030000,0.001000,4
1,"first200","RenderThread","FillRectOp",128.031000,0.001000,4
1,"first200","RenderThread","AtlasTextOp",128.033000,0.111000,4
1,"first200","RenderThread","CircleOp",128.145000,0.001000,4
1,"first200","RenderThread","CircleOp",128.146000,0.001000,4
1,"first200","RenderThread","FillRectOp",128.147000,0.001000,4
1,"first200","RenderThread","CircleOp",128.148000,0.001000,4
1,"first200","RenderThread","CircleOp",128.149000,0.001000,4
1,"first200","RenderThread","FillRectOp",128.150000,0.001000,4
1,"first200","RenderThread","CircleOp",128.151000,0.001000,4
1,"first200","RenderThread","CircleOp",128.152000,0.001000,4
1,"first200","RenderThread","AtlasTextOp",128.153000,0.335000,4
1,"first200","RenderThread","TextureOp",128.489000,0.002000,4
1,"first200","RenderThread","CircularRRectOp",128.491000,0.002000,4
1,"first200","RenderThread","FillRectOp",128.493000,0.001000,4
1,"first200","RenderThread","TextureOp",128.495000,0.001000,4
1,"first200","RenderThread","CircleOp",128.496000,0.007000,4
1,"first200","RenderThread","FillRectOp",128.504000,0.001000,4
1,"first200","RenderThread","FillRectOp",128.505000,0.001000,4
1,"first200","RenderThread","FillRectOp",128.506000,0.001000,4
1,"first200","RenderThread","CircularRRectOp",128.507000,0.001000,4
1,"first200","RenderThread","AtlasTextOp",128.508000,0.023000,4
1,"first200","RenderThread","CircleOp",128.532000,0.001000,4
1,"first200","RenderThread","FillRectOp",128.533000,0.001000,4
1,"first200","RenderThread","FillRectOp",128.534000,0.001000,4
1,"first200","RenderThread","TextureOp",128.535000,0.001000,4
1,"first200","RenderThread","TextureOp",128.536000,0.001000,4
1,"first200","RenderThread","FillRectOp",128.537000,0.001000,4
1,"first200","RenderThread","Texture upload(406) 273x272",135.078000,0.148000,3
1,"first200","RenderThread","Texture upload(12) 512x46",135.231000,0.447000,3
1,"first200","RenderThread","auto skgpu::ganesh::OpsTask::onExecute(GrOpFlushState *)::(anonymous class)::operator()() const",135.711000,0.353000,3
1,"first200","RenderThread","TextureOp",135.776000,0.034000,4
1,"first200","RenderThread","FillRRectOp",135.812000,0.015000,4
1,"first200","RenderThread","FillRectOp",135.828000,0.024000,4
1,"first200","RenderThread","TextureOp",135.853000,0.014000,4
1,"first200","RenderThread","FillRectOp",135.867000,0.003000,4
1,"first200","RenderThread","CircleOp",135.872000,0.008000,4
1,"first200","RenderThread","CircleOp",135.881000,0.005000,4
1,"first200","RenderThread","FillRectOp",135.887000,0.013000,4
1,"first200","RenderThread","AtlasTextOp",135.901000,0.007000,4
1,"first200","RenderThread","CircleOp",135.908000,0.004000,4
1,"first200","RenderThread","CircleOp",135.913000,0.002000,4
1,"first200","RenderThread","FillRectOp",135.916000,0.006000,4
1,"first200","RenderThread","CircleOp",135.923000,0.003000,4
1,"first200","RenderThread","CircleOp",135.927000,0.002000,4
1,"first200","RenderThread","FillRectOp",135.930000,0.006000,4
1,"first200","RenderThread","CircleOp",135.936000,0.003000,4
1,"first200","RenderThread","CircleOp",135.939000,0.003000,4
1,"first200","RenderThread","AtlasTextOp",135.942000,0.004000,4
1,"first200","RenderThread","TextureOp",135.947000,0.009000,4
1,"first200","RenderThread","CircularRRectOp",135.956000,0.003000,4
1,"first200","RenderThread","FillRectOp",135.960000,0.004000,4
1,"first200","RenderThread","TextureOp",135.965000,0.004000,4
1,"first200","RenderThread","CircleOp",135.969000,0.004000,4
1,"first200","RenderThread","FillRectOp",135.974000,0.006000,4
1,"first200","RenderThread","FillRectOp",135.980000,0.009000,4
1,"first200","RenderThread","FillRectOp",135.990000,0.021000,4
1,"first200","RenderThread","CircularRRectOp",136.012000,0.005000,4
1,"first200","RenderThread","AtlasTextOp",136.018000,0.006000,4
1,"first200","RenderThread","CircleOp",136.024000,0.003000,4
1,"first200","RenderThread","FillRectOp",136.028000,0.004000,4
1,"first200","RenderThread","FillRectOp",136.033000,0.002000,4
1,"first200","RenderThread","TextureOp",136.035000,0.005000,4
1,"first200","RenderThread","TextureOp",136.041000,0.019000,4
1,"first200","RenderThread","FillRectOp",136.061000,0.003000,4
1,"first200","RenderThread","frameTimelineInfo(frameNumber=140, vsyncId=12765432, inputEventId=0x0)",136.106000,0.005000,2
1,"first200","RenderThread","dispatchSetFrameTimelineInfo",136.107000,0.003000,3
1,"first200","RenderThread","setFrameTimelineInfo(VRI[MainActivity]#0) frameNumber: 140 vsyncId: 12765432",136.109000,0.001000,4
1,"first200","RenderThread","eglSwapBuffersWithDamageKHR",136.114000,28.794000,2
1,"first200","RenderThread","setSurfaceDamage",136.118000,0.001000,3
1,"first200","RenderThread","queueBuffer",146.976000,0.252000,3
1,"first200","RenderThread","applyGrallocMetadataLocked",146.983000,0.005000,4
1,"first200","RenderThread","queueBuffer",146.989000,0.192000,4
1,"first200","RenderThread","VRI[MainActivity]#0(BLAST Consumer)0: 2",146.991000,0.000000,5
1,"first200","RenderThread","addAndGetFrameTimestamps",146.996000,0.044000,5
1,"first200","RenderThread","onFrameAvailable - VRI[MainActivity]#0(f:0,a:2)",147.042000,0.138000,5
1,"first200","RenderThread","acquireBuffer",147.045000,0.003000,6
1,"first200","RenderThread","VRI[MainActivity]#0(BLAST Consumer)0: 2",147.046000,0.000000,7
1,"first200","RenderThread","acquireNextBufferLocked - VRI[MainActivity]#0(f:0,a:2)frame=140",147.049000,0.130000,6
1,"first200","RenderThread","Transaction::setFrameTimelineInfo frameNumber: 140 vsyncId: 12765432",147.067000,0.000000,7
1,"first200","RenderThread","Trace GPU completion fence 53",147.195000,0.032000,4
1,"first200","RenderThread","dequeueBuffer - VRI[MainActivity]#0(BLAST Consumer)0",147.230000,17.640000,3
1,"first200","RenderThread","dequeueBuffer",147.231000,17.627000,4
1,"first200","RenderThread","VRI[MainActivity]#0(BLAST Consumer)0: 1",164.841000,0.001000,5
1,"first200","RenderThread","addAndGetFrameTimestamps",164.845000,0.012000,5
1,"first200","RenderThread","Trace HWC release fence 53",164.862000,0.005000,4
1,"first200","RenderThread","reportMetricsWithPresentTime",164.916000,0.035000,2
1,"first200","RenderThread","getFrameTimestamps",164.917000,0.001000,3
1,"first200","RenderThread","dumpingMemoryStatistics",164.953000,0.013000,2
1,"first200","RenderThread","notifyFramePending",164.979000,0.001000,0
1,"first200","RenderThread","DrawFrames 12765448",164.981000,20.392000,0
1,"first200","RenderThread","query",164.983000,0.002000,1
1,"first200","RenderThread","query",164.984000,0.001000,2
1,"first200","RenderThread","query",164.985000,0.001000,1
1,"first200","RenderThread","query",164.986000,0.000000,2
1,"first200","RenderThread","syncFrameState",164.987000,0.494000,1
1,"first200","RenderThread","prepareTree",165.175000,0.304000,2
1,"first200","RenderThread","eglBeginFrame",165.509000,0.001000,1
1,"first200","RenderThread","Drawing  0.00  0.00 720.00 1600.00",165.512000,19.859000,1
1,"first200","RenderThread","flush commands",165.980000,9.059000,2
1,"first200","RenderThread","auto skgpu::ganesh::OpsTask::onPrepare(GrOpFlushState *)::(anonymous class)::operator()() const",165.993000,0.657000,3
1,"first200","RenderThread","TextureOp",165.994000,0.004000,4
1,"first200","RenderThread","FillRRectOp",165.999000,0.003000,4
1,"first200","RenderThread","FillRectOp",166.002000,0.002000,4
1,"first200","RenderThread","TextureOp",166.005000,0.001000,4
1,"first200","RenderThread","FillRectOp",166.006000,0.001000,4
1,"first200","RenderThread","CircleOp",166.007000,0.002000,4
1,"first200","RenderThread","CircleOp",166.010000,0.001000,4
1,"first200","RenderThread","FillRectOp",166.011000,0.001000,4
1,"first200","RenderThread","AtlasTextOp",166.012000,0.114000,4
1,"first200","RenderThread","CircleOp",166.127000,0.001000,4
1,"first200","RenderThread","CircleOp",166.128000,0.001000,4
1,"first200","RenderThread","FillRectOp",166.129000,0.001000,4
1,"first200","RenderThread","CircleOp",166.131000,0.001000,4
1,"first200","RenderThread","CircleOp",166.132000,0.001000,4
1,"first200","RenderThread","FillRectOp",166.133000,0.001000,4
1,"first200","RenderThread","CircleOp",166.134000,0.001000,4
1,"first200","RenderThread","CircleOp",166.135000,0.001000,4
1,"first200","RenderThread","AtlasTextOp",166.136000,0.455000,4
1,"first200","RenderThread","TextureOp",166.592000,0.002000,4
1,"first200","RenderThread","CircularRRectOp",166.594000,0.002000,4
1,"first200","RenderThread","FillRectOp",166.596000,0.001000,4
1,"first200","RenderThread","TextureOp",166.598000,0.001000,4
1,"first200","RenderThread","CircleOp",166.599000,0.001000,4
1,"first200","RenderThread","FillRectOp",166.600000,0.001000,4
1,"first200","RenderThread","FillRectOp",166.601000,0.001000,4
1,"first200","RenderThread","FillRectOp",166.602000,0.001000,4
1,"first200","RenderThread","CircularRRectOp",166.603000,0.001000,4
1,"first200","RenderThread","AtlasTextOp",166.604000,0.039000,4
1,"first200","RenderThread","CircleOp",166.644000,0.001000,4
1,"first200","RenderThread","FillRectOp",166.645000,0.001000,4
1,"first200","RenderThread","FillRectOp",166.646000,0.001000,4
1,"first200","RenderThread","TextureOp",166.647000,0.001000,4
1,"first200","RenderThread","TextureOp",166.649000,0.001000,4
1,"first200","RenderThread","FillRectOp",166.650000,0.001000,4
1,"first200","oelseisfree.app","Choreographer#onVsync 12765456",173.054000,0.010000,0
1,"first200","oelseisfree.app","Choreographer#doFrame 12765456",173.115000,15.586000,0
1,"first200","oelseisfree.app","Choreographer#doFrame - resynced to 12765459 in 22.0ms",173.143000,15.557000,1
1,"first200","oelseisfree.app","animation",173.145000,1.022000,2
1,"first200","oelseisfree.app","Choreographer#scheduleVsyncLocked",173.174000,0.082000,3
1,"first200","oelseisfree.app","MountItemDispatcher::mountViews mountItems to execute",173.802000,0.302000,3
1,"first200","oelseisfree.app","IntBufferBatchMountItem::mountViews",173.815000,0.288000,4
1,"first200","oelseisfree.app","IntBufferBatchMountItem::mountInstructions::UPDATE_PROPS numInstructions=3",173.823000,0.277000,5
1,"first200","oelseisfree.app","BatchEventDispatchedListeners",174.147000,0.003000,3
1,"first200","oelseisfree.app","traversal",174.168000,14.524000,2
1,"first200","oelseisfree.app","draw-VRI[MainActivity]",174.497000,14.181000,3
1,"first200","oelseisfree.app","Record View#draw()",174.506000,0.100000,4
1,"first200","RenderThread","Texture upload(406) 289x289",174.606000,0.102000,3
1,"first200","oelseisfree.app","postAndWait",174.609000,14.061000,4
1,"first200","RenderThread","Texture upload(12) 512x52",174.712000,0.076000,3
1,"first200","RenderThread","auto skgpu::ganesh::OpsTask::onExecute(GrOpFlushState *)::(anonymous class)::operator()() const",174.791000,0.228000,3
1,"first200","RenderThread","TextureOp",174.797000,0.022000,4
1,"first200","RenderThread","FillRRectOp",174.821000,0.012000,4
1,"first200","RenderThread","FillRectOp",174.834000,0.012000,4
1,"first200","RenderThread","TextureOp",174.847000,0.005000,4
1,"first200","RenderThread","FillRectOp",174.853000,0.003000,4
1,"first200","RenderThread","CircleOp",174.856000,0.007000,4
1,"first200","RenderThread","CircleOp",174.864000,0.004000,4
1,"first200","RenderThread","FillRectOp",174.869000,0.012000,4
1,"first200","RenderThread","AtlasTextOp",174.881000,0.006000,4
1,"first200","RenderThread","CircleOp",174.888000,0.003000,4
1,"first200","RenderThread","CircleOp",174.892000,0.002000,4
1,"first200","RenderThread","FillRectOp",174.895000,0.006000,4
1,"first200","RenderThread","CircleOp",174.902000,0.003000,4
1,"first200","RenderThread","CircleOp",174.906000,0.002000,4
1,"first200","RenderThread","FillRectOp",174.913000,0.013000,4
1,"first200","RenderThread","CircleOp",174.927000,0.003000,4
1,"first200","RenderThread","CircleOp",174.931000,0.003000,4
1,"first200","RenderThread","AtlasTextOp",174.934000,0.005000,4
1,"first200","RenderThread","TextureOp",174.940000,0.007000,4
1,"first200","RenderThread","CircularRRectOp",174.948000,0.003000,4
1,"first200","RenderThread","FillRectOp",174.951000,0.004000,4
1,"first200","RenderThread","TextureOp",174.956000,0.004000,4
1,"first200","RenderThread","CircleOp",174.960000,0.004000,4
1,"first200","RenderThread","FillRectOp",174.964000,0.005000,4
1,"first200","RenderThread","FillRectOp",174.970000,0.008000,4
1,"first200","RenderThread","FillRectOp",174.979000,0.007000,4
1,"first200","RenderThread","CircularRRectOp",174.986000,0.003000,4
1,"first200","RenderThread","AtlasTextOp",174.990000,0.004000,4
1,"first200","RenderThread","CircleOp",174.994000,0.003000,4
1,"first200","RenderThread","FillRectOp",174.997000,0.003000,4
1,"first200","RenderThread","FillRectOp",175.001000,0.002000,4
1,"first200","RenderThread","TextureOp",175.004000,0.004000,4
1,"first200","RenderThread","TextureOp",175.009000,0.007000,4
1,"first200","RenderThread","FillRectOp",175.016000,0.002000,4
1,"first200","RenderThread","frameTimelineInfo(frameNumber=141, vsyncId=12765448, inputEventId=0x0)",175.046000,0.004000,2
1,"first200","RenderThread","dispatchSetFrameTimelineInfo",175.047000,0.003000,3
1,"first200","RenderThread","setFrameTimelineInfo(VRI[MainActivity]#0) frameNumber: 141 vsyncId: 12765448",175.049000,0.001000,4
1,"first200","RenderThread","eglSwapBuffersWithDamageKHR",175.053000,10.262000,2
1,"first200","RenderThread","setSurfaceDamage",175.057000,0.001000,3
1,"first200","RenderThread","queueBuffer",175.386000,0.153000,3
1,"first200","RenderThread","applyGrallocMetadataLocked",175.391000,0.004000,4
1,"first200","RenderThread","queueBuffer",175.396000,0.124000,4
1,"first200","RenderThread","VRI[MainActivity]#0(BLAST Consumer)0: 1",175.397000,0.001000,5
1,"first200","RenderThread","addAndGetFrameTimestamps",175.401000,0.013000,5
1,"first200","RenderThread","onFrameAvailable - VRI[MainActivity]#0(f:0,a:2)",175.416000,0.103000,5
1,"first200","RenderThread","acquireBuffer",175.419000,0.003000,6
1,"first200","RenderThread","VRI[MainActivity]#0(BLAST Consumer)0: 1",175.420000,0.000000,7
1,"first200","RenderThread","acquireNextBufferLocked - VRI[MainActivity]#0(f:0,a:2)frame=141",175.423000,0.095000,6
1,"first200","RenderThread","Transaction::setFrameTimelineInfo frameNumber: 141 vsyncId: 12765448",175.438000,0.000000,7
1,"first200","RenderThread","Trace GPU completion fence 54",175.535000,0.003000,4
1,"first200","RenderThread","dequeueBuffer - VRI[MainActivity]#0(BLAST Consumer)0",175.541000,9.706000,3
1,"first200","RenderThread","dequeueBuffer",175.542000,9.676000,4
1,"first200","RenderThread","VRI[MainActivity]#0(BLAST Consumer)0: 0",185.206000,0.001000,5
1,"first200","RenderThread","addAndGetFrameTimestamps",185.209000,0.007000,5
1,"first200","RenderThread","Trace HWC release fence 54",185.222000,0.022000,4
1,"first200","RenderThread","reportMetricsWithPresentTime",185.323000,0.035000,2
1,"first200","RenderThread","getFrameTimestamps",185.324000,0.001000,3
1,"first200","RenderThread","dumpingMemoryStatistics",185.360000,0.011000,2
1,"first200","RenderThread","notifyFramePending",185.379000,0.001000,0
1,"first200","RenderThread","DrawFrames 12765456",185.381000,14.619000,0
1,"first200","RenderThread","query",185.382000,0.002000,1
1,"first200","RenderThread","query",185.383000,0.001000,2
1,"first200","RenderThread","query",185.385000,0.001000,1
1,"first200","RenderThread","query",185.385000,0.000000,2
1,"first200","RenderThread","syncFrameState",185.387000,0.397000,1
1,"first200","RenderThread","prepareTree",185.462000,0.321000,2
1,"first200","RenderThread","eglBeginFrame",185.805000,0.001000,1
1,"first200","RenderThread","Drawing  0.00  0.00 720.00 1600.00",185.808000,14.192000,1
1,"first200","RenderThread","flush commands",186.473000,9.947000,2
1,"first200","RenderThread","auto skgpu::ganesh::OpsTask::onPrepare(GrOpFlushState *)::(anonymous class)::operator()() const",186.488000,0.668000,3
1,"first200","RenderThread","TextureOp",186.489000,0.004000,4
1,"first200","RenderThread","FillRRectOp",186.493000,0.003000,4
1,"first200","RenderThread","FillRectOp",186.496000,0.002000,4
1,"first200","RenderThread","TextureOp",186.499000,0.001000,4
1,"first200","RenderThread","FillRectOp",186.500000,0.001000,4
1,"first200","RenderThread","FillRectOp",186.501000,0.001000,4
1,"first200","RenderThread","CircleOp",186.502000,0.003000,4
1,"first200","RenderThread","CircleOp",186.505000,0.001000,4
1,"first200","RenderThread","FillRectOp",186.507000,0.001000,4
1,"first200","RenderThread","AtlasTextOp",186.508000,0.166000,4
1,"first200","RenderThread","CircleOp",186.675000,0.001000,4
1,"first200","RenderThread","CircleOp",186.677000,0.001000,4
1,"first200","RenderThread","FillRectOp",186.678000,0.001000,4
1,"first200","RenderThread","CircleOp",186.679000,0.001000,4
1,"first200","RenderThread","CircleOp",186.680000,0.001000,4
1,"first200","RenderThread","FillRectOp",186.681000,0.001000,4
1,"first200","RenderThread","CircleOp",186.683000,0.001000,4
1,"first200","RenderThread","CircleOp",186.684000,0.001000,4
1,"first200","RenderThread","AtlasTextOp",186.685000,0.400000,4
1,"first200","RenderThread","TextureOp",187.086000,0.002000,4
1,"first200","RenderThread","CircularRRectOp",187.088000,0.002000,4
1,"first200","RenderThread","FillRectOp",187.091000,0.001000,4
1,"first200","RenderThread","TextureOp",187.092000,0.001000,4
1,"first200","RenderThread","FillRectOp",187.093000,0.001000,4
1,"first200","RenderThread","CircularRRectOp",187.094000,0.001000,4
1,"first200","RenderThread","AtlasTextOp",187.096000,0.051000,4
1,"first200","RenderThread","CircleOp",187.147000,0.001000,4
1,"first200","RenderThread","FillRectOp",187.149000,0.001000,4
1,"first200","RenderThread","FillRectOp",187.151000,0.001000,4
1,"first200","RenderThread","TextureOp",187.152000,0.001000,4
1,"first200","RenderThread","TextureOp",187.153000,0.001000,4
1,"first200","RenderThread","FillRectOp",187.154000,0.001000,4
1,"first200","oelseisfree.app","Choreographer#onVsync 12765466",188.775000,0.019000,0
1,"first200","oelseisfree.app","Choreographer#doFrame 12765466",188.859000,11.141000,0
1,"first200","oelseisfree.app","animation",188.864000,4.488000,1
1,"first200","oelseisfree.app","Choreographer#scheduleVsyncLocked",188.911000,0.048000,2
1,"first200","oelseisfree.app","MountItemDispatcher::mountViews mountItems to execute",192.981000,0.260000,2
1,"first200","oelseisfree.app","IntBufferBatchMountItem::mountViews",192.994000,0.246000,3
1,"first200","oelseisfree.app","IntBufferBatchMountItem::mountInstructions::UPDATE_PROPS numInstructions=3",193.005000,0.234000,4
1,"first200","oelseisfree.app","BatchEventDispatchedListeners",193.282000,0.003000,2
1,"first200","oelseisfree.app","notifyAnimEnd-ValueAnimator",193.325000,0.016000,2
1,"first200","oelseisfree.app","notifyAnimEnd-ValueAnimator",193.348000,0.002000,2
1,"first200","oelseisfree.app","traversal",193.354000,6.646000,1
1,"first200","oelseisfree.app","draw-VRI[MainActivity]",193.400000,6.600000,2
1,"first200","oelseisfree.app","Record View#draw()",193.408000,0.092000,3
1,"first200","oelseisfree.app","postAndWait",193.503000,6.497000,3
1,"first200","RenderThread","Texture upload(406) 329x330",195.809000,0.192000,3
1,"first200","RenderThread","Texture upload(12) 512x67",196.006000,0.152000,3
1,"first200","RenderThread","auto skgpu::ganesh::OpsTask::onExecute(GrOpFlushState *)::(anonymous class)::operator()() const",196.160000,0.234000,3
1,"first200","RenderThread","TextureOp",196.168000,0.023000,4
1,"first200","RenderThread","FillRRectOp",196.192000,0.012000,4
1,"first200","RenderThread","FillRectOp",196.205000,0.013000,4
1,"first200","RenderThread","TextureOp",196.218000,0.005000,4
1,"first200","RenderThread","FillRectOp",196.224000,0.004000,4
1,"first200","RenderThread","FillRectOp",196.246000,0.008000,4
1,"first200","RenderThread","CircleOp",196.256000,0.009000,4
1,"first200","RenderThread","CircleOp",196.265000,0.005000,4
1,"first200","RenderThread","FillRectOp",196.270000,0.013000,4
1,"first200","RenderThread","AtlasTextOp",196.284000,0.008000,4
1,"first200","RenderThread","CircleOp",196.292000,0.003000,4
1,"first200","RenderThread","CircleOp",196.296000,0.003000,4
1,"first200","RenderThread","FillRectOp",196.299000,0.006000,4
1,"first200","RenderThread","CircleOp",196.306000,0.003000,4
1,"first200","RenderThread","CircleOp",196.310000,0.002000,4
1,"first200","RenderThread","FillRectOp",196.313000,0.005000,4
1,"first200","RenderThread","CircleOp",196.319000,0.003000,4
1,"first200","RenderThread","CircleOp",196.322000,0.003000,4
1,"first200","RenderThread","AtlasTextOp",196.326000,0.004000,4
1,"first200","RenderThread","TextureOp",196.330000,0.008000,4
1,"first200","RenderThread","CircularRRectOp",196.339000,0.003000,4
1,"first200","RenderThread","FillRectOp",196.343000,0.005000,4
1,"first200","RenderThread","TextureOp",196.348000,0.004000,4
1,"first200","RenderThread","FillRectOp",196.352000,0.008000,4
1,"first200","RenderThread","CircularRRectOp",196.361000,0.003000,4
1,"first200","RenderThread","AtlasTextOp",196.364000,0.003000,4
1,"first200","RenderThread","CircleOp",196.368000,0.003000,4
1,"first200","RenderThread","FillRectOp",196.371000,0.004000,4
1,"first200","RenderThread","FillRectOp",196.375000,0.002000,4
1,"first200","RenderThread","TextureOp",196.378000,0.005000,4
1,"first200","RenderThread","TextureOp",196.383000,0.007000,4
1,"first200","RenderThread","FillRectOp",196.391000,0.003000,4
1,"first200","RenderThread","frameTimelineInfo(frameNumber=142, vsyncId=12765456, inputEventId=0x0)",196.434000,0.005000,2
1,"first200","RenderThread","dispatchSetFrameTimelineInfo",196.435000,0.003000,3
1,"first200","RenderThread","setFrameTimelineInfo(VRI[MainActivity]#0) frameNumber: 142 vsyncId: 12765456",196.437000,0.001000,4
1,"first200","RenderThread","eglSwapBuffersWithDamageKHR",196.443000,3.557000,2
1,"first200","RenderThread","setSurfaceDamage",196.595000,0.001000,3
1,"ready-request","RenderThread","DrawFrames 12765302",0.000000,1.096000,0
1,"ready-request","RenderThread","Drawing  0.00  0.00 720.00 1600.00",0.000000,1.095000,1
1,"ready-request","RenderThread","eglSwapBuffersWithDamageKHR",0.000000,1.042000,2
1,"ready-request","RenderThread","queueBuffer",0.000000,0.995000,3
1,"ready-request","RenderThread","queueBuffer",0.000000,0.914000,4
1,"ready-request","RenderThread","onFrameAvailable - VRI[MainActivity]#0(f:0,a:1)",0.000000,0.912000,5
1,"ready-request","RenderThread","acquireNextBufferLocked - VRI[MainActivity]#0(f:0,a:1)frame=135",0.000000,0.910000,6
1,"ready-request","RenderThread","Trace GPU completion fence 48",0.974000,0.011000,4
1,"ready-request","RenderThread","dequeueBuffer - VRI[MainActivity]#0(BLAST Consumer)0",0.999000,0.014000,3
1,"ready-request","RenderThread","dequeueBuffer",1.000000,0.006000,4
1,"ready-request","RenderThread","VRI[MainActivity]#0(BLAST Consumer)0: 0",1.002000,0.001000,5
1,"ready-request","RenderThread","addAndGetFrameTimestamps",1.004000,0.001000,5
1,"ready-request","RenderThread","HWC release fence 48 has signaled",1.011000,0.001000,4
1,"ready-request","RenderThread","reportMetricsWithPresentTime",1.048000,0.033000,2
1,"ready-request","RenderThread","getFrameTimestamps",1.051000,0.001000,3
1,"ready-request","RenderThread","dumpingMemoryStatistics",1.083000,0.011000,2
1,"ready-request","oelseisfree.app","Choreographer#onVsync 12765370",12.069000,0.056000,0
1,"ready-request","oelseisfree.app","Choreographer#doFrame 12765370",12.161000,0.268000,0
1,"ready-request","oelseisfree.app","animation",12.169000,0.259000,1
1,"ready-request","oelseisfree.app","Choreographer#scheduleVsyncLocked",12.207000,0.199000,2
1,"ready-request","oelseisfree.app","BatchEventDispatchedListeners",12.418000,0.006000,2
1,"ready-request","oelseisfree.app","Choreographer#onVsync 12765385",28.157000,0.038000,0
1,"ready-request","oelseisfree.app","Choreographer#doFrame 12765385",28.210000,0.165000,0
1,"ready-request","oelseisfree.app","animation",28.216000,0.157000,1
1,"ready-request","oelseisfree.app","Choreographer#scheduleVsyncLocked",28.288000,0.067000,2
1,"ready-request","oelseisfree.app","BatchEventDispatchedListeners",28.365000,0.006000,2
1,"request-first","RenderThread","Bitmap#prepareToDraw 150x150",9.840000,0.300000,0
1,"request-first","RenderThread","Texture upload(400) 150x150",9.865000,0.249000,1
1,"request-first","oelseisfree.app","Choreographer#onVsync 12765393",10.243000,0.005000,0
1,"request-first","oelseisfree.app","Choreographer#doFrame 12765393",10.257000,2.604000,0
1,"request-first","oelseisfree.app","animation",10.262000,2.600000,1
1,"request-first","oelseisfree.app","MountItemDispatcher::mountViews mountItems to execute",10.307000,2.361000,2
1,"request-first","oelseisfree.app","IntBufferBatchMountItem::mountViews",10.328000,2.337000,3
1,"request-first","oelseisfree.app","IntBufferBatchMountItem::mountInstructions::UPDATE_PROPS numInstructions=44",10.344000,2.315000,4
1,"request-first","oelseisfree.app","Choreographer#scheduleVsyncLocked",10.721000,0.067000,5
1,"request-first","RenderThread","notifyFramePending",10.801000,0.002000,0
1,"request-first","oelseisfree.app","[ExpoImage] rerenderIfNeeded(shouldRerenderBecauseOfResize=false,force=false)",12.362000,0.065000,5
1,"second-third","RenderThread","DrawFrames 12765393",0.000000,3.763000,0
1,"second-third","RenderThread","Drawing  0.00  0.00 720.00 1600.00",0.000000,3.761000,1
1,"second-third","RenderThread","flush commands",0.000000,3.255000,2
1,"second-third","oelseisfree.app","Choreographer#doFrame 12765408",0.000000,5.579000,0
1,"second-third","oelseisfree.app","animation",0.000000,4.165000,1
1,"second-third","oelseisfree.app","MountItemDispatcher::mountViews mountItems to execute",2.310000,1.221000,2
1,"second-third","oelseisfree.app","IntBufferBatchMountItem::mountViews",2.324000,1.204000,3
1,"second-third","oelseisfree.app","IntBufferBatchMountItem::mountInstructions::UPDATE_PROPS numInstructions=44",2.340000,1.180000,4
1,"second-third","RenderThread","auto skgpu::ganesh::OpsTask::onExecute(GrOpFlushState *)::(anonymous class)::operator()() const",3.141000,0.102000,3
1,"second-third","RenderThread","Clear",3.149000,0.003000,4
1,"second-third","RenderThread","AtlasTextOp",3.153000,0.028000,4
1,"second-third","RenderThread","TextureOp",3.183000,0.011000,4
1,"second-third","oelseisfree.app","[ExpoImage] rerenderIfNeeded(shouldRerenderBecauseOfResize=false,force=false)",3.186000,0.042000,5
1,"second-third","RenderThread","TextureOp",3.194000,0.002000,4
1,"second-third","RenderThread","TextureOp",3.197000,0.003000,4
1,"second-third","RenderThread","TextureOp",3.200000,0.002000,4
1,"second-third","RenderThread","TextureOp",3.202000,0.001000,4
1,"second-third","RenderThread","TextureOp",3.204000,0.002000,4
1,"second-third","RenderThread","CircularRRectOp",3.207000,0.006000,4
1,"second-third","RenderThread","CircularRRectOp",3.214000,0.004000,4
1,"second-third","RenderThread","CircularRRectOp",3.219000,0.002000,4
1,"second-third","RenderThread","AtlasTextOp",3.221000,0.004000,4
1,"second-third","RenderThread","FillRectOp",3.226000,0.005000,4
1,"second-third","RenderThread","TextureOp",3.232000,0.006000,4
1,"second-third","RenderThread","TextureOp",3.238000,0.004000,4
1,"second-third","RenderThread","frameTimelineInfo(frameNumber=136, vsyncId=12765393, inputEventId=0x0)",3.264000,0.004000,2
1,"second-third","RenderThread","dispatchSetFrameTimelineInfo",3.265000,0.003000,3
1,"second-third","RenderThread","setFrameTimelineInfo(VRI[MainActivity]#0) frameNumber: 136 vsyncId: 12765393",3.266000,0.001000,4
1,"second-third","RenderThread","eglSwapBuffersWithDamageKHR",3.271000,0.456000,2
1,"second-third","RenderThread","setSurfaceDamage",3.274000,0.001000,3
1,"second-third","RenderThread","queueBuffer",3.494000,0.196000,3
1,"second-third","RenderThread","applyGrallocMetadataLocked",3.498000,0.007000,4
1,"second-third","RenderThread","queueBuffer",3.507000,0.147000,4
1,"second-third","RenderThread","VRI[MainActivity]#0(BLAST Consumer)0: 0",3.508000,0.000000,5
1,"second-third","RenderThread","addAndGetFrameTimestamps",3.513000,0.050000,5
1,"second-third","RenderThread","onFrameAvailable - VRI[MainActivity]#0(f:0,a:1)",3.564000,0.089000,5
1,"second-third","RenderThread","acquireBuffer",3.567000,0.004000,6
1,"second-third","RenderThread","VRI[MainActivity]#0(BLAST Consumer)0: 0",3.568000,0.000000,7
1,"second-third","RenderThread","acquireNextBufferLocked - VRI[MainActivity]#0(f:0,a:1)frame=136",3.571000,0.080000,6
1,"second-third","RenderThread","Transaction::setFrameTimelineInfo frameNumber: 136 vsyncId: 12765393",3.580000,0.000000,7
1,"second-third","RenderThread","Trace GPU completion fence 49",3.684000,0.005000,4
1,"second-third","RenderThread","dequeueBuffer - VRI[MainActivity]#0(BLAST Consumer)0",3.692000,0.009000,3
1,"second-third","RenderThread","dequeueBuffer",3.693000,0.005000,4
1,"second-third","RenderThread","VRI[MainActivity]#0(BLAST Consumer)0: 2",3.694000,0.001000,5
1,"second-third","RenderThread","addAndGetFrameTimestamps",3.696000,0.001000,5
1,"second-third","RenderThread","HWC release fence 49 has signaled",3.699000,0.001000,4
1,"second-third","RenderThread","reportMetricsWithPresentTime",3.730000,0.013000,2
1,"second-third","RenderThread","getFrameTimestamps",3.731000,0.002000,3
1,"second-third","RenderThread","dumpingMemoryStatistics",3.751000,0.010000,2
1,"second-third","RenderThread","notifyFramePending",3.768000,0.001000,0
1,"second-third","oelseisfree.app","BatchEventDispatchedListeners",3.881000,0.225000,2
1,"second-third","oelseisfree.app","traversal",4.167000,1.410000,1
1,"second-third","oelseisfree.app","draw-VRI[MainActivity]",4.830000,0.743000,2
1,"second-third","oelseisfree.app","Record View#draw()",4.841000,0.187000,3
1,"second-third","oelseisfree.app","computePalette",4.987000,0.005000,4
1,"second-third","oelseisfree.app","postAndWait",5.031000,0.541000,3
1,"second-third","RenderThread","DrawFrames 12765408",5.043000,19.889000,0
1,"second-third","RenderThread","query",5.045000,0.002000,1
1,"second-third","RenderThread","query",5.046000,0.001000,2
1,"second-third","RenderThread","query",5.047000,0.001000,1
1,"second-third","RenderThread","query",5.048000,0.000000,2
1,"second-third","RenderThread","syncFrameState",5.049000,0.334000,1
1,"second-third","RenderThread","prepareTree",5.114000,0.268000,2
1,"second-third","RenderThread","eglBeginFrame",5.526000,0.001000,1
1,"second-third","RenderThread","Drawing  0.00  0.00 720.00 1600.00",5.531000,19.401000,1
1,"second-third","RenderThread","drawLayer [ReactViewGroup] 720.0 x 1600.0",5.551000,0.128000,2
1,"second-third","RenderThread","flush layers",5.685000,3.199000,2
1,"second-third","RenderThread","auto skgpu::ganesh::OpsTask::onPrepare(GrOpFlushState *)::(anonymous class)::operator()() const",5.696000,0.025000,3
1,"second-third","RenderThread","Clear",5.696000,0.001000,4
1,"second-third","RenderThread","AtlasTextOp",5.697000,0.007000,4
1,"second-third","RenderThread","TextureOp",5.705000,0.001000,4
1,"second-third","RenderThread","TextureOp",5.706000,0.001000,4
1,"second-third","RenderThread","TextureOp",5.707000,0.001000,4
1,"second-third","RenderThread","TextureOp",5.708000,0.001000,4
1,"second-third","RenderThread","TextureOp",5.709000,0.001000,4
1,"second-third","RenderThread","CircularRRectOp",5.711000,0.002000,4
1,"second-third","RenderThread","CircularRRectOp",5.713000,0.001000,4
1,"second-third","RenderThread","CircularRRectOp",5.714000,0.001000,4
1,"second-third","RenderThread","AtlasTextOp",5.715000,0.001000,4
1,"second-third","RenderThread","FillRectOp",5.717000,0.002000,4
1,"second-third","RenderThread","TextureOp",5.720000,0.001000,4
1,"second-third","RenderThread","auto skgpu::ganesh::OpsTask::onExecute(GrOpFlushState *)::(anonymous class)::operator()() const",8.787000,0.086000,3
1,"second-third","RenderThread","Clear",8.796000,0.002000,4
1,"second-third","RenderThread","AtlasTextOp",8.799000,0.025000,4
1,"second-third","RenderThread","TextureOp",8.824000,0.008000,4
1,"second-third","RenderThread","TextureOp",8.833000,0.002000,4
1,"second-third","RenderThread","TextureOp",8.836000,0.002000,4
1,"second-third","RenderThread","TextureOp",8.839000,0.002000,4
1,"second-third","RenderThread","TextureOp",8.841000,0.002000,4
1,"second-third","RenderThread","CircularRRectOp",8.843000,0.006000,4
1,"second-third","RenderThread","CircularRRectOp",8.850000,0.004000,4
1,"second-third","RenderThread","CircularRRectOp",8.854000,0.002000,4
1,"second-third","RenderThread","AtlasTextOp",8.857000,0.004000,4
1,"second-third","RenderThread","FillRectOp",8.861000,0.005000,4
1,"second-third","RenderThread","TextureOp",8.867000,0.005000,4
1,"second-third","RenderThread","flush commands",9.092000,0.398000,2
1,"second-third","RenderThread","auto skgpu::ganesh::OpsTask::onPrepare(GrOpFlushState *)::(anonymous class)::operator()() const",9.112000,0.005000,3
1,"second-third","RenderThread","FillRectOp",9.113000,0.002000,4
1,"second-third","RenderThread","FillRectOp",9.115000,0.001000,4
1,"second-third","RenderThread","auto skgpu::ganesh::OpsTask::onPrepare(GrOpFlushState *)::(anonymous class)::operator()() const",9.117000,0.002000,3
1,"second-third","RenderThread","FillRectOp",9.117000,0.001000,4
1,"second-third","RenderThread","FillRectOp",9.118000,0.001000,4
1,"second-third","RenderThread","auto skgpu::ganesh::OpsTask::onPrepare(GrOpFlushState *)::(anonymous class)::operator()() const",9.120000,0.001000,3
1,"second-third","RenderThread","FillRectOp",9.120000,0.001000,4
1,"second-third","RenderThread","auto skgpu::ganesh::OpsTask::onPrepare(GrOpFlushState *)::(anonymous class)::operator()() const",9.122000,0.006000,3
1,"second-third","RenderThread","PathStencilCoverOp",9.122000,0.003000,4
1,"second-third","RenderThread","FillRectOp",9.126000,0.001000,4
1,"second-third","RenderThread","auto skgpu::ganesh::OpsTask::onPrepare(GrOpFlushState *)::(anonymous class)::operator()() const",9.128000,0.015000,3
1,"second-third","RenderThread","TextureOp",9.128000,0.001000,4
1,"second-third","RenderThread","FillRRectOp",9.133000,0.007000,4
1,"second-third","RenderThread","TextureOp",9.141000,0.001000,4
1,"second-third","RenderThread","FillRectOp",9.142000,0.001000,4
1,"second-third","RenderThread","auto skgpu::ganesh::OpsTask::onExecute(GrOpFlushState *)::(anonymous class)::operator()() const",9.359000,0.027000,3
1,"second-third","RenderThread","FillRectOp",9.360000,0.019000,4
1,"second-third","RenderThread","FillRectOp",9.380000,0.005000,4
1,"second-third","RenderThread","auto skgpu::ganesh::OpsTask::onExecute(GrOpFlushState *)::(anonymous class)::operator()() const",9.386000,0.021000,3
1,"second-third","RenderThread","FillRectOp",9.387000,0.013000,4
1,"second-third","RenderThread","FillRectOp",9.401000,0.005000,4
1,"second-third","RenderThread","auto skgpu::ganesh::OpsTask::onExecute(GrOpFlushState *)::(anonymous class)::operator()() const",9.408000,0.019000,3
1,"second-third","RenderThread","FillRectOp",9.414000,0.012000,4
1,"second-third","RenderThread","auto skgpu::ganesh::OpsTask::onExecute(GrOpFlushState *)::(anonymous class)::operator()() const",9.428000,0.026000,3
1,"second-third","RenderThread","PathStencilCoverOp",9.435000,0.013000,4
1,"second-third","RenderThread","FillRectOp",9.448000,0.005000,4
1,"second-third","RenderThread","auto skgpu::ganesh::OpsTask::onExecute(GrOpFlushState *)::(anonymous class)::operator()() const",9.456000,0.024000,3
1,"second-third","RenderThread","TextureOp",9.458000,0.004000,4
1,"second-third","RenderThread","FillRRectOp",9.462000,0.006000,4
1,"second-third","RenderThread","TextureOp",9.469000,0.008000,4
1,"second-third","RenderThread","FillRectOp",9.478000,0.003000,4
1,"second-third","RenderThread","frameTimelineInfo(frameNumber=137, vsyncId=12765408, inputEventId=0x0)",9.496000,0.004000,2
1,"second-third","RenderThread","dispatchSetFrameTimelineInfo",9.497000,0.003000,3
1,"second-third","RenderThread","setFrameTimelineInfo(VRI[MainActivity]#0) frameNumber: 137 vsyncId: 12765408",9.499000,0.001000,4
1,"second-third","RenderThread","eglSwapBuffersWithDamageKHR",9.503000,15.428000,2
1,"second-third","RenderThread","setSurfaceDamage",9.506000,0.001000,3
1,"second-third","RenderThread","queueBuffer",10.043000,0.221000,3
1,"second-third","RenderThread","applyGrallocMetadataLocked",10.048000,0.004000,4
1,"second-third","RenderThread","queueBuffer",10.053000,0.184000,4
1,"second-third","RenderThread","VRI[MainActivity]#0(BLAST Consumer)0: 2",10.054000,0.000000,5
1,"second-third","RenderThread","addAndGetFrameTimestamps",10.058000,0.036000,5
1,"second-third","RenderThread","onFrameAvailable - VRI[MainActivity]#0(f:0,a:2)",10.096000,0.141000,5
1,"second-third","RenderThread","acquireBuffer",10.099000,0.004000,6
1,"second-third","RenderThread","VRI[MainActivity]#0(BLAST Consumer)0: 2",10.100000,0.000000,7
1,"second-third","RenderThread","acquireNextBufferLocked - VRI[MainActivity]#0(f:0,a:2)frame=137",10.104000,0.132000,6
1,"second-third","RenderThread","Transaction::setFrameTimelineInfo frameNumber: 137 vsyncId: 12765408",10.116000,0.000000,7
1,"second-third","RenderThread","Trace GPU completion fence 50",10.248000,0.009000,4
1,"second-third","RenderThread","dequeueBuffer - VRI[MainActivity]#0(BLAST Consumer)0",10.265000,14.666000,3
1,"second-third","RenderThread","dequeueBuffer",10.266000,14.665000,4
1,"second-third","oelseisfree.app","Choreographer#onVsync 12765416",20.159000,0.033000,0
1,"second-third","oelseisfree.app","Choreographer#doFrame 12765416",20.207000,4.724000,0
1,"second-third","oelseisfree.app","animation",20.215000,4.717000,1
1,"second-third","oelseisfree.app","Choreographer#scheduleVsyncLocked",20.283000,0.360000,2
2,"first-second","oelseisfree.app","Choreographer#doFrame 12766653",0.000000,1.419000,0
2,"first-second","oelseisfree.app","animation",0.000000,0.382000,1
2,"first-second","oelseisfree.app","BatchEventDispatchedListeners",0.353000,0.005000,2
2,"first-second","oelseisfree.app","traversal",0.384000,1.032000,1
2,"first-second","oelseisfree.app","draw-VRI[MainActivity]",0.430000,0.982000,2
2,"first-second","oelseisfree.app","Record View#draw()",0.438000,0.225000,3
2,"first-second","oelseisfree.app","postAndWait",0.667000,0.744000,3
2,"first-second","RenderThread","DrawFrames 12766653",0.682000,3.557000,0
2,"first-second","RenderThread","query",0.686000,0.003000,1
2,"first-second","RenderThread","query",0.688000,0.001000,2
2,"first-second","RenderThread","query",0.690000,0.001000,1
2,"first-second","RenderThread","query",0.690000,0.000000,2
2,"first-second","RenderThread","syncFrameState",0.692000,0.356000,1
2,"first-second","RenderThread","prepareTree",0.748000,0.299000,2
2,"first-second","RenderThread","eglBeginFrame",1.483000,0.001000,1
2,"first-second","RenderThread","Drawing  0.00  0.00 720.00 1600.00",1.488000,2.749000,1
2,"first-second","RenderThread","flush commands",1.967000,1.329000,2
2,"first-second","RenderThread","auto skgpu::ganesh::OpsTask::onPrepare(GrOpFlushState *)::(anonymous class)::operator()() const",1.995000,0.034000,3
2,"first-second","RenderThread","Clear",1.996000,0.001000,4
2,"first-second","RenderThread","AtlasTextOp",1.997000,0.011000,4
2,"first-second","RenderThread","TextureOp",2.009000,0.002000,4
2,"first-second","RenderThread","TextureOp",2.011000,0.001000,4
2,"first-second","RenderThread","TextureOp",2.012000,0.001000,4
2,"first-second","RenderThread","TextureOp",2.013000,0.001000,4
2,"first-second","RenderThread","TextureOp",2.014000,0.001000,4
2,"first-second","RenderThread","TextureOp",2.015000,0.001000,4
2,"first-second","RenderThread","CircularRRectOp",2.016000,0.003000,4
2,"first-second","RenderThread","CircularRRectOp",2.019000,0.001000,4
2,"first-second","RenderThread","CircularRRectOp",2.020000,0.001000,4
2,"first-second","RenderThread","AtlasTextOp",2.021000,0.001000,4
2,"first-second","RenderThread","FillRectOp",2.024000,0.002000,4
2,"first-second","RenderThread","TextureOp",2.027000,0.001000,4
2,"first-second","RenderThread","TextureOp",2.028000,0.001000,4
2,"first-second","RenderThread","auto skgpu::ganesh::OpsTask::onExecute(GrOpFlushState *)::(anonymous class)::operator()() const",2.929000,0.111000,3
2,"first-second","RenderThread","Clear",2.938000,0.003000,4
2,"first-second","RenderThread","AtlasTextOp",2.942000,0.033000,4
2,"first-second","RenderThread","TextureOp",2.975000,0.014000,4
2,"first-second","RenderThread","TextureOp",2.990000,0.002000,4
2,"first-second","RenderThread","TextureOp",2.993000,0.002000,4
2,"first-second","RenderThread","TextureOp",2.996000,0.002000,4
2,"first-second","RenderThread","TextureOp",2.998000,0.002000,4
2,"first-second","RenderThread","TextureOp",3.000000,0.002000,4
2,"first-second","RenderThread","CircularRRectOp",3.003000,0.007000,4
2,"first-second","RenderThread","CircularRRectOp",3.010000,0.005000,4
2,"first-second","RenderThread","CircularRRectOp",3.016000,0.002000,4
2,"first-second","RenderThread","AtlasTextOp",3.018000,0.004000,4
2,"first-second","RenderThread","FillRectOp",3.023000,0.006000,4
2,"first-second","RenderThread","TextureOp",3.029000,0.006000,4
2,"first-second","RenderThread","TextureOp",3.035000,0.004000,4
2,"first-second","RenderThread","frameTimelineInfo(frameNumber=183, vsyncId=12766653, inputEventId=0x0)",3.304000,0.004000,2
2,"first-second","RenderThread","dispatchSetFrameTimelineInfo",3.305000,0.003000,3
2,"first-second","RenderThread","setFrameTimelineInfo(VRI[MainActivity]#0) frameNumber: 183 vsyncId: 12766653",3.306000,0.001000,4
2,"first-second","RenderThread","eglSwapBuffersWithDamageKHR",3.310000,0.840000,2
2,"first-second","RenderThread","setSurfaceDamage",3.312000,0.001000,3
2,"first-second","RenderThread","queueBuffer",3.953000,0.153000,3
2,"first-second","RenderThread","applyGrallocMetadataLocked",3.962000,0.006000,4
2,"first-second","RenderThread","queueBuffer",3.969000,0.110000,4
2,"first-second","RenderThread","VRI[MainActivity]#0(BLAST Consumer)0: 1",3.971000,0.001000,5
2,"first-second","RenderThread","addAndGetFrameTimestamps",3.976000,0.017000,5
2,"first-second","RenderThread","onFrameAvailable - VRI[MainActivity]#0(f:0,a:1)",3.995000,0.084000,5
2,"first-second","RenderThread","acquireBuffer",3.999000,0.003000,6
2,"first-second","RenderThread","VRI[MainActivity]#0(BLAST Consumer)0: 1",4.000000,0.000000,7
2,"first-second","RenderThread","acquireNextBufferLocked - VRI[MainActivity]#0(f:0,a:1)frame=183",4.003000,0.075000,6
2,"first-second","RenderThread","Transaction::setFrameTimelineInfo frameNumber: 183 vsyncId: 12766653",4.018000,0.000000,7
2,"first-second","RenderThread","Trace GPU completion fence 96",4.092000,0.008000,4
2,"first-second","RenderThread","dequeueBuffer - VRI[MainActivity]#0(BLAST Consumer)0",4.117000,0.009000,3
2,"first-second","RenderThread","dequeueBuffer",4.118000,0.004000,4
2,"first-second","RenderThread","VRI[MainActivity]#0(BLAST Consumer)0: 0",4.119000,0.000000,5
2,"first-second","RenderThread","addAndGetFrameTimestamps",4.120000,0.001000,5
2,"first-second","RenderThread","HWC release fence 96 has signaled",4.124000,0.001000,4
2,"first-second","RenderThread","reportMetricsWithPresentTime",4.152000,0.076000,2
2,"first-second","RenderThread","getFrameTimestamps",4.153000,0.001000,3
2,"first-second","oelseisfree.app","monitor contention with owner RenderThread (23104) at boolean android.os.MessageQueue.enqueueMessageLegacy(android.os.Message, long)(MessageQueue.java:1285) waiters=0 blocking from android.os.Message android.os.MessageQueue.nextLegacy()(MessageQueue.java:915)",4.203000,0.013000,0
2,"first-second","oelseisfree.app","Lock contention on a monitor lock (owner tid: 23104)",4.207000,0.008000,1
2,"first-second","RenderThread","dumpingMemoryStatistics",4.231000,0.006000,2
2,"first-second","oelseisfree.app","Choreographer#onVsync 12766668",9.914000,0.023000,0
2,"first-second","oelseisfree.app","Choreographer#doFrame 12766668",9.949000,0.292000,0
2,"first-second","oelseisfree.app","animation",9.955000,0.285000,1
2,"first-second","oelseisfree.app","Choreographer#scheduleVsyncLocked",10.002000,0.050000,2
2,"first200","oelseisfree.app","Choreographer#doFrame 12766653",0.000000,1.419000,0
2,"first200","oelseisfree.app","animation",0.000000,0.382000,1
2,"first200","oelseisfree.app","BatchEventDispatchedListeners",0.353000,0.005000,2
2,"first200","oelseisfree.app","traversal",0.384000,1.032000,1
2,"first200","oelseisfree.app","draw-VRI[MainActivity]",0.430000,0.982000,2
2,"first200","oelseisfree.app","Record View#draw()",0.438000,0.225000,3
2,"first200","oelseisfree.app","postAndWait",0.667000,0.744000,3
2,"first200","RenderThread","DrawFrames 12766653",0.682000,3.557000,0
2,"first200","RenderThread","query",0.686000,0.003000,1
2,"first200","RenderThread","query",0.688000,0.001000,2
2,"first200","RenderThread","query",0.690000,0.001000,1
2,"first200","RenderThread","query",0.690000,0.000000,2
2,"first200","RenderThread","syncFrameState",0.692000,0.356000,1
2,"first200","RenderThread","prepareTree",0.748000,0.299000,2
2,"first200","RenderThread","eglBeginFrame",1.483000,0.001000,1
2,"first200","RenderThread","Drawing  0.00  0.00 720.00 1600.00",1.488000,2.749000,1
2,"first200","RenderThread","flush commands",1.967000,1.329000,2
2,"first200","RenderThread","auto skgpu::ganesh::OpsTask::onPrepare(GrOpFlushState *)::(anonymous class)::operator()() const",1.995000,0.034000,3
2,"first200","RenderThread","Clear",1.996000,0.001000,4
2,"first200","RenderThread","AtlasTextOp",1.997000,0.011000,4
2,"first200","RenderThread","TextureOp",2.009000,0.002000,4
2,"first200","RenderThread","TextureOp",2.011000,0.001000,4
2,"first200","RenderThread","TextureOp",2.012000,0.001000,4
2,"first200","RenderThread","TextureOp",2.013000,0.001000,4
2,"first200","RenderThread","TextureOp",2.014000,0.001000,4
2,"first200","RenderThread","TextureOp",2.015000,0.001000,4
2,"first200","RenderThread","CircularRRectOp",2.016000,0.003000,4
2,"first200","RenderThread","CircularRRectOp",2.019000,0.001000,4
2,"first200","RenderThread","CircularRRectOp",2.020000,0.001000,4
2,"first200","RenderThread","AtlasTextOp",2.021000,0.001000,4
2,"first200","RenderThread","FillRectOp",2.024000,0.002000,4
2,"first200","RenderThread","TextureOp",2.027000,0.001000,4
2,"first200","RenderThread","TextureOp",2.028000,0.001000,4
2,"first200","RenderThread","auto skgpu::ganesh::OpsTask::onExecute(GrOpFlushState *)::(anonymous class)::operator()() const",2.929000,0.111000,3
2,"first200","RenderThread","Clear",2.938000,0.003000,4
2,"first200","RenderThread","AtlasTextOp",2.942000,0.033000,4
2,"first200","RenderThread","TextureOp",2.975000,0.014000,4
2,"first200","RenderThread","TextureOp",2.990000,0.002000,4
2,"first200","RenderThread","TextureOp",2.993000,0.002000,4
2,"first200","RenderThread","TextureOp",2.996000,0.002000,4
2,"first200","RenderThread","TextureOp",2.998000,0.002000,4
2,"first200","RenderThread","TextureOp",3.000000,0.002000,4
2,"first200","RenderThread","CircularRRectOp",3.003000,0.007000,4
2,"first200","RenderThread","CircularRRectOp",3.010000,0.005000,4
2,"first200","RenderThread","CircularRRectOp",3.016000,0.002000,4
2,"first200","RenderThread","AtlasTextOp",3.018000,0.004000,4
2,"first200","RenderThread","FillRectOp",3.023000,0.006000,4
2,"first200","RenderThread","TextureOp",3.029000,0.006000,4
2,"first200","RenderThread","TextureOp",3.035000,0.004000,4
2,"first200","RenderThread","frameTimelineInfo(frameNumber=183, vsyncId=12766653, inputEventId=0x0)",3.304000,0.004000,2
2,"first200","RenderThread","dispatchSetFrameTimelineInfo",3.305000,0.003000,3
2,"first200","RenderThread","setFrameTimelineInfo(VRI[MainActivity]#0) frameNumber: 183 vsyncId: 12766653",3.306000,0.001000,4
2,"first200","RenderThread","eglSwapBuffersWithDamageKHR",3.310000,0.840000,2
2,"first200","RenderThread","setSurfaceDamage",3.312000,0.001000,3
2,"first200","RenderThread","queueBuffer",3.953000,0.153000,3
2,"first200","RenderThread","applyGrallocMetadataLocked",3.962000,0.006000,4
2,"first200","RenderThread","queueBuffer",3.969000,0.110000,4
2,"first200","RenderThread","VRI[MainActivity]#0(BLAST Consumer)0: 1",3.971000,0.001000,5
2,"first200","RenderThread","addAndGetFrameTimestamps",3.976000,0.017000,5
2,"first200","RenderThread","onFrameAvailable - VRI[MainActivity]#0(f:0,a:1)",3.995000,0.084000,5
2,"first200","RenderThread","acquireBuffer",3.999000,0.003000,6
2,"first200","RenderThread","VRI[MainActivity]#0(BLAST Consumer)0: 1",4.000000,0.000000,7
2,"first200","RenderThread","acquireNextBufferLocked - VRI[MainActivity]#0(f:0,a:1)frame=183",4.003000,0.075000,6
2,"first200","RenderThread","Transaction::setFrameTimelineInfo frameNumber: 183 vsyncId: 12766653",4.018000,0.000000,7
2,"first200","RenderThread","Trace GPU completion fence 96",4.092000,0.008000,4
2,"first200","RenderThread","dequeueBuffer - VRI[MainActivity]#0(BLAST Consumer)0",4.117000,0.009000,3
2,"first200","RenderThread","dequeueBuffer",4.118000,0.004000,4
2,"first200","RenderThread","VRI[MainActivity]#0(BLAST Consumer)0: 0",4.119000,0.000000,5
2,"first200","RenderThread","addAndGetFrameTimestamps",4.120000,0.001000,5
2,"first200","RenderThread","HWC release fence 96 has signaled",4.124000,0.001000,4
2,"first200","RenderThread","reportMetricsWithPresentTime",4.152000,0.076000,2
2,"first200","RenderThread","getFrameTimestamps",4.153000,0.001000,3
2,"first200","oelseisfree.app","monitor contention with owner RenderThread (23104) at boolean android.os.MessageQueue.enqueueMessageLegacy(android.os.Message, long)(MessageQueue.java:1285) waiters=0 blocking from android.os.Message android.os.MessageQueue.nextLegacy()(MessageQueue.java:915)",4.203000,0.013000,0
2,"first200","oelseisfree.app","Lock contention on a monitor lock (owner tid: 23104)",4.207000,0.008000,1
2,"first200","RenderThread","dumpingMemoryStatistics",4.231000,0.006000,2
2,"first200","oelseisfree.app","Choreographer#onVsync 12766668",9.914000,0.023000,0
2,"first200","oelseisfree.app","Choreographer#doFrame 12766668",9.949000,14.076000,0
2,"first200","oelseisfree.app","animation",9.955000,12.482000,1
2,"first200","oelseisfree.app","Choreographer#scheduleVsyncLocked",10.002000,0.050000,2
2,"first200","oelseisfree.app","MountItemDispatcher::mountViews mountItems to execute",19.742000,1.144000,2
2,"first200","oelseisfree.app","IntBufferBatchMountItem::mountViews",19.761000,1.123000,3
2,"first200","oelseisfree.app","IntBufferBatchMountItem::mountInstructions::UPDATE_PROPS numInstructions=44",19.786000,1.092000,4
2,"first200","RenderThread","notifyFramePending",20.321000,0.004000,0
2,"first200","oelseisfree.app","[ExpoImage] rerenderIfNeeded(shouldRerenderBecauseOfResize=false,force=false)",20.683000,0.025000,5
2,"first200","oelseisfree.app","BatchEventDispatchedListeners",22.415000,0.005000,2
2,"first200","oelseisfree.app","traversal",22.439000,1.583000,1
2,"first200","oelseisfree.app","draw-VRI[MainActivity]",22.481000,1.536000,2
2,"first200","oelseisfree.app","Record View#draw()",22.486000,0.311000,3
2,"first200","oelseisfree.app","postAndWait",22.799000,1.215000,3
2,"first200","RenderThread","DrawFrames 12766668",23.530000,75.500000,0
2,"first200","RenderThread","query",23.533000,0.002000,1
2,"first200","RenderThread","query",23.534000,0.001000,2
2,"first200","RenderThread","query",23.536000,0.001000,1
2,"first200","RenderThread","query",23.536000,0.001000,2
2,"first200","RenderThread","syncFrameState",23.538000,0.376000,1
2,"first200","RenderThread","prepareTree",23.602000,0.311000,2
2,"first200","RenderThread","eglBeginFrame",23.947000,0.001000,1
2,"first200","RenderThread","Drawing  0.00  0.00 720.00 1600.00",23.951000,75.078000,1
2,"first200","RenderThread","drawLayer [ReactViewGroup] 720.0 x 1600.0",23.971000,0.153000,2
2,"first200","oelseisfree.app","Choreographer#onVsync 12766683",24.078000,0.007000,0
2,"first200","oelseisfree.app","Choreographer#doFrame 12766683",24.111000,86.058000,0
2,"first200","oelseisfree.app","animation",24.114000,0.914000,1
2,"first200","RenderThread","flush layers",24.125000,2.116000,2
2,"first200","oelseisfree.app","Choreographer#scheduleVsyncLocked",24.132000,0.057000,2
2,"first200","RenderThread","auto skgpu::ganesh::OpsTask::onPrepare(GrOpFlushState *)::(anonymous class)::operator()() const",24.136000,0.055000,3
2,"first200","RenderThread","Clear",24.137000,0.001000,4
2,"first200","RenderThread","AtlasTextOp",24.138000,0.031000,4
2,"first200","RenderThread","TextureOp",24.170000,0.002000,4
2,"first200","RenderThread","TextureOp",24.172000,0.001000,4
2,"first200","RenderThread","TextureOp",24.173000,0.001000,4
2,"first200","RenderThread","TextureOp",24.175000,0.001000,4
2,"first200","RenderThread","TextureOp",24.176000,0.001000,4
2,"first200","RenderThread","CircularRRectOp",24.177000,0.004000,4
2,"first200","RenderThread","CircularRRectOp",24.181000,0.001000,4
2,"first200","RenderThread","CircularRRectOp",24.182000,0.001000,4
2,"first200","RenderThread","AtlasTextOp",24.184000,0.002000,4
2,"first200","RenderThread","FillRectOp",24.187000,0.002000,4
2,"first200","RenderThread","TextureOp",24.189000,0.001000,4
2,"first200","oelseisfree.app","MountItemDispatcher::mountViews mountItems to execute",24.734000,0.234000,2
2,"first200","oelseisfree.app","IntBufferBatchMountItem::mountViews",24.746000,0.220000,3
2,"first200","oelseisfree.app","IntBufferBatchMountItem::mountInstructions::UPDATE_PROPS numInstructions=3",24.755000,0.209000,4
2,"first200","oelseisfree.app","BatchEventDispatchedListeners",25.012000,0.003000,2
2,"first200","oelseisfree.app","traversal",25.029000,85.119000,1
2,"first200","oelseisfree.app","draw-VRI[MainActivity]",25.064000,85.038000,2
2,"first200","oelseisfree.app","Record View#draw()",25.069000,0.049000,3
2,"first200","oelseisfree.app","postAndWait",25.119000,84.880000,3
2,"first200","RenderThread","auto skgpu::ganesh::OpsTask::onExecute(GrOpFlushState *)::(anonymous class)::operator()() const",26.123000,0.107000,3
2,"first200","RenderThread","Clear",26.132000,0.002000,4
2,"first200","RenderThread","AtlasTextOp",26.136000,0.028000,4
2,"first200","RenderThread","TextureOp",26.165000,0.010000,4
2,"first200","RenderThread","TextureOp",26.175000,0.003000,4
2,"first200","RenderThread","TextureOp",26.179000,0.003000,4
2,"first200","RenderThread","TextureOp",26.182000,0.002000,4
2,"first200","RenderThread","TextureOp",26.184000,0.002000,4
2,"first200","RenderThread","CircularRRectOp",26.187000,0.006000,4
2,"first200","RenderThread","CircularRRectOp",26.194000,0.005000,4
2,"first200","RenderThread","CircularRRectOp",26.200000,0.002000,4
2,"first200","RenderThread","AtlasTextOp",26.209000,0.005000,4
2,"first200","RenderThread","FillRectOp",26.215000,0.007000,4
2,"first200","RenderThread","TextureOp",26.222000,0.007000,4
2,"first200","RenderThread","flush commands",26.467000,0.491000,2
2,"first200","RenderThread","auto skgpu::ganesh::OpsTask::onPrepare(GrOpFlushState *)::(anonymous class)::operator()() const",26.490000,0.005000,3
2,"first200","RenderThread","FillRectOp",26.491000,0.002000,4
2,"first200","RenderThread","FillRectOp",26.494000,0.001000,4
2,"first200","RenderThread","auto skgpu::ganesh::OpsTask::onPrepare(GrOpFlushState *)::(anonymous class)::operator()() const",26.496000,0.003000,3
2,"first200","RenderThread","FillRectOp",26.496000,0.001000,4
2,"first200","RenderThread","FillRectOp",26.497000,0.001000,4
2,"first200","RenderThread","auto skgpu::ganesh::OpsTask::onPrepare(GrOpFlushState *)::(anonymous class)::operator()() const",26.499000,0.002000,3
2,"first200","RenderThread","FillRectOp",26.499000,0.001000,4
2,"first200","RenderThread","auto skgpu::ganesh::OpsTask::onPrepare(GrOpFlushState *)::(anonymous class)::operator()() const",26.501000,0.006000,3
2,"first200","RenderThread","PathStencilCoverOp",26.502000,0.004000,4
2,"first200","RenderThread","FillRectOp",26.506000,0.001000,4
2,"first200","RenderThread","auto skgpu::ganesh::OpsTask::onPrepare(GrOpFlushState *)::(anonymous class)::operator()() const",26.508000,0.007000,3
2,"first200","RenderThread","TextureOp",26.508000,0.001000,4
2,"first200","RenderThread","FillRRectOp",26.510000,0.002000,4
2,"first200","RenderThread","TextureOp",26.513000,0.001000,4
2,"first200","RenderThread","FillRectOp",26.514000,0.001000,4
2,"first200","RenderThread","auto skgpu::ganesh::OpsTask::onExecute(GrOpFlushState *)::(anonymous class)::operator()() const",26.725000,0.023000,3
2,"first200","RenderThread","FillRectOp",26.726000,0.014000,4
2,"first200","RenderThread","FillRectOp",26.741000,0.006000,4
2,"first200","RenderThread","auto skgpu::ganesh::OpsTask::onExecute(GrOpFlushState *)::(anonymous class)::operator()() const",26.749000,0.111000,3
2,"first200","RenderThread","FillRectOp",26.749000,0.089000,4
2,"first200","RenderThread","FillRectOp",26.841000,0.017000,4
2,"first200","RenderThread","auto skgpu::ganesh::OpsTask::onExecute(GrOpFlushState *)::(anonymous class)::operator()() const",26.862000,0.012000,3
2,"first200","RenderThread","FillRectOp",26.866000,0.008000,4
2,"first200","RenderThread","auto skgpu::ganesh::OpsTask::onExecute(GrOpFlushState *)::(anonymous class)::operator()() const",26.875000,0.026000,3
2,"first200","RenderThread","PathStencilCoverOp",26.878000,0.016000,4
2,"first200","RenderThread","FillRectOp",26.895000,0.005000,4
2,"first200","RenderThread","auto skgpu::ganesh::OpsTask::onExecute(GrOpFlushState *)::(anonymous class)::operator()() const",26.903000,0.034000,3
2,"first200","RenderThread","TextureOp",26.905000,0.007000,4
2,"first200","RenderThread","FillRRectOp",26.913000,0.008000,4
2,"first200","RenderThread","TextureOp",26.922000,0.010000,4
2,"first200","RenderThread","FillRectOp",26.933000,0.003000,4
2,"first200","RenderThread","frameTimelineInfo(frameNumber=184, vsyncId=12766668, inputEventId=0x0)",26.971000,0.005000,2
2,"first200","RenderThread","dispatchSetFrameTimelineInfo",26.972000,0.003000,3
2,"first200","RenderThread","setFrameTimelineInfo(VRI[MainActivity]#0) frameNumber: 184 vsyncId: 12766668",26.973000,0.001000,4
2,"first200","RenderThread","eglSwapBuffersWithDamageKHR",26.978000,71.983000,2
2,"first200","RenderThread","setSurfaceDamage",26.982000,0.009000,3
2,"first200","RenderThread","queueBuffer",27.617000,0.162000,3
2,"first200","RenderThread","applyGrallocMetadataLocked",27.624000,0.004000,4
2,"first200","RenderThread","queueBuffer",27.629000,0.120000,4
2,"first200","RenderThread","VRI[MainActivity]#0(BLAST Consumer)0: 0",27.631000,0.001000,5
2,"first200","RenderThread","addAndGetFrameTimestamps",27.636000,0.016000,5
2,"first200","RenderThread","onFrameAvailable - VRI[MainActivity]#0(f:0,a:2)",27.654000,0.094000,5
2,"first200","RenderThread","acquireBuffer",27.657000,0.004000,6
2,"first200","RenderThread","VRI[MainActivity]#0(BLAST Consumer)0: 0",27.659000,0.001000,7
2,"first200","RenderThread","acquireNextBufferLocked - VRI[MainActivity]#0(f:0,a:2)frame=184",27.662000,0.085000,6
2,"first200","RenderThread","Transaction::setFrameTimelineInfo frameNumber: 184 vsyncId: 12766668",27.676000,0.000000,7
2,"first200","RenderThread","Trace GPU completion fence 97",27.763000,0.015000,4
2,"first200","RenderThread","dequeueBuffer - VRI[MainActivity]#0(BLAST Consumer)0",27.781000,71.141000,3
2,"first200","RenderThread","dequeueBuffer",27.782000,71.128000,4
2,"first200","RenderThread","VRI[MainActivity]#0(BLAST Consumer)0: 2",98.903000,0.001000,5
2,"first200","RenderThread","addAndGetFrameTimestamps",98.907000,0.003000,5
2,"first200","RenderThread","HWC release fence 97 has signaled",98.916000,0.001000,4
2,"first200","RenderThread","reportMetricsWithPresentTime",98.966000,0.050000,2
2,"first200","RenderThread","getFrameTimestamps",98.968000,0.001000,3
2,"first200","RenderThread","dumpingMemoryStatistics",99.019000,0.009000,2
2,"first200","RenderThread","notifyFramePending",99.072000,0.001000,0
2,"first200","RenderThread","DrawFrames 12766683",99.075000,15.027000,0
2,"first200","RenderThread","query",99.076000,0.002000,1
2,"first200","RenderThread","query",99.077000,0.001000,2
2,"first200","RenderThread","query",99.079000,0.002000,1
2,"first200","RenderThread","query",99.079000,0.001000,2
2,"first200","RenderThread","syncFrameState",99.081000,0.769000,1
2,"first200","RenderThread","prepareTree",99.168000,0.677000,2
2,"first200","RenderThread","eglBeginFrame",99.901000,0.001000,1
2,"first200","RenderThread","Drawing  0.00  0.00 720.00 1600.00",99.910000,14.190000,1
2,"first200","RenderThread","flush commands",100.131000,12.983000,2
2,"first200","RenderThread","auto skgpu::ganesh::OpsTask::onPrepare(GrOpFlushState *)::(anonymous class)::operator()() const",100.157000,0.021000,3
2,"first200","RenderThread","PathStencilCoverOp",100.159000,0.014000,4
2,"first200","RenderThread","FillRectOp",100.174000,0.004000,4
2,"first200","RenderThread","auto skgpu::ganesh::OpsTask::onPrepare(GrOpFlushState *)::(anonymous class)::operator()() const",100.180000,0.015000,3
2,"first200","RenderThread","TextureOp",100.181000,0.003000,4
2,"first200","RenderThread","FillRRectOp",100.185000,0.005000,4
2,"first200","RenderThread","TextureOp",100.191000,0.001000,4
2,"first200","RenderThread","FillRectOp",100.193000,0.001000,4
2,"first200","oelseisfree.app","Choreographer#onVsync 12766698",110.406000,0.030000,0
2,"first200","oelseisfree.app","Choreographer#doFrame 12766698",110.944000,5.126000,0
2,"first200","oelseisfree.app","Choreographer#doFrame - resynced to 12766703 in 26.7ms",111.023000,5.047000,1
2,"first200","oelseisfree.app","animation",111.041000,2.797000,2
2,"first200","oelseisfree.app","Choreographer#scheduleVsyncLocked",111.164000,0.193000,3
2,"first200","oelseisfree.app","MountItemDispatcher::mountViews mountItems to execute",112.908000,0.510000,3
2,"first200","RenderThread","auto skgpu::ganesh::OpsTask::onExecute(GrOpFlushState *)::(anonymous class)::operator()() const",112.915000,0.097000,3
2,"first200","RenderThread","PathStencilCoverOp",112.936000,0.062000,4
2,"first200","oelseisfree.app","IntBufferBatchMountItem::mountViews",112.961000,0.455000,4
2,"first200","oelseisfree.app","IntBufferBatchMountItem::mountInstructions::UPDATE_PROPS numInstructions=3",112.983000,0.430000,5
2,"first200","RenderThread","FillRectOp",112.999000,0.012000,4
2,"first200","RenderThread","auto skgpu::ganesh::OpsTask::onExecute(GrOpFlushState *)::(anonymous class)::operator()() const",113.016000,0.073000,3
2,"first200","RenderThread","TextureOp",113.023000,0.022000,4
2,"first200","RenderThread","FillRRectOp",113.047000,0.011000,4
2,"first200","RenderThread","TextureOp",113.059000,0.022000,4
2,"first200","RenderThread","FillRectOp",113.082000,0.005000,4
2,"first200","RenderThread","frameTimelineInfo(frameNumber=185, vsyncId=12766683, inputEventId=0x0)",113.127000,0.006000,2
2,"first200","RenderThread","dispatchSetFrameTimelineInfo",113.129000,0.004000,3
2,"first200","RenderThread","setFrameTimelineInfo(VRI[MainActivity]#0) frameNumber: 185 vsyncId: 12766683",113.131000,0.002000,4
2,"first200","RenderThread","eglSwapBuffersWithDamageKHR",113.138000,0.931000,2
2,"first200","RenderThread","setSurfaceDamage",113.142000,0.002000,3
2,"first200","RenderThread","queueBuffer",113.456000,0.564000,3
2,"first200","RenderThread","applyGrallocMetadataLocked",113.463000,0.004000,4
2,"first200","RenderThread","queueBuffer",113.468000,0.442000,4
2,"first200","RenderThread","VRI[MainActivity]#0(BLAST Consumer)0: 2",113.470000,0.001000,5
2,"first200","RenderThread","addAndGetFrameTimestamps",113.475000,0.139000,5
2,"first200","oelseisfree.app","BatchEventDispatchedListeners",113.492000,0.163000,3
2,"first200","RenderThread","onFrameAvailable - VRI[MainActivity]#0(f:0,a:1)",113.618000,0.291000,5
2,"first200","RenderThread","acquireBuffer",113.623000,0.006000,6
2,"first200","RenderThread","VRI[MainActivity]#0(BLAST Consumer)0: 2",113.626000,0.001000,7
2,"first200","RenderThread","acquireNextBufferLocked - VRI[MainActivity]#0(f:0,a:1)frame=185",113.631000,0.276000,6
2,"first200","RenderThread","Transaction::setFrameTimelineInfo frameNumber: 185 vsyncId: 12766683",113.649000,0.000000,7
2,"first200","oelseisfree.app","notifyAnimEnd-ValueAnimator",113.783000,0.025000,3
2,"first200","oelseisfree.app","notifyAnimEnd-ValueAnimator",113.832000,0.003000,3
2,"first200","oelseisfree.app","traversal",113.840000,2.227000,2
2,"first200","oelseisfree.app","draw-VRI[MainActivity]",113.900000,2.156000,3
2,"first200","oelseisfree.app","Record View#draw()",113.916000,0.171000,4
2,"first200","RenderThread","Trace GPU completion fence 98",114.012000,0.007000,4
2,"first200","RenderThread","dequeueBuffer - VRI[MainActivity]#0(BLAST Consumer)0",114.024000,0.013000,3
2,"first200","RenderThread","dequeueBuffer",114.025000,0.006000,4
2,"first200","RenderThread","VRI[MainActivity]#0(BLAST Consumer)0: 1",114.027000,0.001000,5
2,"first200","RenderThread","addAndGetFrameTimestamps",114.029000,0.001000,5
2,"first200","RenderThread","HWC release fence 98 has signaled",114.034000,0.001000,4
2,"first200","RenderThread","reportMetricsWithPresentTime",114.073000,0.013000,2
2,"first200","RenderThread","getFrameTimestamps",114.074000,0.001000,3
2,"first200","RenderThread","dumpingMemoryStatistics",114.088000,0.012000,2
2,"first200","oelseisfree.app","postAndWait",114.090000,1.944000,4
2,"first200","RenderThread","notifyFramePending",114.107000,0.001000,0
2,"first200","RenderThread","DrawFrames 12766698",114.109000,51.938000,0
2,"first200","RenderThread","query",114.111000,0.002000,1
2,"first200","RenderThread","query",114.112000,0.001000,2
2,"first200","RenderThread","query",114.113000,0.002000,1
2,"first200","RenderThread","query",114.114000,0.001000,2
2,"first200","RenderThread","syncFrameState",114.119000,1.757000,1
2,"first200","RenderThread","prepareTree",114.986000,0.886000,2
2,"first200","RenderThread","eglBeginFrame",115.892000,0.001000,1
2,"first200","RenderThread","Drawing  0.00  0.00 720.00 1600.00",115.898000,50.148000,1
2,"first200","RenderThread","flush commands",118.951000,17.615000,2
2,"first200","RenderThread","auto skgpu::ganesh::OpsTask::onPrepare(GrOpFlushState *)::(anonymous class)::operator()() const",118.973000,3.850000,3
2,"first200","RenderThread","TextureOp",118.974000,0.004000,4
2,"first200","RenderThread","FillRRectOp",118.978000,0.004000,4
2,"first200","RenderThread","FillRectOp",118.983000,0.002000,4
2,"first200","RenderThread","TextureOp",118.986000,0.001000,4
2,"first200","RenderThread","FillRectOp",118.987000,0.001000,4
2,"first200","RenderThread","CircleOp",118.989000,0.003000,4
2,"first200","RenderThread","CircleOp",118.992000,0.001000,4
2,"first200","RenderThread","FillRectOp",118.994000,0.001000,4
2,"first200","RenderThread","AtlasTextOp",118.996000,1.269000,4
2,"first200","RenderThread","CircleOp",120.266000,0.003000,4
2,"first200","RenderThread","CircleOp",120.269000,0.001000,4
2,"first200","RenderThread","FillRectOp",120.272000,0.004000,4
2,"first200","RenderThread","CircleOp",120.276000,0.001000,4
2,"first200","RenderThread","CircleOp",120.278000,0.001000,4
2,"first200","RenderThread","FillRectOp",120.279000,0.001000,4
2,"first200","RenderThread","CircleOp",120.463000,0.003000,4
2,"first200","RenderThread","CircleOp",120.467000,0.001000,4
2,"first200","RenderThread","AtlasTextOp",120.469000,2.214000,4
2,"first200","oelseisfree.app","Choreographer#onVsync 12766714",121.355000,0.018000,0
2,"first200","oelseisfree.app","Choreographer#doFrame 12766714",121.398000,48.410000,0
2,"first200","oelseisfree.app","animation",121.403000,1.985000,1
2,"first200","oelseisfree.app","Choreographer#scheduleVsyncLocked",121.467000,0.507000,2
2,"first200","RenderThread","TextureOp",122.688000,0.004000,4
2,"first200","RenderThread","CircularRRectOp",122.692000,0.002000,4
2,"first200","RenderThread","FillRectOp",122.695000,0.002000,4
2,"first200","RenderThread","TextureOp",122.697000,0.002000,4
2,"first200","RenderThread","FillRectOp",122.701000,0.002000,4
2,"first200","RenderThread","CircularRRectOp",122.704000,0.002000,4
2,"first200","RenderThread","AtlasTextOp",122.706000,0.055000,4
2,"first200","RenderThread","CircleOp",122.796000,0.004000,4
2,"first200","RenderThread","FillRectOp",122.803000,0.002000,4
2,"first200","RenderThread","FillRectOp",122.807000,0.002000,4
2,"first200","RenderThread","TextureOp",122.811000,0.002000,4
2,"first200","RenderThread","TextureOp",122.814000,0.002000,4
2,"first200","RenderThread","FillRectOp",122.820000,0.001000,4
2,"first200","oelseisfree.app","MountItemDispatcher::mountViews mountItems to execute",122.884000,0.411000,2
2,"first200","oelseisfree.app","IntBufferBatchMountItem::mountViews",122.898000,0.396000,3
2,"first200","oelseisfree.app","IntBufferBatchMountItem::mountInstructions::UPDATE_PROPS numInstructions=3",122.908000,0.381000,4
2,"first200","oelseisfree.app","BatchEventDispatchedListeners",123.361000,0.024000,2
2,"first200","oelseisfree.app","traversal",123.390000,46.403000,1
2,"first200","oelseisfree.app","draw-VRI[MainActivity]",123.439000,46.225000,2
2,"first200","oelseisfree.app","Record View#draw()",123.444000,0.072000,3
2,"first200","oelseisfree.app","postAndWait",123.518000,46.132000,3
2,"first200","RenderThread","Texture upload(406) 297x298",135.768000,0.133000,3
2,"first200","RenderThread","Texture upload(12) 512x56",135.913000,0.141000,3
2,"first200","RenderThread","auto skgpu::ganesh::OpsTask::onExecute(GrOpFlushState *)::(anonymous class)::operator()() const",136.059000,0.486000,3
2,"first200","RenderThread","TextureOp",136.065000,0.030000,4
2,"first200","RenderThread","FillRRectOp",136.097000,0.024000,4
2,"first200","RenderThread","FillRectOp",136.122000,0.040000,4
2,"first200","RenderThread","TextureOp",136.164000,0.028000,4
2,"first200","RenderThread","FillRectOp",136.194000,0.006000,4
2,"first200","RenderThread","CircleOp",136.201000,0.008000,4
2,"first200","RenderThread","CircleOp",136.210000,0.017000,4
2,"first200","RenderThread","FillRectOp",136.228000,0.050000,4
2,"first200","RenderThread","AtlasTextOp",136.280000,0.009000,4
2,"first200","RenderThread","CircleOp",136.290000,0.005000,4
2,"first200","RenderThread","CircleOp",136.295000,0.004000,4
2,"first200","RenderThread","FillRectOp",136.300000,0.023000,4
2,"first200","RenderThread","CircleOp",136.324000,0.005000,4
2,"first200","RenderThread","CircleOp",136.330000,0.003000,4
2,"first200","RenderThread","FillRectOp",136.334000,0.007000,4
2,"first200","RenderThread","CircleOp",136.341000,0.003000,4
2,"first200","RenderThread","CircleOp",136.346000,0.004000,4
2,"first200","RenderThread","AtlasTextOp",136.350000,0.017000,4
2,"first200","RenderThread","TextureOp",136.369000,0.015000,4
2,"first200","RenderThread","CircularRRectOp",136.385000,0.004000,4
2,"first200","RenderThread","FillRectOp",136.390000,0.015000,4
2,"first200","RenderThread","TextureOp",136.406000,0.006000,4
2,"first200","RenderThread","FillRectOp",136.413000,0.034000,4
2,"first200","RenderThread","CircularRRectOp",136.449000,0.015000,4
2,"first200","RenderThread","AtlasTextOp",136.465000,0.010000,4
2,"first200","RenderThread","CircleOp",136.475000,0.004000,4
2,"first200","RenderThread","FillRectOp",136.480000,0.005000,4
2,"first200","RenderThread","FillRectOp",136.486000,0.003000,4
2,"first200","RenderThread","TextureOp",136.489000,0.007000,4
2,"first200","RenderThread","TextureOp",136.497000,0.031000,4
2,"first200","RenderThread","FillRectOp",136.530000,0.014000,4
2,"first200","RenderThread","frameTimelineInfo(frameNumber=186, vsyncId=12766698, inputEventId=0x0)",136.577000,0.005000,2
2,"first200","RenderThread","dispatchSetFrameTimelineInfo",136.578000,0.004000,3
2,"first200","RenderThread","setFrameTimelineInfo(VRI[MainActivity]#0) frameNumber: 186 vsyncId: 12766698",136.579000,0.001000,4
2,"first200","RenderThread","eglSwapBuffersWithDamageKHR",136.585000,17.790000,2
2,"first200","RenderThread","setSurfaceDamage",136.590000,0.001000,3
2,"first200","RenderThread","queueBuffer",153.912000,0.338000,3
2,"first200","RenderThread","applyGrallocMetadataLocked",153.920000,0.013000,4
2,"first200","RenderThread","queueBuffer",153.935000,0.292000,4
2,"first200","RenderThread","VRI[MainActivity]#0(BLAST Consumer)0: 1",153.937000,0.001000,5
2,"first200","RenderThread","addAndGetFrameTimestamps",153.972000,0.048000,5
2,"first200","RenderThread","onFrameAvailable - VRI[MainActivity]#0(f:0,a:1)",154.023000,0.202000,5
2,"first200","RenderThread","acquireBuffer",154.027000,0.004000,6
2,"first200","RenderThread","VRI[MainActivity]#0(BLAST Consumer)0: 1",154.028000,0.001000,7
2,"first200","RenderThread","acquireNextBufferLocked - VRI[MainActivity]#0(f:0,a:1)frame=186",154.032000,0.191000,6
2,"first200","RenderThread","Transaction::setFrameTimelineInfo frameNumber: 186 vsyncId: 12766698",154.057000,0.000000,7
2,"first200","RenderThread","Trace GPU completion fence 99",154.242000,0.006000,4
2,"first200","RenderThread","dequeueBuffer - VRI[MainActivity]#0(BLAST Consumer)0",154.254000,0.012000,3
2,"first200","RenderThread","dequeueBuffer",154.255000,0.006000,4
2,"first200","RenderThread","VRI[MainActivity]#0(BLAST Consumer)0: 0",154.257000,0.001000,5
2,"first200","RenderThread","addAndGetFrameTimestamps",154.260000,0.001000,5
2,"first200","RenderThread","HWC release fence 99 has signaled",154.264000,0.001000,4
2,"first200","RenderThread","reportMetricsWithPresentTime",154.388000,11.640000,2
2,"first200","RenderThread","getFrameTimestamps",154.389000,0.001000,3
2,"first200","RenderThread","dumpingMemoryStatistics",166.034000,0.011000,2
2,"first200","RenderThread","notifyFramePending",166.079000,0.001000,0
2,"first200","RenderThread","DrawFrames 12766714",166.081000,33.919000,0
2,"first200","RenderThread","query",166.086000,0.003000,1
2,"first200","RenderThread","query",166.088000,0.001000,2
2,"first200","RenderThread","query",166.090000,0.002000,1
2,"first200","RenderThread","query",166.090000,0.001000,2
2,"first200","RenderThread","syncFrameState",166.092000,0.909000,1
2,"first200","RenderThread","prepareTree",166.242000,0.757000,2
2,"first200","RenderThread","eglBeginFrame",167.025000,0.001000,1
2,"first200","RenderThread","Drawing  0.00  0.00 720.00 1600.00",167.030000,32.971000,1
2,"first200","RenderThread","flush commands",168.189000,31.811000,2
2,"first200","RenderThread","auto skgpu::ganesh::OpsTask::onPrepare(GrOpFlushState *)::(anonymous class)::operator()() const",168.226000,3.994000,3
2,"first200","RenderThread","TextureOp",168.228000,0.004000,4
2,"first200","RenderThread","FillRRectOp",168.233000,0.014000,4
2,"first200","RenderThread","FillRectOp",168.249000,0.003000,4
2,"first200","RenderThread","TextureOp",168.252000,0.001000,4
2,"first200","RenderThread","FillRectOp",168.254000,0.001000,4
2,"first200","RenderThread","CircleOp",168.256000,0.003000,4
2,"first200","RenderThread","CircleOp",168.259000,0.001000,4
2,"first200","RenderThread","FillRectOp",168.261000,0.001000,4
2,"first200","RenderThread","AtlasTextOp",168.263000,0.139000,4
2,"first200","RenderThread","CircleOp",168.402000,0.001000,4
2,"first200","RenderThread","CircleOp",168.404000,0.001000,4
2,"first200","RenderThread","FillRectOp",168.406000,0.001000,4
2,"first200","RenderThread","CircleOp",168.407000,0.001000,4
2,"first200","RenderThread","CircleOp",168.408000,0.001000,4
2,"first200","RenderThread","FillRectOp",168.410000,0.001000,4
2,"first200","RenderThread","CircleOp",168.411000,0.001000,4
2,"first200","RenderThread","CircleOp",168.412000,0.001000,4
2,"first200","RenderThread","AtlasTextOp",168.413000,3.725000,4
2,"first200","oelseisfree.app","Choreographer#onVsync 12766722",169.881000,0.022000,0
2,"first200","oelseisfree.app","Choreographer#doFrame 12766722",169.962000,30.038000,0
2,"first200","oelseisfree.app","Choreographer#doFrame - resynced to 12766724 in 17.7ms",170.003000,29.997000,1
2,"first200","oelseisfree.app","animation",170.007000,6.000000,2
2,"first200","oelseisfree.app","Choreographer#scheduleVsyncLocked",170.045000,0.473000,3
2,"first200","RenderThread","TextureOp",172.141000,0.005000,4
2,"first200","RenderThread","CircularRRectOp",172.147000,0.004000,4
2,"first200","RenderThread","FillRectOp",172.151000,0.002000,4
2,"first200","RenderThread","TextureOp",172.154000,0.001000,4
2,"first200","RenderThread","CircleOp",172.156000,0.002000,4
2,"first200","RenderThread","FillRectOp",172.159000,0.001000,4
2,"first200","RenderThread","FillRectOp",172.161000,0.001000,4
2,"first200","RenderThread","FillRectOp",172.162000,0.001000,4
2,"first200","RenderThread","CircularRRectOp",172.163000,0.001000,4
2,"first200","RenderThread","AtlasTextOp",172.165000,0.042000,4
2,"first200","RenderThread","CircleOp",172.208000,0.001000,4
2,"first200","RenderThread","FillRectOp",172.210000,0.001000,4
2,"first200","RenderThread","FillRectOp",172.212000,0.001000,4
2,"first200","RenderThread","TextureOp",172.214000,0.001000,4
2,"first200","RenderThread","TextureOp",172.215000,0.001000,4
2,"first200","RenderThread","FillRectOp",172.217000,0.001000,4
2,"first200","oelseisfree.app","MountItemDispatcher::mountViews mountItems to execute",174.904000,1.003000,3
2,"first200","oelseisfree.app","IntBufferBatchMountItem::mountViews",174.947000,0.958000,4
2,"first200","oelseisfree.app","IntBufferBatchMountItem::mountInstructions::UPDATE_PROPS numInstructions=3",174.987000,0.909000,5
2,"first200","oelseisfree.app","BatchEventDispatchedListeners",175.999000,0.005000,3
2,"first200","oelseisfree.app","traversal",176.010000,23.990000,2
2,"first200","oelseisfree.app","draw-VRI[MainActivity]",176.111000,23.889000,3
2,"first200","oelseisfree.app","Record View#draw()",176.129000,0.109000,4
2,"first200","oelseisfree.app","postAndWait",176.241000,23.759000,4
2,"ready-request","oelseisfree.app","Choreographer#onVsync 12766601",11.866000,0.011000,0
2,"ready-request","oelseisfree.app","Choreographer#doFrame 12766601",11.883000,6.135000,0
2,"ready-request","oelseisfree.app","animation",11.887000,1.026000,1
2,"ready-request","oelseisfree.app","MountItemDispatcher::mountViews mountItems to execute",11.938000,0.930000,2
2,"ready-request","oelseisfree.app","IntBufferBatchMountItem::mountViews",11.952000,0.915000,3
2,"ready-request","oelseisfree.app","IntBufferBatchMountItem::mountInstructions::UPDATE_PROPS numInstructions=44",11.960000,0.903000,4
2,"ready-request","oelseisfree.app","Choreographer#scheduleVsyncLocked",12.247000,0.018000,5
2,"ready-request","oelseisfree.app","[ExpoImage] rerenderIfNeeded(shouldRerenderBecauseOfResize=false,force=false)",12.715000,0.051000,5
2,"ready-request","oelseisfree.app","BatchEventDispatchedListeners",12.892000,0.007000,2
2,"ready-request","oelseisfree.app","traversal",12.914000,4.893000,1
2,"ready-request","oelseisfree.app","draw-VRI[MainActivity]",12.954000,4.831000,2
2,"ready-request","oelseisfree.app","Record View#draw()",12.959000,0.153000,3
2,"ready-request","oelseisfree.app","postAndWait",13.114000,4.667000,3
2,"ready-request","RenderThread","notifyFramePending",13.124000,0.001000,0
2,"ready-request","RenderThread","DrawFrames 12766601",13.127000,18.178000,0
2,"ready-request","RenderThread","query",13.128000,0.002000,1
2,"ready-request","RenderThread","query",13.129000,0.001000,2
2,"ready-request","RenderThread","query",13.131000,0.001000,1
2,"ready-request","RenderThread","query",13.131000,0.000000,2
2,"ready-request","RenderThread","syncFrameState",13.133000,0.288000,1
2,"ready-request","RenderThread","prepareTree",13.177000,0.243000,2
2,"ready-request","RenderThread","eglBeginFrame",13.430000,0.001000,1
2,"ready-request","RenderThread","Drawing  0.00  0.00 720.00 1600.00",13.433000,17.870000,1
2,"ready-request","RenderThread","flush commands",13.576000,8.921000,2
2,"ready-request","RenderThread","auto skgpu::ganesh::OpsTask::onPrepare(GrOpFlushState *)::(anonymous class)::operator()() const",13.583000,0.027000,3
2,"ready-request","RenderThread","Clear",13.584000,0.000000,4
2,"ready-request","RenderThread","AtlasTextOp",13.585000,0.006000,4
2,"ready-request","RenderThread","TextureOp",13.592000,0.001000,4
2,"ready-request","RenderThread","TextureOp",13.593000,0.001000,4
2,"ready-request","RenderThread","TextureOp",13.594000,0.001000,4
2,"ready-request","RenderThread","TextureOp",13.595000,0.001000,4
2,"ready-request","RenderThread","TextureOp",13.596000,0.000000,4
2,"ready-request","RenderThread","TextureOp",13.597000,0.001000,4
2,"ready-request","RenderThread","CircularRRectOp",13.598000,0.002000,4
2,"ready-request","RenderThread","CircularRRectOp",13.601000,0.001000,4
2,"ready-request","RenderThread","CircularRRectOp",13.602000,0.001000,4
2,"ready-request","RenderThread","AtlasTextOp",13.603000,0.001000,4
2,"ready-request","RenderThread","FillRectOp",13.605000,0.002000,4
2,"ready-request","RenderThread","TextureOp",13.607000,0.001000,4
2,"ready-request","RenderThread","TextureOp",13.608000,0.000000,4
2,"ready-request","RenderThread","auto skgpu::ganesh::OpsTask::onExecute(GrOpFlushState *)::(anonymous class)::operator()() const",22.382000,0.095000,3
2,"ready-request","RenderThread","Clear",22.389000,0.002000,4
2,"ready-request","RenderThread","AtlasTextOp",22.392000,0.023000,4
2,"ready-request","RenderThread","TextureOp",22.416000,0.011000,4
2,"ready-request","RenderThread","TextureOp",22.428000,0.002000,4
2,"ready-request","RenderThread","TextureOp",22.430000,0.002000,4
2,"ready-request","RenderThread","TextureOp",22.433000,0.002000,4
2,"ready-request","RenderThread","TextureOp",22.436000,0.002000,4
2,"ready-request","RenderThread","TextureOp",22.438000,0.002000,4
2,"ready-request","RenderThread","CircularRRectOp",22.441000,0.006000,4
2,"ready-request","RenderThread","CircularRRectOp",22.447000,0.005000,4
2,"ready-request","RenderThread","CircularRRectOp",22.453000,0.002000,4
2,"ready-request","RenderThread","AtlasTextOp",22.455000,0.004000,4
2,"ready-request","RenderThread","FillRectOp",22.460000,0.005000,4
2,"ready-request","RenderThread","TextureOp",22.465000,0.006000,4
2,"ready-request","RenderThread","TextureOp",22.472000,0.004000,4
2,"ready-request","RenderThread","frameTimelineInfo(frameNumber=182, vsyncId=12766601, inputEventId=0x0)",22.509000,0.005000,2
2,"ready-request","RenderThread","dispatchSetFrameTimelineInfo",22.510000,0.004000,3
2,"ready-request","RenderThread","setFrameTimelineInfo(VRI[MainActivity]#0) frameNumber: 182 vsyncId: 12766601",22.512000,0.001000,4
2,"ready-request","RenderThread","eglSwapBuffersWithDamageKHR",22.518000,8.759000,2
2,"ready-request","RenderThread","setSurfaceDamage",22.522000,0.001000,3
2,"ready-request","RenderThread","queueBuffer",22.998000,8.239000,3
2,"ready-request","RenderThread","applyGrallocMetadataLocked",23.004000,0.004000,4
2,"ready-request","RenderThread","queueBuffer",23.009000,8.212000,4
2,"ready-request","RenderThread","VRI[MainActivity]#0(BLAST Consumer)0: 2",23.010000,0.000000,5
2,"ready-request","RenderThread","addAndGetFrameTimestamps",23.014000,0.012000,5
2,"ready-request","RenderThread","onFrameAvailable - VRI[MainActivity]#0(f:0,a:1)",23.027000,8.192000,5
2,"ready-request","RenderThread","acquireBuffer",23.030000,0.003000,6
2,"ready-request","RenderThread","VRI[MainActivity]#0(BLAST Consumer)0: 2",23.031000,0.000000,7
2,"ready-request","RenderThread","acquireNextBufferLocked - VRI[MainActivity]#0(f:0,a:1)frame=182",23.034000,8.184000,6
2,"ready-request","RenderThread","Transaction::setFrameTimelineInfo frameNumber: 182 vsyncId: 12766601",23.045000,0.000000,7
2,"ready-request","oelseisfree.app","Choreographer#onVsync 12766623",30.592000,0.012000,0
2,"ready-request","oelseisfree.app","Choreographer#doFrame 12766623",30.612000,3.148000,0
2,"ready-request","oelseisfree.app","animation",30.617000,0.223000,1
2,"ready-request","oelseisfree.app","Choreographer#scheduleVsyncLocked",30.654000,0.086000,2
2,"ready-request","oelseisfree.app","BatchEventDispatchedListeners",30.769000,0.013000,2
2,"ready-request","oelseisfree.app","traversal",30.843000,2.911000,1
2,"ready-request","oelseisfree.app","draw-VRI[MainActivity]",30.900000,2.841000,2
2,"ready-request","oelseisfree.app","Record View#draw()",30.912000,0.019000,3
2,"ready-request","oelseisfree.app","postAndWait",30.935000,2.802000,3
2,"ready-request","RenderThread","GPU completion fence 95 has signaled",31.235000,0.000000,4
2,"ready-request","RenderThread","dequeueBuffer - VRI[MainActivity]#0(BLAST Consumer)0",31.240000,0.011000,3
2,"ready-request","RenderThread","dequeueBuffer",31.241000,0.006000,4
2,"ready-request","RenderThread","VRI[MainActivity]#0(BLAST Consumer)0: 1",31.243000,0.001000,5
2,"ready-request","RenderThread","addAndGetFrameTimestamps",31.245000,0.001000,5
2,"ready-request","RenderThread","HWC release fence 95 has signaled",31.248000,0.001000,4
2,"ready-request","RenderThread","reportMetricsWithPresentTime",31.281000,0.013000,2
2,"ready-request","RenderThread","getFrameTimestamps",31.281000,0.001000,3
2,"ready-request","RenderThread","dumpingMemoryStatistics",31.296000,0.007000,2
2,"ready-request","RenderThread","notifyFramePending",31.313000,0.001000,0
2,"ready-request","RenderThread","DrawFrames 12766623",31.314000,2.513000,0
2,"ready-request","RenderThread","query",31.315000,0.002000,1
2,"ready-request","RenderThread","query",31.316000,0.000000,2
2,"ready-request","RenderThread","query",31.318000,0.001000,1
2,"ready-request","RenderThread","query",31.318000,0.000000,2
2,"ready-request","RenderThread","syncFrameState",31.320000,2.397000,1
2,"ready-request","RenderThread","prepareTree",31.369000,2.343000,2
2,"ready-request","RenderThread","query",33.795000,0.004000,1
2,"ready-request","RenderThread","query",33.797000,0.001000,2
2,"ready-request","RenderThread","query",33.800000,0.002000,1
2,"ready-request","RenderThread","query",33.801000,0.001000,2
2,"ready-request","RenderThread","Frame skipped: NothingToDraw",33.805000,0.000000,1
2,"request-first","oelseisfree.app","Choreographer#onVsync 12766638",1.057000,0.024000,0
2,"request-first","oelseisfree.app","Choreographer#doFrame 12766638",1.090000,1.095000,0
2,"request-first","oelseisfree.app","animation",1.096000,0.207000,1
2,"request-first","oelseisfree.app","Choreographer#scheduleVsyncLocked",1.128000,0.103000,2
2,"request-first","oelseisfree.app","BatchEventDispatchedListeners",1.244000,0.006000,2
2,"request-first","oelseisfree.app","traversal",1.305000,0.877000,1
2,"request-first","oelseisfree.app","draw-VRI[MainActivity]",1.368000,0.808000,2
2,"request-first","oelseisfree.app","Record View#draw()",1.377000,0.016000,3
2,"request-first","oelseisfree.app","postAndWait",1.397000,0.776000,3
2,"request-first","RenderThread","notifyFramePending",1.575000,0.002000,0
2,"request-first","RenderThread","DrawFrames 12766638",1.580000,0.588000,0
2,"request-first","RenderThread","query",1.583000,0.003000,1
2,"request-first","RenderThread","query",1.585000,0.001000,2
2,"request-first","RenderThread","query",1.587000,0.001000,1
2,"request-first","RenderThread","query",1.587000,0.001000,2
2,"request-first","RenderThread","syncFrameState",1.589000,0.554000,1
2,"request-first","RenderThread","prepareTree",1.647000,0.495000,2
2,"request-first","RenderThread","query",2.147000,0.002000,1
2,"request-first","RenderThread","query",2.147000,0.001000,2
2,"request-first","RenderThread","query",2.149000,0.001000,1
2,"request-first","RenderThread","query",2.150000,0.000000,2
2,"request-first","RenderThread","Frame skipped: NothingToDraw",2.151000,0.000000,1
2,"request-first","oelseisfree.app","monitor contention with owner mqt_v_js (23113) at boolean android.os.MessageQueue.enqueueMessageLegacy(android.os.Message, long)(MessageQueue.java:1285) waiters=0 blocking from android.os.Message android.os.MessageQueue.nextLegacy()(MessageQueue.java:915)",3.693000,0.013000,0
2,"request-first","oelseisfree.app","Lock contention on a monitor lock (owner tid: 23113)",3.697000,0.008000,1
2,"request-first","oelseisfree.app","Choreographer#onVsync 12766653",19.207000,0.008000,0
2,"request-first","oelseisfree.app","Choreographer#doFrame 12766653",19.220000,10.246000,0
2,"request-first","oelseisfree.app","animation",19.223000,10.243000,1
2,"request-first","oelseisfree.app","MountItemDispatcher::mountViews mountItems to execute",19.428000,9.828000,2
2,"request-first","oelseisfree.app","IntBufferBatchMountItem::mountViews",19.447000,9.805000,3
2,"request-first","oelseisfree.app","IntBufferBatchMountItem::mountInstructions::UPDATE_PROPS numInstructions=44",19.472000,9.774000,4
2,"request-first","oelseisfree.app","Choreographer#scheduleVsyncLocked",19.805000,0.045000,5
2,"request-first","RenderThread","notifyFramePending",19.863000,0.001000,0
2,"request-first","oelseisfree.app","[ExpoImage] rerenderIfNeeded(shouldRerenderBecauseOfResize=false,force=false)",28.874000,0.131000,5
2,"second-third","oelseisfree.app","Choreographer#doFrame 12766668",0.000000,13.785000,0
2,"second-third","oelseisfree.app","animation",0.000000,12.197000,1
2,"second-third","oelseisfree.app","MountItemDispatcher::mountViews mountItems to execute",9.502000,1.144000,2
2,"second-third","oelseisfree.app","IntBufferBatchMountItem::mountViews",9.521000,1.123000,3
2,"second-third","oelseisfree.app","IntBufferBatchMountItem::mountInstructions::UPDATE_PROPS numInstructions=44",9.545000,1.092000,4
2,"second-third","RenderThread","notifyFramePending",10.080000,0.004000,0
2,"second-third","oelseisfree.app","[ExpoImage] rerenderIfNeeded(shouldRerenderBecauseOfResize=false,force=false)",10.443000,0.025000,5
2,"second-third","oelseisfree.app","BatchEventDispatchedListeners",12.175000,0.005000,2
2,"second-third","oelseisfree.app","traversal",12.198000,1.583000,1
2,"second-third","oelseisfree.app","draw-VRI[MainActivity]",12.240000,1.536000,2
2,"second-third","oelseisfree.app","Record View#draw()",12.245000,0.311000,3
2,"second-third","oelseisfree.app","postAndWait",12.558000,1.215000,3
2,"second-third","RenderThread","DrawFrames 12766668",13.290000,0.789000,0
2,"second-third","RenderThread","query",13.292000,0.002000,1
2,"second-third","RenderThread","query",13.293000,0.001000,2
2,"second-third","RenderThread","query",13.295000,0.001000,1
2,"second-third","RenderThread","query",13.296000,0.001000,2
2,"second-third","RenderThread","syncFrameState",13.298000,0.376000,1
2,"second-third","RenderThread","prepareTree",13.362000,0.311000,2
2,"second-third","RenderThread","eglBeginFrame",13.706000,0.001000,1
2,"second-third","RenderThread","Drawing  0.00  0.00 720.00 1600.00",13.710000,0.369000,1
2,"second-third","RenderThread","drawLayer [ReactViewGroup] 720.0 x 1600.0",13.731000,0.153000,2
2,"second-third","oelseisfree.app","Choreographer#onVsync 12766683",13.838000,0.007000,0
2,"second-third","oelseisfree.app","Choreographer#doFrame 12766683",13.871000,0.209000,0
2,"second-third","oelseisfree.app","animation",13.873000,0.206000,1
2,"second-third","RenderThread","flush layers",13.884000,0.195000,2
2,"second-third","oelseisfree.app","Choreographer#scheduleVsyncLocked",13.891000,0.057000,2
2,"second-third","RenderThread","auto skgpu::ganesh::OpsTask::onPrepare(GrOpFlushState *)::(anonymous class)::operator()() const",13.896000,0.055000,3
2,"second-third","RenderThread","Clear",13.896000,0.001000,4
2,"second-third","RenderThread","AtlasTextOp",13.897000,0.031000,4
2,"second-third","RenderThread","TextureOp",13.930000,0.002000,4
2,"second-third","RenderThread","TextureOp",13.932000,0.001000,4
2,"second-third","RenderThread","TextureOp",13.933000,0.001000,4
2,"second-third","RenderThread","TextureOp",13.934000,0.001000,4
2,"second-third","RenderThread","TextureOp",13.935000,0.001000,4
2,"second-third","RenderThread","CircularRRectOp",13.937000,0.004000,4
2,"second-third","RenderThread","CircularRRectOp",13.941000,0.001000,4
2,"second-third","RenderThread","CircularRRectOp",13.942000,0.001000,4
2,"second-third","RenderThread","AtlasTextOp",13.943000,0.002000,4
2,"second-third","RenderThread","FillRectOp",13.946000,0.002000,4
2,"second-third","RenderThread","TextureOp",13.949000,0.001000,4
