"tid","name","ts","dur","state","io_wait","blocked_function"
23055,"MainThread",54815524428592,24458,"R","[NULL]","[NULL]"
23055,"MainThread",54815524453050,168209,"Running","[NULL]","[NULL]"
23055,"MainThread",54815524621259,16581541,"S","[NULL]","[NULL]"
23055,"MainThread",54815541202800,43125,"R","[NULL]","[NULL]"
23055,"MainThread",54815541245925,223084,"Running","[NULL]","[NULL]"
23055,"MainThread",54815541469009,16293875,"S","[NULL]","[NULL]"
23055,"MainThread",54815557762884,25208,"R","[NULL]","[NULL]"
23055,"MainThread",54815557788092,175333,"Running","[NULL]","[NULL]"
23055,"MainThread",54815557963425,16483625,"S","[NULL]","[NULL]"
23055,"MainThread",54815574447050,20334,"R","[NULL]","[NULL]"
23055,"MainThread",54815574467384,131333,"Running","[NULL]","[NULL]"
23055,"MainThread",54815574598717,16823625,"S","[NULL]","[NULL]"
23055,"MainThread",54815591422342,27958,"R","[NULL]","[NULL]"
23055,"MainThread",54815591450300,263500,"Running","[NULL]","[NULL]"
23055,"MainThread",54815591713800,16226375,"S","[NULL]","[NULL]"
23055,"MainThread",54815607940175,24917,"R","[NULL]","[NULL]"
23055,"MainThread",54815607965092,145667,"Running","[NULL]","[NULL]"
23055,"MainThread",54815608110759,28791,"R","[NULL]","[NULL]"
23055,"MainThread",54815608139550,104625,"Running","[NULL]","[NULL]"
23055,"MainThread",54815608244175,13709,"R+","[NULL]","[NULL]"
23055,"MainThread",54815608257884,55458,"Running","[NULL]","[NULL]"
23055,"MainThread",54815608313342,16260208,"S","[NULL]","[NULL]"
23055,"MainThread",54815624573550,36000,"R","[NULL]","[NULL]"
23055,"MainThread",54815624609550,41000,"Running","[NULL]","[NULL]"
23055,"MainThread",54815624650550,1834,"R","[NULL]","[NULL]"
23055,"MainThread",54815624652384,109666,"Running","[NULL]","[NULL]"
23055,"MainThread",54815624762050,9209,"R+","[NULL]","[NULL]"
23055,"MainThread",54815624771259,22583,"Running","[NULL]","[NULL]"
23055,"MainThread",54815624793842,16346709,"S","[NULL]","[NULL]"
23055,"MainThread",54815641140551,68916,"R","[NULL]","[NULL]"
23055,"MainThread",54815641209467,195375,"Running","[NULL]","[NULL]"
23055,"MainThread",54815641404842,15375,"R+","[NULL]","[NULL]"
23055,"MainThread",54815641420217,34750,"Running","[NULL]","[NULL]"
23055,"MainThread",54815641454967,16481167,"S","[NULL]","[NULL]"
23055,"MainThread",54815657936134,118250,"R","[NULL]","[NULL]"
23055,"MainThread",54815658054384,178208,"Running","[NULL]","[NULL]"
23055,"MainThread",54815658232592,19417,"R+","[NULL]","[NULL]"
23055,"MainThread",54815658252009,42167,"Running","[NULL]","[NULL]"
23055,"MainThread",54815658294176,16243625,"S","[NULL]","[NULL]"
23055,"MainThread",54815674537801,77958,"R","[NULL]","[NULL]"
23055,"MainThread",54815674615759,247875,"Running","[NULL]","[NULL]"
23055,"MainThread",54815674863634,15250,"R+","[NULL]","[NULL]"
23055,"MainThread",54815674878884,36833,"Running","[NULL]","[NULL]"
23055,"MainThread",54815674915717,16269167,"S","[NULL]","[NULL]"
23055,"MainThread",54815691184884,96167,"R","[NULL]","[NULL]"
23055,"MainThread",54815691281051,389458,"Running","[NULL]","[NULL]"
23055,"MainThread",54815691670509,35458,"R+","[NULL]","[NULL]"
23055,"MainThread",54815691705967,41000,"Running","[NULL]","[NULL]"
23055,"MainThread",54815691746967,16367459,"S","[NULL]","[NULL]"
23055,"MainThread",54815708114426,34583,"R","[NULL]","[NULL]"
23055,"MainThread",54815708149009,194083,"Running","[NULL]","[NULL]"
23055,"MainThread",54815708343092,16155667,"S","[NULL]","[NULL]"
23055,"MainThread",54815724498759,15167,"R","[NULL]","[NULL]"
23055,"MainThread",54815724513926,177041,"Running","[NULL]","[NULL]"
23055,"MainThread",54815724690967,16466209,"S","[NULL]","[NULL]"
23055,"MainThread",54815741157176,76166,"R","[NULL]","[NULL]"
23055,"MainThread",54815741233342,275667,"Running","[NULL]","[NULL]"
23055,"MainThread",54815741509009,16397167,"S","[NULL]","[NULL]"
23055,"MainThread",54815757906176,51875,"R","[NULL]","[NULL]"
23055,"MainThread",54815757958051,122875,"Running","[NULL]","[NULL]"
23055,"MainThread",54815758080926,8875,"R+","[NULL]","[NULL]"
23055,"MainThread",54815758089801,25416,"Running","[NULL]","[NULL]"
23055,"MainThread",54815758115217,16349084,"S","[NULL]","[NULL]"
23055,"MainThread",54815774464301,78083,"R","[NULL]","[NULL]"
23055,"MainThread",54815774542384,144000,"Running","[NULL]","[NULL]"
23055,"MainThread",54815774686384,18208,"R+","[NULL]","[NULL]"
23055,"MainThread",54815774704592,29792,"Running","[NULL]","[NULL]"
23055,"MainThread",54815774734384,16448792,"S","[NULL]","[NULL]"
23055,"MainThread",54815791183176,65208,"R","[NULL]","[NULL]"
23055,"MainThread",54815791248384,132917,"Running","[NULL]","[NULL]"
23055,"MainThread",54815791381301,18458,"R+","[NULL]","[NULL]"
23055,"MainThread",54815791399759,37917,"Running","[NULL]","[NULL]"
23055,"MainThread",54815791437676,16544791,"S","[NULL]","[NULL]"
23055,"MainThread",54815807982467,175792,"R","[NULL]","[NULL]"
23055,"MainThread",54815808158259,135917,"Running","[NULL]","[NULL]"
23055,"MainThread",54815808294176,14791,"R+","[NULL]","[NULL]"
23055,"MainThread",54815808308967,27375,"Running","[NULL]","[NULL]"
23055,"MainThread",54815808336342,16178417,"S","[NULL]","[NULL]"
23055,"MainThread",54815824514759,9083,"R","[NULL]","[NULL]"
23055,"MainThread",54815824523842,187250,"Running","[NULL]","[NULL]"
23055,"MainThread",54815824711092,15084,"R+","[NULL]","[NULL]"
23055,"MainThread",54815824726176,31916,"Running","[NULL]","[NULL]"
23055,"MainThread",54815824758092,16384834,"S","[NULL]","[NULL]"
23055,"MainThread",54815841142926,87375,"R","[NULL]","[NULL]"
23055,"MainThread",54815841230301,159208,"Running","[NULL]","[NULL]"
23055,"MainThread",54815841389509,18083,"R+","[NULL]","[NULL]"
23055,"MainThread",54815841407592,30084,"Running","[NULL]","[NULL]"
23055,"MainThread",54815841437676,16303041,"S","[NULL]","[NULL]"
23055,"MainThread",54815857740717,77667,"R","[NULL]","[NULL]"
23055,"MainThread",54815857818384,151500,"Running","[NULL]","[NULL]"
23055,"MainThread",54815857969884,14208,"R+","[NULL]","[NULL]"
23055,"MainThread",54815857984092,29000,"Running","[NULL]","[NULL]"
23055,"MainThread",54815858013092,16532334,"S","[NULL]","[NULL]"
23055,"MainThread",54815874545426,54875,"R","[NULL]","[NULL]"
23055,"MainThread",54815874600301,131708,"Running","[NULL]","[NULL]"
23055,"MainThread",54815874732009,11375,"R+","[NULL]","[NULL]"
23055,"MainThread",54815874743384,22833,"Running","[NULL]","[NULL]"
23055,"MainThread",54815874766217,16418500,"S","[NULL]","[NULL]"
23055,"MainThread",54815891184717,24709,"R","[NULL]","[NULL]"
23055,"MainThread",54815891209426,129083,"Running","[NULL]","[NULL]"
23055,"MainThread",54815891338509,819125,"R+","[NULL]","[NULL]"
23055,"MainThread",54815892157634,55333,"Running","[NULL]","[NULL]"
23055,"MainThread",54815892212967,15689417,"S","[NULL]","[NULL]"
23055,"MainThread",54815907902384,25667,"R","[NULL]","[NULL]"
23055,"MainThread",54815907928051,225625,"Running","[NULL]","[NULL]"
23055,"MainThread",54815908153676,172916,"R+","[NULL]","[NULL]"
23055,"MainThread",54815908326592,39625,"Running","[NULL]","[NULL]"
23055,"MainThread",54815908366217,14624500,"S","[NULL]","[NULL]"
23055,"MainThread",54815922990717,498000,"R","[NULL]","[NULL]"
23055,"MainThread",54815923488717,247792,"Running","[NULL]","[NULL]"
23055,"MainThread",54815923736509,3522750,"R","[NULL]","[NULL]"
23055,"MainThread",54815927259259,265917,"Running","[NULL]","[NULL]"
23055,"MainThread",54815927525176,1015750,"R","[NULL]","[NULL]"
23055,"MainThread",54815928540926,3542000,"Running","[NULL]","[NULL]"
23055,"MainThread",54815932082926,7430833,"R","[NULL]","[NULL]"
23055,"MainThread",54815939513759,440458,"Running","[NULL]","[NULL]"
23055,"MainThread",54815939954217,1067584,"R","[NULL]","[NULL]"
23055,"MainThread",54815941021801,3032750,"Running","[NULL]","[NULL]"
23055,"MainThread",54815944054551,4005791,"R","[NULL]","[NULL]"
23055,"MainThread",54815948060342,1926542,"Running","[NULL]","[NULL]"
23055,"MainThread",54815949986884,384917,"D","[NULL]","[NULL]"
23055,"MainThread",54815950371801,1684833,"R","[NULL]","[NULL]"
23055,"MainThread",54815952056634,1404083,"Running","[NULL]","[NULL]"
23055,"MainThread",54815953460717,1391792,"S","[NULL]","[NULL]"
23055,"MainThread",54815954852509,7167,"R","[NULL]","[NULL]"
23055,"MainThread",54815954859676,777583,"Running","[NULL]","[NULL]"
23055,"MainThread",54815955637259,71000,"R","[NULL]","[NULL]"
23055,"MainThread",54815955708259,152208,"Running","[NULL]","[NULL]"
23055,"MainThread",54815955860467,33250,"R","[NULL]","[NULL]"
23055,"MainThread",54815955893717,727334,"Running","[NULL]","[NULL]"
23055,"MainThread",54815956621051,78875,"R","[NULL]","[NULL]"
23055,"MainThread",54815956699926,9475000,"Running","[NULL]","[NULL]"
23104,"RenderThread",54815965754092,165959,"R","[NULL]","[NULL]"
23104,"RenderThread",54815965920051,131125,"Running","[NULL]","[NULL]"
23104,"RenderThread",54815966051176,3829000,"S","[NULL]","[NULL]"
23055,"MainThread",54815966174926,373583,"D","[NULL]","[NULL]"
23055,"MainThread",54815966548509,81667,"R","[NULL]","[NULL]"
23055,"MainThread",54815966630176,201750,"Running","[NULL]","[NULL]"
23055,"MainThread",54815966831926,269250,"D","[NULL]","[NULL]"
23055,"MainThread",54815967101176,128958,"R","[NULL]","[NULL]"
23055,"MainThread",54815967230134,339000,"Running","[NULL]","[NULL]"
23055,"MainThread",54815967569134,835958,"R+","[NULL]","[NULL]"
23055,"MainThread",54815968405092,79000,"Running","[NULL]","[NULL]"
23055,"MainThread",54815968484092,105667,"R+","[NULL]","[NULL]"
23055,"MainThread",54815968589759,288833,"Running","[NULL]","[NULL]"
23055,"MainThread",54815968878592,39459,"R+","[NULL]","[NULL]"
23055,"MainThread",54815968918051,161958,"Running","[NULL]","[NULL]"
23055,"MainThread",54815969080009,26375,"R","[NULL]","[NULL]"
23055,"MainThread",54815969106384,805708,"Running","[NULL]","[NULL]"
23113,"mqt_v_js",54815969245759,666333,"R","[NULL]","[NULL]"
23104,"RenderThread",54815969880176,135875,"R","[NULL]","[NULL]"
23055,"MainThread",54815969912092,7067417,"S","[NULL]","[NULL]"
23113,"mqt_v_js",54815969912092,476000,"Running","[NULL]","[NULL]"
23104,"RenderThread",54815970016051,296208,"Running","[NULL]","[NULL]"
23104,"RenderThread",54815970312259,48792,"R","[NULL]","[NULL]"
23104,"RenderThread",54815970361051,173750,"Running","[NULL]","[NULL]"
23113,"mqt_v_js",54815970388092,106834,"R","[NULL]","[NULL]"
23113,"mqt_v_js",54815970494926,2805250,"Running","[NULL]","[NULL]"
23104,"RenderThread",54815970534801,3708,"R","[NULL]","[NULL]"
23104,"RenderThread",54815970538509,2881583,"Running","[NULL]","[NULL]"
23113,"mqt_v_js",54815973300176,89541,"R","[NULL]","[NULL]"
23113,"mqt_v_js",54815973389717,532542,"Running","[NULL]","[NULL]"
23104,"RenderThread",54815973420092,47084,"R","[NULL]","[NULL]"
23104,"RenderThread",54815973467176,593000,"Running","[NULL]","[NULL]"
23113,"mqt_v_js",54815973922259,73167,"R+","[NULL]","[NULL]"
23113,"mqt_v_js",54815973995426,412958,"Running","[NULL]","[NULL]"
23104,"RenderThread",54815974060176,1270500,"R","[NULL]","[NULL]"
23113,"mqt_v_js",54815974408384,3502333,"R","[NULL]","[NULL]"
23104,"RenderThread",54815975330676,223750,"Running","[NULL]","[NULL]"
23104,"RenderThread",54815975554426,682750,"R","[NULL]","[NULL]"
23104,"RenderThread",54815976237176,285458,"Running","[NULL]","[NULL]"
23104,"RenderThread",54815976522634,151875,"R","[NULL]","[NULL]"
23104,"RenderThread",54815976674509,968292,"Running","[NULL]","[NULL]"
23055,"MainThread",54815976979509,1806292,"R","[NULL]","[NULL]"
23104,"RenderThread",54815977642801,31875,"R","[NULL]","[NULL]"
23104,"RenderThread",54815977674676,592500,"Running","[NULL]","[NULL]"
23113,"mqt_v_js",54815977910717,386500,"Running","[NULL]","[NULL]"
23104,"RenderThread",54815978267176,149000,"R","[NULL]","[NULL]"
23113,"mqt_v_js",54815978297217,801875,"R","[NULL]","[NULL]"
23104,"RenderThread",54815978416176,647458,"Running","[NULL]","[NULL]"
23055,"MainThread",54815978785801,271458,"Running","[NULL]","[NULL]"
23055,"MainThread",54815979057259,9936167,"S","[NULL]","[NULL]"
23104,"RenderThread",54815979063634,20000,"R","[NULL]","[NULL]"
23104,"RenderThread",54815979083634,3559500,"Running","[NULL]","[NULL]"
23113,"mqt_v_js",54815979099092,466625,"Running","[NULL]","[NULL]"
23113,"mqt_v_js",54815979565717,35799500,"S","[NULL]","[NULL]"
23104,"RenderThread",54815982643134,284292,"D","[NULL]","[NULL]"
23104,"RenderThread",54815982927426,6375,"R","[NULL]","[NULL]"
23104,"RenderThread",54815982933801,1157833,"Running","[NULL]","[NULL]"
23104,"RenderThread",54815984091634,13000,"R+","[NULL]","[NULL]"
23104,"RenderThread",54815984104634,3147667,"Running","[NULL]","[NULL]"
23104,"RenderThread",54815987252301,341916,"R+","[NULL]","[NULL]"
23104,"RenderThread",54815987594217,1727667,"Running","[NULL]","[NULL]"
23055,"MainThread",54815988993426,112416,"R","[NULL]","[NULL]"
23055,"MainThread",54815989105842,66375,"Running","[NULL]","[NULL]"
23055,"MainThread",54815989172217,2178459,"S","[NULL]","[NULL]"
23104,"RenderThread",54815989321884,442402959,"S","[NULL]","[NULL]"
23055,"MainThread",54815991350676,2592375,"R","[NULL]","[NULL]"
23055,"MainThread",54815993943051,511791,"Running","[NULL]","[NULL]"
23055,"MainThread",54815994454842,1033834,"R","[NULL]","[NULL]"
23055,"MainThread",54815995488676,346916,"Running","[NULL]","[NULL]"
23055,"MainThread",54815995835592,615000,"R","[NULL]","[NULL]"
23055,"MainThread",54815996450592,560209,"Running","[NULL]","[NULL]"
23055,"MainThread",54815997010801,3424958,"S","[NULL]","[NULL]"
23055,"MainThread",54816000435759,3208125,"R","[NULL]","[NULL]"
23055,"MainThread",54816003643884,2033042,"Running","[NULL]","[NULL]"
23055,"MainThread",54816005676926,4652375,"R","[NULL]","[NULL]"
23055,"MainThread",54816010329301,4555125,"Running","[NULL]","[NULL]"
23055,"MainThread",54816014884426,81791,"R+","[NULL]","[NULL]"
23055,"MainThread",54816014966217,423292,"Running","[NULL]","[NULL]"
23113,"mqt_v_js",54816015365217,24292,"R","[NULL]","[NULL]"
23055,"MainThread",54816015389509,11666292,"S","[NULL]","[NULL]"
23113,"mqt_v_js",54816015389509,1361958,"Running","[NULL]","[NULL]"
23113,"mqt_v_js",54816016751467,163459,"R+","[NULL]","[NULL]"
23113,"mqt_v_js",54816016914926,5500,"Running","[NULL]","[NULL]"
23113,"mqt_v_js",54816016920426,1851083,"R+","[NULL]","[NULL]"
23113,"mqt_v_js",54816018771509,98333,"Running","[NULL]","[NULL]"
23113,"mqt_v_js",54816018869842,45375,"R+","[NULL]","[NULL]"
23113,"mqt_v_js",54816018915217,3056375,"Running","[NULL]","[NULL]"
23113,"mqt_v_js",54816021971592,40167,"R","[NULL]","[NULL]"
23113,"mqt_v_js",54816022011759,299667,"Running","[NULL]","[NULL]"
23113,"mqt_v_js",54816022311426,313166,"R","[NULL]","[NULL]"
23113,"mqt_v_js",54816022624592,3023209,"Running","[NULL]","[NULL]"
23113,"mqt_v_js",54816025647801,1086458,"R","[NULL]","[NULL]"
23113,"mqt_v_js",54816026734259,1580625,"Running","[NULL]","[NULL]"
23055,"MainThread",54816027055801,1259083,"R","[NULL]","[NULL]"
23055,"MainThread",54816028314884,252833,"Running","[NULL]","[NULL]"
23113,"mqt_v_js",54816028314884,641875,"R","[NULL]","[NULL]"
23055,"MainThread",54816028567717,16084,"R+","[NULL]","[NULL]"
23055,"MainThread",54816028583801,372958,"Running","[NULL]","[NULL]"
23055,"MainThread",54816028956759,12450167,"S","[NULL]","[NULL]"
23113,"mqt_v_js",54816028956759,136250,"Running","[NULL]","[NULL]"
23113,"mqt_v_js",54816029093009,1642583,"R","[NULL]","[NULL]"
23113,"mqt_v_js",54816030735592,1633875,"Running","[NULL]","[NULL]"
23113,"mqt_v_js",54816032369467,523709,"R","[NULL]","[NULL]"
23113,"mqt_v_js",54816032893176,904416,"Running","[NULL]","[NULL]"
23113,"mqt_v_js",54816033797592,817834,"R","[NULL]","[NULL]"
23113,"mqt_v_js",54816034615426,4643875,"Running","[NULL]","[NULL]"
23113,"mqt_v_js",54816039259301,484833,"R","[NULL]","[NULL]"
23113,"mqt_v_js",54816039744134,402125,"Running","[NULL]","[NULL]"
23113,"mqt_v_js",54816040146259,797042,"R","[NULL]","[NULL]"
23113,"mqt_v_js",54816040943301,92333,"Running","[NULL]","[NULL]"
23113,"mqt_v_js",54816041035634,129125,"R","[NULL]","[NULL]"
23113,"mqt_v_js",54816041164759,308833,"Running","[NULL]","[NULL]"
23055,"MainThread",54816041406926,66666,"R","[NULL]","[NULL]"
23055,"MainThread",54816041473592,271000,"Running","[NULL]","[NULL]"
23113,"mqt_v_js",54816041473592,355959,"R","[NULL]","[NULL]"
23055,"MainThread",54816041744592,20375,"R+","[NULL]","[NULL]"
23055,"MainThread",54816041764967,64584,"Running","[NULL]","[NULL]"
23055,"MainThread",54816041829551,16070458,"S","[NULL]","[NULL]"
23113,"mqt_v_js",54816041829551,6666250,"Running","[NULL]","[NULL]"
23113,"mqt_v_js",54816048495801,9000,"R","[NULL]","[NULL]"
23113,"mqt_v_js",54816048504801,1936250,"Running","[NULL]","[NULL]"
23113,"mqt_v_js",54816050441051,1711333,"R","[NULL]","[NULL]"
23113,"mqt_v_js",54816052152384,4765750,"Running","[NULL]","[NULL]"
23113,"mqt_v_js",54816056918134,89500,"R","[NULL]","[NULL]"
23113,"mqt_v_js",54816057007634,387333,"Running","[NULL]","[NULL]"
23113,"mqt_v_js",54816057394967,124500,"R+","[NULL]","[NULL]"
23113,"mqt_v_js",54816057519467,4250,"Running","[NULL]","[NULL]"
23113,"mqt_v_js",54816057523717,3109750,"R+","[NULL]","[NULL]"
23055,"MainThread",54816057900009,2219500,"R","[NULL]","[NULL]"
23055,"MainThread",54816060119509,154958,"Running","[NULL]","[NULL]"
23055,"MainThread",54816060274467,17792,"R+","[NULL]","[NULL]"
23055,"MainThread",54816060292259,116583,"Running","[NULL]","[NULL]"
23055,"MainThread",54816060408842,2045667,"S","[NULL]","[NULL]"
23113,"mqt_v_js",54816060633467,185917,"Running","[NULL]","[NULL]"
23113,"mqt_v_js",54816060819384,60833,"R+","[NULL]","[NULL]"
23113,"mqt_v_js",54816060880217,1578834,"Running","[NULL]","[NULL]"
23055,"MainThread",54816062454509,2177458,"R","[NULL]","[NULL]"
23113,"mqt_v_js",54816062459051,2414916,"R+","[NULL]","[NULL]"
23055,"MainThread",54816064631967,44792,"Running","[NULL]","[NULL]"
23055,"MainThread",54816064676759,202708,"S","[NULL]","[NULL]"
23113,"mqt_v_js",54816064873967,6584,"Running","[NULL]","[NULL]"
23055,"MainThread",54816064879467,1084,"R","[NULL]","[NULL]"
23055,"MainThread",54816064880551,201541,"Running","[NULL]","[NULL]"
23113,"mqt_v_js",54816064880551,4625750,"R+","[NULL]","[NULL]"
23055,"MainThread",54816065082092,10875,"R","[NULL]","[NULL]"
23055,"MainThread",54816065092967,250167,"Running","[NULL]","[NULL]"
23055,"MainThread",54816065343134,1376958,"R","[NULL]","[NULL]"
23055,"MainThread",54816066720092,410500,"Running","[NULL]","[NULL]"
23055,"MainThread",54816067130592,591084,"R","[NULL]","[NULL]"
23055,"MainThread",54816067721676,155958,"Running","[NULL]","[NULL]"
23055,"MainThread",54816067877634,257833,"R","[NULL]","[NULL]"
23055,"MainThread",54816068135467,76000,"Running","[NULL]","[NULL]"
23055,"MainThread",54816068211467,6262250,"S","[NULL]","[NULL]"
23113,"mqt_v_js",54816069506301,519625,"Running","[NULL]","[NULL]"
23113,"mqt_v_js",54816070025926,2525833,"R","[NULL]","[NULL]"
23113,"mqt_v_js",54816072551759,1883042,"Running","[NULL]","[NULL]"
23113,"mqt_v_js",54816074434801,72041,"R","[NULL]","[NULL]"
23055,"MainThread",54816074473717,88125,"R","[NULL]","[NULL]"
23113,"mqt_v_js",54816074506842,283500,"Running","[NULL]","[NULL]"
23055,"MainThread",54816074561842,231584,"Running","[NULL]","[NULL]"
23113,"mqt_v_js",54816074790342,21625,"R","[NULL]","[NULL]"
23055,"MainThread",54816074793426,16569500,"S","[NULL]","[NULL]"
23113,"mqt_v_js",54816074811967,1370250,"Running","[NULL]","[NULL]"
23113,"mqt_v_js",54816076182217,4792,"R","[NULL]","[NULL]"
23113,"mqt_v_js",54816076187009,4600208,"Running","[NULL]","[NULL]"
23113,"mqt_v_js",54816080787217,1019417,"R","[NULL]","[NULL]"
23113,"mqt_v_js",54816081806634,362750,"Running","[NULL]","[NULL]"
23113,"mqt_v_js",54816082169384,170375,"R","[NULL]","[NULL]"
23113,"mqt_v_js",54816082339759,5775917,"Running","[NULL]","[NULL]"
23113,"mqt_v_js",54816088115676,44458,"R","[NULL]","[NULL]"
23113,"mqt_v_js",54816088160134,385042,"Running","[NULL]","[NULL]"
23113,"mqt_v_js",54816088545176,2155625,"R","[NULL]","[NULL]"
23113,"mqt_v_js",54816090700801,626708,"Running","[NULL]","[NULL]"
23113,"mqt_v_js",54816091327509,361125,"R","[NULL]","[NULL]"
23055,"MainThread",54816091362926,69875,"R","[NULL]","[NULL]"
23055,"MainThread",54816091432801,146041,"Running","[NULL]","[NULL]"
23055,"MainThread",54816091578842,18459,"R+","[NULL]","[NULL]"
23055,"MainThread",54816091597301,49500,"Running","[NULL]","[NULL]"
23055,"MainThread",54816091646801,16146500,"S","[NULL]","[NULL]"
23113,"mqt_v_js",54816091688634,744875,"Running","[NULL]","[NULL]"
23113,"mqt_v_js",54816092433509,947917,"R","[NULL]","[NULL]"
23113,"mqt_v_js",54816093381426,1544291,"Running","[NULL]","[NULL]"
23113,"mqt_v_js",54816094925717,2839875,"R+","[NULL]","[NULL]"
23113,"mqt_v_js",54816097765592,1029209,"Running","[NULL]","[NULL]"
23113,"mqt_v_js",54816098794801,1331083,"R+","[NULL]","[NULL]"
23113,"mqt_v_js",54816100125884,1373333,"Running","[NULL]","[NULL]"
23113,"mqt_v_js",54816101499217,900209,"R","[NULL]","[NULL]"
23113,"mqt_v_js",54816102399426,318291,"Running","[NULL]","[NULL]"
23113,"mqt_v_js",54816102717717,1103334,"R","[NULL]","[NULL]"
23113,"mqt_v_js",54816103821051,239916,"Running","[NULL]","[NULL]"
23113,"mqt_v_js",54816104060967,36209,"R","[NULL]","[NULL]"
23113,"mqt_v_js",54816104097176,2526083,"Running","[NULL]","[NULL]"
23113,"mqt_v_js",54816106623259,869250,"R","[NULL]","[NULL]"
23113,"mqt_v_js",54816107492509,100750,"Running","[NULL]","[NULL]"
23113,"mqt_v_js",54816107593259,116958,"R","[NULL]","[NULL]"
23113,"mqt_v_js",54816107710217,4973750,"Running","[NULL]","[NULL]"
23055,"MainThread",54816107793301,5788458,"R","[NULL]","[NULL]"
23113,"mqt_v_js",54816112683967,1121500,"R","[NULL]","[NULL]"
23055,"MainThread",54816113581759,136375,"Running","[NULL]","[NULL]"
23055,"MainThread",54816113718134,20500,"R+","[NULL]","[NULL]"
23055,"MainThread",54816113738634,66833,"Running","[NULL]","[NULL]"
23055,"MainThread",54816113805467,10889000,"S","[NULL]","[NULL]"
23113,"mqt_v_js",54816113805467,2342875,"Running","[NULL]","[NULL]"
23113,"mqt_v_js",54816116148342,147250,"R","[NULL]","[NULL]"
23113,"mqt_v_js",54816116295592,3820250,"Running","[NULL]","[NULL]"
23113,"mqt_v_js",54816120115842,213667,"R","[NULL]","[NULL]"
23113,"mqt_v_js",54816120329509,1439167,"Running","[NULL]","[NULL]"
23113,"mqt_v_js",54816121768676,225166,"R","[NULL]","[NULL]"
23113,"mqt_v_js",54816121993842,504750,"Running","[NULL]","[NULL]"
23113,"mqt_v_js",54816122498592,267667,"R","[NULL]","[NULL]"
23113,"mqt_v_js",54816122766259,520708,"Running","[NULL]","[NULL]"
23113,"mqt_v_js",54816123286967,103709,"R","[NULL]","[NULL]"
23113,"mqt_v_js",54816123390676,1121416,"Running","[NULL]","[NULL]"
23113,"mqt_v_js",54816124512092,99125,"R","[NULL]","[NULL]"
23113,"mqt_v_js",54816124611217,158417,"Running","[NULL]","[NULL]"
23055,"MainThread",54816124694467,75167,"R","[NULL]","[NULL]"
23055,"MainThread",54816124769634,1629625,"Running","[NULL]","[NULL]"
23113,"mqt_v_js",54816124769634,1629625,"R","[NULL]","[NULL]"
23055,"MainThread",54816126399259,15047667,"S","[NULL]","[NULL]"
23113,"mqt_v_js",54816126399259,1731625,"Running","[NULL]","[NULL]"
23113,"mqt_v_js",54816128130884,4667,"R","[NULL]","[NULL]"
23113,"mqt_v_js",54816128135551,6780166,"Running","[NULL]","[NULL]"
23113,"mqt_v_js",54816134915717,467084,"R","[NULL]","[NULL]"
23113,"mqt_v_js",54816135382801,753625,"Running","[NULL]","[NULL]"
23113,"mqt_v_js",54816136136426,268875,"R","[NULL]","[NULL]"
23113,"mqt_v_js",54816136405301,294250,"Running","[NULL]","[NULL]"
23113,"mqt_v_js",54816136699551,178458,"R+","[NULL]","[NULL]"
23113,"mqt_v_js",54816136878009,562750,"Running","[NULL]","[NULL]"
23113,"mqt_v_js",54816137440759,606292,"R","[NULL]","[NULL]"
23113,"mqt_v_js",54816138047051,1330625,"Running","[NULL]","[NULL]"
23113,"mqt_v_js",54816139377676,214375,"D","[NULL]","[NULL]"
23113,"mqt_v_js",54816139592051,11083,"R","[NULL]","[NULL]"
23113,"mqt_v_js",54816139603134,530375,"Running","[NULL]","[NULL]"
23113,"mqt_v_js",54816140133509,189583,"R","[NULL]","[NULL]"
23113,"mqt_v_js",54816140323092,1079750,"Running","[NULL]","[NULL]"
23113,"mqt_v_js",54816141402842,70959,"R","[NULL]","[NULL]"
23055,"MainThread",54816141446926,1101541,"R","[NULL]","[NULL]"
23113,"mqt_v_js",54816141473801,1281000,"Running","[NULL]","[NULL]"
23055,"MainThread",54816142548467,189459,"Running","[NULL]","[NULL]"
23055,"MainThread",54816142737926,15364583,"S","[NULL]","[NULL]"
23113,"mqt_v_js",54816142754801,44083,"R","[NULL]","[NULL]"
23113,"mqt_v_js",54816142798884,1573500,"Running","[NULL]","[NULL]"
23113,"mqt_v_js",54816144372384,5625,"R","[NULL]","[NULL]"
23113,"mqt_v_js",54816144378009,2475167,"Running","[NULL]","[NULL]"
23113,"mqt_v_js",54816146853176,351750,"R","[NULL]","[NULL]"
23113,"mqt_v_js",54816147204926,1173875,"Running","[NULL]","[NULL]"
23113,"mqt_v_js",54816148378801,90208,"R","[NULL]","[NULL]"
23113,"mqt_v_js",54816148469009,512500,"Running","[NULL]","[NULL]"
23113,"mqt_v_js",54816148981509,118167,"R","[NULL]","[NULL]"
23113,"mqt_v_js",54816149099676,358083,"Running","[NULL]","[NULL]"
23113,"mqt_v_js",54816149457759,110042,"R","[NULL]","[NULL]"
23113,"mqt_v_js",54816149567801,332291,"Running","[NULL]","[NULL]"
23113,"mqt_v_js",54816149900092,70834,"R","[NULL]","[NULL]"
23113,"mqt_v_js",54816149970926,2237166,"Running","[NULL]","[NULL]"
23113,"mqt_v_js",54816152208092,7667,"R","[NULL]","[NULL]"
23113,"mqt_v_js",54816152215759,1140458,"Running","[NULL]","[NULL]"
23113,"mqt_v_js",54816153356217,12125,"R","[NULL]","[NULL]"
23113,"mqt_v_js",54816153368342,2547042,"Running","[NULL]","[NULL]"
23113,"mqt_v_js",54816155915384,38792,"R","[NULL]","[NULL]"
23113,"mqt_v_js",54816155954176,857333,"Running","[NULL]","[NULL]"
23113,"mqt_v_js",54816156811509,101583,"R","[NULL]","[NULL]"
23113,"mqt_v_js",54816156913092,1158292,"Running","[NULL]","[NULL]"
23113,"mqt_v_js",54816158071384,75417,"R","[NULL]","[NULL]"
23055,"MainThread",54816158102509,27542,"R","[NULL]","[NULL]"
23055,"MainThread",54816158130051,2061583,"Running","[NULL]","[NULL]"
23113,"mqt_v_js",54816158146801,76166,"Running","[NULL]","[NULL]"
23113,"mqt_v_js",54816158222967,94709,"R","[NULL]","[NULL]"
23113,"mqt_v_js",54816158317676,1822458,"Running","[NULL]","[NULL]"
23113,"mqt_v_js",54816160140134,4417,"R","[NULL]","[NULL]"
23113,"mqt_v_js",54816160144551,93500,"Running","[NULL]","[NULL]"
23055,"MainThread",54816160191634,574750,"R","[NULL]","[NULL]"
23113,"mqt_v_js",54816160238051,4000,"R","[NULL]","[NULL]"
23113,"mqt_v_js",54816160242051,247791,"Running","[NULL]","[NULL]"
23113,"mqt_v_js",54816160489842,867500,"R","[NULL]","[NULL]"
23055,"MainThread",54816160766384,5355417,"Running","[NULL]","[NULL]"
23113,"mqt_v_js",54816161357342,2712334,"Running","[NULL]","[NULL]"
23113,"mqt_v_js",54816164069676,245375,"R","[NULL]","[NULL]"
23113,"mqt_v_js",54816164315051,378500,"Running","[NULL]","[NULL]"
23113,"mqt_v_js",54816164693551,1423333,"R","[NULL]","[NULL]"
23113,"mqt_v_js",54816166116884,165000,"Running","[NULL]","[NULL]"
23055,"MainThread",54816166121801,119416,"R","[NULL]","[NULL]"
23055,"MainThread",54816166241217,656292,"Running","[NULL]","[NULL]"
23113,"mqt_v_js",54816166281884,267208,"R","[NULL]","[NULL]"
23113,"mqt_v_js",54816166549092,373250,"Running","[NULL]","[NULL]"
23055,"MainThread",54816166897509,7566333,"S","[NULL]","[NULL]"
23113,"mqt_v_js",54816166922342,215209,"R","[NULL]","[NULL]"
23113,"mqt_v_js",54816167137551,930750,"Running","[NULL]","[NULL]"
23113,"mqt_v_js",54816168068301,331333,"R","[NULL]","[NULL]"
23113,"mqt_v_js",54816168399634,438792,"Running","[NULL]","[NULL]"
23113,"mqt_v_js",54816168838426,459583,"R","[NULL]","[NULL]"
23113,"mqt_v_js",54816169298009,153917,"Running","[NULL]","[NULL]"
23113,"mqt_v_js",54816169451926,193291,"R","[NULL]","[NULL]"
23113,"mqt_v_js",54816169645217,130542,"Running","[NULL]","[NULL]"
23113,"mqt_v_js",54816169775759,159292,"R","[NULL]","[NULL]"
23113,"mqt_v_js",54816169935051,194916,"Running","[NULL]","[NULL]"
23113,"mqt_v_js",54816170129967,296417,"R","[NULL]","[NULL]"
23113,"mqt_v_js",54816170426384,811958,"Running","[NULL]","[NULL]"
23113,"mqt_v_js",54816171238342,350084,"R","[NULL]","[NULL]"
23113,"mqt_v_js",54816171588426,667166,"Running","[NULL]","[NULL]"
23113,"mqt_v_js",54816172255592,302417,"R","[NULL]","[NULL]"
23113,"mqt_v_js",54816172558009,283500,"Running","[NULL]","[NULL]"
23113,"mqt_v_js",54816172841509,45167,"R","[NULL]","[NULL]"
23113,"mqt_v_js",54816172886676,581541,"Running","[NULL]","[NULL]"
23113,"mqt_v_js",54816173468217,47250,"R","[NULL]","[NULL]"
23113,"mqt_v_js",54816173515467,916375,"Running","[NULL]","[NULL]"
23113,"mqt_v_js",54816174431842,75000,"R","[NULL]","[NULL]"
23055,"MainThread",54816174463842,83959,"R","[NULL]","[NULL]"
23113,"mqt_v_js",54816174506842,1594667,"Running","[NULL]","[NULL]"
23055,"MainThread",54816174547801,3795125,"Running","[NULL]","[NULL]"
23113,"mqt_v_js",54816176101509,3375,"R","[NULL]","[NULL]"
23113,"mqt_v_js",54816176104884,47333,"Running","[NULL]","[NULL]"
23113,"mqt_v_js",54816176152217,44084,"R","[NULL]","[NULL]"
23113,"mqt_v_js",54816176196301,268625,"Running","[NULL]","[NULL]"
23113,"mqt_v_js",54816176464926,187125,"R","[NULL]","[NULL]"
23113,"mqt_v_js",54816176652051,3670291,"Running","[NULL]","[NULL]"
23055,"MainThread",54816178342926,234666,"D","[NULL]","[NULL]"
23055,"MainThread",54816178577592,79334,"R","[NULL]","[NULL]"
23055,"MainThread",54816178656926,294000,"Running","[NULL]","[NULL]"
23055,"MainThread",54816178950926,311208,"D","[NULL]","[NULL]"
23055,"MainThread",54816179262134,206375,"R","[NULL]","[NULL]"
23055,"MainThread",54816179468509,4103917,"Running","[NULL]","[NULL]"
23113,"mqt_v_js",54816180322342,500792,"R","[NULL]","[NULL]"
23113,"mqt_v_js",54816180823134,667208,"Running","[NULL]","[NULL]"
23113,"mqt_v_js",54816181490342,75584,"R","[NULL]","[NULL]"
23113,"mqt_v_js",54816181565926,1924708,"Running","[NULL]","[NULL]"
23113,"mqt_v_js",54816183490634,33750,"R","[NULL]","[NULL]"
23113,"mqt_v_js",54816183524384,678125,"Running","[NULL]","[NULL]"
23055,"MainThread",54816183572426,41083,"R","[NULL]","[NULL]"
23055,"MainThread",54816183613509,1860458,"Running","[NULL]","[NULL]"
23113,"mqt_v_js",54816184202509,4833,"R","[NULL]","[NULL]"
23113,"mqt_v_js",54816184207342,1259000,"Running","[NULL]","[NULL]"
23113,"mqt_v_js",54816185466342,41709,"R","[NULL]","[NULL]"
23055,"MainThread",54816185473967,6291125,"S","[NULL]","[NULL]"
23113,"mqt_v_js",54816185508051,6196166,"Running","[NULL]","[NULL]"
23113,"mqt_v_js",54816191704217,2643042,"R","[NULL]","[NULL]"
23055,"MainThread",54816191765092,32834,"R","[NULL]","[NULL]"
23055,"MainThread",54816191797926,712291,"Running","[NULL]","[NULL]"
23055,"MainThread",54816192510217,3564709,"R+","[NULL]","[NULL]"
23113,"mqt_v_js",54816194347259,1630833,"Running","[NULL]","[NULL]"
23113,"mqt_v_js",54816195978092,3444334,"R","[NULL]","[NULL]"
23055,"MainThread",54816196074926,3347500,"Running","[NULL]","[NULL]"
23055,"MainThread",54816199422426,9043666,"S","[NULL]","[NULL]"
23113,"mqt_v_js",54816199422426,3568125,"Running","[NULL]","[NULL]"
23113,"mqt_v_js",54816202990551,475583,"R","[NULL]","[NULL]"
23113,"mqt_v_js",54816203466134,672833,"Running","[NULL]","[NULL]"
23113,"mqt_v_js",54816204138967,3875,"R","[NULL]","[NULL]"
23113,"mqt_v_js",54816204142842,2962167,"Running","[NULL]","[NULL]"
23113,"mqt_v_js",54816207105009,38625,"R","[NULL]","[NULL]"
23113,"mqt_v_js",54816207143634,1273708,"Running","[NULL]","[NULL]"
23113,"mqt_v_js",54816208417342,3655500,"R","[NULL]","[NULL]"
23055,"MainThread",54816208466092,29875,"R","[NULL]","[NULL]"
23055,"MainThread",54816208495967,3576875,"Running","[NULL]","[NULL]"
23055,"MainThread",54816212072842,2651167,"R","[NULL]","[NULL]"
23113,"mqt_v_js",54816212072842,2510792,"Running","[NULL]","[NULL]"
23113,"mqt_v_js",54816214583634,1524667,"R","[NULL]","[NULL]"
23055,"MainThread",54816214724009,1340625,"Running","[NULL]","[NULL]"
23055,"MainThread",54816216064634,5250,"R","[NULL]","[NULL]"
23055,"MainThread",54816216069884,38417,"Running","[NULL]","[NULL]"
23055,"MainThread",54816216108301,8534666,"S","[NULL]","[NULL]"
23113,"mqt_v_js",54816216108301,144166,"Running","[NULL]","[NULL]"
23113,"mqt_v_js",54816216252467,5667,"R","[NULL]","[NULL]"
23113,"mqt_v_js",54816216258134,1530125,"Running","[NULL]","[NULL]"
23113,"mqt_v_js",54816217788259,33792,"R","[NULL]","[NULL]"
23113,"mqt_v_js",54816217822051,4583583,"Running","[NULL]","[NULL]"
23113,"mqt_v_js",54816222405634,169208,"R","[NULL]","[NULL]"
23113,"mqt_v_js",54816222574842,1280875,"Running","[NULL]","[NULL]"
23113,"mqt_v_js",54816223855717,5125,"R","[NULL]","[NULL]"
23113,"mqt_v_js",54816223860842,727875,"Running","[NULL]","[NULL]"
23113,"mqt_v_js",54816224588717,8181500,"R","[NULL]","[NULL]"
23055,"MainThread",54816224642967,25459,"R","[NULL]","[NULL]"
23055,"MainThread",54816224668426,331291,"Running","[NULL]","[NULL]"
23055,"MainThread",54816224999717,3000,"R","[NULL]","[NULL]"
23055,"MainThread",54816225002717,321084,"Running","[NULL]","[NULL]"
23055,"MainThread",54816225323801,120125,"R","[NULL]","[NULL]"
23055,"MainThread",54816225443926,191291,"Running","[NULL]","[NULL]"
23055,"MainThread",54816225635217,106417,"R+","[NULL]","[NULL]"
23055,"MainThread",54816225741634,3942292,"Running","[NULL]","[NULL]"
23055,"MainThread",54816229683926,25500,"R","[NULL]","[NULL]"
23055,"MainThread",54816229709426,3060791,"Running","[NULL]","[NULL]"
23055,"MainThread",54816232770217,8397834,"S","[NULL]","[NULL]"
23113,"mqt_v_js",54816232770217,2039167,"Running","[NULL]","[NULL]"
23113,"mqt_v_js",54816234809384,161958,"R","[NULL]","[NULL]"
23113,"mqt_v_js",54816234971342,81917,"Running","[NULL]","[NULL]"
23113,"mqt_v_js",54816235053259,50542,"R+","[NULL]","[NULL]"
23113,"mqt_v_js",54816235103801,2666,"Running","[NULL]","[NULL]"
23113,"mqt_v_js",54816235106467,355667,"D","[NULL]","[NULL]"
23113,"mqt_v_js",54816235462134,6708,"R","[NULL]","[NULL]"
23113,"mqt_v_js",54816235468842,21709,"Running","[NULL]","[NULL]"
23113,"mqt_v_js",54816235490551,31458,"R+","[NULL]","[NULL]"
23113,"mqt_v_js",54816235522009,3750,"Running","[NULL]","[NULL]"
23113,"mqt_v_js",54816235525759,293875,"D","[NULL]","[NULL]"
23113,"mqt_v_js",54816235819634,8167,"R","[NULL]","[NULL]"
23113,"mqt_v_js",54816235827801,24916,"Running","[NULL]","[NULL]"
23113,"mqt_v_js",54816235852717,41042,"R+","[NULL]","[NULL]"
23113,"mqt_v_js",54816235893759,2417,"Running","[NULL]","[NULL]"
23113,"mqt_v_js",54816235896176,348333,"D","[NULL]","[NULL]"
23113,"mqt_v_js",54816236244509,5708,"R","[NULL]","[NULL]"
23113,"mqt_v_js",54816236250217,126834,"Running","[NULL]","[NULL]"
23113,"mqt_v_js",54816236377051,30750,"R+","[NULL]","[NULL]"
23113,"mqt_v_js",54816236407801,3541,"Running","[NULL]","[NULL]"
23113,"mqt_v_js",54816236411342,269417,"D","[NULL]","[NULL]"
23113,"mqt_v_js",54816236680759,3917,"R","[NULL]","[NULL]"
23113,"mqt_v_js",54816236684676,35000,"Running","[NULL]","[NULL]"
23113,"mqt_v_js",54816236719676,29291,"R+","[NULL]","[NULL]"
23113,"mqt_v_js",54816236748967,1875,"Running","[NULL]","[NULL]"
23113,"mqt_v_js",54816236750842,145084,"D","[NULL]","[NULL]"
23113,"mqt_v_js",54816236895926,84333,"R","[NULL]","[NULL]"
23113,"mqt_v_js",54816236980259,2983958,"Running","[NULL]","[NULL]"
23113,"mqt_v_js",54816239964217,194334,"R","[NULL]","[NULL]"
23113,"mqt_v_js",54816240158551,345833,"Running","[NULL]","[NULL]"
23113,"mqt_v_js",54816240504384,484500,"D","[NULL]","[NULL]"
23113,"mqt_v_js",54816240988884,152833,"R","[NULL]","[NULL]"
23113,"mqt_v_js",54816241141717,486334,"Running","[NULL]","[NULL]"
23055,"MainThread",54816241168051,37041,"R","[NULL]","[NULL]"
23055,"MainThread",54816241205092,8314500,"Running","[NULL]","[NULL]"
23113,"mqt_v_js",54816241628051,172750,"R","[NULL]","[NULL]"
23113,"mqt_v_js",54816241800801,6328666,"Running","[NULL]","[NULL]"
23113,"mqt_v_js",54816248129467,1295292,"R","[NULL]","[NULL]"
23113,"mqt_v_js",54816249424759,96000,"Running","[NULL]","[NULL]"
23055,"MainThread",54816249519592,8500334,"S","[NULL]","[NULL]"
23113,"mqt_v_js",54816249520759,40917,"R","[NULL]","[NULL]"
23113,"mqt_v_js",54816249561676,3486583,"Running","[NULL]","[NULL]"
23113,"mqt_v_js",54816253048259,364292,"D","[NULL]","[NULL]"
23113,"mqt_v_js",54816253412551,192041,"R","[NULL]","[NULL]"
23113,"mqt_v_js",54816253604592,1312250,"Running","[NULL]","[NULL]"
23113,"mqt_v_js",54816254916842,68500,"R","[NULL]","[NULL]"
23113,"mqt_v_js",54816254985342,1096375,"Running","[NULL]","[NULL]"
23113,"mqt_v_js",54816256081717,3000,"R","[NULL]","[NULL]"
23113,"mqt_v_js",54816256084717,562000,"Running","[NULL]","[NULL]"
23113,"mqt_v_js",54816256646717,146459,"R","[NULL]","[NULL]"
23113,"mqt_v_js",54816256793176,1046708,"Running","[NULL]","[NULL]"
23113,"mqt_v_js",54816257839884,59375,"R+","[NULL]","[NULL]"
23113,"mqt_v_js",54816257899259,2237708,"Running","[NULL]","[NULL]"
23055,"MainThread",54816258019926,40541,"R","[NULL]","[NULL]"
23055,"MainThread",54816258060467,4805292,"Running","[NULL]","[NULL]"
23113,"mqt_v_js",54816260136967,7084,"R+","[NULL]","[NULL]"
23113,"mqt_v_js",54816260144051,3316416,"Running","[NULL]","[NULL]"
23055,"MainThread",54816262865759,163833,"R+","[NULL]","[NULL]"
23055,"MainThread",54816263029592,3209584,"Running","[NULL]","[NULL]"
23113,"mqt_v_js",54816263460467,68959,"R+","[NULL]","[NULL]"
23113,"mqt_v_js",54816263529426,5958,"Running","[NULL]","[NULL]"
23113,"mqt_v_js",54816263535384,52917,"R+","[NULL]","[NULL]"
23113,"mqt_v_js",54816263588301,55500,"Running","[NULL]","[NULL]"
23113,"mqt_v_js",54816263643801,18916,"R+","[NULL]","[NULL]"
23113,"mqt_v_js",54816263662717,2417,"Running","[NULL]","[NULL]"
23113,"mqt_v_js",54816263665134,10542,"R+","[NULL]","[NULL]"
23113,"mqt_v_js",54816263675676,100416,"Running","[NULL]","[NULL]"
23113,"mqt_v_js",54816263776092,13209,"R+","[NULL]","[NULL]"
23113,"mqt_v_js",54816263789301,1833,"Running","[NULL]","[NULL]"
23113,"mqt_v_js",54816263791134,14333,"R+","[NULL]","[NULL]"
23113,"mqt_v_js",54816263805467,12250,"Running","[NULL]","[NULL]"
23113,"mqt_v_js",54816263817717,10875,"R+","[NULL]","[NULL]"
23113,"mqt_v_js",54816263828592,1625,"Running","[NULL]","[NULL]"
23113,"mqt_v_js",54816263830217,5500,"R+","[NULL]","[NULL]"
23113,"mqt_v_js",54816263835717,80792,"Running","[NULL]","[NULL]"
23113,"mqt_v_js",54816263916509,24167,"R+","[NULL]","[NULL]"
23113,"mqt_v_js",54816263940676,3541,"Running","[NULL]","[NULL]"
23113,"mqt_v_js",54816263944217,10209,"R+","[NULL]","[NULL]"
23113,"mqt_v_js",54816263954426,18416,"Running","[NULL]","[NULL]"
23113,"mqt_v_js",54816263972842,11584,"R+","[NULL]","[NULL]"
23113,"mqt_v_js",54816263984426,1791,"Running","[NULL]","[NULL]"
23113,"mqt_v_js",54816263986217,96292,"R+","[NULL]","[NULL]"
23113,"mqt_v_js",54816264082509,623583,"Running","[NULL]","[NULL]"
23113,"mqt_v_js",54816264706092,18750,"R+","[NULL]","[NULL]"
23113,"mqt_v_js",54816264724842,2875,"Running","[NULL]","[NULL]"
23113,"mqt_v_js",54816264727717,18709,"R+","[NULL]","[NULL]"
23113,"mqt_v_js",54816264746426,1468708,"Running","[NULL]","[NULL]"
23113,"mqt_v_js",54816266215134,32833,"R","[NULL]","[NULL]"
23055,"MainThread",54816266239176,1133958,"S","[NULL]","[NULL]"
23113,"mqt_v_js",54816266247967,1399875,"Running","[NULL]","[NULL]"
23055,"MainThread",54816267373134,100708,"R","[NULL]","[NULL]"
23055,"MainThread",54816267473842,43084,"Running","[NULL]","[NULL]"
23055,"MainThread",54816267516926,938458,"S","[NULL]","[NULL]"
23113,"mqt_v_js",54816267647842,39000,"R+","[NULL]","[NULL]"
23113,"mqt_v_js",54816267686842,5584,"Running","[NULL]","[NULL]"
23113,"mqt_v_js",54816267692426,161750,"R+","[NULL]","[NULL]"
23113,"mqt_v_js",54816267854176,46750,"Running","[NULL]","[NULL]"
23113,"mqt_v_js",54816267900926,37208,"R+","[NULL]","[NULL]"
23113,"mqt_v_js",54816267938134,3375,"Running","[NULL]","[NULL]"
23113,"mqt_v_js",54816267941509,20958,"R+","[NULL]","[NULL]"
23113,"mqt_v_js",54816267962467,105459,"Running","[NULL]","[NULL]"
23113,"mqt_v_js",54816268067926,3583,"R","[NULL]","[NULL]"
23113,"mqt_v_js",54816268071509,1017750,"Running","[NULL]","[NULL]"
23055,"MainThread",54816268455384,88208,"R","[NULL]","[NULL]"
23055,"MainThread",54816268543592,23125,"Running","[NULL]","[NULL]"
23055,"MainThread",54816268566717,6694250,"S","[NULL]","[NULL]"
23113,"mqt_v_js",54816269089259,47875,"R+","[NULL]","[NULL]"
23113,"mqt_v_js",54816269137134,3833,"Running","[NULL]","[NULL]"
23113,"mqt_v_js",54816269140967,71625,"R+","[NULL]","[NULL]"
23113,"mqt_v_js",54816269212592,20125,"Running","[NULL]","[NULL]"
23113,"mqt_v_js",54816269232717,9917,"R+","[NULL]","[NULL]"
23113,"mqt_v_js",54816269242634,1708,"Running","[NULL]","[NULL]"
23113,"mqt_v_js",54816269244342,8500,"R+","[NULL]","[NULL]"
23113,"mqt_v_js",54816269252842,4103125,"Running","[NULL]","[NULL]"
23113,"mqt_v_js",54816273355967,113209,"R+","[NULL]","[NULL]"
23113,"mqt_v_js",54816273469176,1595375,"Running","[NULL]","[NULL]"
23113,"mqt_v_js",54816275064551,59208,"R","[NULL]","[NULL]"
23113,"mqt_v_js",54816275123759,627875,"Running","[NULL]","[NULL]"
23055,"MainThread",54816275260967,36042,"R","[NULL]","[NULL]"
23055,"MainThread",54816275297009,454042,"Running","[NULL]","[NULL]"
23055,"MainThread",54816275751051,7308583,"S","[NULL]","[NULL]"
23113,"mqt_v_js",54816275751634,37708,"R","[NULL]","[NULL]"
23113,"mqt_v_js",54816275789342,424625,"Running","[NULL]","[NULL]"
23113,"mqt_v_js",54816276213967,43792,"R+","[NULL]","[NULL]"
23113,"mqt_v_js",54816276257759,3830375,"Running","[NULL]","[NULL]"
23113,"mqt_v_js",54816280088134,3008583,"R","[NULL]","[NULL]"
23055,"MainThread",54816283059634,3198375,"R","[NULL]","[NULL]"
23113,"mqt_v_js",54816283096717,5924792,"Running","[NULL]","[NULL]"
23055,"MainThread",54816286258009,392167,"Running","[NULL]","[NULL]"
23055,"MainThread",54816286650176,4521541,"S","[NULL]","[NULL]"
23113,"mqt_v_js",54816289021509,1392750,"R+","[NULL]","[NULL]"
23113,"mqt_v_js",54816290414259,579917,"Running","[NULL]","[NULL]"
23113,"mqt_v_js",54816290994176,85333,"R","[NULL]","[NULL]"
23113,"mqt_v_js",54816291079509,543292,"Running","[NULL]","[NULL]"
23055,"MainThread",54816291171717,67334,"R","[NULL]","[NULL]"
23055,"MainThread",54816291239051,599000,"Running","[NULL]","[NULL]"
23113,"mqt_v_js",54816291622801,66583,"R","[NULL]","[NULL]"
23113,"mqt_v_js",54816291689384,4382458,"Running","[NULL]","[NULL]"
23055,"MainThread",54816291838051,17208541,"S","[NULL]","[NULL]"
23113,"mqt_v_js",54816296071842,19834,"R","[NULL]","[NULL]"
23113,"mqt_v_js",54816296091676,364208,"Running","[NULL]","[NULL]"
23113,"mqt_v_js",54816296455884,8458,"R","[NULL]","[NULL]"
23113,"mqt_v_js",54816296464342,3593750,"Running","[NULL]","[NULL]"
23113,"mqt_v_js",54816300058092,5886584,"R","[NULL]","[NULL]"
23113,"mqt_v_js",54816305944676,677916,"Running","[NULL]","[NULL]"
23113,"mqt_v_js",54816306622592,92875,"R","[NULL]","[NULL]"
23113,"mqt_v_js",54816306715467,974084,"Running","[NULL]","[NULL]"
23113,"mqt_v_js",54816307689551,71250,"R","[NULL]","[NULL]"
23113,"mqt_v_js",54816307760801,306000,"Running","[NULL]","[NULL]"
23113,"mqt_v_js",54816308066801,1910166,"R","[NULL]","[NULL]"
23055,"MainThread",54816309046592,9357250,"R","[NULL]","[NULL]"
23113,"mqt_v_js",54816309976967,598250,"Running","[NULL]","[NULL]"
23113,"mqt_v_js",54816310575217,94209,"R","[NULL]","[NULL]"
23113,"mqt_v_js",54816310669426,3525125,"Running","[NULL]","[NULL]"
23113,"mqt_v_js",54816314194551,6101291,"R+","[NULL]","[NULL]"
23055,"MainThread",54816318403842,263417,"Running","[NULL]","[NULL]"
23055,"MainThread",54816318667259,7963750,"S","[NULL]","[NULL]"
23113,"mqt_v_js",54816320295842,2210334,"Running","[NULL]","[NULL]"
23113,"mqt_v_js",54816322506176,10213041,"R+","[NULL]","[NULL]"
23055,"MainThread",54816326631009,27458,"R","[NULL]","[NULL]"
23055,"MainThread",54816326658467,2252584,"Running","[NULL]","[NULL]"
23055,"MainThread",54816328911051,3230291,"R+","[NULL]","[NULL]"
23055,"MainThread",54816332141342,68209,"Running","[NULL]","[NULL]"
23055,"MainThread",54816332209551,11439667,"S","[NULL]","[NULL]"
23113,"mqt_v_js",54816332719217,3385834,"Running","[NULL]","[NULL]"
23113,"mqt_v_js",54816336105051,21055792,"R","[NULL]","[NULL]"
23055,"MainThread",54816343649218,25291,"R","[NULL]","[NULL]"
23055,"MainThread",54816343674509,167917,"Running","[NULL]","[NULL]"
23055,"MainThread",54816343842426,66125,"R+","[NULL]","[NULL]"
23055,"MainThread",54816343908551,158250,"Running","[NULL]","[NULL]"
23055,"MainThread",54816344066801,29917,"R+","[NULL]","[NULL]"
23055,"MainThread",54816344096718,22000,"Running","[NULL]","[NULL]"
23055,"MainThread",54816344118718,13878166,"S","[NULL]","[NULL]"
23113,"mqt_v_js",54816357160843,588750,"Running","[NULL]","[NULL]"
23113,"mqt_v_js",54816357749593,112625,"R","[NULL]","[NULL]"
23113,"mqt_v_js",54816357862218,348333,"Running","[NULL]","[NULL]"
23055,"MainThread",54816357996884,32667,"R","[NULL]","[NULL]"
23055,"MainThread",54816358029551,210875,"Running","[NULL]","[NULL]"
23113,"mqt_v_js",54816358210551,1918458,"R","[NULL]","[NULL]"
23055,"MainThread",54816358240426,16840333,"S","[NULL]","[NULL]"
23113,"mqt_v_js",54816360129009,4003167,"Running","[NULL]","[NULL]"
23113,"mqt_v_js",54816364132176,7929167,"R","[NULL]","[NULL]"
23113,"mqt_v_js",54816372061343,1051958,"Running","[NULL]","[NULL]"
23113,"mqt_v_js",54816373113301,1998708,"R+","[NULL]","[NULL]"
23055,"MainThread",54816375080759,48417,"R","[NULL]","[NULL]"
23113,"mqt_v_js",54816375112009,7334,"Running","[NULL]","[NULL]"
23113,"mqt_v_js",54816375119343,78541,"R+","[NULL]","[NULL]"
23055,"MainThread",54816375129176,296375,"Running","[NULL]","[NULL]"
23113,"mqt_v_js",54816375197884,45792,"Running","[NULL]","[NULL]"
23113,"mqt_v_js",54816375243676,25458,"R+","[NULL]","[NULL]"
23113,"mqt_v_js",54816375269134,2834,"Running","[NULL]","[NULL]"
23113,"mqt_v_js",54816375271968,33833,"R+","[NULL]","[NULL]"
23113,"mqt_v_js",54816375305801,33000,"Running","[NULL]","[NULL]"
23113,"mqt_v_js",54816375338801,138458,"R+","[NULL]","[NULL]"
23055,"MainThread",54816375425551,15918917,"S","[NULL]","[NULL]"
23113,"mqt_v_js",54816375477259,8000,"Running","[NULL]","[NULL]"
23113,"mqt_v_js",54816375485259,35667,"R+","[NULL]","[NULL]"
23113,"mqt_v_js",54816375520926,40792,"Running","[NULL]","[NULL]"
23113,"mqt_v_js",54816375561718,4519125,"R+","[NULL]","[NULL]"
23113,"mqt_v_js",54816380080843,4064291,"Running","[NULL]","[NULL]"
23113,"mqt_v_js",54816384145134,4158250,"R","[NULL]","[NULL]"
23113,"mqt_v_js",54816388303384,1657542,"Running","[NULL]","[NULL]"
23113,"mqt_v_js",54816389960926,6162167,"R","[NULL]","[NULL]"
23055,"MainThread",54816391344468,93333,"R","[NULL]","[NULL]"
23055,"MainThread",54816391437801,331458,"Running","[NULL]","[NULL]"
23055,"MainThread",54816391769259,6944959,"S","[NULL]","[NULL]"
23113,"mqt_v_js",54816396123093,2768583,"Running","[NULL]","[NULL]"
23055,"MainThread",54816398714218,416083,"R","[NULL]","[NULL]"
23113,"mqt_v_js",54816398891676,5273375,"R+","[NULL]","[NULL]"
23055,"MainThread",54816399130301,571875,"Running","[NULL]","[NULL]"
23055,"MainThread",54816399702176,137292,"R","[NULL]","[NULL]"
23055,"MainThread",54816399839468,342291,"Running","[NULL]","[NULL]"
23055,"MainThread",54816400181759,6042,"R+","[NULL]","[NULL]"
23055,"MainThread",54816400187801,3162833,"Running","[NULL]","[NULL]"
23055,"MainThread",54816403350634,444334,"R+","[NULL]","[NULL]"
23055,"MainThread",54816403794968,340250,"Running","[NULL]","[NULL]"
23055,"MainThread",54816404135218,4333,"R","[NULL]","[NULL]"
23055,"MainThread",54816404139551,3696875,"Running","[NULL]","[NULL]"
23113,"mqt_v_js",54816404165051,8417,"Running","[NULL]","[NULL]"
23113,"mqt_v_js",54816404173468,330041,"R+","[NULL]","[NULL]"
23113,"mqt_v_js",54816404503509,63334,"Running","[NULL]","[NULL]"
23113,"mqt_v_js",54816404566843,32083,"R+","[NULL]","[NULL]"
23113,"mqt_v_js",54816404598926,5458,"Running","[NULL]","[NULL]"
23113,"mqt_v_js",54816404604384,17750,"R+","[NULL]","[NULL]"
23113,"mqt_v_js",54816404622134,177125,"Running","[NULL]","[NULL]"
23113,"mqt_v_js",54816404799259,70334,"R+","[NULL]","[NULL]"
23113,"mqt_v_js",54816404869593,7416,"Running","[NULL]","[NULL]"
23113,"mqt_v_js",54816404877009,119500,"R+","[NULL]","[NULL]"
23113,"mqt_v_js",54816404996509,48542,"Running","[NULL]","[NULL]"
23113,"mqt_v_js",54816405045051,33500,"R+","[NULL]","[NULL]"
23113,"mqt_v_js",54816405078551,6583,"Running","[NULL]","[NULL]"
23113,"mqt_v_js",54816405085134,41750,"R+","[NULL]","[NULL]"
23113,"mqt_v_js",54816405126884,29834,"Running","[NULL]","[NULL]"
23113,"mqt_v_js",54816405156718,39750,"R+","[NULL]","[NULL]"
23113,"mqt_v_js",54816405196468,7333,"Running","[NULL]","[NULL]"
23113,"mqt_v_js",54816405203801,39500,"R+","[NULL]","[NULL]"
23113,"mqt_v_js",54816405243301,89292,"Running","[NULL]","[NULL]"
23113,"mqt_v_js",54816405332593,34333,"R+","[NULL]","[NULL]"
23113,"mqt_v_js",54816405366926,3333,"Running","[NULL]","[NULL]"
23113,"mqt_v_js",54816405370259,134167,"R+","[NULL]","[NULL]"
23113,"mqt_v_js",54816405504426,160542,"Running","[NULL]","[NULL]"
23113,"mqt_v_js",54816405664968,31875,"R+","[NULL]","[NULL]"
23113,"mqt_v_js",54816405696843,4083,"Running","[NULL]","[NULL]"
23113,"mqt_v_js",54816405700926,93667,"R+","[NULL]","[NULL]"
23113,"mqt_v_js",54816405794593,831750,"Running","[NULL]","[NULL]"
23113,"mqt_v_js",54816406626343,1160333,"R","[NULL]","[NULL]"
23113,"mqt_v_js",54816407786676,359125,"Running","[NULL]","[NULL]"
23055,"MainThread",54816407836426,102000,"R","[NULL]","[NULL]"
23055,"MainThread",54816407938426,2055250,"Running","[NULL]","[NULL]"
23113,"mqt_v_js",54816408145801,4093000,"R+","[NULL]","[NULL]"
23055,"MainThread",54816409993676,81958,"R","[NULL]","[NULL]"
23055,"MainThread",54816410075634,2143834,"Running","[NULL]","[NULL]"
23055,"MainThread",54816412219468,6833,"R","[NULL]","[NULL]"
23055,"MainThread",54816412226301,4055792,"Running","[NULL]","[NULL]"
23113,"mqt_v_js",54816412238801,4792,"Running","[NULL]","[NULL]"
23113,"mqt_v_js",54816412243593,30416,"R+","[NULL]","[NULL]"
23113,"mqt_v_js",54816412274009,3261667,"Running","[NULL]","[NULL]"
23113,"mqt_v_js",54816415535676,757958,"R+","[NULL]","[NULL]"
23055,"MainThread",54816416282093,16041,"R","[NULL]","[NULL]"
23113,"mqt_v_js",54816416293634,531084,"R","[NULL]","[NULL]"
23055,"MainThread",54816416298134,994417,"Running","[NULL]","[NULL]"
23113,"mqt_v_js",54816416824718,672333,"Running","[NULL]","[NULL]"
23055,"MainThread",54816417292551,25625,"R","[NULL]","[NULL]"
23055,"MainThread",54816417318176,230667,"Running","[NULL]","[NULL]"
23113,"mqt_v_js",54816417497051,298625,"D","[NULL]","[NULL]"
23055,"MainThread",54816417548843,8458,"R","[NULL]","[NULL]"
23055,"MainThread",54816417557301,195833,"Running","[NULL]","[NULL]"
23055,"MainThread",54816417753134,70584,"R","[NULL]","[NULL]"
23113,"mqt_v_js",54816417795676,85542,"R","[NULL]","[NULL]"
23055,"MainThread",54816417823718,615625,"Running","[NULL]","[NULL]"
23113,"mqt_v_js",54816417881218,441500,"Running","[NULL]","[NULL]"
23113,"mqt_v_js",54816418322718,64875,"R+","[NULL]","[NULL]"
23113,"mqt_v_js",54816418387593,437958,"Running","[NULL]","[NULL]"
23055,"MainThread",54816418439343,871333,"R","[NULL]","[NULL]"
23113,"mqt_v_js",54816418825551,591333,"S","[NULL]","[NULL]"
23055,"MainThread",54816419310676,1161208,"Running","[NULL]","[NULL]"
23113,"mqt_v_js",54816419416884,942042,"R","[NULL]","[NULL]"
23113,"mqt_v_js",54816420358926,5333,"Running","[NULL]","[NULL]"
23113,"mqt_v_js",54816420364259,118959,"S","[NULL]","[NULL]"
23055,"MainThread",54816420471884,9125,"R","[NULL]","[NULL]"
23055,"MainThread",54816420481009,396000,"Running","[NULL]","[NULL]"
23113,"mqt_v_js",54816420483218,76666,"R","[NULL]","[NULL]"
23113,"mqt_v_js",54816420559884,3500,"Running","[NULL]","[NULL]"
23113,"mqt_v_js",54816420563384,67959,"S","[NULL]","[NULL]"
23113,"mqt_v_js",54816420631343,101250,"R","[NULL]","[NULL]"
23113,"mqt_v_js",54816420732593,4208,"Running","[NULL]","[NULL]"
23113,"mqt_v_js",54816420736801,47750,"S","[NULL]","[NULL]"
23113,"mqt_v_js",54816420784551,83500,"R","[NULL]","[NULL]"
23113,"mqt_v_js",54816420868051,1475708,"Running","[NULL]","[NULL]"
23055,"MainThread",54816420877009,52959,"S","[NULL]","[NULL]"
23055,"MainThread",54816420929968,1950333,"R","[NULL]","[NULL]"
23113,"mqt_v_js",54816422343759,72125,"R","[NULL]","[NULL]"
23113,"mqt_v_js",54816422415884,234959,"Running","[NULL]","[NULL]"
23113,"mqt_v_js",54816422650843,81625,"R","[NULL]","[NULL]"
23113,"mqt_v_js",54816422732468,558833,"Running","[NULL]","[NULL]"
23055,"MainThread",54816422880301,76042,"Running","[NULL]","[NULL]"
23055,"MainThread",54816422956343,25791,"R","[NULL]","[NULL]"
23055,"MainThread",54816422982134,99792,"Running","[NULL]","[NULL]"
23055,"MainThread",54816423081926,39708,"R","[NULL]","[NULL]"
23055,"MainThread",54816423121634,326834,"Running","[NULL]","[NULL]"
23113,"mqt_v_js",54816423291301,97417,"R","[NULL]","[NULL]"
23113,"mqt_v_js",54816423388718,933166,"Running","[NULL]","[NULL]"
23055,"MainThread",54816423448468,52875,"R","[NULL]","[NULL]"
23055,"MainThread",54816423501343,80041,"Running","[NULL]","[NULL]"
23055,"MainThread",54816423581384,138500,"R","[NULL]","[NULL]"
23055,"MainThread",54816423719884,707917,"Running","[NULL]","[NULL]"
23113,"mqt_v_js",54816424321884,66167,"R","[NULL]","[NULL]"
23113,"mqt_v_js",54816424388051,7832500,"Running","[NULL]","[NULL]"
23055,"MainThread",54816424427801,13208,"R","[NULL]","[NULL]"
23055,"MainThread",54816424441009,5119625,"Running","[NULL]","[NULL]"
23055,"MainThread",54816429560634,684000,"S","[NULL]","[NULL]"
23055,"MainThread",54816430244634,144667,"R","[NULL]","[NULL]"
23055,"MainThread",54816430389301,1342500,"Running","[NULL]","[NULL]"
23104,"RenderThread",54816431724843,6958,"R","[NULL]","[NULL]"
23055,"MainThread",54816431731801,262042,"R+","[NULL]","[NULL]"
23104,"RenderThread",54816431731801,191875,"Running","[NULL]","[NULL]"
23104,"RenderThread",54816431923676,102193583,"S","[NULL]","[NULL]"
23055,"MainThread",54816431993843,661916,"Running","[NULL]","[NULL]"
23113,"mqt_v_js",54816432220551,51333,"R","[NULL]","[NULL]"
23113,"mqt_v_js",54816432271884,2083417,"Running","[NULL]","[NULL]"
23055,"MainThread",54816432655759,209667,"R","[NULL]","[NULL]"
23055,"MainThread",54816432865426,3321500,"Running","[NULL]","[NULL]"
23113,"mqt_v_js",54816434355301,57458,"R+","[NULL]","[NULL]"
23113,"mqt_v_js",54816434412759,7917,"Running","[NULL]","[NULL]"
23113,"mqt_v_js",54816434420676,126667,"R+","[NULL]","[NULL]"
23113,"mqt_v_js",54816434547343,414958,"Running","[NULL]","[NULL]"
23113,"mqt_v_js",54816434962301,16875,"R+","[NULL]","[NULL]"
23113,"mqt_v_js",54816434979176,7333,"Running","[NULL]","[NULL]"
23113,"mqt_v_js",54816434986509,26750,"R+","[NULL]","[NULL]"
23113,"mqt_v_js",54816435013259,4954584,"Running","[NULL]","[NULL]"
23055,"MainThread",54816436186926,181375,"R","[NULL]","[NULL]"
23055,"MainThread",54816436368301,504083,"Running","[NULL]","[NULL]"
23055,"MainThread",54816436872384,867250,"R","[NULL]","[NULL]"
23055,"MainThread",54816437739634,1715209,"Running","[NULL]","[NULL]"
23055,"MainThread",54816439454843,100416,"R","[NULL]","[NULL]"
23055,"MainThread",54816439555259,4354667,"Running","[NULL]","[NULL]"
23113,"mqt_v_js",54816439967843,577916,"R+","[NULL]","[NULL]"
23113,"mqt_v_js",54816440545759,2990709,"Running","[NULL]","[NULL]"
23113,"mqt_v_js",54816443536468,60302666,"S","[NULL]","[NULL]"
23055,"MainThread",54816443909926,184917,"R","[NULL]","[NULL]"
23055,"MainThread",54816444094843,2020666,"Running","[NULL]","[NULL]"
23055,"MainThread",54816446115509,100584,"R","[NULL]","[NULL]"
23055,"MainThread",54816446216093,4958250,"Running","[NULL]","[NULL]"
23055,"MainThread",54816451174343,27208,"R","[NULL]","[NULL]"
23055,"MainThread",54816451201551,1636083,"Running","[NULL]","[NULL]"
23055,"MainThread",54816452837634,135000,"S","[NULL]","[NULL]"
23055,"MainThread",54816452972634,99292,"R","[NULL]","[NULL]"
23055,"MainThread",54816453071926,2264042,"Running","[NULL]","[NULL]"
23055,"MainThread",54816455335968,1016958,"R","[NULL]","[NULL]"
23055,"MainThread",54816456352926,1405833,"Running","[NULL]","[NULL]"
23055,"MainThread",54816457758759,165250,"R","[NULL]","[NULL]"
23055,"MainThread",54816457924009,1708167,"Running","[NULL]","[NULL]"
23055,"MainThread",54816459632176,12625,"R","[NULL]","[NULL]"
23055,"MainThread",54816459644801,912917,"Running","[NULL]","[NULL]"
23055,"MainThread",54816460557718,750708,"R","[NULL]","[NULL]"
23055,"MainThread",54816461308426,2586583,"Running","[NULL]","[NULL]"
23055,"MainThread",54816463895009,500,"S","[NULL]","[NULL]"
23055,"MainThread",54816463895509,6542,"R","[NULL]","[NULL]"
23055,"MainThread",54816463902051,293000,"Running","[NULL]","[NULL]"
23055,"MainThread",54816464195051,8167,"R","[NULL]","[NULL]"
23055,"MainThread",54816464203218,7964958,"Running","[NULL]","[NULL]"
23055,"MainThread",54816472168176,7000,"R","[NULL]","[NULL]"
23055,"MainThread",54816472175176,1120250,"Running","[NULL]","[NULL]"
23055,"MainThread",54816473295426,116292,"R","[NULL]","[NULL]"
23055,"MainThread",54816473411718,914000,"Running","[NULL]","[NULL]"
23055,"MainThread",54816474325718,129333,"R","[NULL]","[NULL]"
23055,"MainThread",54816474455051,5716000,"Running","[NULL]","[NULL]"
23055,"MainThread",54816480171051,266042,"R","[NULL]","[NULL]"
23055,"MainThread",54816480437093,1747625,"Running","[NULL]","[NULL]"
23055,"MainThread",54816482184718,53875,"R","[NULL]","[NULL]"
23055,"MainThread",54816482238593,1957625,"Running","[NULL]","[NULL]"
23055,"MainThread",54816484196218,231916,"R","[NULL]","[NULL]"
23055,"MainThread",54816484428134,3638584,"Running","[NULL]","[NULL]"
23055,"MainThread",54816488066718,8166,"R","[NULL]","[NULL]"
23055,"MainThread",54816488074884,901417,"Running","[NULL]","[NULL]"
23055,"MainThread",54816488976301,545625,"R","[NULL]","[NULL]"
23055,"MainThread",54816489521926,434792,"Running","[NULL]","[NULL]"
23055,"MainThread",54816489956718,87541,"R","[NULL]","[NULL]"
23055,"MainThread",54816490044259,2142625,"Running","[NULL]","[NULL]"
23055,"MainThread",54816492186884,3084,"R","[NULL]","[NULL]"
23055,"MainThread",54816492189968,1331583,"Running","[NULL]","[NULL]"
23055,"MainThread",54816493521551,3362250,"R","[NULL]","[NULL]"
23055,"MainThread",54816496883801,3349292,"Running","[NULL]","[NULL]"
23055,"MainThread",54816500233093,8583,"R","[NULL]","[NULL]"
23055,"MainThread",54816500241676,6386208,"Running","[NULL]","[NULL]"
23113,"mqt_v_js",54816503839134,3558625,"R","[NULL]","[NULL]"
23055,"MainThread",54816506627884,1590125,"R+","[NULL]","[NULL]"
23113,"mqt_v_js",54816507397759,812000,"Running","[NULL]","[NULL]"
23113,"mqt_v_js",54816508209759,3923042,"R","[NULL]","[NULL]"
23055,"MainThread",54816508218009,1786500,"Running","[NULL]","[NULL]"
23055,"MainThread",54816510004509,7858334,"R+","[NULL]","[NULL]"
23113,"mqt_v_js",54816512132801,3944458,"Running","[NULL]","[NULL]"
23113,"mqt_v_js",54816516077259,2163375,"R","[NULL]","[NULL]"
23055,"MainThread",54816517862843,4375,"Running","[NULL]","[NULL]"
23055,"MainThread",54816517867218,12616000,"S","[NULL]","[NULL]"
23113,"mqt_v_js",54816518240634,1833084,"Running","[NULL]","[NULL]"
23113,"mqt_v_js",54816520073718,8076750,"R","[NULL]","[NULL]"
23113,"mqt_v_js",54816528150468,1568708,"Running","[NULL]","[NULL]"
23113,"mqt_v_js",54816529719176,103526500,"S","[NULL]","[NULL]"
23055,"MainThread",54816530483218,4833,"R","[NULL]","[NULL]"
23055,"MainThread",54816530488051,1255917,"Running","[NULL]","[NULL]"
23055,"MainThread",54816531743968,104208,"D","[NULL]","[NULL]"
23055,"MainThread",54816531848176,2226500,"R","[NULL]","[NULL]"
23055,"MainThread",54816534074676,401000,"Running","[NULL]","[NULL]"
23104,"RenderThread",54816534117259,2235000,"R","[NULL]","[NULL]"
23055,"MainThread",54816534475676,48125,"R+","[NULL]","[NULL]"
23055,"MainThread",54816534523801,796708,"Running","[NULL]","[NULL]"
23055,"MainThread",54816535320509,2133792,"R+","[NULL]","[NULL]"
23104,"RenderThread",54816536352259,51792,"Running","[NULL]","[NULL]"
23104,"RenderThread",54816536404051,19858625,"S","[NULL]","[NULL]"
23055,"MainThread",54816537454301,2539417,"Running","[NULL]","[NULL]"
23055,"MainThread",54816539993718,4539958,"R","[NULL]","[NULL]"
23055,"MainThread",54816544533676,3247042,"Running","[NULL]","[NULL]"
23055,"MainThread",54816547780718,4361791,"R","[NULL]","[NULL]"
23055,"MainThread",54816552142509,3504000,"Running","[NULL]","[NULL]"
23055,"MainThread",54816555646509,5486500,"R","[NULL]","[NULL]"
23104,"RenderThread",54816556262676,1708625,"R","[NULL]","[NULL]"
23104,"RenderThread",54816557971301,2366542,"Running","[NULL]","[NULL]"
23104,"RenderThread",54816560337843,1321083,"R+","[NULL]","[NULL]"
23055,"MainThread",54816561133009,2968250,"Running","[NULL]","[NULL]"
23104,"RenderThread",54816561658926,281833,"Running","[NULL]","[NULL]"
23104,"RenderThread",54816561940759,14964834,"S","[NULL]","[NULL]"
23055,"MainThread",54816564101259,5938209,"R","[NULL]","[NULL]"
23055,"MainThread",54816570039468,2025125,"Running","[NULL]","[NULL]"
23055,"MainThread",54816572064593,4016041,"R","[NULL]","[NULL]"
23055,"MainThread",54816576080634,834084,"Running","[NULL]","[NULL]"
23104,"RenderThread",54816576905593,1185958,"R","[NULL]","[NULL]"
23055,"MainThread",54816576914718,13232958,"S","[NULL]","[NULL]"
23104,"RenderThread",54816578091551,2047292,"Running","[NULL]","[NULL]"
23104,"RenderThread",54816580138843,3191375,"R","[NULL]","[NULL]"
23104,"RenderThread",54816583330218,1668083,"Running","[NULL]","[NULL]"
23104,"RenderThread",54816584998301,1011667,"R","[NULL]","[NULL]"
23104,"RenderThread",54816586009968,640916,"Running","[NULL]","[NULL]"
23104,"RenderThread",54816586650884,125417,"R","[NULL]","[NULL]"
23104,"RenderThread",54816586776301,1281208,"Running","[NULL]","[NULL]"
23104,"RenderThread",54816588057509,2067292,"R","[NULL]","[NULL]"
23104,"RenderThread",54816590124801,899917,"Running","[NULL]","[NULL]"
23055,"MainThread",54816590147676,4953083,"R","[NULL]","[NULL]"
23104,"RenderThread",54816591024718,1137166,"R","[NULL]","[NULL]"
23104,"RenderThread",54816592161884,1497917,"Running","[NULL]","[NULL]"
23104,"RenderThread",54816593659801,1656750,"S","[NULL]","[NULL]"
23055,"MainThread",54816595100759,4896750,"Running","[NULL]","[NULL]"
23104,"RenderThread",54816595316551,4083,"R","[NULL]","[NULL]"
23104,"RenderThread",54816595320634,4000,"Running","[NULL]","[NULL]"
23104,"RenderThread",54816595324634,875,"S","[NULL]","[NULL]"
23104,"RenderThread",54816595325509,792,"R","[NULL]","[NULL]"
23104,"RenderThread",54816595326301,847458,"Running","[NULL]","[NULL]"
23104,"RenderThread",54816596173759,838500,"R+","[NULL]","[NULL]"
23104,"RenderThread",54816597012259,674834,"Running","[NULL]","[NULL]"
23104,"RenderThread",54816597687093,2265375,"R+","[NULL]","[NULL]"
23104,"RenderThread",54816599952468,157041,"Running","[NULL]","[NULL]"
23055,"MainThread",54816599997509,4174625,"R","[NULL]","[NULL]"
23104,"RenderThread",54816600109509,15334,"R","[NULL]","[NULL]"
23104,"RenderThread",54816600124843,57500,"Running","[NULL]","[NULL]"
23104,"RenderThread",54816600182343,11125,"R+","[NULL]","[NULL]"
23104,"RenderThread",54816600193468,243083,"Running","[NULL]","[NULL]"
23104,"RenderThread",54816600436551,33457500,"S","[NULL]","[NULL]"
23055,"MainThread",54816604172134,1947667,"Running","[NULL]","[NULL]"
23055,"MainThread",54816606119801,675708,"R","[NULL]","[NULL]"
23055,"MainThread",54816606795509,847667,"Running","[NULL]","[NULL]"
23055,"MainThread",54816607643176,532500,"R","[NULL]","[NULL]"
23055,"MainThread",54816608175676,385583,"Running","[NULL]","[NULL]"
23055,"MainThread",54816608561259,114000,"R","[NULL]","[NULL]"
23055,"MainThread",54816608675259,888125,"Running","[NULL]","[NULL]"
23055,"MainThread",54816609563384,2946709,"R","[NULL]","[NULL]"
23055,"MainThread",54816612510093,3624625,"Running","[NULL]","[NULL]"
23055,"MainThread",54816616134718,6249208,"R+","[NULL]","[NULL]"
23055,"MainThread",54816622383926,3663000,"Running","[NULL]","[NULL]"
23055,"MainThread",54816626046926,3484458,"R","[NULL]","[NULL]"
23055,"MainThread",54816629531384,1881875,"Running","[NULL]","[NULL]"
23055,"MainThread",54816631413259,78084,"R+","[NULL]","[NULL]"
23055,"MainThread",54816631491343,208625,"Running","[NULL]","[NULL]"
23055,"MainThread",54816631699968,25416,"R+","[NULL]","[NULL]"
23055,"MainThread",54816631725384,84959,"Running","[NULL]","[NULL]"
23055,"MainThread",54816631810343,32458,"R","[NULL]","[NULL]"
23055,"MainThread",54816631842801,227917,"Running","[NULL]","[NULL]"
23055,"MainThread",54816632070718,3583,"R","[NULL]","[NULL]"
23055,"MainThread",54816632074301,105000,"Running","[NULL]","[NULL]"
23055,"MainThread",54816632179301,30542,"R","[NULL]","[NULL]"
23055,"MainThread",54816632209843,1713458,"Running","[NULL]","[NULL]"
23113,"mqt_v_js",54816633245676,2905208,"R","[NULL]","[NULL]"
23104,"RenderThread",54816633894051,80750,"R","[NULL]","[NULL]"
23055,"MainThread",54816633923301,2184167,"S","[NULL]","[NULL]"
23104,"RenderThread",54816633974801,275333,"Running","[NULL]","[NULL]"
23104,"RenderThread",54816634250134,1403167,"R","[NULL]","[NULL]"
23104,"RenderThread",54816635653301,992125,"Running","[NULL]","[NULL]"
23055,"MainThread",54816636107468,790625,"R","[NULL]","[NULL]"
23113,"mqt_v_js",54816636150884,747209,"Running","[NULL]","[NULL]"
23104,"RenderThread",54816636645426,98958,"R","[NULL]","[NULL]"
23104,"RenderThread",54816636744384,973334,"Running","[NULL]","[NULL]"
23055,"MainThread",54816636898093,342208,"Running","[NULL]","[NULL]"
23113,"mqt_v_js",54816636898093,1271166,"S","[NULL]","[NULL]"
23055,"MainThread",54816637240301,7066792,"S","[NULL]","[NULL]"
23104,"RenderThread",54816637717718,4625,"R+","[NULL]","[NULL]"
23104,"RenderThread",54816637722343,430708,"Running","[NULL]","[NULL]"
23104,"RenderThread",54816638153051,17133583,"S","[NULL]","[NULL]"
23113,"mqt_v_js",54816638169259,5986167,"R","[NULL]","[NULL]"
23113,"mqt_v_js",54816644155426,4070708,"Running","[NULL]","[NULL]"
23055,"MainThread",54816644307093,10042458,"R","[NULL]","[NULL]"
23113,"mqt_v_js",54816648226134,19380667,"R","[NULL]","[NULL]"
23055,"MainThread",54816654349551,1711208,"Running","[NULL]","[NULL]"
23104,"RenderThread",54816655286634,130667,"R","[NULL]","[NULL]"
23104,"RenderThread",54816655417301,20625,"Running","[NULL]","[NULL]"
23104,"RenderThread",54816655437926,15857333,"S","[NULL]","[NULL]"
23055,"MainThread",54816656060759,166625,"R+","[NULL]","[NULL]"
23055,"MainThread",54816656227384,470292,"Running","[NULL]","[NULL]"
23055,"MainThread",54816656697676,5823792,"R","[NULL]","[NULL]"
23055,"MainThread",54816662521468,4589416,"Running","[NULL]","[NULL]"
23055,"MainThread",54816667110884,59459,"R","[NULL]","[NULL]"
23055,"MainThread",54816667170343,436458,"Running","[NULL]","[NULL]"
23055,"MainThread",54816667606801,641667,"D","[NULL]","[NULL]"
23113,"mqt_v_js",54816667606801,1318625,"Running","[NULL]","[NULL]"
23055,"MainThread",54816668248468,11750,"R","[NULL]","[NULL]"
23055,"MainThread",54816668260218,771250,"Running","[NULL]","[NULL]"
23113,"mqt_v_js",54816668925426,59208,"R","[NULL]","[NULL]"
23113,"mqt_v_js",54816668984634,138625,"Running","[NULL]","[NULL]"
23055,"MainThread",54816669031468,61416,"R","[NULL]","[NULL]"
23055,"MainThread",54816669092884,244125,"Running","[NULL]","[NULL]"
23113,"mqt_v_js",54816669123259,28792,"R","[NULL]","[NULL]"
23113,"mqt_v_js",54816669152051,3018333,"Running","[NULL]","[NULL]"
23055,"MainThread",54816669337009,9542,"R","[NULL]","[NULL]"
23055,"MainThread",54816669346551,2028917,"Running","[NULL]","[NULL]"
23104,"RenderThread",54816671295259,80209,"R","[NULL]","[NULL]"
23055,"MainThread",54816671375468,9534125,"S","[NULL]","[NULL]"
23104,"RenderThread",54816671375468,6152375,"Running","[NULL]","[NULL]"
23113,"mqt_v_js",54816672170384,24179500,"R","[NULL]","[NULL]"
23104,"RenderThread",54816677527843,2273625,"R+","[NULL]","[NULL]"
23104,"RenderThread",54816679801468,1112666,"Running","[NULL]","[NULL]"
23055,"MainThread",54816680909593,4541,"R","[NULL]","[NULL]"
23055,"MainThread",54816680914134,49209,"Running","[NULL]","[NULL]"
23104,"RenderThread",54816680914134,49209,"R+","[NULL]","[NULL]"
23055,"MainThread",54816680963343,2375,"S","[NULL]","[NULL]"
23104,"RenderThread",54816680963343,3440958,"Running","[NULL]","[NULL]"
23055,"MainThread",54816680965718,3438583,"R","[NULL]","[NULL]"
23055,"MainThread",54816684404301,7078500,"Running","[NULL]","[NULL]"
23104,"RenderThread",54816684404301,7966875,"R+","[NULL]","[NULL]"
23055,"MainThread",54816691482801,7756167,"R","[NULL]","[NULL]"
23104,"RenderThread",54816692371176,62792,"Running","[NULL]","[NULL]"
23104,"RenderThread",54816692433968,386125,"R","[NULL]","[NULL]"
23104,"RenderThread",54816692820093,2276166,"Running","[NULL]","[NULL]"
23104,"RenderThread",54816695096259,155542,"R+","[NULL]","[NULL]"
23104,"RenderThread",54816695251801,3987167,"Running","[NULL]","[NULL]"
23113,"mqt_v_js",54816696349884,2944500,"Running","[NULL]","[NULL]"
23055,"MainThread",54816699238968,1324250,"Running","[NULL]","[NULL]"
23104,"RenderThread",54816699238968,14834083,"R+","[NULL]","[NULL]"
23113,"mqt_v_js",54816699294384,15709792,"R","[NULL]","[NULL]"
23055,"MainThread",54816700563218,6500,"R","[NULL]","[NULL]"
23055,"MainThread",54816700569718,444083,"Running","[NULL]","[NULL]"
23055,"MainThread",54816701013801,3061792,"R","[NULL]","[NULL]"
23055,"MainThread",54816704075593,685000,"Running","[NULL]","[NULL]"
23055,"MainThread",54816704760593,292833,"R","[NULL]","[NULL]"
23055,"MainThread",54816705053426,1121333,"Running","[NULL]","[NULL]"
23055,"MainThread",54816706174759,63871750,"S","[NULL]","[NULL]"
23104,"RenderThread",54816714073051,68042,"Running","[NULL]","[NULL]"
23104,"RenderThread",54816714141093,5208,"R+","[NULL]","[NULL]"
23104,"RenderThread",54816714146301,7125,"Running","[NULL]","[NULL]"
23104,"RenderThread",54816714153426,6083,"R+","[NULL]","[NULL]"
23104,"RenderThread",54816714159509,433125,"Running","[NULL]","[NULL]"
23104,"RenderThread",54816714592634,58987625,"S","[NULL]","[NULL]"
23113,"mqt_v_js",54816715004176,432833,"Running","[NULL]","[NULL]"
23113,"mqt_v_js",54816715437009,1034042,"R","[NULL]","[NULL]"
23113,"mqt_v_js",54816716471051,1659000,"Running","[NULL]","[NULL]"
23113,"mqt_v_js",54816718130051,89083,"R","[NULL]","[NULL]"
23113,"mqt_v_js",54816718219134,981834,"Running","[NULL]","[NULL]"
23113,"mqt_v_js",54816719200968,40458,"R","[NULL]","[NULL]"
23113,"mqt_v_js",54816719241426,698083,"Running","[NULL]","[NULL]"
23113,"mqt_v_js",54816719939509,7716250,"R","[NULL]","[NULL]"
23113,"mqt_v_js",54816727655759,963959,"Running","[NULL]","[NULL]"
23113,"mqt_v_js",54816728619718,78291,"R","[NULL]","[NULL]"
23113,"mqt_v_js",54816728698009,3429209,"Running","[NULL]","[NULL]"
23113,"mqt_v_js",54816732127218,35958,"R","[NULL]","[NULL]"
23113,"mqt_v_js",54816732163176,467292,"Running","[NULL]","[NULL]"
23113,"mqt_v_js",54816732630468,4166,"R","[NULL]","[NULL]"
23113,"mqt_v_js",54816732634634,294334,"Running","[NULL]","[NULL]"
23113,"mqt_v_js",54816732928968,2135750,"R","[NULL]","[NULL]"
23113,"mqt_v_js",54816735064718,828791,"Running","[NULL]","[NULL]"
23113,"mqt_v_js",54816735893509,5084,"R","[NULL]","[NULL]"
23113,"mqt_v_js",54816735898593,2855750,"Running","[NULL]","[NULL]"
23113,"mqt_v_js",54816738754343,666666,"R","[NULL]","[NULL]"
23113,"mqt_v_js",54816739421009,167584,"Running","[NULL]","[NULL]"
23113,"mqt_v_js",54816739588593,11596458,"R","[NULL]","[NULL]"
23113,"mqt_v_js",54816751185051,411833,"Running","[NULL]","[NULL]"
23113,"mqt_v_js",54816751596884,47209,"R","[NULL]","[NULL]"
23113,"mqt_v_js",54816751644093,114458,"Running","[NULL]","[NULL]"
23113,"mqt_v_js",54816751758551,4958,"R","[NULL]","[NULL]"
23113,"mqt_v_js",54816751763509,2936375,"Running","[NULL]","[NULL]"
23113,"mqt_v_js",54816754699884,65000,"R","[NULL]","[NULL]"
23113,"mqt_v_js",54816754764884,1012292,"Running","[NULL]","[NULL]"
23113,"mqt_v_js",54816755777176,118333,"R","[NULL]","[NULL]"
23113,"mqt_v_js",54816755895509,292459,"Running","[NULL]","[NULL]"
23113,"mqt_v_js",54816756187968,3666,"R","[NULL]","[NULL]"
23113,"mqt_v_js",54816756191634,1210792,"Running","[NULL]","[NULL]"
23113,"mqt_v_js",54816757402426,58875,"R","[NULL]","[NULL]"
23113,"mqt_v_js",54816757461301,110375,"Running","[NULL]","[NULL]"
23113,"mqt_v_js",54816757571676,99708,"R","[NULL]","[NULL]"
23113,"mqt_v_js",54816757671384,277084,"Running","[NULL]","[NULL]"
23113,"mqt_v_js",54816757948468,10041,"R","[NULL]","[NULL]"
23113,"mqt_v_js",54816757958509,841459,"Running","[NULL]","[NULL]"
23113,"mqt_v_js",54816758799968,83791,"R","[NULL]","[NULL]"
23113,"mqt_v_js",54816758883759,139917,"Running","[NULL]","[NULL]"
23113,"mqt_v_js",54816759023676,59542,"R","[NULL]","[NULL]"
23113,"mqt_v_js",54816759083218,7696875,"Running","[NULL]","[NULL]"
23113,"mqt_v_js",54816766780093,860500,"R","[NULL]","[NULL]"
23113,"mqt_v_js",54816767640593,696791,"Running","[NULL]","[NULL]"
23113,"mqt_v_js",54816768337384,256125,"R","[NULL]","[NULL]"
23113,"mqt_v_js",54816768593509,688667,"Running","[NULL]","[NULL]"
23113,"mqt_v_js",54816769282176,64167,"R","[NULL]","[NULL]"
23113,"mqt_v_js",54816769346343,773208,"Running","[NULL]","[NULL]"
23055,"MainThread",54816770046509,73042,"R","[NULL]","[NULL]"
23055,"MainThread",54816770119551,76458,"Running","[NULL]","[NULL]"
23113,"mqt_v_js",54816770119551,130167,"R","[NULL]","[NULL]"
23055,"MainThread",54816770196009,211292,"R","[NULL]","[NULL]"
23113,"mqt_v_js",54816770249718,115708,"Running","[NULL]","[NULL]"
23113,"mqt_v_js",54816770365426,331250,"R","[NULL]","[NULL]"
23055,"MainThread",54816770407301,289375,"Running","[NULL]","[NULL]"
23055,"MainThread",54816770696676,70458,"S","[NULL]","[NULL]"
23113,"mqt_v_js",54816770696676,1531833,"Running","[NULL]","[NULL]"
23055,"MainThread",54816770767134,1487459,"R","[NULL]","[NULL]"
23113,"mqt_v_js",54816772228509,1438542,"R","[NULL]","[NULL]"
23055,"MainThread",54816772254593,246541,"Running","[NULL]","[NULL]"
23055,"MainThread",54816772501134,23084,"R","[NULL]","[NULL]"
23055,"MainThread",54816772524218,409250,"Running","[NULL]","[NULL]"
23055,"MainThread",54816772933468,24083,"R","[NULL]","[NULL]"
23055,"MainThread",54816772957551,641417,"Running","[NULL]","[NULL]"
23104,"RenderThread",54816773580259,17209,"R","[NULL]","[NULL]"
23104,"RenderThread",54816773597468,398208,"Running","[NULL]","[NULL]"
23055,"MainThread",54816773598968,65000,"R","[NULL]","[NULL]"
23055,"MainThread",54816773663968,3083,"Running","[NULL]","[NULL]"
23055,"MainThread",54816773667051,325000,"S","[NULL]","[NULL]"
23113,"mqt_v_js",54816773667051,402208,"Running","[NULL]","[NULL]"
23055,"MainThread",54816773992051,29667,"R","[NULL]","[NULL]"
23104,"RenderThread",54816773995676,191500,"R+","[NULL]","[NULL]"
23055,"MainThread",54816774021718,2666,"Running","[NULL]","[NULL]"
23055,"MainThread",54816774024384,165542,"S","[NULL]","[NULL]"
23113,"mqt_v_js",54816774069259,22167,"R","[NULL]","[NULL]"
23113,"mqt_v_js",54816774091426,143542,"Running","[NULL]","[NULL]"
23104,"RenderThread",54816774187176,6833,"Running","[NULL]","[NULL]"
23055,"MainThread",54816774189926,4083,"R","[NULL]","[NULL]"
23055,"MainThread",54816774194009,66917,"Running","[NULL]","[NULL]"
23104,"RenderThread",54816774194009,8915750,"R+","[NULL]","[NULL]"
23113,"mqt_v_js",54816774234968,110000,"R","[NULL]","[NULL]"
23055,"MainThread",54816774260926,1077708,"R+","[NULL]","[NULL]"
23113,"mqt_v_js",54816774344968,245625,"Running","[NULL]","[NULL]"
23113,"mqt_v_js",54816774590593,8541,"R","[NULL]","[NULL]"
23113,"mqt_v_js",54816774599134,586709,"Running","[NULL]","[NULL]"
23113,"mqt_v_js",54816775185843,545250,"R+","[NULL]","[NULL]"
23055,"MainThread",54816775338634,82959,"Running","[NULL]","[NULL]"
23055,"MainThread",54816775421593,362625,"R","[NULL]","[NULL]"
23113,"mqt_v_js",54816775731093,227833,"Running","[NULL]","[NULL]"
23055,"MainThread",54816775784218,214375,"Running","[NULL]","[NULL]"
23113,"mqt_v_js",54816775958926,136167,"R","[NULL]","[NULL]"
23055,"MainThread",54816775998593,332791,"R","[NULL]","[NULL]"
23113,"mqt_v_js",54816776095093,3448458,"Running","[NULL]","[NULL]"
23055,"MainThread",54816776331384,848584,"Running","[NULL]","[NULL]"
23055,"MainThread",54816777179968,16291,"R+","[NULL]","[NULL]"
23055,"MainThread",54816777196259,5828084,"Running","[NULL]","[NULL]"
23113,"mqt_v_js",54816779543551,636292,"R","[NULL]","[NULL]"
23113,"mqt_v_js",54816780179843,502000,"Running","[NULL]","[NULL]"
23113,"mqt_v_js",54816780681843,347041,"R+","[NULL]","[NULL]"
23113,"mqt_v_js",54816781028884,2457792,"Running","[NULL]","[NULL]"
23055,"MainThread",54816783024343,1162208,"R","[NULL]","[NULL]"
23104,"RenderThread",54816783109759,337875,"Running","[NULL]","[NULL]"
23104,"RenderThread",54816783447634,3452709,"S","[NULL]","[NULL]"
23113,"mqt_v_js",54816783486676,12083,"R","[NULL]","[NULL]"
23113,"mqt_v_js",54816783498759,358084,"Running","[NULL]","[NULL]"
23113,"mqt_v_js",54816783856843,108250,"R","[NULL]","[NULL]"
23113,"mqt_v_js",54816783965093,238958,"Running","[NULL]","[NULL]"
23055,"MainThread",54816784186551,1093458,"Running","[NULL]","[NULL]"
23113,"mqt_v_js",54816784204051,4625,"R","[NULL]","[NULL]"
23113,"mqt_v_js",54816784208676,976542,"Running","[NULL]","[NULL]"
23113,"mqt_v_js",54816785185218,50708,"R","[NULL]","[NULL]"
23113,"mqt_v_js",54816785235926,1096042,"Running","[NULL]","[NULL]"
23055,"MainThread",54816785280009,14250,"R","[NULL]","[NULL]"
23055,"MainThread",54816785294259,46875,"Running","[NULL]","[NULL]"
23055,"MainThread",54816785341134,531667,"S","[NULL]","[NULL]"
23055,"MainThread",54816785872801,75708,"R","[NULL]","[NULL]"
23055,"MainThread",54816785948509,454834,"Running","[NULL]","[NULL]"
23113,"mqt_v_js",54816786331968,53875,"R","[NULL]","[NULL]"
23113,"mqt_v_js",54816786385843,3197708,"Running","[NULL]","[NULL]"
23055,"MainThread",54816786403343,28666,"R","[NULL]","[NULL]"
23055,"MainThread",54816786432009,472250,"Running","[NULL]","[NULL]"
23104,"RenderThread",54816786900343,3916,"R","[NULL]","[NULL]"
23055,"MainThread",54816786904259,8542,"R+","[NULL]","[NULL]"
23104,"RenderThread",54816786904259,8542,"Running","[NULL]","[NULL]"
23055,"MainThread",54816786912801,730792,"Running","[NULL]","[NULL]"
23104,"RenderThread",54816786912801,726792,"S","[NULL]","[NULL]"
23104,"RenderThread",54816787639593,4000,"R","[NULL]","[NULL]"
23055,"MainThread",54816787643593,2884000,"R+","[NULL]","[NULL]"
23104,"RenderThread",54816787643593,2788250,"Running","[NULL]","[NULL]"
23113,"mqt_v_js",54816789583551,15292,"R","[NULL]","[NULL]"
23113,"mqt_v_js",54816789598843,1306208,"Running","[NULL]","[NULL]"
23104,"RenderThread",54816790431843,99666,"S","[NULL]","[NULL]"
23055,"MainThread",54816790527593,5375,"Running","[NULL]","[NULL]"
23104,"RenderThread",54816790531509,1459,"R","[NULL]","[NULL]"
23055,"MainThread",54816790532968,5544666,"R+","[NULL]","[NULL]"
23104,"RenderThread",54816790532968,502500,"Running","[NULL]","[NULL]"
23113,"mqt_v_js",54816790905051,183583,"R","[NULL]","[NULL]"
23104,"RenderThread",54816791035468,1238000,"R","[NULL]","[NULL]"
23113,"mqt_v_js",54816791088634,219959,"Running","[NULL]","[NULL]"
23113,"mqt_v_js",54816791308593,9291,"R","[NULL]","[NULL]"
23113,"mqt_v_js",54816791317884,956667,"Running","[NULL]","[NULL]"
23104,"RenderThread",54816792273468,49208,"Running","[NULL]","[NULL]"
23113,"mqt_v_js",54816792274551,37625,"R","[NULL]","[NULL]"
23113,"mqt_v_js",54816792312176,84458,"Running","[NULL]","[NULL]"
23104,"RenderThread",54816792322676,201375,"R","[NULL]","[NULL]"
23113,"mqt_v_js",54816792396634,43917,"R","[NULL]","[NULL]"
23113,"mqt_v_js",54816792440551,105417,"Running","[NULL]","[NULL]"
23104,"RenderThread",54816792524051,3553583,"Running","[NULL]","[NULL]"
23113,"mqt_v_js",54816792545968,13000,"R","[NULL]","[NULL]"
23113,"mqt_v_js",54816792558968,559208,"Running","[NULL]","[NULL]"
23113,"mqt_v_js",54816793118176,33545042,"S","[NULL]","[NULL]"
23055,"MainThread",54816796077634,1675042,"Running","[NULL]","[NULL]"
23104,"RenderThread",54816796077634,1705042,"R+","[NULL]","[NULL]"
23055,"MainThread",54816797752676,2324917,"R+","[NULL]","[NULL]"
23104,"RenderThread",54816797782676,2286708,"Running","[NULL]","[NULL]"
23104,"RenderThread",54816800069384,2955042,"R+","[NULL]","[NULL]"
23055,"MainThread",54816800077593,2735416,"Running","[NULL]","[NULL]"
23055,"MainThread",54816802813009,2632459,"R","[NULL]","[NULL]"
23104,"RenderThread",54816803024426,726417,"Running","[NULL]","[NULL]"
23104,"RenderThread",54816803750843,30541,"R","[NULL]","[NULL]"
23104,"RenderThread",54816803781384,149875,"Running","[NULL]","[NULL]"
23104,"RenderThread",54816803931259,7250,"R","[NULL]","[NULL]"
23104,"RenderThread",54816803938509,1411625,"Running","[NULL]","[NULL]"
23104,"RenderThread",54816805350134,1401625,"R+","[NULL]","[NULL]"
23055,"MainThread",54816805445468,1247791,"Running","[NULL]","[NULL]"
23055,"MainThread",54816806693259,273167,"R","[NULL]","[NULL]"
23104,"RenderThread",54816806751759,201542,"Running","[NULL]","[NULL]"
23104,"RenderThread",54816806953301,311458,"S","[NULL]","[NULL]"
23055,"MainThread",54816806966426,302042,"Running","[NULL]","[NULL]"
23104,"RenderThread",54816807264759,3709,"R","[NULL]","[NULL]"
23055,"MainThread",54816807268468,477583,"R+","[NULL]","[NULL]"
23104,"RenderThread",54816807268468,408125,"Running","[NULL]","[NULL]"
23104,"RenderThread",54816807676593,73000,"R","[NULL]","[NULL]"
23055,"MainThread",54816807746051,3542,"Running","[NULL]","[NULL]"
23055,"MainThread",54816807749593,410916,"S","[NULL]","[NULL]"
23104,"RenderThread",54816807749593,83250,"Running","[NULL]","[NULL]"
23104,"RenderThread",54816807832843,163833,"R","[NULL]","[NULL]"
23104,"RenderThread",54816807996676,147875,"Running","[NULL]","[NULL]"
23104,"RenderThread",54816808144551,11333,"R","[NULL]","[NULL]"
23104,"RenderThread",54816808155884,6125,"Running","[NULL]","[NULL]"
23055,"MainThread",54816808160509,1500,"R","[NULL]","[NULL]"
23055,"MainThread",54816808162009,3167,"Running","[NULL]","[NULL]"
23104,"RenderThread",54816808162009,3167,"R+","[NULL]","[NULL]"
23055,"MainThread",54816808165176,667,"S","[NULL]","[NULL]"
23104,"RenderThread",54816808165176,1333,"Running","[NULL]","[NULL]"
23055,"MainThread",54816808165843,666,"R","[NULL]","[NULL]"
23055,"MainThread",54816808166509,33417,"Running","[NULL]","[NULL]"
23104,"RenderThread",54816808166509,3301292,"R+","[NULL]","[NULL]"
23055,"MainThread",54816808199926,62583,"R","[NULL]","[NULL]"
23055,"MainThread",54816808262509,110750,"Running","[NULL]","[NULL]"
23055,"MainThread",54816808373259,109334,"R","[NULL]","[NULL]"
23055,"MainThread",54816808482593,2985208,"Running","[NULL]","[NULL]"
23055,"MainThread",54816811467801,4587833,"R","[NULL]","[NULL]"
23104,"RenderThread",54816811467801,1037625,"Running","[NULL]","[NULL]"
23104,"RenderThread",54816812505426,100917,"R","[NULL]","[NULL]"
23104,"RenderThread",54816812606343,515208,"Running","[NULL]","[NULL]"
23104,"RenderThread",54816813121551,908792,"R+","[NULL]","[NULL]"
23104,"RenderThread",54816814030343,2020416,"Running","[NULL]","[NULL]"
23104,"RenderThread",54816816050759,1460125,"R+","[NULL]","[NULL]"
23055,"MainThread",54816816055634,1432750,"Running","[NULL]","[NULL]"
23055,"MainThread",54816817488384,2656084,"R+","[NULL]","[NULL]"
23104,"RenderThread",54816817510884,458375,"Running","[NULL]","[NULL]"
23104,"RenderThread",54816817969259,19834,"R+","[NULL]","[NULL]"
23104,"RenderThread",54816817989093,245125,"Running","[NULL]","[NULL]"
23104,"RenderThread",54816818234218,268458,"R","[NULL]","[NULL]"
23104,"RenderThread",54816818502676,1636292,"Running","[NULL]","[NULL]"
23104,"RenderThread",54816820138968,1444791,"R+","[NULL]","[NULL]"
23055,"MainThread",54816820144468,1439291,"Running","[NULL]","[NULL]"
23055,"MainThread",54816821583759,3490209,"S","[NULL]","[NULL]"
23104,"RenderThread",54816821583759,748625,"Running","[NULL]","[NULL]"
23104,"RenderThread",54816822332384,44834,"R+","[NULL]","[NULL]"
23104,"RenderThread",54816822377218,105875,"Running","[NULL]","[NULL]"
23104,"RenderThread",54816822483093,166291,"R","[NULL]","[NULL]"
23104,"RenderThread",54816822649384,638167,"Running","[NULL]","[NULL]"
23104,"RenderThread",54816823287551,86958,"R+","[NULL]","[NULL]"
23104,"RenderThread",54816823374509,861417,"Running","[NULL]","[NULL]"
23104,"RenderThread",54816824235926,57375,"R","[NULL]","[NULL]"
23104,"RenderThread",54816824293301,94750,"Running","[NULL]","[NULL]"
23104,"RenderThread",54816824388051,1833,"R+","[NULL]","[NULL]"
23104,"RenderThread",54816824389884,6667,"Running","[NULL]","[NULL]"
23104,"RenderThread",54816824396551,3542,"R+","[NULL]","[NULL]"
23104,"RenderThread",54816824400093,875,"Running","[NULL]","[NULL]"
23104,"RenderThread",54816824400968,7375,"R+","[NULL]","[NULL]"
23104,"RenderThread",54816824408343,26750,"Running","[NULL]","[NULL]"
23104,"RenderThread",54816824435093,102291,"R+","[NULL]","[NULL]"
23104,"RenderThread",54816824537384,44167,"Running","[NULL]","[NULL]"
23104,"RenderThread",54816824581551,3083,"R+","[NULL]","[NULL]"
23104,"RenderThread",54816824584634,2417,"Running","[NULL]","[NULL]"
23104,"RenderThread",54816824587051,5833,"R+","[NULL]","[NULL]"
23104,"RenderThread",54816824592884,866000,"Running","[NULL]","[NULL]"
23055,"MainThread",54816825073968,577833,"R","[NULL]","[NULL]"
23104,"RenderThread",54816825458884,1403584,"R","[NULL]","[NULL]"
23055,"MainThread",54816825651801,162125,"Running","[NULL]","[NULL]"
23055,"MainThread",54816825813926,21375,"R+","[NULL]","[NULL]"
23055,"MainThread",54816825835301,917500,"Running","[NULL]","[NULL]"
23113,"mqt_v_js",54816826663218,2176875,"R","[NULL]","[NULL]"
23055,"MainThread",54816826752801,1316833,"R","[NULL]","[NULL]"
23104,"RenderThread",54816826862468,1203208,"Running","[NULL]","[NULL]"
23104,"RenderThread",54816828065676,2067250,"R+","[NULL]","[NULL]"
23055,"MainThread",54816828069634,335292,"Running","[NULL]","[NULL]"
23055,"MainThread",54816828404926,557667,"R","[NULL]","[NULL]"
23113,"mqt_v_js",54816828840093,122500,"Running","[NULL]","[NULL]"
23055,"MainThread",54816828962593,907833,"Running","[NULL]","[NULL]"
23113,"mqt_v_js",54816828962593,166125833,"S","[NULL]","[NULL]"
23055,"MainThread",54816829870426,1806125,"R","[NULL]","[NULL]"
23104,"RenderThread",54816830132926,1313208,"Running","[NULL]","[NULL]"
23104,"RenderThread",54816831446134,8854500,"R","[NULL]","[NULL]"
23055,"MainThread",54816831676551,402750,"Running","[NULL]","[NULL]"
23055,"MainThread",54816832079301,31583,"R","[NULL]","[NULL]"
23055,"MainThread",54816832110884,563542,"Running","[NULL]","[NULL]"
23055,"MainThread",54816832674426,42625,"R","[NULL]","[NULL]"
23055,"MainThread",54816832717051,131708,"Running","[NULL]","[NULL]"
23055,"MainThread",54816832848759,1712375,"R","[NULL]","[NULL]"
23055,"MainThread",54816834561134,1204500,"Running","[NULL]","[NULL]"
23055,"MainThread",54816835765634,16432917,"S","[NULL]","[NULL]"
23104,"RenderThread",54816840300634,628917,"Running","[NULL]","[NULL]"
23104,"RenderThread",54816840929551,152542,"R","[NULL]","[NULL]"
23104,"RenderThread",54816841082093,142125,"Running","[NULL]","[NULL]"
23104,"RenderThread",54816841224218,78166,"R","[NULL]","[NULL]"
23104,"RenderThread",54816841302384,51584,"Running","[NULL]","[NULL]"
23104,"RenderThread",54816841353968,130875,"R","[NULL]","[NULL]"
23104,"RenderThread",54816841484843,199041,"Running","[NULL]","[NULL]"
23104,"RenderThread",54816841683884,49167,"R","[NULL]","[NULL]"
23104,"RenderThread",54816841733051,291708,"Running","[NULL]","[NULL]"
23104,"RenderThread",54816842024759,1875,"R+","[NULL]","[NULL]"
23104,"RenderThread",54816842026634,1209,"Running","[NULL]","[NULL]"
23104,"RenderThread",54816842027843,10208,"R+","[NULL]","[NULL]"
23104,"RenderThread",54816842038051,1292,"Running","[NULL]","[NULL]"
23104,"RenderThread",54816842039343,2041,"R+","[NULL]","[NULL]"
23104,"RenderThread",54816842041384,23917,"Running","[NULL]","[NULL]"
23104,"RenderThread",54816842065301,94000,"R+","[NULL]","[NULL]"
23104,"RenderThread",54816842159301,39583,"Running","[NULL]","[NULL]"
23104,"RenderThread",54816842198884,2834,"R+","[NULL]","[NULL]"
23104,"RenderThread",54816842201718,2375,"Running","[NULL]","[NULL]"
23104,"RenderThread",54816842204093,5375,"R+","[NULL]","[NULL]"
23104,"RenderThread",54816842209468,17750,"Running","[NULL]","[NULL]"
23104,"RenderThread",54816842227218,9298250,"S","[NULL]","[NULL]"
23104,"RenderThread",54816851525468,51750,"R","[NULL]","[NULL]"
23104,"RenderThread",54816851577218,3056500,"Running","[NULL]","[NULL]"
23055,"MainThread",54816852198551,3702875,"R","[NULL]","[NULL]"
23104,"RenderThread",54816854633718,4339291,"R+","[NULL]","[NULL]"
23055,"MainThread",54816855901426,226167,"Running","[NULL]","[NULL]"
23055,"MainThread",54816856127593,19375,"R+","[NULL]","[NULL]"
23055,"MainThread",54816856146968,475000,"Running","[NULL]","[NULL]"
23055,"MainThread",54816856621968,56875,"R+","[NULL]","[NULL]"
23055,"MainThread",54816856678843,894208,"Running","[NULL]","[NULL]"
23055,"MainThread",54816857573051,550792,"R","[NULL]","[NULL]"
23055,"MainThread",54816858123843,849166,"Running","[NULL]","[NULL]"
23055,"MainThread",54816858973009,67877334,"S","[NULL]","[NULL]"
23104,"RenderThread",54816858973009,1309042,"Running","[NULL]","[NULL]"
23104,"RenderThread",54816860282051,62500,"R","[NULL]","[NULL]"
23104,"RenderThread",54816860344551,511125,"Running","[NULL]","[NULL]"
23104,"RenderThread",54816860855676,2553083,"R","[NULL]","[NULL]"
23104,"RenderThread",54816863408759,4654584,"Running","[NULL]","[NULL]"
23104,"RenderThread",54816868063343,923708,"R+","[NULL]","[NULL]"
23104,"RenderThread",54816868987051,4314750,"Running","[NULL]","[NULL]"
23104,"RenderThread",54816873301801,391667,"R+","[NULL]","[NULL]"
23104,"RenderThread",54816873693468,569250,"Running","[NULL]","[NULL]"
23104,"RenderThread",54816874262718,265000,"R","[NULL]","[NULL]"
23104,"RenderThread",54816874527718,283208,"Running","[NULL]","[NULL]"
23104,"RenderThread",54816874810926,249042,"R","[NULL]","[NULL]"
23104,"RenderThread",54816875059968,1107083,"Running","[NULL]","[NULL]"
23104,"RenderThread",54816876167051,4625,"R+","[NULL]","[NULL]"
23104,"RenderThread",54816876171676,8713625,"Running","[NULL]","[NULL]"
23104,"RenderThread",54816884885301,156125,"R+","[NULL]","[NULL]"
23104,"RenderThread",54816885041426,870667,"Running","[NULL]","[NULL]"
23104,"RenderThread",54816885912093,43750,"R","[NULL]","[NULL]"
23104,"RenderThread",54816885955843,110458,"Running","[NULL]","[NULL]"
23104,"RenderThread",54816886066301,204583,"R","[NULL]","[NULL]"
23104,"RenderThread",54816886270884,1067292,"Running","[NULL]","[NULL]"
23104,"RenderThread",54816887338176,185500,"R","[NULL]","[NULL]"
23104,"RenderThread",54816887523676,65292,"Running","[NULL]","[NULL]"
23104,"RenderThread",54816887588968,876750,"R","[NULL]","[NULL]"
23104,"RenderThread",54816888465718,533416,"Running","[NULL]","[NULL]"
23104,"RenderThread",54816888999134,259250,"R+","[NULL]","[NULL]"
23104,"RenderThread",54816889258384,73750,"Running","[NULL]","[NULL]"
23104,"RenderThread",54816889332134,325125,"R","[NULL]","[NULL]"
23104,"RenderThread",54816889657259,88709,"Running","[NULL]","[NULL]"
23104,"RenderThread",54816889745968,381208,"R","[NULL]","[NULL]"
23104,"RenderThread",54816890127176,1978500,"Running","[NULL]","[NULL]"
23104,"RenderThread",54816892105676,131583,"R+","[NULL]","[NULL]"
23104,"RenderThread",54816892237259,1480125,"Running","[NULL]","[NULL]"
23104,"RenderThread",54816893717384,379500,"R","[NULL]","[NULL]"
23104,"RenderThread",54816894096884,854500,"Running","[NULL]","[NULL]"
23104,"RenderThread",54816894951384,80167,"R+","[NULL]","[NULL]"
23104,"RenderThread",54816895031551,913708,"Running","[NULL]","[NULL]"
23104,"RenderThread",54816895945259,298792,"R","[NULL]","[NULL]"
23104,"RenderThread",54816896244051,117667,"Running","[NULL]","[NULL]"
23104,"RenderThread",54816896361718,391041,"R","[NULL]","[NULL]"
23104,"RenderThread",54816896752759,3360000,"Running","[NULL]","[NULL]"
23104,"RenderThread",54816900112759,3284459,"R","[NULL]","[NULL]"
23104,"RenderThread",54816903397218,3220375,"Running","[NULL]","[NULL]"
23104,"RenderThread",54816906617593,2195458,"R","[NULL]","[NULL]"
23104,"RenderThread",54816908813051,7424292,"Running","[NULL]","[NULL]"
23104,"RenderThread",54816916237343,4916,"R+","[NULL]","[NULL]"
23104,"RenderThread",54816916242259,6827125,"Running","[NULL]","[NULL]"
23104,"RenderThread",54816923069384,261792,"R+","[NULL]","[NULL]"
23104,"RenderThread",54816923331176,537875,"Running","[NULL]","[NULL]"
23104,"RenderThread",54816923869051,896083,"R","[NULL]","[NULL]"
23104,"RenderThread",54816924765134,108042,"Running","[NULL]","[NULL]"
23104,"RenderThread",54816924873176,1790042,"R","[NULL]","[NULL]"
23104,"RenderThread",54816926663218,10926125,"Running","[NULL]","[NULL]"
23055,"MainThread",54816926850343,10250166,"R","[NULL]","[NULL]"
23055,"MainThread",54816937100509,354042,"Running","[NULL]","[NULL]"
23055,"MainThread",54816937454551,116833,"R+","[NULL]","[NULL]"
23055,"MainThread",54816937571384,305459,"Running","[NULL]","[NULL]"
23104,"RenderThread",54816937589343,297041,"R","[NULL]","[NULL]"
23055,"MainThread",54816937876843,31916,"R","[NULL]","[NULL]"
23104,"RenderThread",54816937886384,2260625,"Running","[NULL]","[NULL]"
23055,"MainThread",54816937908759,1659500,"Running","[NULL]","[NULL]"
23055,"MainThread",54816939568259,48990959,"S","[NULL]","[NULL]"
23104,"RenderThread",54816940147009,31959,"R+","[NULL]","[NULL]"
23104,"RenderThread",54816940178968,949458,"Running","[NULL]","[NULL]"
23104,"RenderThread",54816941128426,12789000,"R","[NULL]","[NULL]"
23104,"RenderThread",54816953917426,2038708,"Running","[NULL]","[NULL]"
23104,"RenderThread",54816955956134,37584,"R+","[NULL]","[NULL]"
23104,"RenderThread",54816955993718,447000,"Running","[NULL]","[NULL]"
23104,"RenderThread",54816956440718,395333,"R","[NULL]","[NULL]"
23104,"RenderThread",54816956836051,949083,"Running","[NULL]","[NULL]"
23104,"RenderThread",54816957785134,61959,"R","[NULL]","[NULL]"
23104,"RenderThread",54816957847093,9946083,"Running","[NULL]","[NULL]"
23104,"RenderThread",54816967793176,1292000,"R+","[NULL]","[NULL]"
23104,"RenderThread",54816969085176,5439250,"Running","[NULL]","[NULL]"
23104,"RenderThread",54816974524426,41542,"R+","[NULL]","[NULL]"
23104,"RenderThread",54816974565968,2618958,"Running","[NULL]","[NULL]"
23104,"RenderThread",54816977184926,138708,"R","[NULL]","[NULL]"
23104,"RenderThread",54816977323634,2766292,"Running","[NULL]","[NULL]"
23104,"RenderThread",54816980089926,269583,"R+","[NULL]","[NULL]"
23104,"RenderThread",54816980359509,4188125,"Running","[NULL]","[NULL]"
23104,"RenderThread",54816984547634,1614375,"R","[NULL]","[NULL]"
23104,"RenderThread",54816986162009,210584,"Running","[NULL]","[NULL]"
23104,"RenderThread",54816986372593,1793500,"R","[NULL]","[NULL]"
23104,"RenderThread",54816988166093,1469916,"Running","[NULL]","[NULL]"
23055,"MainThread",54816988559218,1132708,"R","[NULL]","[NULL]"
23104,"RenderThread",54816989636009,1943209,"R","[NULL]","[NULL]"
23055,"MainThread",54816989691926,261375,"Running","[NULL]","[NULL]"
23055,"MainThread",54816989953301,285833,"R","[NULL]","[NULL]"
23055,"MainThread",54816990239134,70959,"Running","[NULL]","[NULL]"
23055,"MainThread",54816990310093,239708,"R+","[NULL]","[NULL]"
23055,"MainThread",54816990549801,528792,"Running","[NULL]","[NULL]"
23055,"MainThread",54816991078593,1488791,"R","[NULL]","[NULL]"
23104,"RenderThread",54816991579218,487750,"Running","[NULL]","[NULL]"
23104,"RenderThread",54816992066968,5246625,"R","[NULL]","[NULL]"
23055,"MainThread",54816992567384,239459,"Running","[NULL]","[NULL]"
23055,"MainThread",54816992806843,474416,"R","[NULL]","[NULL]"
23055,"MainThread",54816993281259,1815625,"Running","[NULL]","[NULL]"
23113,"mqt_v_js",54816995088426,7631917,"R","[NULL]","[NULL]"
23055,"MainThread",54816995096884,6477709,"R+","[NULL]","[NULL]"
23104,"RenderThread",54816997313593,4253666,"Running","[NULL]","[NULL]"
23104,"RenderThread",54817001567259,2045792,"R+","[NULL]","[NULL]"
23055,"MainThread",54817001574593,740625,"Running","[NULL]","[NULL]"
23055,"MainThread",54817002315218,63150500,"S","[NULL]","[NULL]"
23113,"mqt_v_js",54817002720343,149458,"Running","[NULL]","[NULL]"
23113,"mqt_v_js",54817002869801,71524834,"S","[NULL]","[NULL]"
23104,"RenderThread",54817003613051,1092292,"Running","[NULL]","[NULL]"
23104,"RenderThread",54817004705343,245625,"R+","[NULL]","[NULL]"
23104,"RenderThread",54817004950968,486875,"Running","[NULL]","[NULL]"
23104,"RenderThread",54817005437843,366250,"R","[NULL]","[NULL]"
23104,"RenderThread",54817005804093,116625,"Running","[NULL]","[NULL]"
23104,"RenderThread",54817005920718,509458,"R","[NULL]","[NULL]"
23104,"RenderThread",54817006430176,193250,"Running","[NULL]","[NULL]"
23104,"RenderThread",54817006623426,66875,"R","[NULL]","[NULL]"
23104,"RenderThread",54817006690301,853708,"Running","[NULL]","[NULL]"
23104,"RenderThread",54817007544009,1377209,"R+","[NULL]","[NULL]"
23104,"RenderThread",54817008921218,3186083,"Running","[NULL]","[NULL]"
23104,"RenderThread",54817012107301,380042,"R","[NULL]","[NULL]"
23104,"RenderThread",54817012487343,469833,"Running","[NULL]","[NULL]"
23104,"RenderThread",54817012957176,214792,"R","[NULL]","[NULL]"
23104,"RenderThread",54817013171968,177500,"Running","[NULL]","[NULL]"
23104,"RenderThread",54817013349468,88166,"R","[NULL]","[NULL]"
23104,"RenderThread",54817013437634,162417,"Running","[NULL]","[NULL]"
23104,"RenderThread",54817013600051,103458,"R","[NULL]","[NULL]"
23104,"RenderThread",54817013703509,148334,"Running","[NULL]","[NULL]"
23104,"RenderThread",54817013851843,388333,"R","[NULL]","[NULL]"
23104,"RenderThread",54817014240176,201375,"Running","[NULL]","[NULL]"
23104,"RenderThread",54817014441551,81542,"R","[NULL]","[NULL]"
23104,"RenderThread",54817014523093,189208,"Running","[NULL]","[NULL]"
23104,"RenderThread",54817014712301,33375,"R+","[NULL]","[NULL]"
23104,"RenderThread",54817014745676,761542,"Running","[NULL]","[NULL]"
23104,"RenderThread",54817015507218,89666,"R","[NULL]","[NULL]"
23104,"RenderThread",54817015596884,41500,"Running","[NULL]","[NULL]"
23104,"RenderThread",54817015638384,89167,"R","[NULL]","[NULL]"
23104,"RenderThread",54817015727551,338083,"Running","[NULL]","[NULL]"
23104,"RenderThread",54817016065634,366875,"R+","[NULL]","[NULL]"
23104,"RenderThread",54817016432509,213334,"Running","[NULL]","[NULL]"
23104,"RenderThread",54817016645843,33500,"R+","[NULL]","[NULL]"
23104,"RenderThread",54817016679343,140958,"Running","[NULL]","[NULL]"
23104,"RenderThread",54817016820301,78667,"R","[NULL]","[NULL]"
23104,"RenderThread",54817016898968,463333,"Running","[NULL]","[NULL]"
23104,"RenderThread",54817017362301,2876000,"R+","[NULL]","[NULL]"
23104,"RenderThread",54817020238301,1419958,"Running","[NULL]","[NULL]"
23104,"RenderThread",54817021658259,3167,"R","[NULL]","[NULL]"
23104,"RenderThread",54817021661426,867417,"Running","[NULL]","[NULL]"
23104,"RenderThread",54817022528843,42666,"R","[NULL]","[NULL]"
23104,"RenderThread",54817022571509,715875,"Running","[NULL]","[NULL]"
23104,"RenderThread",54817023287384,93000,"R","[NULL]","[NULL]"
23104,"RenderThread",54817023380384,698667,"Running","[NULL]","[NULL]"
23104,"RenderThread",54817024079051,222167,"R+","[NULL]","[NULL]"
23104,"RenderThread",54817024301218,65250,"Running","[NULL]","[NULL]"
23104,"RenderThread",54817024366468,109208,"R","[NULL]","[NULL]"
23104,"RenderThread",54817024475676,165917,"Running","[NULL]","[NULL]"
23104,"RenderThread",54817024641593,85250,"R","[NULL]","[NULL]"
23104,"RenderThread",54817024726843,525666,"Running","[NULL]","[NULL]"
23104,"RenderThread",54817025252509,871875,"R","[NULL]","[NULL]"
23104,"RenderThread",54817026124384,2007042,"Running","[NULL]","[NULL]"
23104,"RenderThread",54817028131426,1877792,"R+","[NULL]","[NULL]"
23104,"RenderThread",54817030009218,2050625,"Running","[NULL]","[NULL]"
23104,"RenderThread",54817032059843,1136833,"R+","[NULL]","[NULL]"
23104,"RenderThread",54817033196676,820083,"Running","[NULL]","[NULL]"
23104,"RenderThread",54817034016759,95459,"R","[NULL]","[NULL]"
23104,"RenderThread",54817034112218,440083,"Running","[NULL]","[NULL]"
23104,"RenderThread",54817034552301,751708,"R","[NULL]","[NULL]"
23104,"RenderThread",54817035304009,758042,"Running","[NULL]","[NULL]"
23104,"RenderThread",54817036062051,1043292,"R+","[NULL]","[NULL]"
23104,"RenderThread",54817037105343,2846042,"Running","[NULL]","[NULL]"
23104,"RenderThread",54817039951385,1757708,"R+","[NULL]","[NULL]"
23104,"RenderThread",54817041709093,3644667,"Running","[NULL]","[NULL]"
23104,"RenderThread",54817045353760,99083,"R","[NULL]","[NULL]"
23104,"RenderThread",54817045452843,103458,"Running","[NULL]","[NULL]"
23104,"RenderThread",54817045556301,62750,"R","[NULL]","[NULL]"
23104,"RenderThread",54817045619051,2428917,"Running","[NULL]","[NULL]"
23104,"RenderThread",54817048047968,4042,"R+","[NULL]","[NULL]"
23104,"RenderThread",54817048052010,8567083,"Running","[NULL]","[NULL]"
23104,"RenderThread",54817056619093,199917,"R+","[NULL]","[NULL]"
23104,"RenderThread",54817056819010,79000,"Running","[NULL]","[NULL]"
23104,"RenderThread",54817056898010,73625,"R","[NULL]","[NULL]"
23104,"RenderThread",54817056971635,5319541,"Running","[NULL]","[NULL]"
23104,"RenderThread",54817062291176,2167,"R+","[NULL]","[NULL]"
23104,"RenderThread",54817062293343,1125,"Running","[NULL]","[NULL]"
23104,"RenderThread",54817062294468,3125,"R+","[NULL]","[NULL]"
23104,"RenderThread",54817062297593,833,"Running","[NULL]","[NULL]"
23104,"RenderThread",54817062298426,8125,"R+","[NULL]","[NULL]"
23104,"RenderThread",54817062306551,2954584,"Running","[NULL]","[NULL]"
23104,"RenderThread",54817065261135,19291,"R","[NULL]","[NULL]"
23104,"RenderThread",54817065280426,188459,"Running","[NULL]","[NULL]"
23055,"MainThread",54817065465718,3167,"R","[NULL]","[NULL]"
23055,"MainThread",54817065468885,124791,"Running","[NULL]","[NULL]"
23104,"RenderThread",54817065468885,124791,"R+","[NULL]","[NULL]"
23055,"MainThread",54817065593676,2834,"S","[NULL]","[NULL]"
23104,"RenderThread",54817065593676,4209,"Running","[NULL]","[NULL]"
23055,"MainThread",54817065596510,1375,"R","[NULL]","[NULL]"
23055,"MainThread",54817065597885,1315916,"Running","[NULL]","[NULL]"
23104,"RenderThread",54817065597885,1349875,"R+","[NULL]","[NULL]"
23055,"MainThread",54817066913801,903084,"R","[NULL]","[NULL]"
23104,"RenderThread",54817066947760,784291,"Running","[NULL]","[NULL]"
23104,"RenderThread",54817067732051,417084,"R+","[NULL]","[NULL]"
23055,"MainThread",54817067816885,357500,"Running","[NULL]","[NULL]"
23104,"RenderThread",54817068149135,455541,"Running","[NULL]","[NULL]"
23055,"MainThread",54817068174385,2605000,"R","[NULL]","[NULL]"
23104,"RenderThread",54817068604676,125959,"R+","[NULL]","[NULL]"
23104,"RenderThread",54817068730635,1850500,"Running","[NULL]","[NULL]"
23104,"RenderThread",54817070581135,1046125,"R+","[NULL]","[NULL]"
23055,"MainThread",54817070779385,146833,"Running","[NULL]","[NULL]"
23055,"MainThread",54817070926218,1239583,"R","[NULL]","[NULL]"
23104,"RenderThread",54817071627260,1350125,"Running","[NULL]","[NULL]"
23055,"MainThread",54817072165801,829167,"Running","[NULL]","[NULL]"
23104,"RenderThread",54817072977385,11335333,"S","[NULL]","[NULL]"
23055,"MainThread",54817072994968,779208,"R","[NULL]","[NULL]"
23055,"MainThread",54817073774176,625209,"Running","[NULL]","[NULL]"
23113,"mqt_v_js",54817074394635,4750,"R","[NULL]","[NULL]"
23055,"MainThread",54817074399385,58958,"R+","[NULL]","[NULL]"
23113,"mqt_v_js",54817074399385,58958,"Running","[NULL]","[NULL]"
23055,"MainThread",54817074458343,5125,"Running","[NULL]","[NULL]"
23113,"mqt_v_js",54817074458343,4042,"S","[NULL]","[NULL]"
23113,"mqt_v_js",54817074462385,1083,"R","[NULL]","[NULL]"
23055,"MainThread",54817074463468,117542,"R+","[NULL]","[NULL]"
23113,"mqt_v_js",54817074463468,117542,"Running","[NULL]","[NULL]"
23055,"MainThread",54817074581010,289458,"Running","[NULL]","[NULL]"
23113,"mqt_v_js",54817074581010,256636875,"S","[NULL]","[NULL]"
23055,"MainThread",54817074870468,10778500,"S","[NULL]","[NULL]"
23104,"RenderThread",54817084312718,85375,"R","[NULL]","[NULL]"
23104,"RenderThread",54817084398093,7293917,"Running","[NULL]","[NULL]"
23055,"MainThread",54817085648968,3373208,"R","[NULL]","[NULL]"
23055,"MainThread",54817089022176,3161459,"Running","[NULL]","[NULL]"
23104,"RenderThread",54817091692010,1203416,"R+","[NULL]","[NULL]"
23055,"MainThread",54817092183635,321583,"R","[NULL]","[NULL]"
23055,"MainThread",54817092505218,263708,"Running","[NULL]","[NULL]"
23055,"MainThread",54817092768926,346334,"R","[NULL]","[NULL]"
23104,"RenderThread",54817092895426,7155750,"Running","[NULL]","[NULL]"
23055,"MainThread",54817093115260,731000,"Running","[NULL]","[NULL]"
23055,"MainThread",54817093846260,19502375,"S","[NULL]","[NULL]"
23104,"RenderThread",54817100051176,3917,"R+","[NULL]","[NULL]"
23104,"RenderThread",54817100055093,1704917,"Running","[NULL]","[NULL]"
23104,"RenderThread",54817101760010,85166,"R+","[NULL]","[NULL]"
23104,"RenderThread",54817101845176,45209,"Running","[NULL]","[NULL]"
23104,"RenderThread",54817101890385,10898583,"S","[NULL]","[NULL]"
23104,"RenderThread",54817112788968,71750,"R","[NULL]","[NULL]"
23104,"RenderThread",54817112860718,3196792,"Running","[NULL]","[NULL]"
23055,"MainThread",54817113348635,7168250,"R","[NULL]","[NULL]"
23104,"RenderThread",54817116057510,3875,"R+","[NULL]","[NULL]"
23104,"RenderThread",54817116061385,4143666,"Running","[NULL]","[NULL]"
23104,"RenderThread",54817120205051,762875,"R+","[NULL]","[NULL]"
23055,"MainThread",54817120516885,2802125,"Running","[NULL]","[NULL]"
23104,"RenderThread",54817120967926,1038542,"Running","[NULL]","[NULL]"
23104,"RenderThread",54817122006468,720500,"R+","[NULL]","[NULL]"
23104,"RenderThread",54817122726968,565333,"Running","[NULL]","[NULL]"
23104,"RenderThread",54817123292301,79542,"R+","[NULL]","[NULL]"
23055,"MainThread",54817123319010,20055000,"S","[NULL]","[NULL]"
23104,"RenderThread",54817123371843,712708,"Running","[NULL]","[NULL]"
23104,"RenderThread",54817124084551,2959,"R+","[NULL]","[NULL]"
23104,"RenderThread",54817124087510,221458,"Running","[NULL]","[NULL]"
23104,"RenderThread",54817124308968,225000,"R+","[NULL]","[NULL]"
23104,"RenderThread",54817124533968,301000,"Running","[NULL]","[NULL]"
23104,"RenderThread",54817124834968,92833,"R+","[NULL]","[NULL]"
23104,"RenderThread",54817124927801,1023042,"Running","[NULL]","[NULL]"
23104,"RenderThread",54817125950843,76083,"R+","[NULL]","[NULL]"
23104,"RenderThread",54817126026926,66542,"Running","[NULL]","[NULL]"
23104,"RenderThread",54817126093468,16527208,"S","[NULL]","[NULL]"
23104,"RenderThread",54817142620676,91709,"R","[NULL]","[NULL]"
23104,"RenderThread",54817142712385,9375,"Running","[NULL]","[NULL]"
23104,"RenderThread",54817142721760,31875,"S","[NULL]","[NULL]"
23104,"RenderThread",54817142753635,102166,"R","[NULL]","[NULL]"
23104,"RenderThread",54817142855801,1124084,"Running","[NULL]","[NULL]"
23055,"MainThread",54817143374010,6466750,"R","[NULL]","[NULL]"
23104,"RenderThread",54817143979885,18041,"R+","[NULL]","[NULL]"
23104,"RenderThread",54817143997926,53500,"Running","[NULL]","[NULL]"
23104,"RenderThread",54817144051426,246750,"R+","[NULL]","[NULL]"
23104,"RenderThread",54817144298176,3752709,"Running","[NULL]","[NULL]"
23104,"RenderThread",54817148050885,3458,"R+","[NULL]","[NULL]"
23104,"RenderThread",54817148054343,2039125,"Running","[NULL]","[NULL]"
23055,"MainThread",54817149840760,567916,"Running","[NULL]","[NULL]"
23104,"RenderThread",54817150093468,121625,"R","[NULL]","[NULL]"
23104,"RenderThread",54817150215093,412875,"Running","[NULL]","[NULL]"
23055,"MainThread",54817150408676,36959,"R","[NULL]","[NULL]"
23055,"MainThread",54817150445635,2287083,"Running","[NULL]","[NULL]"
23104,"RenderThread",54817150627968,28833,"R+","[NULL]","[NULL]"
23104,"RenderThread",54817150656801,3887167,"Running","[NULL]","[NULL]"
23055,"MainThread",54817152732718,15840917,"S","[NULL]","[NULL]"
23104,"RenderThread",54817154543968,13341208,"S","[NULL]","[NULL]"
23104,"RenderThread",54817167885176,72917,"R","[NULL]","[NULL]"
23104,"RenderThread",54817167958093,4090250,"Running","[NULL]","[NULL]"
23055,"MainThread",54817168573635,7305708,"R","[NULL]","[NULL]"
23104,"RenderThread",54817172048343,338458,"R+","[NULL]","[NULL]"
23104,"RenderThread",54817172386801,3856709,"Running","[NULL]","[NULL]"
23055,"MainThread",54817175879343,473333,"Running","[NULL]","[NULL]"
23104,"RenderThread",54817176243510,822208,"R+","[NULL]","[NULL]"
23055,"MainThread",54817176352676,170292,"R","[NULL]","[NULL]"
23055,"MainThread",54817176522968,135583,"Running","[NULL]","[NULL]"
23055,"MainThread",54817176658551,140334,"R","[NULL]","[NULL]"
23055,"MainThread",54817176798885,1458416,"Running","[NULL]","[NULL]"
23104,"RenderThread",54817177065718,3712792,"Running","[NULL]","[NULL]"
23055,"MainThread",54817178257301,16056834,"S","[NULL]","[NULL]"
23104,"RenderThread",54817180778510,12896750,"S","[NULL]","[NULL]"
23104,"RenderThread",54817193675260,89500,"R","[NULL]","[NULL]"
23104,"RenderThread",54817193764760,1201541,"Running","[NULL]","[NULL]"
23055,"MainThread",54817194314135,9132083,"R","[NULL]","[NULL]"
23104,"RenderThread",54817194966301,3459,"R+","[NULL]","[NULL]"
23104,"RenderThread",54817194969760,1458,"Running","[NULL]","[NULL]"
23104,"RenderThread",54817194971218,281458,"R+","[NULL]","[NULL]"
23104,"RenderThread",54817195252676,809167,"Running","[NULL]","[NULL]"
23104,"RenderThread",54817196061843,77500,"R","[NULL]","[NULL]"
23104,"RenderThread",54817196139343,3914167,"Running","[NULL]","[NULL]"
23104,"RenderThread",54817200053510,38791,"R+","[NULL]","[NULL]"
23104,"RenderThread",54817200092301,2896000,"Running","[NULL]","[NULL]"
23104,"RenderThread",54817202988301,270959,"R","[NULL]","[NULL]"
23104,"RenderThread",54817203259260,3705250,"Running","[NULL]","[NULL]"
23055,"MainThread",54817203446218,174292,"Running","[NULL]","[NULL]"
23055,"MainThread",54817203620510,19625,"R+","[NULL]","[NULL]"
23055,"MainThread",54817203640135,1638041,"Running","[NULL]","[NULL]"
23055,"MainThread",54817205278176,21437084,"S","[NULL]","[NULL]"
23104,"RenderThread",54817206964510,17234875,"S","[NULL]","[NULL]"
23104,"RenderThread",54817224199385,157416,"R","[NULL]","[NULL]"
23104,"RenderThread",54817224356801,1816709,"Running","[NULL]","[NULL]"
23104,"RenderThread",54817226173510,150916,"R","[NULL]","[NULL]"
23104,"RenderThread",54817226324426,5930959,"Running","[NULL]","[NULL]"
23055,"MainThread",54817226715260,5134958,"R","[NULL]","[NULL]"
23055,"MainThread",54817231850218,351708,"Running","[NULL]","[NULL]"
23055,"MainThread",54817232201926,90875,"R+","[NULL]","[NULL]"
23104,"RenderThread",54817232255385,117291,"R+","[NULL]","[NULL]"
23055,"MainThread",54817232292801,1770792,"Running","[NULL]","[NULL]"
23104,"RenderThread",54817232372676,3733750,"Running","[NULL]","[NULL]"
23055,"MainThread",54817234063593,28499875,"S","[NULL]","[NULL]"
23104,"RenderThread",54817236106426,2151667,"R+","[NULL]","[NULL]"
23104,"RenderThread",54817238258093,1352333,"Running","[NULL]","[NULL]"
23104,"RenderThread",54817239610426,16380167,"S","[NULL]","[NULL]"
23104,"RenderThread",54817255990593,77542,"R","[NULL]","[NULL]"
23104,"RenderThread",54817256068135,5875,"Running","[NULL]","[NULL]"
23104,"RenderThread",54817256074010,3965083,"S","[NULL]","[NULL]"
23104,"RenderThread",54817260039093,2033292,"R","[NULL]","[NULL]"
23104,"RenderThread",54817262072385,1675250,"Running","[NULL]","[NULL]"
23055,"MainThread",54817262563468,1324958,"R","[NULL]","[NULL]"
23104,"RenderThread",54817263747635,678583,"R","[NULL]","[NULL]"
23055,"MainThread",54817263888426,591167,"Running","[NULL]","[NULL]"
23104,"RenderThread",54817264426218,101583,"Running","[NULL]","[NULL]"
23055,"MainThread",54817264479593,47292,"R","[NULL]","[NULL]"
23055,"MainThread",54817264526885,1573916,"Running","[NULL]","[NULL]"
23104,"RenderThread",54817264527801,67209,"R","[NULL]","[NULL]"
23104,"RenderThread",54817264595010,1977375,"Running","[NULL]","[NULL]"
23055,"MainThread",54817266100801,17487625,"S","[NULL]","[NULL]"
23104,"RenderThread",54817266572385,16192541,"S","[NULL]","[NULL]"
23104,"RenderThread",54817282764926,294125,"R","[NULL]","[NULL]"
23104,"RenderThread",54817283059051,1303167,"Running","[NULL]","[NULL]"
23055,"MainThread",54817283588426,1778625,"R","[NULL]","[NULL]"
23104,"RenderThread",54817284362218,4292,"R+","[NULL]","[NULL]"
23104,"RenderThread",54817284366510,1500,"Running","[NULL]","[NULL]"
23104,"RenderThread",54817284368010,75750,"R+","[NULL]","[NULL]"
23104,"RenderThread",54817284443760,4923166,"Running","[NULL]","[NULL]"
23055,"MainThread",54817285367051,303959,"Running","[NULL]","[NULL]"
23055,"MainThread",54817285671010,39458,"R+","[NULL]","[NULL]"
23055,"MainThread",54817285710468,2397917,"Running","[NULL]","[NULL]"
23055,"MainThread",54817288108385,6833,"R","[NULL]","[NULL]"
23055,"MainThread",54817288115218,1004708,"Running","[NULL]","[NULL]"
23055,"MainThread",54817289119926,33969792,"S","[NULL]","[NULL]"
23104,"RenderThread",54817289366926,15667,"R+","[NULL]","[NULL]"
23104,"RenderThread",54817289382593,997708,"Running","[NULL]","[NULL]"
23104,"RenderThread",54817290380301,125375,"R+","[NULL]","[NULL]"
23104,"RenderThread",54817290505676,404334,"Running","[NULL]","[NULL]"
23104,"RenderThread",54817290910010,101583,"R+","[NULL]","[NULL]"
23104,"RenderThread",54817291011593,299417,"Running","[NULL]","[NULL]"
23104,"RenderThread",54817291311010,91833,"R","[NULL]","[NULL]"
23104,"RenderThread",54817291402843,2837958,"Running","[NULL]","[NULL]"
23104,"RenderThread",54817294240801,71792,"R","[NULL]","[NULL]"
23104,"RenderThread",54817294312593,1745958,"Running","[NULL]","[NULL]"
23104,"RenderThread",54817296058551,3334,"R+","[NULL]","[NULL]"
23104,"RenderThread",54817296061885,8015125,"Running","[NULL]","[NULL]"
23104,"RenderThread",54817304077010,411750,"R+","[NULL]","[NULL]"
23104,"RenderThread",54817304488760,2423000,"Running","[NULL]","[NULL]"
23104,"RenderThread",54817306911760,67708,"R+","[NULL]","[NULL]"
23104,"RenderThread",54817306979468,58375,"Running","[NULL]","[NULL]"
23104,"RenderThread",54817307037843,13553708,"S","[NULL]","[NULL]"
23104,"RenderThread",54817320591551,80917,"R","[NULL]","[NULL]"
23104,"RenderThread",54817320672468,7150042,"Running","[NULL]","[NULL]"
23055,"MainThread",54817323089718,4578542,"R","[NULL]","[NULL]"
23055,"MainThread",54817327668260,391000,"Running","[NULL]","[NULL]"
23104,"RenderThread",54817327822510,257416,"R+","[NULL]","[NULL]"
23055,"MainThread",54817328059260,267625,"R","[NULL]","[NULL]"
23104,"RenderThread",54817328079926,518584,"Running","[NULL]","[NULL]"
23055,"MainThread",54817328326885,398500,"Running","[NULL]","[NULL]"
23104,"RenderThread",54817328598510,322125,"R+","[NULL]","[NULL]"
23055,"MainThread",54817328725385,2349166,"R","[NULL]","[NULL]"
23104,"RenderThread",54817328920635,2334041,"Running","[NULL]","[NULL]"
23055,"MainThread",54817331074551,489875,"Running","[NULL]","[NULL]"
23113,"mqt_v_js",54817331217885,36791,"R","[NULL]","[NULL]"
23104,"RenderThread",54817331254676,920834,"R","[NULL]","[NULL]"
23113,"mqt_v_js",54817331254676,134917,"Running","[NULL]","[NULL]"
23113,"mqt_v_js",54817331389593,82875,"R+","[NULL]","[NULL]"
23113,"mqt_v_js",54817331472468,125417,"Running","[NULL]","[NULL]"
23055,"MainThread",54817331564426,555584,"R","[NULL]","[NULL]"
23113,"mqt_v_js",54817331597885,11583,"R+","[NULL]","[NULL]"
23113,"mqt_v_js",54817331609468,514458,"Running","[NULL]","[NULL]"
23055,"MainThread",54817332120010,174791,"Running","[NULL]","[NULL]"
23113,"mqt_v_js",54817332123926,3947500,"R","[NULL]","[NULL]"
23104,"RenderThread",54817332175510,512791,"Running","[NULL]","[NULL]"
23055,"MainThread",54817332294801,12125,"R","[NULL]","[NULL]"
23055,"MainThread",54817332306926,306042,"Running","[NULL]","[NULL]"
23055,"MainThread",54817332612968,362833,"R","[NULL]","[NULL]"
23104,"RenderThread",54817332688301,98917,"R","[NULL]","[NULL]"
23104,"RenderThread",54817332787218,3284208,"Running","[NULL]","[NULL]"
23055,"MainThread",54817332975801,160709,"Running","[NULL]","[NULL]"
23055,"MainThread",54817333136510,75291,"R","[NULL]","[NULL]"
23055,"MainThread",54817333211801,1267709,"Running","[NULL]","[NULL]"
23055,"MainThread",54817334479510,33300000,"S","[NULL]","[NULL]"
23104,"RenderThread",54817336071426,1289292,"R","[NULL]","[NULL]"
23113,"mqt_v_js",54817336071426,1289292,"Running","[NULL]","[NULL]"
23104,"RenderThread",54817337360718,2198042,"Running","[NULL]","[NULL]"
23113,"mqt_v_js",54817337360718,2400542,"R","[NULL]","[NULL]"
23104,"RenderThread",54817339558760,586833,"R","[NULL]","[NULL]"
23113,"mqt_v_js",54817339761260,378833,"Running","[NULL]","[NULL]"
23113,"mqt_v_js",54817340140093,1128292,"R","[NULL]","[NULL]"
23104,"RenderThread",54817340145593,981542,"Running","[NULL]","[NULL]"
23104,"RenderThread",54817341127135,397041,"R","[NULL]","[NULL]"
23113,"mqt_v_js",54817341268385,86750,"Running","[NULL]","[NULL]"
23113,"mqt_v_js",54817341355135,1252625,"R","[NULL]","[NULL]"
23104,"RenderThread",54817341524176,135375,"Running","[NULL]","[NULL]"
23104,"RenderThread",54817341659551,45209,"R","[NULL]","[NULL]"
23104,"RenderThread",54817341704760,804333,"Running","[NULL]","[NULL]"
23104,"RenderThread",54817342509093,1550625,"R","[NULL]","[NULL]"
23113,"mqt_v_js",54817342607760,1451958,"Running","[NULL]","[NULL]"
23104,"RenderThread",54817344059718,4054333,"Running","[NULL]","[NULL]"
23113,"mqt_v_js",54817344059718,1129167,"R","[NULL]","[NULL]"
23113,"mqt_v_js",54817345188885,7242458,"Running","[NULL]","[NULL]"
23104,"RenderThread",54817348114051,8084,"R+","[NULL]","[NULL]"
23104,"RenderThread",54817348122135,4217333,"Running","[NULL]","[NULL]"
23104,"RenderThread",54817352339468,116083,"R+","[NULL]","[NULL]"
23113,"mqt_v_js",54817352431343,10583,"R","[NULL]","[NULL]"
23113,"mqt_v_js",54817352441926,445542,"Running","[NULL]","[NULL]"
23104,"RenderThread",54817352455551,5136250,"Running","[NULL]","[NULL]"
23113,"mqt_v_js",54817352887468,6644917,"R","[NULL]","[NULL]"
23104,"RenderThread",54817357591801,78209,"R","[NULL]","[NULL]"
23104,"RenderThread",54817357670010,303291,"Running","[NULL]","[NULL]"
23104,"RenderThread",54817357973301,95917,"R","[NULL]","[NULL]"
23104,"RenderThread",54817358069218,2096917,"Running","[NULL]","[NULL]"
23113,"mqt_v_js",54817359532385,4537708,"Running","[NULL]","[NULL]"
23104,"RenderThread",54817360166135,4583,"R+","[NULL]","[NULL]"
23104,"RenderThread",54817360170718,1804500,"Running","[NULL]","[NULL]"
23104,"RenderThread",54817361975218,66375,"R+","[NULL]","[NULL]"
23104,"RenderThread",54817362041593,2123042,"Running","[NULL]","[NULL]"
23113,"mqt_v_js",54817364070093,186625,"R","[NULL]","[NULL]"
23104,"RenderThread",54817364164635,1726708,"R+","[NULL]","[NULL]"
23113,"mqt_v_js",54817364256718,1206333,"Running","[NULL]","[NULL]"
23113,"mqt_v_js",54817365463051,780459,"R","[NULL]","[NULL]"
23104,"RenderThread",54817365891343,2175542,"Running","[NULL]","[NULL]"
23113,"mqt_v_js",54817366243510,1066666,"Running","[NULL]","[NULL]"
23113,"mqt_v_js",54817367310176,123875,"R+","[NULL]","[NULL]"
23113,"mqt_v_js",54817367434051,3889709,"Running","[NULL]","[NULL]"
23055,"MainThread",54817367779510,3544250,"R","[NULL]","[NULL]"
23104,"RenderThread",54817368066885,3463791,"R","[NULL]","[NULL]"
23055,"MainThread",54817371323760,531791,"Running","[NULL]","[NULL]"
23113,"mqt_v_js",54817371323760,1149250,"R+","[NULL]","[NULL]"
23104,"RenderThread",54817371530676,235167,"Running","[NULL]","[NULL]"
23104,"RenderThread",54817371765843,4625,"R+","[NULL]","[NULL]"
23104,"RenderThread",54817371770468,1500,"Running","[NULL]","[NULL]"
23104,"RenderThread",54817371771968,65292,"R+","[NULL]","[NULL]"
23104,"RenderThread",54817371837260,1465458,"Running","[NULL]","[NULL]"
23055,"MainThread",54817371855551,111334,"R+","[NULL]","[NULL]"
23055,"MainThread",54817371966885,506125,"Running","[NULL]","[NULL]"
23055,"MainThread",54817372473010,187583,"S","[NULL]","[NULL]"
23113,"mqt_v_js",54817372473010,193125,"Running","[NULL]","[NULL]"
23055,"MainThread",54817372660593,5542,"R","[NULL]","[NULL]"
23055,"MainThread",54817372666135,67833,"Running","[NULL]","[NULL]"
23113,"mqt_v_js",54817372666135,67833,"R+","[NULL]","[NULL]"
23055,"MainThread",54817372733968,1687958,"S","[NULL]","[NULL]"
23113,"mqt_v_js",54817372733968,597792,"Running","[NULL]","[NULL]"
23104,"RenderThread",54817373302718,466583,"R","[NULL]","[NULL]"
23113,"mqt_v_js",54817373331760,166166,"R","[NULL]","[NULL]"
23113,"mqt_v_js",54817373497926,558459,"Running","[NULL]","[NULL]"
23104,"RenderThread",54817373769301,549459,"Running","[NULL]","[NULL]"
23113,"mqt_v_js",54817374056385,21000,"R","[NULL]","[NULL]"
23113,"mqt_v_js",54817374077385,349083,"Running","[NULL]","[NULL]"
23104,"RenderThread",54817374318760,121250,"R+","[NULL]","[NULL]"
23055,"MainThread",54817374421926,634375,"R","[NULL]","[NULL]"
23113,"mqt_v_js",54817374426468,8732917,"R","[NULL]","[NULL]"
23104,"RenderThread",54817374440010,195875,"Running","[NULL]","[NULL]"
23104,"RenderThread",54817374635885,275333,"R","[NULL]","[NULL]"
23104,"RenderThread",54817374911218,1222792,"Running","[NULL]","[NULL]"
23055,"MainThread",54817375056301,803459,"Running","[NULL]","[NULL]"
23055,"MainThread",54817375859760,14291,"R+","[NULL]","[NULL]"
23055,"MainThread",54817375874051,490792,"Running","[NULL]","[NULL]"
23104,"RenderThread",54817376134010,3942833,"R+","[NULL]","[NULL]"
23055,"MainThread",54817376364843,15324542,"S","[NULL]","[NULL]"
23104,"RenderThread",54817380076843,1615375,"Running","[NULL]","[NULL]"
23104,"RenderThread",54817381692218,59042,"R","[NULL]","[NULL]"
23104,"RenderThread",54817381751260,223750,"Running","[NULL]","[NULL]"
23104,"RenderThread",54817381975010,58708,"R","[NULL]","[NULL]"
23104,"RenderThread",54817382033718,1107917,"Running","[NULL]","[NULL]"
23104,"RenderThread",54817383141635,79000,"R","[NULL]","[NULL]"
23113,"mqt_v_js",54817383159385,7752875,"Running","[NULL]","[NULL]"
23104,"RenderThread",54817383220635,840208,"Running","[NULL]","[NULL]"
23104,"RenderThread",54817384060843,3833,"R","[NULL]","[NULL]"
23104,"RenderThread",54817384064676,574875,"Running","[NULL]","[NULL]"
23104,"RenderThread",54817384639551,914292,"R+","[NULL]","[NULL]"
23104,"RenderThread",54817385553843,5805708,"Running","[NULL]","[NULL]"
23113,"mqt_v_js",54817390912260,3995208,"R","[NULL]","[NULL]"
23104,"RenderThread",54817391359551,174167,"R+","[NULL]","[NULL]"
23104,"RenderThread",54817391533718,516750,"Running","[NULL]","[NULL]"
23055,"MainThread",54817391689385,2369916,"R","[NULL]","[NULL]"
23104,"RenderThread",54817392050468,161000,"R","[NULL]","[NULL]"
23104,"RenderThread",54817392211468,1279583,"Running","[NULL]","[NULL]"
23104,"RenderThread",54817393491051,634959,"R","[NULL]","[NULL]"
23055,"MainThread",54817394059301,134000,"Running","[NULL]","[NULL]"
23104,"RenderThread",54817394126010,348166,"Running","[NULL]","[NULL]"
23055,"MainThread",54817394193301,17625,"R+","[NULL]","[NULL]"
23055,"MainThread",54817394210926,161500,"Running","[NULL]","[NULL]"
23055,"MainThread",54817394372426,57125,"R","[NULL]","[NULL]"
23055,"MainThread",54817394429551,471542,"Running","[NULL]","[NULL]"
23104,"RenderThread",54817394474176,10042,"R+","[NULL]","[NULL]"
23104,"RenderThread",54817394484218,1324625,"Running","[NULL]","[NULL]"
23055,"MainThread",54817394901093,11314083,"S","[NULL]","[NULL]"
23113,"mqt_v_js",54817394907468,5524458,"Running","[NULL]","[NULL]"
23104,"RenderThread",54817395808843,4321542,"R+","[NULL]","[NULL]"
23104,"RenderThread",54817400130385,3986166,"Running","[NULL]","[NULL]"
23113,"mqt_v_js",54817400431926,597917,"R+","[NULL]","[NULL]"
23113,"mqt_v_js",54817401029843,3719292,"Running","[NULL]","[NULL]"
23104,"RenderThread",54817404116551,3878167,"R","[NULL]","[NULL]"
23113,"mqt_v_js",54817404749135,383000,"D","[NULL]","[NULL]"
23113,"mqt_v_js",54817405132135,8166,"R","[NULL]","[NULL]"
23113,"mqt_v_js",54817405140301,1079750,"Running","[NULL]","[NULL]"
23055,"MainThread",54817406215176,9750,"R","[NULL]","[NULL]"
23113,"mqt_v_js",54817406220051,54334,"R+","[NULL]","[NULL]"
23055,"MainThread",54817406224926,49459,"Running","[NULL]","[NULL]"
23055,"MainThread",54817406274385,4875,"S","[NULL]","[NULL]"
23113,"mqt_v_js",54817406274385,7166,"Running","[NULL]","[NULL]"
23055,"MainThread",54817406279260,2291,"R","[NULL]","[NULL]"
23055,"MainThread",54817406281551,125542,"Running","[NULL]","[NULL]"
23113,"mqt_v_js",54817406281551,125542,"R+","[NULL]","[NULL]"
23055,"MainThread",54817406407093,1764292,"S","[NULL]","[NULL]"
23113,"mqt_v_js",54817406407093,221542,"Running","[NULL]","[NULL]"
23113,"mqt_v_js",54817406628635,117041,"R","[NULL]","[NULL]"
23113,"mqt_v_js",54817406745676,1392667,"Running","[NULL]","[NULL]"
23104,"RenderThread",54817407994718,183292,"Running","[NULL]","[NULL]"
23113,"mqt_v_js",54817408138343,7605292,"R","[NULL]","[NULL]"
23055,"MainThread",54817408171385,70625,"R","[NULL]","[NULL]"
23104,"RenderThread",54817408178010,4165625,"R","[NULL]","[NULL]"
23055,"MainThread",54817408242010,121333,"Running","[NULL]","[NULL]"
23055,"MainThread",54817408363343,163917,"R","[NULL]","[NULL]"
23055,"MainThread",54817408527260,214958,"Running","[NULL]","[NULL]"
23055,"MainThread",54817408742218,21333,"R+","[NULL]","[NULL]"
23055,"MainThread",54817408763551,3356584,"Running","[NULL]","[NULL]"
23055,"MainThread",54817412120135,56333,"R","[NULL]","[NULL]"
23055,"MainThread",54817412176468,3439250,"Running","[NULL]","[NULL]"
23104,"RenderThread",54817412343635,3271041,"Running","[NULL]","[NULL]"
23104,"RenderThread",54817415614676,3980584,"R+","[NULL]","[NULL]"
23055,"MainThread",54817415615718,1545583,"R","[NULL]","[NULL]"
23113,"mqt_v_js",54817415743635,1417666,"Running","[NULL]","[NULL]"
23055,"MainThread",54817417161301,2757625,"Running","[NULL]","[NULL]"
23113,"mqt_v_js",54817417161301,32573875,"S","[NULL]","[NULL]"
23104,"RenderThread",54817419595260,7750,"Running","[NULL]","[NULL]"
23104,"RenderThread",54817419603010,15083,"R+","[NULL]","[NULL]"
23104,"RenderThread",54817419618093,112708,"Running","[NULL]","[NULL]"
23104,"RenderThread",54817419730801,155375,"S","[NULL]","[NULL]"
23104,"RenderThread",54817419886176,38209,"R","[NULL]","[NULL]"
23055,"MainThread",54817419918926,17667167,"S","[NULL]","[NULL]"
23104,"RenderThread",54817419924385,2828833,"Running","[NULL]","[NULL]"
23104,"RenderThread",54817422753218,1431292,"R","[NULL]","[NULL]"
23104,"RenderThread",54817424184510,247750,"Running","[NULL]","[NULL]"
23104,"RenderThread",54817424432260,1279208,"R","[NULL]","[NULL]"
23104,"RenderThread",54817425711468,5519958,"Running","[NULL]","[NULL]"
23104,"RenderThread",54817431231426,128709,"R+","[NULL]","[NULL]"
23104,"RenderThread",54817431360135,4762375,"Running","[NULL]","[NULL]"
23104,"RenderThread",54817436122510,156875,"R+","[NULL]","[NULL]"
23104,"RenderThread",54817436279385,1102875,"Running","[NULL]","[NULL]"
23104,"RenderThread",54817437382260,3583,"R+","[NULL]","[NULL]"
23104,"RenderThread",54817437385843,2567750,"Running","[NULL]","[NULL]"
23055,"MainThread",54817437586093,2533792,"R","[NULL]","[NULL]"
23104,"RenderThread",54817439953593,4146333,"R+","[NULL]","[NULL]"
23055,"MainThread",54817440119885,867375,"Running","[NULL]","[NULL]"
23055,"MainThread",54817440987260,19000,"R","[NULL]","[NULL]"
23055,"MainThread",54817441006260,133416,"Running","[NULL]","[NULL]"
23055,"MainThread",54817441139676,37250,"R+","[NULL]","[NULL]"
23055,"MainThread",54817441176926,110167,"Running","[NULL]","[NULL]"
23055,"MainThread",54817441287093,28583,"R","[NULL]","[NULL]"
23055,"MainThread",54817441315676,2779584,"Running","[NULL]","[NULL]"
23055,"MainThread",54817444095260,3996666,"R","[NULL]","[NULL]"
23104,"RenderThread",54817444099926,3992000,"Running","[NULL]","[NULL]"
23055,"MainThread",54817448091926,2185459,"Running","[NULL]","[NULL]"
23104,"RenderThread",54817448091926,3995084,"R+","[NULL]","[NULL]"
23113,"mqt_v_js",54817449735176,7015834,"R","[NULL]","[NULL]"
23055,"MainThread",54817450277385,84958,"R","[NULL]","[NULL]"
23055,"MainThread",54817450362343,1724667,"Running","[NULL]","[NULL]"
23055,"MainThread",54817452087010,4019125,"R","[NULL]","[NULL]"
23104,"RenderThread",54817452087010,4019125,"Running","[NULL]","[NULL]"
23055,"MainThread",54817456106135,516666,"Running","[NULL]","[NULL]"
23104,"RenderThread",54817456106135,1213000,"R+","[NULL]","[NULL]"
23055,"MainThread",54817456622801,87750,"R","[NULL]","[NULL]"
23055,"MainThread",54817456710551,40459,"Running","[NULL]","[NULL]"
23055,"MainThread",54817456751010,8337208,"S","[NULL]","[NULL]"
23113,"mqt_v_js",54817456751010,568125,"Running","[NULL]","[NULL]"
23104,"RenderThread",54817457319135,421958,"Running","[NULL]","[NULL]"
23113,"mqt_v_js",54817457319135,601000,"S","[NULL]","[NULL]"
23104,"RenderThread",54817457741093,105125,"R","[NULL]","[NULL]"
23104,"RenderThread",54817457846218,2234125,"Running","[NULL]","[NULL]"
23113,"mqt_v_js",54817457920135,2160208,"R","[NULL]","[NULL]"
23104,"RenderThread",54817460080343,4019375,"R+","[NULL]","[NULL]"
23113,"mqt_v_js",54817460080343,4013708,"Running","[NULL]","[NULL]"
23113,"mqt_v_js",54817464094051,16040167,"R","[NULL]","[NULL]"
23104,"RenderThread",54817464099718,4517083,"Running","[NULL]","[NULL]"
23055,"MainThread",54817465088218,3528583,"R","[NULL]","[NULL]"
23055,"MainThread",54817468616801,216917,"Running","[NULL]","[NULL]"
23104,"RenderThread",54817468616801,216917,"R+","[NULL]","[NULL]"
23055,"MainThread",54817468833718,9238417,"S","[NULL]","[NULL]"
23104,"RenderThread",54817468833718,5505083,"Running","[NULL]","[NULL]"
23104,"RenderThread",54817474338801,80834,"R+","[NULL]","[NULL]"
23104,"RenderThread",54817474419635,3558000,"Running","[NULL]","[NULL]"
23104,"RenderThread",54817477977635,266875,"R+","[NULL]","[NULL]"
23055,"MainThread",54817478072135,24166,"R","[NULL]","[NULL]"
23055,"MainThread",54817478096301,113959,"Running","[NULL]","[NULL]"
23055,"MainThread",54817478210260,7833,"R+","[NULL]","[NULL]"
23055,"MainThread",54817478218093,26417,"Running","[NULL]","[NULL]"
23055,"MainThread",54817478244510,12968500,"S","[NULL]","[NULL]"
23104,"RenderThread",54817478244510,39583,"Running","[NULL]","[NULL]"
23104,"RenderThread",54817478284093,51208,"R","[NULL]","[NULL]"
23104,"RenderThread",54817478335301,1798917,"Running","[NULL]","[NULL]"
23104,"RenderThread",54817480134218,3956583,"R+","[NULL]","[NULL]"
23113,"mqt_v_js",54817480134218,3956583,"Running","[NULL]","[NULL]"
23104,"RenderThread",54817484090801,1414000,"Running","[NULL]","[NULL]"
23113,"mqt_v_js",54817484090801,9771875,"R","[NULL]","[NULL]"
23104,"RenderThread",54817485504801,10417,"R+","[NULL]","[NULL]"
23104,"RenderThread",54817485515218,4700750,"Running","[NULL]","[NULL]"
23104,"RenderThread",54817490215968,266500,"R+","[NULL]","[NULL]"
23104,"RenderThread",54817490482468,609208,"Running","[NULL]","[NULL]"
23104,"RenderThread",54817491091676,451417,"R","[NULL]","[NULL]"
23055,"MainThread",54817491213010,61833,"R","[NULL]","[NULL]"
23055,"MainThread",54817491274843,196500,"Running","[NULL]","[NULL]"
23055,"MainThread",54817491471343,19958,"R+","[NULL]","[NULL]"
23055,"MainThread",54817491491301,51792,"Running","[NULL]","[NULL]"
23055,"MainThread",54817491543093,16430458,"S","[NULL]","[NULL]"
23104,"RenderThread",54817491543093,2984542,"Running","[NULL]","[NULL]"
23113,"mqt_v_js",54817493862676,2009125,"Running","[NULL]","[NULL]"
23104,"RenderThread",54817494527635,14500,"R+","[NULL]","[NULL]"
23104,"RenderThread",54817494542135,7453833,"Running","[NULL]","[NULL]"
23113,"mqt_v_js",54817495871801,741667,"R","[NULL]","[NULL]"
23113,"mqt_v_js",54817496613468,1489375,"Running","[NULL]","[NULL]"
23113,"mqt_v_js",54817498102843,10203250,"R","[NULL]","[NULL]"
23104,"RenderThread",54817501995968,603458,"R+","[NULL]","[NULL]"
23104,"RenderThread",54817502599426,4029167,"Running","[NULL]","[NULL]"
23104,"RenderThread",54817506628593,103708,"R+","[NULL]","[NULL]"
23104,"RenderThread",54817506732301,1162167,"Running","[NULL]","[NULL]"
23104,"RenderThread",54817507894468,620333,"R","[NULL]","[NULL]"
23055,"MainThread",54817507973551,24167,"R","[NULL]","[NULL]"
23055,"MainThread",54817507997718,290250,"Running","[NULL]","[NULL]"
23055,"MainThread",54817508287968,117583,"R","[NULL]","[NULL]"
23113,"mqt_v_js",54817508306093,1054458,"Running","[NULL]","[NULL]"
23055,"MainThread",54817508405551,65792,"Running","[NULL]","[NULL]"
23055,"MainThread",54817508471343,7583,"R+","[NULL]","[NULL]"
23055,"MainThread",54817508478926,35875,"Running","[NULL]","[NULL]"
23055,"MainThread",54817508514801,16566375,"S","[NULL]","[NULL]"
23104,"RenderThread",54817508514801,3037167,"Running","[NULL]","[NULL]"
23113,"mqt_v_js",54817509360551,6886750,"R","[NULL]","[NULL]"
23104,"RenderThread",54817511551968,37000,"R+","[NULL]","[NULL]"
23104,"RenderThread",54817511588968,495542,"Running","[NULL]","[NULL]"
23104,"RenderThread",54817512084510,55083,"R","[NULL]","[NULL]"
23104,"RenderThread",54817512139593,425583,"Running","[NULL]","[NULL]"
23104,"RenderThread",54817512565176,300250,"R","[NULL]","[NULL]"
23104,"RenderThread",54817512865426,4784875,"Running","[NULL]","[NULL]"
23113,"mqt_v_js",54817516247301,4076125,"Running","[NULL]","[NULL]"
23104,"RenderThread",54817517650301,76625,"R+","[NULL]","[NULL]"
23104,"RenderThread",54817517726926,2388125,"Running","[NULL]","[NULL]"
23104,"RenderThread",54817520115051,19709,"R+","[NULL]","[NULL]"
23104,"RenderThread",54817520134760,5408458,"Running","[NULL]","[NULL]"
23113,"mqt_v_js",54817520323426,14344792,"R","[NULL]","[NULL]"
23055,"MainThread",54817525081176,777667,"R","[NULL]","[NULL]"
23104,"RenderThread",54817525543218,503750,"R+","[NULL]","[NULL]"
23055,"MainThread",54817525858843,153750,"Running","[NULL]","[NULL]"
23055,"MainThread",54817526012593,10375,"R+","[NULL]","[NULL]"
23055,"MainThread",54817526022968,24000,"Running","[NULL]","[NULL]"
23055,"MainThread",54817526046968,9750292,"S","[NULL]","[NULL]"
23104,"RenderThread",54817526046968,2306500,"Running","[NULL]","[NULL]"
23104,"RenderThread",54817528353468,5167,"R+","[NULL]","[NULL]"
23104,"RenderThread",54817528358635,463708,"Running","[NULL]","[NULL]"
23104,"RenderThread",54817528822343,66708,"R","[NULL]","[NULL]"
23104,"RenderThread",54817528889051,6669125,"Running","[NULL]","[NULL]"
23113,"mqt_v_js",54817534668218,1386583,"Running","[NULL]","[NULL]"
23104,"RenderThread",54817535558176,5334,"R+","[NULL]","[NULL]"
23104,"RenderThread",54817535563510,1208,"Running","[NULL]","[NULL]"
23104,"RenderThread",54817535564718,3625,"R+","[NULL]","[NULL]"
23104,"RenderThread",54817535568343,875,"Running","[NULL]","[NULL]"
23104,"RenderThread",54817535569218,1667,"R+","[NULL]","[NULL]"
23104,"RenderThread",54817535570885,27750,"Running","[NULL]","[NULL]"
23104,"RenderThread",54817535598635,93666,"R+","[NULL]","[NULL]"
23104,"RenderThread",54817535692301,31667,"Running","[NULL]","[NULL]"
23104,"RenderThread",54817535723968,3292,"R+","[NULL]","[NULL]"
23104,"RenderThread",54817535727260,2458,"Running","[NULL]","[NULL]"
23104,"RenderThread",54817535729718,5708,"R+","[NULL]","[NULL]"
23104,"RenderThread",54817535735426,63834,"Running","[NULL]","[NULL]"
23055,"MainThread",54817535797260,2000,"R","[NULL]","[NULL]"
23055,"MainThread",54817535799260,39041,"Running","[NULL]","[NULL]"
23104,"RenderThread",54817535799260,39041,"R+","[NULL]","[NULL]"
23055,"MainThread",54817535838301,1709,"S","[NULL]","[NULL]"
23104,"RenderThread",54817535838301,2459,"Running","[NULL]","[NULL]"
23055,"MainThread",54817535840010,750,"R","[NULL]","[NULL]"
23055,"MainThread",54817535840760,15166,"Running","[NULL]","[NULL]"
23104,"RenderThread",54817535840760,15166,"R+","[NULL]","[NULL]"
23055,"MainThread",54817535855926,5501792,"S","[NULL]","[NULL]"
23104,"RenderThread",54817535855926,19459,"Running","[NULL]","[NULL]"
23104,"RenderThread",54817535875385,72902666,"S","[NULL]","[NULL]"
23113,"mqt_v_js",54817536054801,12688084,"R","[NULL]","[NULL]"
23055,"MainThread",54817541357718,1585500,"R","[NULL]","[NULL]"
23055,"MainThread",54817542943218,194917,"Running","[NULL]","[NULL]"
23055,"MainThread",54817543138135,698750,"R","[NULL]","[NULL]"
23055,"MainThread",54817543836885,117083,"Running","[NULL]","[NULL]"
23055,"MainThread",54817543953968,157208,"R","[NULL]","[NULL]"
23055,"MainThread",54817544111176,11792,"Running","[NULL]","[NULL]"
23055,"MainThread",54817544122968,10667,"R+","[NULL]","[NULL]"
23055,"MainThread",54817544133635,38458,"Running","[NULL]","[NULL]"
23055,"MainThread",54817544172093,13595833,"S","[NULL]","[NULL]"
23113,"mqt_v_js",54817548742885,5230291,"Running","[NULL]","[NULL]"
23113,"mqt_v_js",54817553973176,4834,"R","[NULL]","[NULL]"
23113,"mqt_v_js",54817553978010,1785208,"Running","[NULL]","[NULL]"
23113,"mqt_v_js",54817555763218,212042,"R","[NULL]","[NULL]"
23113,"mqt_v_js",54817555975260,214166,"Running","[NULL]","[NULL]"
23113,"mqt_v_js",54817556189426,4709,"R+","[NULL]","[NULL]"
23113,"mqt_v_js",54817556194135,1375791,"Running","[NULL]","[NULL]"
23113,"mqt_v_js",54817557569926,47292,"R","[NULL]","[NULL]"
23113,"mqt_v_js",54817557617218,2497292,"Running","[NULL]","[NULL]"
23055,"MainThread",54817557767926,2362542,"R","[NULL]","[NULL]"
23113,"mqt_v_js",54817560114510,312541,"R","[NULL]","[NULL]"
23055,"MainThread",54817560130468,114250,"Running","[NULL]","[NULL]"
23055,"MainThread",54817560244718,18792,"R+","[NULL]","[NULL]"
23055,"MainThread",54817560263510,26458,"Running","[NULL]","[NULL]"
23055,"MainThread",54817560289968,14343917,"S","[NULL]","[NULL]"
23113,"mqt_v_js",54817560427051,3669209,"Running","[NULL]","[NULL]"
23113,"mqt_v_js",54817564096260,4750,"R","[NULL]","[NULL]"
23113,"mqt_v_js",54817564101010,135458,"Running","[NULL]","[NULL]"
23113,"mqt_v_js",54817564236468,3958,"R","[NULL]","[NULL]"
23113,"mqt_v_js",54817564240426,1932167,"Running","[NULL]","[NULL]"
23113,"mqt_v_js",54817566172593,177542,"R","[NULL]","[NULL]"
23113,"mqt_v_js",54817566350135,184208,"Running","[NULL]","[NULL]"
23113,"mqt_v_js",54817566534343,122250,"R","[NULL]","[NULL]"
23113,"mqt_v_js",54817566656593,322292,"Running","[NULL]","[NULL]"
23113,"mqt_v_js",54817566978885,70750,"R","[NULL]","[NULL]"
23113,"mqt_v_js",54817567049635,107541,"Running","[NULL]","[NULL]"
23113,"mqt_v_js",54817567157176,108542,"R","[NULL]","[NULL]"
23113,"mqt_v_js",54817567265718,827333,"Running","[NULL]","[NULL]"
23113,"mqt_v_js",54817568093051,407792,"R","[NULL]","[NULL]"
23113,"mqt_v_js",54817568500843,682792,"Running","[NULL]","[NULL]"
23113,"mqt_v_js",54817569183635,900625,"R","[NULL]","[NULL]"
23113,"mqt_v_js",54817570084260,2136708,"Running","[NULL]","[NULL]"
23113,"mqt_v_js",54817572220968,7583,"R","[NULL]","[NULL]"
23113,"mqt_v_js",54817572228551,2104042,"Running","[NULL]","[NULL]"
23113,"mqt_v_js",54817574332593,2968500,"R","[NULL]","[NULL]"
23055,"MainThread",54817574633885,5513458,"R","[NULL]","[NULL]"
23113,"mqt_v_js",54817577301093,1598833,"Running","[NULL]","[NULL]"
23113,"mqt_v_js",54817578899926,154167,"R","[NULL]","[NULL]"
23113,"mqt_v_js",54817579054093,251750,"Running","[NULL]","[NULL]"
23113,"mqt_v_js",54817579305843,87042,"R","[NULL]","[NULL]"
23113,"mqt_v_js",54817579392885,804083,"Running","[NULL]","[NULL]"
23055,"MainThread",54817580147343,194333,"Running","[NULL]","[NULL]"
23113,"mqt_v_js",54817580196968,441917,"R","[NULL]","[NULL]"
23055,"MainThread",54817580341676,99125,"R+","[NULL]","[NULL]"
23055,"MainThread",54817580440801,62542,"Running","[NULL]","[NULL]"
23055,"MainThread",54817580503343,10649208,"S","[NULL]","[NULL]"
23113,"mqt_v_js",54817580638885,299833,"Running","[NULL]","[NULL]"
23113,"mqt_v_js",54817580938718,325083,"R","[NULL]","[NULL]"
23113,"mqt_v_js",54817581263801,2881375,"Running","[NULL]","[NULL]"
23113,"mqt_v_js",54817584145176,226459,"R","[NULL]","[NULL]"
23113,"mqt_v_js",54817584371635,3745708,"Running","[NULL]","[NULL]"
23113,"mqt_v_js",54817588117343,5542,"R","[NULL]","[NULL]"
23113,"mqt_v_js",54817588122885,2843541,"Running","[NULL]","[NULL]"
23113,"mqt_v_js",54817590966426,58125,"R","[NULL]","[NULL]"
23113,"mqt_v_js",54817591024551,2033084,"Running","[NULL]","[NULL]"
23055,"MainThread",54817591152551,32709,"R","[NULL]","[NULL]"
23055,"MainThread",54817591185260,132791,"Running","[NULL]","[NULL]"
23055,"MainThread",54817591318051,14792,"R+","[NULL]","[NULL]"
23055,"MainThread",54817591332843,27708,"Running","[NULL]","[NULL]"
23055,"MainThread",54817591360551,1798209,"S","[NULL]","[NULL]"
23113,"mqt_v_js",54817593057635,61125,"R+","[NULL]","[NULL]"
23113,"mqt_v_js",54817593118760,4916,"Running","[NULL]","[NULL]"
23113,"mqt_v_js",54817593123676,67125,"R+","[NULL]","[NULL]"
23055,"MainThread",54817593158760,597208,"R","[NULL]","[NULL]"
23113,"mqt_v_js",54817593190801,36875,"Running","[NULL]","[NULL]"
23113,"mqt_v_js",54817593227676,12292,"R+","[NULL]","[NULL]"
23113,"mqt_v_js",54817593239968,1917,"Running","[NULL]","[NULL]"
23113,"mqt_v_js",54817593241885,21250,"R+","[NULL]","[NULL]"
23113,"mqt_v_js",54817593263135,7666,"Running","[NULL]","[NULL]"
23113,"mqt_v_js",54817593270801,8125,"R+","[NULL]","[NULL]"
23113,"mqt_v_js",54817593278926,1667,"Running","[NULL]","[NULL]"
23113,"mqt_v_js",54817593280593,7375,"R+","[NULL]","[NULL]"
23113,"mqt_v_js",54817593287968,77750,"Running","[NULL]","[NULL]"
23113,"mqt_v_js",54817593365718,12375,"R+","[NULL]","[NULL]"
23113,"mqt_v_js",54817593378093,1833,"Running","[NULL]","[NULL]"
23113,"mqt_v_js",54817593379926,262292,"R+","[NULL]","[NULL]"
23113,"mqt_v_js",54817593642218,80708,"Running","[NULL]","[NULL]"
23113,"mqt_v_js",54817593722926,12667,"R+","[NULL]","[NULL]"
23113,"mqt_v_js",54817593735593,1792,"Running","[NULL]","[NULL]"
23113,"mqt_v_js",54817593737385,66625,"R+","[NULL]","[NULL]"
23055,"MainThread",54817593755968,99750,"Running","[NULL]","[NULL]"
23113,"mqt_v_js",54817593804010,550708,"Running","[NULL]","[NULL]"
23055,"MainThread",54817593855718,495000,"S","[NULL]","[NULL]"
23055,"MainThread",54817594350718,4000,"R","[NULL]","[NULL]"
23055,"MainThread",54817594354718,25708,"Running","[NULL]","[NULL]"
23113,"mqt_v_js",54817594354718,1759083,"R+","[NULL]","[NULL]"
23055,"MainThread",54817594380426,1746084,"S","[NULL]","[NULL]"
23113,"mqt_v_js",54817596113801,371125,"Running","[NULL]","[NULL]"
23055,"MainThread",54817596126510,358416,"R","[NULL]","[NULL]"
23055,"MainThread",54817596484926,211042,"Running","[NULL]","[NULL]"
23113,"mqt_v_js",54817596484926,67240750,"S","[NULL]","[NULL]"
23055,"MainThread",54817596695968,11117708,"S","[NULL]","[NULL]"
23055,"MainThread",54817607813676,77750,"R","[NULL]","[NULL]"
23055,"MainThread",54817607891426,351542,"Running","[NULL]","[NULL]"
23055,"MainThread",54817608242968,5625,"R","[NULL]","[NULL]"
23055,"MainThread",54817608248593,2494042,"Running","[NULL]","[NULL]"
23104,"RenderThread",54817608778051,2532084,"R","[NULL]","[NULL]"
23055,"MainThread",54817610742635,5172750,"R","[NULL]","[NULL]"
23104,"RenderThread",54817611310135,27875,"Running","[NULL]","[NULL]"
23104,"RenderThread",54817611338010,11836625,"S","[NULL]","[NULL]"
23055,"MainThread",54817615915385,1336541,"Running","[NULL]","[NULL]"
23055,"MainThread",54817617251926,119459,"R","[NULL]","[NULL]"
23055,"MainThread",54817617371385,556208,"Running","[NULL]","[NULL]"
23055,"MainThread",54817617927593,866583,"R","[NULL]","[NULL]"
23055,"MainThread",54817618794176,306584,"Running","[NULL]","[NULL]"
23055,"MainThread",54817619100760,98458,"R","[NULL]","[NULL]"
23055,"MainThread",54817619199218,387000,"Running","[NULL]","[NULL]"
23055,"MainThread",54817619586218,51833,"R","[NULL]","[NULL]"
23055,"MainThread",54817619638051,166417,"Running","[NULL]","[NULL]"
23055,"MainThread",54817619804468,2710625,"R","[NULL]","[NULL]"
23055,"MainThread",54817622515093,697792,"Running","[NULL]","[NULL]"
23104,"RenderThread",54817623174635,41833,"R","[NULL]","[NULL]"
23055,"MainThread",54817623212885,749500,"S","[NULL]","[NULL]"
23104,"RenderThread",54817623216468,1177542,"Running","[NULL]","[NULL]"
23055,"MainThread",54817623962385,1805583,"R","[NULL]","[NULL]"
23104,"RenderThread",54817624394010,185958,"R","[NULL]","[NULL]"
23104,"RenderThread",54817624579968,1002667,"Running","[NULL]","[NULL]"
23104,"RenderThread",54817625582635,1266166,"S","[NULL]","[NULL]"
23055,"MainThread",54817625767968,233667,"Running","[NULL]","[NULL]"
23055,"MainThread",54817626001635,10561458,"S","[NULL]","[NULL]"
23104,"RenderThread",54817626848801,1388542,"R","[NULL]","[NULL]"
23104,"RenderThread",54817628237343,1109958,"Running","[NULL]","[NULL]"
23104,"RenderThread",54817629347301,1628125,"R+","[NULL]","[NULL]"
23104,"RenderThread",54817630975426,2000,"Running","[NULL]","[NULL]"
23104,"RenderThread",54817630977426,5042,"R+","[NULL]","[NULL]"
23104,"RenderThread",54817630982468,1333,"Running","[NULL]","[NULL]"
23104,"RenderThread",54817630983801,1667,"R+","[NULL]","[NULL]"
23104,"RenderThread",54817630985468,17250,"Running","[NULL]","[NULL]"
23104,"RenderThread",54817631002718,179625,"R+","[NULL]","[NULL]"
23104,"RenderThread",54817631182343,33250,"Running","[NULL]","[NULL]"
23104,"RenderThread",54817631215593,5141292,"R+","[NULL]","[NULL]"
23104,"RenderThread",54817636356885,19166,"Running","[NULL]","[NULL]"
23104,"RenderThread",54817636376051,15042,"R+","[NULL]","[NULL]"
23104,"RenderThread",54817636391093,208750,"Running","[NULL]","[NULL]"
23055,"MainThread",54817636563093,2949500,"R","[NULL]","[NULL]"
23104,"RenderThread",54817636599843,539394292,"S","[NULL]","[NULL]"
23055,"MainThread",54817639512593,41083,"Running","[NULL]","[NULL]"
23055,"MainThread",54817639553676,2098834,"S","[NULL]","[NULL]"
23055,"MainThread",54817641652510,90916,"R","[NULL]","[NULL]"
23055,"MainThread",54817641743426,141584,"Running","[NULL]","[NULL]"
23055,"MainThread",54817641885010,16166,"R+","[NULL]","[NULL]"
23055,"MainThread",54817641901176,29209,"Running","[NULL]","[NULL]"
23055,"MainThread",54817641930385,15779750,"S","[NULL]","[NULL]"
23055,"MainThread",54817657710135,5406458,"R","[NULL]","[NULL]"
23055,"MainThread",54817663116593,163125,"Running","[NULL]","[NULL]"
23055,"MainThread",54817663279718,22375,"R","[NULL]","[NULL]"
23055,"MainThread",54817663302093,159542,"Running","[NULL]","[NULL]"
23055,"MainThread",54817663461635,21541,"R","[NULL]","[NULL]"
23055,"MainThread",54817663483176,49584,"Running","[NULL]","[NULL]"
23055,"MainThread",54817663532760,23083,"R+","[NULL]","[NULL]"
23055,"MainThread",54817663555843,95875,"Running","[NULL]","[NULL]"
23055,"MainThread",54817663651718,5708,"R","[NULL]","[NULL]"
23055,"MainThread",54817663657426,70417,"Running","[NULL]","[NULL]"
23113,"mqt_v_js",54817663725676,2167,"R","[NULL]","[NULL]"
23055,"MainThread",54817663727843,40542,"R+","[NULL]","[NULL]"
23113,"mqt_v_js",54817663727843,40542,"Running","[NULL]","[NULL]"
23055,"MainThread",54817663768385,2708,"Running","[NULL]","[NULL]"
23113,"mqt_v_js",54817663768385,1833,"S","[NULL]","[NULL]"
23113,"mqt_v_js",54817663770218,875,"R","[NULL]","[NULL]"
23055,"MainThread",54817663771093,849917,"R+","[NULL]","[NULL]"
23113,"mqt_v_js",54817663771093,849917,"Running","[NULL]","[NULL]"
23055,"MainThread",54817664621010,13000,"Running","[NULL]","[NULL]"
23113,"mqt_v_js",54817664621010,11500,"S","[NULL]","[NULL]"
23113,"mqt_v_js",54817664632510,1500,"R","[NULL]","[NULL]"
23055,"MainThread",54817664634010,13958,"R+","[NULL]","[NULL]"
23113,"mqt_v_js",54817664634010,13958,"Running","[NULL]","[NULL]"
23055,"MainThread",54817664647968,1833,"Running","[NULL]","[NULL]"
23113,"mqt_v_js",54817664647968,1208,"S","[NULL]","[NULL]"
23113,"mqt_v_js",54817664649176,625,"R","[NULL]","[NULL]"
23055,"MainThread",54817664649801,1116417,"R+","[NULL]","[NULL]"
23113,"mqt_v_js",54817664649801,469875,"Running","[NULL]","[NULL]"
23113,"mqt_v_js",54817665119676,661834,"S","[NULL]","[NULL]"
23055,"MainThread",54817665766218,42833,"Running","[NULL]","[NULL]"
23113,"mqt_v_js",54817665781510,27541,"R","[NULL]","[NULL]"
23055,"MainThread",54817665809051,8990125,"S","[NULL]","[NULL]"
23113,"mqt_v_js",54817665809051,114584,"Running","[NULL]","[NULL]"
23113,"mqt_v_js",54817665923635,61291,"R","[NULL]","[NULL]"
23113,"mqt_v_js",54817665984926,467875,"Running","[NULL]","[NULL]"
23113,"mqt_v_js",54817666452801,456067334,"S","[NULL]","[NULL]"
23055,"MainThread",54817674799176,81334,"R","[NULL]","[NULL]"
23055,"MainThread",54817674880510,136666,"Running","[NULL]","[NULL]"
23055,"MainThread",54817675017176,14334,"R+","[NULL]","[NULL]"
23055,"MainThread",54817675031510,26541,"Running","[NULL]","[NULL]"
23055,"MainThread",54817675058051,16278167,"S","[NULL]","[NULL]"
23055,"MainThread",54817691336218,98750,"R","[NULL]","[NULL]"
23055,"MainThread",54817691434968,696500,"Running","[NULL]","[NULL]"
23055,"MainThread",54817692131468,456042,"R+","[NULL]","[NULL]"
23055,"MainThread",54817692587510,105541,"Running","[NULL]","[NULL]"
23055,"MainThread",54817692693051,15185417,"S","[NULL]","[NULL]"
23055,"MainThread",54817707878468,103000,"R","[NULL]","[NULL]"
23055,"MainThread",54817707981468,211375,"Running","[NULL]","[NULL]"
23055,"MainThread",54817708192843,30000,"R+","[NULL]","[NULL]"
23055,"MainThread",54817708222843,25917,"Running","[NULL]","[NULL]"
23055,"MainThread",54817708248760,16243500,"S","[NULL]","[NULL]"
23055,"MainThread",54817724492260,87208,"R","[NULL]","[NULL]"
23055,"MainThread",54817724579468,116625,"Running","[NULL]","[NULL]"
23055,"MainThread",54817724696093,17458,"R+","[NULL]","[NULL]"
23055,"MainThread",54817724713551,25459,"Running","[NULL]","[NULL]"
23055,"MainThread",54817724739010,16383042,"S","[NULL]","[NULL]"
23055,"MainThread",54817741122052,75166,"R","[NULL]","[NULL]"
23055,"MainThread",54817741197218,159584,"Running","[NULL]","[NULL]"
23055,"MainThread",54817741356802,12125,"R+","[NULL]","[NULL]"
23055,"MainThread",54817741368927,29250,"Running","[NULL]","[NULL]"
23055,"MainThread",54817741398177,16408291,"S","[NULL]","[NULL]"
23055,"MainThread",54817757806468,83334,"R","[NULL]","[NULL]"
23055,"MainThread",54817757889802,122916,"Running","[NULL]","[NULL]"
23055,"MainThread",54817758012718,12209,"R+","[NULL]","[NULL]"
23055,"MainThread",54817758024927,25125,"Running","[NULL]","[NULL]"
23055,"MainThread",54817758050052,16411125,"S","[NULL]","[NULL]"
23055,"MainThread",54817774461177,90166,"R","[NULL]","[NULL]"
23055,"MainThread",54817774551343,221667,"Running","[NULL]","[NULL]"
23055,"MainThread",54817774773010,14708,"R+","[NULL]","[NULL]"
23055,"MainThread",54817774787718,47375,"Running","[NULL]","[NULL]"
23055,"MainThread",54817774835093,16310667,"S","[NULL]","[NULL]"
23055,"MainThread",54817791145760,160292,"R","[NULL]","[NULL]"
23055,"MainThread",54817791306052,169125,"Running","[NULL]","[NULL]"
23055,"MainThread",54817791475177,12750,"R+","[NULL]","[NULL]"
23055,"MainThread",54817791487927,39958,"Running","[NULL]","[NULL]"
23055,"MainThread",54817791527885,16226458,"S","[NULL]","[NULL]"
23055,"MainThread",54817807754343,131000,"R","[NULL]","[NULL]"
23055,"MainThread",54817807885343,209834,"Running","[NULL]","[NULL]"
23055,"MainThread",54817808095177,12208,"R+","[NULL]","[NULL]"
23055,"MainThread",54817808107385,78375,"Running","[NULL]","[NULL]"
23055,"MainThread",54817808185760,49792,"R","[NULL]","[NULL]"
23055,"MainThread",54817808235552,23125,"Running","[NULL]","[NULL]"
23055,"MainThread",54817808258677,16479125,"S","[NULL]","[NULL]"
23055,"MainThread",54817824737802,70958,"R","[NULL]","[NULL]"
23055,"MainThread",54817824808760,52958,"Running","[NULL]","[NULL]"
23055,"MainThread",54817824861718,2917,"R","[NULL]","[NULL]"
23055,"MainThread",54817824864635,139208,"Running","[NULL]","[NULL]"
23055,"MainThread",54817825003843,21917,"R+","[NULL]","[NULL]"
23055,"MainThread",54817825025760,26833,"Running","[NULL]","[NULL]"
23055,"MainThread",54817825052593,16937917,"S","[NULL]","[NULL]"
23055,"MainThread",54817841990510,110667,"R","[NULL]","[NULL]"
23055,"MainThread",54817842101177,221458,"Running","[NULL]","[NULL]"
23055,"MainThread",54817842322635,12167,"R+","[NULL]","[NULL]"
23055,"MainThread",54817842334802,34375,"Running","[NULL]","[NULL]"
23055,"MainThread",54817842369177,15648791,"S","[NULL]","[NULL]"
23055,"MainThread",54817858017968,121209,"R","[NULL]","[NULL]"
23055,"MainThread",54817858139177,44000,"Running","[NULL]","[NULL]"
23055,"MainThread",54817858183177,9916,"R+","[NULL]","[NULL]"
23055,"MainThread",54817858193093,15875,"Running","[NULL]","[NULL]"
23055,"MainThread",54817858208968,17704750,"S","[NULL]","[NULL]"
23055,"MainThread",54817875913718,93125,"R","[NULL]","[NULL]"
23055,"MainThread",54817876006843,42375,"Running","[NULL]","[NULL]"
23055,"MainThread",54817876049218,9167,"R+","[NULL]","[NULL]"
23055,"MainThread",54817876058385,14167,"Running","[NULL]","[NULL]"
23055,"MainThread",54817876072552,15042000,"S","[NULL]","[NULL]"
23055,"MainThread",54817891114552,83416,"R","[NULL]","[NULL]"
23055,"MainThread",54817891197968,112209,"Running","[NULL]","[NULL]"
23055,"MainThread",54817891310177,17180875,"S","[NULL]","[NULL]"
23055,"MainThread",54817908491052,68958,"R","[NULL]","[NULL]"
23055,"MainThread",54817908560010,287917,"Running","[NULL]","[NULL]"
23055,"MainThread",54817908847927,15885208,"S","[NULL]","[NULL]"
23055,"MainThread",54817924733135,85042,"R","[NULL]","[NULL]"
23055,"MainThread",54817924818177,165166,"Running","[NULL]","[NULL]"
23055,"MainThread",54817924983343,16398542,"S","[NULL]","[NULL]"
23055,"MainThread",54817941381885,92417,"R","[NULL]","[NULL]"
23055,"MainThread",54817941474302,361625,"Running","[NULL]","[NULL]"
23055,"MainThread",54817941835927,16204208,"S","[NULL]","[NULL]"
23055,"MainThread",54817958040135,93333,"R","[NULL]","[NULL]"
23055,"MainThread",54817958133468,108792,"Running","[NULL]","[NULL]"
23055,"MainThread",54817958242260,17523000,"S","[NULL]","[NULL]"
23055,"MainThread",54817975765260,84417,"R","[NULL]","[NULL]"
23055,"MainThread",54817975849677,128166,"Running","[NULL]","[NULL]"
23055,"MainThread",54817975977843,10625,"R+","[NULL]","[NULL]"
23055,"MainThread",54817975988468,167042,"Running","[NULL]","[NULL]"
23055,"MainThread",54817976155510,16127000,"S","[NULL]","[NULL]"
23055,"MainThread",54817992282510,130667,"R","[NULL]","[NULL]"
23055,"MainThread",54817992413177,77000,"Running","[NULL]","[NULL]"
23055,"MainThread",54817992490177,10833,"R+","[NULL]","[NULL]"
23055,"MainThread",54817992501010,18292,"Running","[NULL]","[NULL]"
23055,"MainThread",54817992519302,16899333,"S","[NULL]","[NULL]"
23055,"MainThread",54818009418635,103625,"R","[NULL]","[NULL]"
23055,"MainThread",54818009522260,245583,"Running","[NULL]","[NULL]"
23055,"MainThread",54818009767843,18500,"R+","[NULL]","[NULL]"
23055,"MainThread",54818009786343,45250,"Running","[NULL]","[NULL]"
23055,"MainThread",54818009831593,14892917,"S","[NULL]","[NULL]"
23055,"MainThread",54818024724510,157625,"R","[NULL]","[NULL]"
23055,"MainThread",54818024882135,84708,"Running","[NULL]","[NULL]"
23055,"MainThread",54818024966843,9334,"R+","[NULL]","[NULL]"
23055,"MainThread",54818024976177,15375,"Running","[NULL]","[NULL]"
23055,"MainThread",54818024991552,16310041,"S","[NULL]","[NULL]"
23055,"MainThread",54818041301593,103792,"R","[NULL]","[NULL]"
23055,"MainThread",54818041405385,199333,"Running","[NULL]","[NULL]"
23055,"MainThread",54818041604718,13125,"R+","[NULL]","[NULL]"
23055,"MainThread",54818041617843,19292,"Running","[NULL]","[NULL]"
23055,"MainThread",54818041637135,17855458,"S","[NULL]","[NULL]"
23055,"MainThread",54818059492593,202125,"R","[NULL]","[NULL]"
23055,"MainThread",54818059694718,134709,"Running","[NULL]","[NULL]"
23055,"MainThread",54818059829427,23000,"R+","[NULL]","[NULL]"
23055,"MainThread",54818059852427,61041,"Running","[NULL]","[NULL]"
23055,"MainThread",54818059913468,14986584,"S","[NULL]","[NULL]"
23055,"MainThread",54818074900052,2385666,"R","[NULL]","[NULL]"
23055,"MainThread",54818077285718,193084,"Running","[NULL]","[NULL]"
23055,"MainThread",54818077478802,35041,"R+","[NULL]","[NULL]"
23055,"MainThread",54818077513843,60542,"Running","[NULL]","[NULL]"
23055,"MainThread",54818077574385,13562125,"S","[NULL]","[NULL]"
23055,"MainThread",54818091136510,1536208,"R","[NULL]","[NULL]"
23055,"MainThread",54818092672718,2212667,"Running","[NULL]","[NULL]"
23055,"MainThread",54818094885385,337042,"D","[NULL]","[NULL]"
23055,"MainThread",54818095222427,9166,"R","[NULL]","[NULL]"
23055,"MainThread",54818095231593,218250,"Running","[NULL]","[NULL]"
23055,"MainThread",54818095449843,398292,"D","[NULL]","[NULL]"
23055,"MainThread",54818095848135,7542,"R","[NULL]","[NULL]"
23055,"MainThread",54818095855677,475666,"Running","[NULL]","[NULL]"
23055,"MainThread",54818096331343,403167,"D","[NULL]","[NULL]"
23055,"MainThread",54818096734510,1068583,"R","[NULL]","[NULL]"
23055,"MainThread",54818097803093,87584,"Running","[NULL]","[NULL]"
23055,"MainThread",54818097890677,350125,"D","[NULL]","[NULL]"
23055,"MainThread",54818098240802,6625,"R","[NULL]","[NULL]"
23055,"MainThread",54818098247427,446250,"Running","[NULL]","[NULL]"
23055,"MainThread",54818098693677,417166,"R","[NULL]","[NULL]"
23055,"MainThread",54818099110843,1315792,"Running","[NULL]","[NULL]"
23055,"MainThread",54818100426635,621375,"R+","[NULL]","[NULL]"
23055,"MainThread",54818101048010,525500,"Running","[NULL]","[NULL]"
23055,"MainThread",54818101573510,24000,"R+","[NULL]","[NULL]"
23055,"MainThread",54818101597510,58333,"Running","[NULL]","[NULL]"
23055,"MainThread",54818101655843,6067167,"S","[NULL]","[NULL]"
23055,"MainThread",54818107723010,78417,"R","[NULL]","[NULL]"
23055,"MainThread",54818107801427,139291,"Running","[NULL]","[NULL]"
23055,"MainThread",54818107940718,15750,"R+","[NULL]","[NULL]"
23055,"MainThread",54818107956468,321459,"Running","[NULL]","[NULL]"
23055,"MainThread",54818108277927,4065250,"S","[NULL]","[NULL]"
23055,"MainThread",54818112343177,74333,"R","[NULL]","[NULL]"
23055,"MainThread",54818112417510,298458,"Running","[NULL]","[NULL]"
23055,"MainThread",54818112715968,1031375,"S","[NULL]","[NULL]"
23055,"MainThread",54818113747343,106709,"R","[NULL]","[NULL]"
23055,"MainThread",54818113854052,70125,"Running","[NULL]","[NULL]"
23055,"MainThread",54818113924177,169125,"S","[NULL]","[NULL]"
23055,"MainThread",54818114093302,97166,"R","[NULL]","[NULL]"
23055,"MainThread",54818114190468,134709,"Running","[NULL]","[NULL]"
23055,"MainThread",54818114325177,1142208,"S","[NULL]","[NULL]"
23055,"MainThread",54818115467385,89833,"R","[NULL]","[NULL]"
23055,"MainThread",54818115557218,750375,"Running","[NULL]","[NULL]"
23055,"MainThread",54818116307593,273417,"R","[NULL]","[NULL]"
23055,"MainThread",54818116581010,1727750,"Running","[NULL]","[NULL]"
23055,"MainThread",54818118308760,330542,"D","[NULL]","[NULL]"
23055,"MainThread",54818118639302,28708,"R","[NULL]","[NULL]"
23055,"MainThread",54818118668010,311333,"Running","[NULL]","[NULL]"
23055,"MainThread",54818118979343,672459,"R+","[NULL]","[NULL]"
23055,"MainThread",54818119651802,296041,"Running","[NULL]","[NULL]"
23055,"MainThread",54818119947843,1261584,"S","[NULL]","[NULL]"
23055,"MainThread",54818121209427,158166,"R","[NULL]","[NULL]"
23055,"MainThread",54818121367593,1235000,"Running","[NULL]","[NULL]"
23113,"mqt_v_js",54818122520135,83833,"R","[NULL]","[NULL]"
23055,"MainThread",54818122602593,70417,"R+","[NULL]","[NULL]"
23113,"mqt_v_js",54818122603968,1105709,"Running","[NULL]","[NULL]"
23055,"MainThread",54818122673010,29583,"Running","[NULL]","[NULL]"
23055,"MainThread",54818122702593,1776625,"S","[NULL]","[NULL]"
23113,"mqt_v_js",54818123709677,94208,"R","[NULL]","[NULL]"
23113,"mqt_v_js",54818123803885,534875,"Running","[NULL]","[NULL]"
23113,"mqt_v_js",54818124338760,58875,"R","[NULL]","[NULL]"
23113,"mqt_v_js",54818124397635,362917,"Running","[NULL]","[NULL]"
23055,"MainThread",54818124479218,54792,"R","[NULL]","[NULL]"
23055,"MainThread",54818124534010,162250,"Running","[NULL]","[NULL]"
23055,"MainThread",54818124696260,9893083,"S","[NULL]","[NULL]"
23113,"mqt_v_js",54818124760552,45291,"R","[NULL]","[NULL]"
23113,"mqt_v_js",54818124805843,2254292,"Running","[NULL]","[NULL]"
23113,"mqt_v_js",54818127060135,698583,"R","[NULL]","[NULL]"
23113,"mqt_v_js",54818127758718,4326834,"Running","[NULL]","[NULL]"
23113,"mqt_v_js",54818132085552,715708,"R","[NULL]","[NULL]"
23113,"mqt_v_js",54818132801260,285958,"Running","[NULL]","[NULL]"
23113,"mqt_v_js",54818133087218,70959,"R","[NULL]","[NULL]"
23113,"mqt_v_js",54818133158177,285625,"Running","[NULL]","[NULL]"
23113,"mqt_v_js",54818133443802,22791,"R","[NULL]","[NULL]"
23113,"mqt_v_js",54818133466593,207750,"Running","[NULL]","[NULL]"
23113,"mqt_v_js",54818133674343,83709,"R","[NULL]","[NULL]"
23113,"mqt_v_js",54818133758052,8105583,"Running","[NULL]","[NULL]"
23055,"MainThread",54818134589343,139959,"R","[NULL]","[NULL]"
23055,"MainThread",54818134729302,677583,"Running","[NULL]","[NULL]"
23055,"MainThread",54818135406885,6814792,"S","[NULL]","[NULL]"
23113,"mqt_v_js",54818141863635,281875,"R","[NULL]","[NULL]"
23113,"mqt_v_js",54818142145510,13782583,"Running","[NULL]","[NULL]"
23055,"MainThread",54818142221677,70333,"R","[NULL]","[NULL]"
23055,"MainThread",54818142292010,209375,"Running","[NULL]","[NULL]"
23055,"MainThread",54818142501385,169625,"R+","[NULL]","[NULL]"
23055,"MainThread",54818142671010,44083,"Running","[NULL]","[NULL]"
23055,"MainThread",54818142715093,15436250,"S","[NULL]","[NULL]"
23113,"mqt_v_js",54818155928093,61834,"R","[NULL]","[NULL]"
23113,"mqt_v_js",54818155989927,1996833,"Running","[NULL]","[NULL]"
23113,"mqt_v_js",54818157986760,84208,"R","[NULL]","[NULL]"
23113,"mqt_v_js",54818158070968,8709959,"Running","[NULL]","[NULL]"
23055,"MainThread",54818158151343,31000,"R","[NULL]","[NULL]"
23055,"MainThread",54818158182343,5348625,"Running","[NULL]","[NULL]"
23055,"MainThread",54818163530968,35625,"R","[NULL]","[NULL]"
23055,"MainThread",54818163566593,1269209,"Running","[NULL]","[NULL]"
23055,"MainThread",54818164835802,128666,"R+","[NULL]","[NULL]"
23055,"MainThread",54818164964468,92000,"Running","[NULL]","[NULL]"
23055,"MainThread",54818165056468,4164625,"S","[NULL]","[NULL]"
23113,"mqt_v_js",54818166780927,101416,"R","[NULL]","[NULL]"
23113,"mqt_v_js",54818166882343,302917,"Running","[NULL]","[NULL]"
23113,"mqt_v_js",54818167185260,3500,"R","[NULL]","[NULL]"
23113,"mqt_v_js",54818167188760,4715167,"Running","[NULL]","[NULL]"
23055,"MainThread",54818169221093,100584,"R","[NULL]","[NULL]"
23055,"MainThread",54818169321677,318791,"Running","[NULL]","[NULL]"
23055,"MainThread",54818169640468,2184042,"S","[NULL]","[NULL]"
23055,"MainThread",54818171824510,100042,"R","[NULL]","[NULL]"
23113,"mqt_v_js",54818171903927,66876708,"S","[NULL]","[NULL]"
23055,"MainThread",54818171924552,1782666,"Running","[NULL]","[NULL]"
23055,"MainThread",54818173707218,59042,"R","[NULL]","[NULL]"
23055,"MainThread",54818173766260,784500,"Running","[NULL]","[NULL]"
23055,"MainThread",54818174550760,120375,"R","[NULL]","[NULL]"
23055,"MainThread",54818174671135,1240458,"Running","[NULL]","[NULL]"
23055,"MainThread",54818175911593,20584,"R+","[NULL]","[NULL]"
23055,"MainThread",54818175932177,13786125,"Running","[NULL]","[NULL]"
23104,"RenderThread",54818175994135,147750,"R","[NULL]","[NULL]"
23104,"RenderThread",54818176141885,156875,"Running","[NULL]","[NULL]"
23104,"RenderThread",54818176298760,29023333,"S","[NULL]","[NULL]"
23055,"MainThread",54818189718302,104958,"R+","[NULL]","[NULL]"
23055,"MainThread",54818189823260,372417,"Running","[NULL]","[NULL]"
23055,"MainThread",54818190195677,87791,"R","[NULL]","[NULL]"
23055,"MainThread",54818190283468,1113042,"Running","[NULL]","[NULL]"
23055,"MainThread",54818191396510,282458,"R","[NULL]","[NULL]"
23055,"MainThread",54818191678968,10284667,"Running","[NULL]","[NULL]"
23055,"MainThread",54818201963635,597917,"R","[NULL]","[NULL]"
23055,"MainThread",54818202561552,2777083,"Running","[NULL]","[NULL]"
23104,"RenderThread",54818205322093,16542,"R","[NULL]","[NULL]"
23055,"MainThread",54818205338635,9017458,"S","[NULL]","[NULL]"
23104,"RenderThread",54818205338635,1648208,"Running","[NULL]","[NULL]"
23104,"RenderThread",54818206986843,77459,"R","[NULL]","[NULL]"
23104,"RenderThread",54818207064302,1299333,"Running","[NULL]","[NULL]"
23104,"RenderThread",54818208363635,72000,"R","[NULL]","[NULL]"
23104,"RenderThread",54818208435635,5939833,"Running","[NULL]","[NULL]"
23055,"MainThread",54818214356093,19375,"R","[NULL]","[NULL]"
23055,"MainThread",54818214375468,16042,"Running","[NULL]","[NULL]"
23104,"RenderThread",54818214375468,16042,"R+","[NULL]","[NULL]"
23055,"MainThread",54818214391510,2500,"S","[NULL]","[NULL]"
23104,"RenderThread",54818214391510,1797042,"Running","[NULL]","[NULL]"
23055,"MainThread",54818214394010,1794542,"R","[NULL]","[NULL]"
23055,"MainThread",54818216188552,542541,"Running","[NULL]","[NULL]"
23104,"RenderThread",54818216188552,3935291,"R","[NULL]","[NULL]"
23055,"MainThread",54818216731093,258209,"R+","[NULL]","[NULL]"
23055,"MainThread",54818216989302,978708,"Running","[NULL]","[NULL]"
23055,"MainThread",54818217968010,66792,"R+","[NULL]","[NULL]"
23055,"MainThread",54818218034802,178500,"Running","[NULL]","[NULL]"
23055,"MainThread",54818218213302,35583,"R","[NULL]","[NULL]"
23055,"MainThread",54818218248885,1874958,"Running","[NULL]","[NULL]"
23055,"MainThread",54818220123843,2657375,"R","[NULL]","[NULL]"
23104,"RenderThread",54818220123843,2560917,"Running","[NULL]","[NULL]"
23104,"RenderThread",54818222684760,1868250,"R","[NULL]","[NULL]"
23055,"MainThread",54818222781218,1666292,"Running","[NULL]","[NULL]"
23055,"MainThread",54818224447510,3674542,"R","[NULL]","[NULL]"
23104,"RenderThread",54818224553010,3569042,"Running","[NULL]","[NULL]"
23055,"MainThread",54818228122052,4035916,"Running","[NULL]","[NULL]"
23104,"RenderThread",54818228122052,4035916,"R","[NULL]","[NULL]"
23055,"MainThread",54818232157968,4188417,"R","[NULL]","[NULL]"
23104,"RenderThread",54818232157968,3990042,"Running","[NULL]","[NULL]"
23104,"RenderThread",54818236148010,3427792,"R","[NULL]","[NULL]"
23055,"MainThread",54818236346385,3229417,"Running","[NULL]","[NULL]"
23113,"mqt_v_js",54818238780635,784542,"R","[NULL]","[NULL]"
23113,"mqt_v_js",54818239565177,295208,"Running","[NULL]","[NULL]"
23055,"MainThread",54818239575802,15950166,"S","[NULL]","[NULL]"
23104,"RenderThread",54818239575802,1805958,"Running","[NULL]","[NULL]"
23113,"mqt_v_js",54818239860385,32975083,"S","[NULL]","[NULL]"
23104,"RenderThread",54818241381760,16083,"R","[NULL]","[NULL]"
23104,"RenderThread",54818241397843,2782084,"Running","[NULL]","[NULL]"
23104,"RenderThread",54818244179927,243333,"R+","[NULL]","[NULL]"
23104,"RenderThread",54818244423260,3790833,"Running","[NULL]","[NULL]"
23104,"RenderThread",54818248214093,110500,"R+","[NULL]","[NULL]"
23104,"RenderThread",54818248324593,3983375,"Running","[NULL]","[NULL]"
23104,"RenderThread",54818252307968,3000,"R+","[NULL]","[NULL]"
23104,"RenderThread",54818252310968,2209,"Running","[NULL]","[NULL]"
23104,"RenderThread",54818252313177,181416,"R+","[NULL]","[NULL]"
23104,"RenderThread",54818252494593,3930459,"Running","[NULL]","[NULL]"
23055,"MainThread",54818255525968,986875,"R","[NULL]","[NULL]"
23104,"RenderThread",54818256425052,7857416,"R","[NULL]","[NULL]"
23055,"MainThread",54818256512843,1452709,"Running","[NULL]","[NULL]"
23055,"MainThread",54818257965552,14337458,"R","[NULL]","[NULL]"
23104,"RenderThread",54818264282468,869584,"Running","[NULL]","[NULL]"
23104,"RenderThread",54818265152052,102541,"S","[NULL]","[NULL]"
23104,"RenderThread",54818265254593,4417,"R","[NULL]","[NULL]"
23104,"RenderThread",54818265259010,2503875,"Running","[NULL]","[NULL]"
23104,"RenderThread",54818267762885,428208,"R+","[NULL]","[NULL]"
23104,"RenderThread",54818268191093,31125,"Running","[NULL]","[NULL]"
23104,"RenderThread",54818268222218,7500,"R+","[NULL]","[NULL]"
23104,"RenderThread",54818268229718,42959,"Running","[NULL]","[NULL]"
23104,"RenderThread",54818268272677,29041,"R+","[NULL]","[NULL]"
23104,"RenderThread",54818268301718,35625,"Running","[NULL]","[NULL]"
23104,"RenderThread",54818268337343,42412959,"S","[NULL]","[NULL]"
23055,"MainThread",54818272303010,248625,"Running","[NULL]","[NULL]"
23055,"MainThread",54818272551635,237375,"R+","[NULL]","[NULL]"
23055,"MainThread",54818272789010,80917,"Running","[NULL]","[NULL]"
23113,"mqt_v_js",54818272835468,36209,"R","[NULL]","[NULL]"
23055,"MainThread",54818272869927,1487791,"S","[NULL]","[NULL]"
23113,"mqt_v_js",54818272871677,288208,"Running","[NULL]","[NULL]"
23113,"mqt_v_js",54818273159885,39625,"R+","[NULL]","[NULL]"
23113,"mqt_v_js",54818273199510,168208,"Running","[NULL]","[NULL]"
23113,"mqt_v_js",54818273367718,65500,"R","[NULL]","[NULL]"
23113,"mqt_v_js",54818273433218,846875,"Running","[NULL]","[NULL]"
23113,"mqt_v_js",54818274280093,168500,"R","[NULL]","[NULL]"
23055,"MainThread",54818274357718,1752500,"R","[NULL]","[NULL]"
23113,"mqt_v_js",54818274448593,1653584,"Running","[NULL]","[NULL]"
23113,"mqt_v_js",54818276102177,424416,"R","[NULL]","[NULL]"
23055,"MainThread",54818276110218,64292,"Running","[NULL]","[NULL]"
23055,"MainThread",54818276174510,51417,"R","[NULL]","[NULL]"
23055,"MainThread",54818276225927,163875,"Running","[NULL]","[NULL]"
23055,"MainThread",54818276389802,23250,"R+","[NULL]","[NULL]"
23055,"MainThread",54818276413052,113541,"Running","[NULL]","[NULL]"
23055,"MainThread",54818276526593,14630792,"S","[NULL]","[NULL]"
23113,"mqt_v_js",54818276526593,3557375,"Running","[NULL]","[NULL]"
23113,"mqt_v_js",54818280083968,71209,"R","[NULL]","[NULL]"
23113,"mqt_v_js",54818280155177,10854166,"Running","[NULL]","[NULL]"
23113,"mqt_v_js",54818291009343,1325125,"R","[NULL]","[NULL]"
23055,"MainThread",54818291157385,642333,"R","[NULL]","[NULL]"
23055,"MainThread",54818291799718,171000,"Running","[NULL]","[NULL]"
23055,"MainThread",54818291970718,13000,"R+","[NULL]","[NULL]"
23055,"MainThread",54818291983718,251167,"Running","[NULL]","[NULL]"
23055,"MainThread",54818292234885,16173208,"S","[NULL]","[NULL]"
23113,"mqt_v_js",54818292334468,8267292,"Running","[NULL]","[NULL]"
23113,"mqt_v_js",54818300601760,1895458,"R","[NULL]","[NULL]"
23113,"mqt_v_js",54818302497218,592417,"Running","[NULL]","[NULL]"
23113,"mqt_v_js",54818303089635,97542,"R","[NULL]","[NULL]"
23113,"mqt_v_js",54818303187177,3600166,"Running","[NULL]","[NULL]"
23113,"mqt_v_js",54818306787343,198875,"R","[NULL]","[NULL]"
23113,"mqt_v_js",54818306986218,764875,"Running","[NULL]","[NULL]"
23113,"mqt_v_js",54818307751093,1366875,"R","[NULL]","[NULL]"
23055,"MainThread",54818308408093,243417,"R","[NULL]","[NULL]"
23055,"MainThread",54818308651510,353958,"Running","[NULL]","[NULL]"
23055,"MainThread",54818309005468,29417,"R+","[NULL]","[NULL]"
23055,"MainThread",54818309034885,64667,"Running","[NULL]","[NULL]"
23055,"MainThread",54818309099552,1962750,"S","[NULL]","[NULL]"
23113,"mqt_v_js",54818309117968,1186375,"Running","[NULL]","[NULL]"
23113,"mqt_v_js",54818310304343,2023917,"R","[NULL]","[NULL]"
23104,"RenderThread",54818310750302,201750,"R","[NULL]","[NULL]"
23104,"RenderThread",54818310952052,115166,"Running","[NULL]","[NULL]"
23055,"MainThread",54818311062302,4916,"R","[NULL]","[NULL]"
23055,"MainThread",54818311067218,42042,"Running","[NULL]","[NULL]"
23104,"RenderThread",54818311067218,1170459,"R+","[NULL]","[NULL]"
23055,"MainThread",54818311109260,71000,"R","[NULL]","[NULL]"
23055,"MainThread",54818311180260,1057417,"Running","[NULL]","[NULL]"
23055,"MainThread",54818312237677,6416,"S","[NULL]","[NULL]"
23104,"RenderThread",54818312237677,9375,"Running","[NULL]","[NULL]"
23055,"MainThread",54818312244093,2959,"R","[NULL]","[NULL]"
23055,"MainThread",54818312247052,34833,"Running","[NULL]","[NULL]"
23104,"RenderThread",54818312247052,34833,"R+","[NULL]","[NULL]"
23055,"MainThread",54818312281885,12236125,"S","[NULL]","[NULL]"
23104,"RenderThread",54818312281885,46375,"Running","[NULL]","[NULL]"
23104,"RenderThread",54818312328260,48900208,"S","[NULL]","[NULL]"
23113,"mqt_v_js",54818312328260,476792,"Running","[NULL]","[NULL]"
23113,"mqt_v_js",54818312805052,84916,"R","[NULL]","[NULL]"
23113,"mqt_v_js",54818312889968,377000,"Running","[NULL]","[NULL]"
23113,"mqt_v_js",54818313266968,97084,"R","[NULL]","[NULL]"
23113,"mqt_v_js",54818313364052,628416,"Running","[NULL]","[NULL]"
23113,"mqt_v_js",54818313992468,451250,"R","[NULL]","[NULL]"
23113,"mqt_v_js",54818314443718,286959,"Running","[NULL]","[NULL]"
23113,"mqt_v_js",54818314730677,17375,"R","[NULL]","[NULL]"
23113,"mqt_v_js",54818314748052,204291,"Running","[NULL]","[NULL]"
23113,"mqt_v_js",54818314952343,28834,"R","[NULL]","[NULL]"
23113,"mqt_v_js",54818314981177,260250,"Running","[NULL]","[NULL]"
23113,"mqt_v_js",54818315241427,3250,"R+","[NULL]","[NULL]"
23113,"mqt_v_js",54818315244677,1311791,"Running","[NULL]","[NULL]"
23113,"mqt_v_js",54818316556468,13542,"R","[NULL]","[NULL]"
23113,"mqt_v_js",54818316570010,6974667,"Running","[NULL]","[NULL]"
23113,"mqt_v_js",54818323544677,70041,"R","[NULL]","[NULL]"
23113,"mqt_v_js",54818323614718,621292,"Running","[NULL]","[NULL]"
23113,"mqt_v_js",54818324236010,57917,"R","[NULL]","[NULL]"
23113,"mqt_v_js",54818324293927,210958,"Running","[NULL]","[NULL]"
23113,"mqt_v_js",54818324504885,4458,"R","[NULL]","[NULL]"
23113,"mqt_v_js",54818324509343,745334,"Running","[NULL]","[NULL]"
23055,"MainThread",54818324518010,70042,"R","[NULL]","[NULL]"
23055,"MainThread",54818324588052,687125,"Running","[NULL]","[NULL]"
23113,"mqt_v_js",54818325254677,42041,"R","[NULL]","[NULL]"
23055,"MainThread",54818325275177,17404583,"S","[NULL]","[NULL]"
23113,"mqt_v_js",54818325296718,2596542,"Running","[NULL]","[NULL]"
23113,"mqt_v_js",54818327893260,332417,"R","[NULL]","[NULL]"
23113,"mqt_v_js",54818328225677,207708,"Running","[NULL]","[NULL]"
23113,"mqt_v_js",54818328433385,35292,"R","[NULL]","[NULL]"
23113,"mqt_v_js",54818328468677,248375,"Running","[NULL]","[NULL]"
23113,"mqt_v_js",54818328717052,4625,"R","[NULL]","[NULL]"
23113,"mqt_v_js",54818328721677,3596166,"Running","[NULL]","[NULL]"
23113,"mqt_v_js",54818332317843,8709,"R","[NULL]","[NULL]"
23113,"mqt_v_js",54818332326552,9947750,"Running","[NULL]","[NULL]"
23113,"mqt_v_js",54818342274302,139708,"R","[NULL]","[NULL]"
23113,"mqt_v_js",54818342414010,147417,"Running","[NULL]","[NULL]"
23113,"mqt_v_js",54818342561427,148333,"R","[NULL]","[NULL]"
23055,"MainThread",54818342679760,851833,"R","[NULL]","[NULL]"
23113,"mqt_v_js",54818342709760,4267042,"Running","[NULL]","[NULL]"
23055,"MainThread",54818343531593,473417,"Running","[NULL]","[NULL]"
23055,"MainThread",54818344005010,114667,"R+","[NULL]","[NULL]"
23055,"MainThread",54818344119677,668541,"Running","[NULL]","[NULL]"
23055,"MainThread",54818344788218,5866417,"S","[NULL]","[NULL]"
23113,"mqt_v_js",54818346976802,6666,"R","[NULL]","[NULL]"
23113,"mqt_v_js",54818346983468,5652417,"Running","[NULL]","[NULL]"
23055,"MainThread",54818350654635,109458,"R","[NULL]","[NULL]"
23055,"MainThread",54818350764093,5365917,"Running","[NULL]","[NULL]"
23113,"mqt_v_js",54818352635885,21223583,"S","[NULL]","[NULL]"
23055,"MainThread",54818356130010,121208,"R","[NULL]","[NULL]"
23055,"MainThread",54818356251218,611125,"Running","[NULL]","[NULL]"
23055,"MainThread",54818356862343,93709,"R","[NULL]","[NULL]"
23055,"MainThread",54818356956052,970375,"Running","[NULL]","[NULL]"
23055,"MainThread",54818357926427,422500,"R","[NULL]","[NULL]"
23055,"MainThread",54818358348927,2132125,"Running","[NULL]","[NULL]"
23055,"MainThread",54818360481052,357625,"R","[NULL]","[NULL]"
23055,"MainThread",54818360838677,6323250,"Running","[NULL]","[NULL]"
23104,"RenderThread",54818361228468,77459,"R","[NULL]","[NULL]"
23104,"RenderThread",54818361305927,28291,"Running","[NULL]","[NULL]"
23104,"RenderThread",54818361334218,14162250,"S","[NULL]","[NULL]"
23055,"MainThread",54818367161927,634750,"R","[NULL]","[NULL]"
23055,"MainThread",54818367796677,4682291,"Running","[NULL]","[NULL]"
23055,"MainThread",54818372478968,214792,"R+","[NULL]","[NULL]"
23055,"MainThread",54818372693760,983000,"Running","[NULL]","[NULL]"
23055,"MainThread",54818373676760,136625,"R","[NULL]","[NULL]"
23055,"MainThread",54818373813385,587667,"Running","[NULL]","[NULL]"
23113,"mqt_v_js",54818373859468,81042,"R","[NULL]","[NULL]"
23113,"mqt_v_js",54818373940510,200958,"Running","[NULL]","[NULL]"
23113,"mqt_v_js",54818374141468,72834,"R+","[NULL]","[NULL]"
23113,"mqt_v_js",54818374214302,34958,"Running","[NULL]","[NULL]"
23113,"mqt_v_js",54818374249260,400357959,"S","[NULL]","[NULL]"
23055,"MainThread",54818374401052,214166,"R","[NULL]","[NULL]"
23055,"MainThread",54818374615218,912500,"Running","[NULL]","[NULL]"
23104,"RenderThread",54818375496468,89459,"R","[NULL]","[NULL]"
23055,"MainThread",54818375527718,995292,"S","[NULL]","[NULL]"
23104,"RenderThread",54818375585927,2200333,"Running","[NULL]","[NULL]"
23055,"MainThread",54818376523010,92667,"R","[NULL]","[NULL]"
23055,"MainThread",54818376615677,174583,"Running","[NULL]","[NULL]"
23055,"MainThread",54818376790260,26167,"R+","[NULL]","[NULL]"
23055,"MainThread",54818376816427,2623291,"Running","[NULL]","[NULL]"
23104,"RenderThread",54818377786260,362833,"S","[NULL]","[NULL]"
23104,"RenderThread",54818378149093,7792,"R","[NULL]","[NULL]"
23104,"RenderThread",54818378156885,1244375,"Running","[NULL]","[NULL]"
23104,"RenderThread",54818379401260,3792,"R+","[NULL]","[NULL]"
23104,"RenderThread",54818379405052,2458,"Running","[NULL]","[NULL]"
23104,"RenderThread",54818379407510,13958,"R+","[NULL]","[NULL]"
23104,"RenderThread",54818379421468,91250,"Running","[NULL]","[NULL]"
23055,"MainThread",54818379439718,224542,"R","[NULL]","[NULL]"
23104,"RenderThread",54818379512718,403459,"S","[NULL]","[NULL]"
23055,"MainThread",54818379664260,5034208,"Running","[NULL]","[NULL]"
23104,"RenderThread",54818379916177,355625,"R","[NULL]","[NULL]"
23104,"RenderThread",54818380271802,50291,"Running","[NULL]","[NULL]"
23104,"RenderThread",54818380322093,4824875,"S","[NULL]","[NULL]"
23055,"MainThread",54818384698468,124375,"R+","[NULL]","[NULL]"
23055,"MainThread",54818384822843,330000,"Running","[NULL]","[NULL]"
23104,"RenderThread",54818385146968,5875,"R","[NULL]","[NULL]"
23055,"MainThread",54818385152843,436209,"S","[NULL]","[NULL]"
23104,"RenderThread",54818385152843,2938709,"Running","[NULL]","[NULL]"
23055,"MainThread",54818385589052,308333,"R","[NULL]","[NULL]"
23055,"MainThread",54818385897385,84958,"Running","[NULL]","[NULL]"
23055,"MainThread",54818385982343,5457917,"S","[NULL]","[NULL]"
23104,"RenderThread",54818388091552,6458,"R+","[NULL]","[NULL]"
23104,"RenderThread",54818388098010,2568375,"Running","[NULL]","[NULL]"
23104,"RenderThread",54818390666385,28833,"R+","[NULL]","[NULL]"
23104,"RenderThread",54818390695218,311500,"Running","[NULL]","[NULL]"
23104,"RenderThread",54818391006718,146042,"R","[NULL]","[NULL]"
23104,"RenderThread",54818391152760,100292,"Running","[NULL]","[NULL]"
23104,"RenderThread",54818391253052,267750,"R","[NULL]","[NULL]"
23055,"MainThread",54818391440260,1264625,"R","[NULL]","[NULL]"
23104,"RenderThread",54818391520802,64916,"Running","[NULL]","[NULL]"
23104,"RenderThread",54818391585718,91875,"R","[NULL]","[NULL]"
23104,"RenderThread",54818391677593,1058584,"Running","[NULL]","[NULL]"
23055,"MainThread",54818392704885,366708,"Running","[NULL]","[NULL]"
23104,"RenderThread",54818392736177,77416,"R","[NULL]","[NULL]"
23104,"RenderThread",54818392813593,426667,"Running","[NULL]","[NULL]"
23055,"MainThread",54818393071593,140209,"R+","[NULL]","[NULL]"
23055,"MainThread",54818393211802,1898208,"Running","[NULL]","[NULL]"
23104,"RenderThread",54818393240260,9833,"R","[NULL]","[NULL]"
23104,"RenderThread",54818393250093,2866167,"Running","[NULL]","[NULL]"
23055,"MainThread",54818395110010,18990125,"S","[NULL]","[NULL]"
23104,"RenderThread",54818396116260,641917,"R","[NULL]","[NULL]"
23104,"RenderThread",54818396758177,10830625,"Running","[NULL]","[NULL]"
23104,"RenderThread",54818407588802,93083,"R+","[NULL]","[NULL]"
23104,"RenderThread",54818407681885,1295667,"Running","[NULL]","[NULL]"
23104,"RenderThread",54818408977552,9083,"R+","[NULL]","[NULL]"
23104,"RenderThread",54818408986635,6208500,"Running","[NULL]","[NULL]"
23055,"MainThread",54818414100135,87083,"R","[NULL]","[NULL]"
23055,"MainThread",54818414187218,256334,"Running","[NULL]","[NULL]"
23055,"MainThread",54818414443552,13083,"R+","[NULL]","[NULL]"
23055,"MainThread",54818414456635,2310042,"Running","[NULL]","[NULL]"
23104,"RenderThread",54818415195135,93458,"R+","[NULL]","[NULL]"
23104,"RenderThread",54818415288593,884834,"Running","[NULL]","[NULL]"
23104,"RenderThread",54818416173427,253083,"R","[NULL]","[NULL]"
23104,"RenderThread",54818416426510,5894250,"Running","[NULL]","[NULL]"
23055,"MainThread",54818416766677,76213875,"S","[NULL]","[NULL]"
23104,"RenderThread",54818422320760,214125,"R+","[NULL]","[NULL]"
23104,"RenderThread",54818422534885,1525333,"Running","[NULL]","[NULL]"
23104,"RenderThread",54818424060218,4125,"R+","[NULL]","[NULL]"
23104,"RenderThread",54818424064343,574209,"Running","[NULL]","[NULL]"
23104,"RenderThread",54818424638552,103666,"R","[NULL]","[NULL]"
23104,"RenderThread",54818424742218,158459,"Running","[NULL]","[NULL]"
23104,"RenderThread",54818424900677,119375,"R+","[NULL]","[NULL]"
23104,"RenderThread",54818425020052,79375,"Running","[NULL]","[NULL]"
23104,"RenderThread",54818425099427,47833,"R","[NULL]","[NULL]"
23104,"RenderThread",54818425147260,10271667,"Running","[NULL]","[NULL]"
23104,"RenderThread",54818435418927,143875,"R+","[NULL]","[NULL]"
23104,"RenderThread",54818435562802,268958,"Running","[NULL]","[NULL]"
23104,"RenderThread",54818435831760,4167,"R+","[NULL]","[NULL]"
23104,"RenderThread",54818435835927,4250333,"Running","[NULL]","[NULL]"
23104,"RenderThread",54818440086260,9167,"R+","[NULL]","[NULL]"
23104,"RenderThread",54818440095427,817333,"Running","[NULL]","[NULL]"
23104,"RenderThread",54818440912760,50459,"R+","[NULL]","[NULL]"
23104,"RenderThread",54818440963219,21653666,"Running","[NULL]","[NULL]"
23104,"RenderThread",54818462616885,436000,"R+","[NULL]","[NULL]"
23104,"RenderThread",54818463052885,16222667,"Running","[NULL]","[NULL]"
23104,"RenderThread",54818479275552,48750,"R+","[NULL]","[NULL]"
23104,"RenderThread",54818479324302,1324000,"Running","[NULL]","[NULL]"
23104,"RenderThread",54818480648302,75667,"R","[NULL]","[NULL]"
23104,"RenderThread",54818480723969,166500,"Running","[NULL]","[NULL]"
23104,"RenderThread",54818480890469,69000,"S","[NULL]","[NULL]"
23104,"RenderThread",54818480959469,93208,"R","[NULL]","[NULL]"
23104,"RenderThread",54818481052677,3017250,"Running","[NULL]","[NULL]"
23104,"RenderThread",54818484069927,6792,"R+","[NULL]","[NULL]"
23104,"RenderThread",54818484076719,5535083,"Running","[NULL]","[NULL]"
23104,"RenderThread",54818489611802,64875,"R+","[NULL]","[NULL]"
23104,"RenderThread",54818489676677,2214375,"Running","[NULL]","[NULL]"
23104,"RenderThread",54818491891052,7042,"R+","[NULL]","[NULL]"
23104,"RenderThread",54818491898094,1594250,"Running","[NULL]","[NULL]"
23055,"MainThread",54818492980552,91708,"R","[NULL]","[NULL]"
23055,"MainThread",54818493072260,314542,"Running","[NULL]","[NULL]"
23055,"MainThread",54818493386802,48958,"R+","[NULL]","[NULL]"
23055,"MainThread",54818493435760,143292,"Running","[NULL]","[NULL]"
23104,"RenderThread",54818493492344,44666,"R","[NULL]","[NULL]"
23104,"RenderThread",54818493537010,2624959,"Running","[NULL]","[NULL]"
23055,"MainThread",54818493579052,23750,"R","[NULL]","[NULL]"
23055,"MainThread",54818493602802,1337958,"Running","[NULL]","[NULL]"
23055,"MainThread",54818494940760,24821000,"S","[NULL]","[NULL]"
23104,"RenderThread",54818496161969,28250,"R+","[NULL]","[NULL]"
23104,"RenderThread",54818496190219,5494208,"Running","[NULL]","[NULL]"
23104,"RenderThread",54818501684427,69208,"R+","[NULL]","[NULL]"
23104,"RenderThread",54818501753635,221084,"Running","[NULL]","[NULL]"
23104,"RenderThread",54818501974719,3333,"R+","[NULL]","[NULL]"
23104,"RenderThread",54818501978052,2074208,"Running","[NULL]","[NULL]"
23104,"RenderThread",54818504052260,3500,"R+","[NULL]","[NULL]"
23104,"RenderThread",54818504055760,2133834,"Running","[NULL]","[NULL]"
23104,"RenderThread",54818506189594,22916,"R","[NULL]","[NULL]"
23104,"RenderThread",54818506212510,551750,"Running","[NULL]","[NULL]"
23104,"RenderThread",54818506764260,82334,"R","[NULL]","[NULL]"
23104,"RenderThread",54818506846594,661833,"Running","[NULL]","[NULL]"
23104,"RenderThread",54818507508427,84958,"R+","[NULL]","[NULL]"
23104,"RenderThread",54818507593385,80875,"Running","[NULL]","[NULL]"
23104,"RenderThread",54818507674260,11487084,"S","[NULL]","[NULL]"
23104,"RenderThread",54818519161344,14291,"R","[NULL]","[NULL]"
23104,"RenderThread",54818519175635,34334,"Running","[NULL]","[NULL]"
23104,"RenderThread",54818519209969,24791,"R+","[NULL]","[NULL]"
23104,"RenderThread",54818519234760,1007375,"Running","[NULL]","[NULL]"
23055,"MainThread",54818519761760,348375,"R","[NULL]","[NULL]"
23055,"MainThread",54818520110135,3158625,"Running","[NULL]","[NULL]"
23104,"RenderThread",54818520242135,7834,"R+","[NULL]","[NULL]"
23104,"RenderThread",54818520249969,1336875,"Running","[NULL]","[NULL]"
23104,"RenderThread",54818521586844,56416,"R+","[NULL]","[NULL]"
23104,"RenderThread",54818521643260,2758959,"Running","[NULL]","[NULL]"
23055,"MainThread",54818523268760,20060959,"S","[NULL]","[NULL]"
23104,"RenderThread",54818524402219,98458,"R+","[NULL]","[NULL]"
23104,"RenderThread",54818524500677,269750,"Running","[NULL]","[NULL]"
23104,"RenderThread",54818524770427,67125,"R+","[NULL]","[NULL]"
23104,"RenderThread",54818524837552,3288917,"Running","[NULL]","[NULL]"
23104,"RenderThread",54818528126469,5625,"R+","[NULL]","[NULL]"
23104,"RenderThread",54818528132094,2217875,"Running","[NULL]","[NULL]"
23104,"RenderThread",54818530349969,12264000,"S","[NULL]","[NULL]"
23104,"RenderThread",54818542613969,133791,"R","[NULL]","[NULL]"
23104,"RenderThread",54818542747760,1354250,"Running","[NULL]","[NULL]"
23055,"MainThread",54818543329719,2126083,"R","[NULL]","[NULL]"
23104,"RenderThread",54818544102010,41084,"R+","[NULL]","[NULL]"
23104,"RenderThread",54818544143094,2845791,"Running","[NULL]","[NULL]"
23055,"MainThread",54818545455802,250583,"Running","[NULL]","[NULL]"
23055,"MainThread",54818545706385,39042,"R+","[NULL]","[NULL]"
23055,"MainThread",54818545745427,1028875,"Running","[NULL]","[NULL]"
23055,"MainThread",54818546774302,14165500,"S","[NULL]","[NULL]"
23104,"RenderThread",54818546988885,46625,"R+","[NULL]","[NULL]"
23104,"RenderThread",54818547035510,2858792,"Running","[NULL]","[NULL]"
23104,"RenderThread",54818549894302,14875,"R+","[NULL]","[NULL]"
23104,"RenderThread",54818549909177,1871042,"Running","[NULL]","[NULL]"
23104,"RenderThread",54818551780219,29750,"R+","[NULL]","[NULL]"
23104,"RenderThread",54818551809969,1520875,"Running","[NULL]","[NULL]"
23104,"RenderThread",54818553330844,6656666,"S","[NULL]","[NULL]"
23104,"RenderThread",54818559987510,123042,"R","[NULL]","[NULL]"
23104,"RenderThread",54818560110552,18833,"Running","[NULL]","[NULL]"
23104,"RenderThread",54818560129385,40375,"S","[NULL]","[NULL]"
23104,"RenderThread",54818560169760,85709,"R","[NULL]","[NULL]"
23104,"RenderThread",54818560255469,3806208,"Running","[NULL]","[NULL]"
23055,"MainThread",54818560939802,74583,"R","[NULL]","[NULL]"
23055,"MainThread",54818561014385,149292,"Running","[NULL]","[NULL]"
23055,"MainThread",54818561163677,14125,"R+","[NULL]","[NULL]"
23055,"MainThread",54818561177802,1029792,"Running","[NULL]","[NULL]"
23055,"MainThread",54818562207594,32804000,"S","[NULL]","[NULL]"
23104,"RenderThread",54818564061677,4167,"R+","[NULL]","[NULL]"
23104,"RenderThread",54818564065844,4137916,"Running","[NULL]","[NULL]"
23104,"RenderThread",54818568203760,159792,"R+","[NULL]","[NULL]"
23104,"RenderThread",54818568363552,3712750,"Running","[NULL]","[NULL]"
23104,"RenderThread",54818572076302,5000,"R+","[NULL]","[NULL]"
23104,"RenderThread",54818572081302,2158167,"Running","[NULL]","[NULL]"
23104,"RenderThread",54818574239469,54708,"R+","[NULL]","[NULL]"
23104,"RenderThread",54818574294177,98000,"Running","[NULL]","[NULL]"
23104,"RenderThread",54818574392177,79917,"R","[NULL]","[NULL]"
23104,"RenderThread",54818574472094,178958,"Running","[NULL]","[NULL]"
23104,"RenderThread",54818574651052,20208,"R+","[NULL]","[NULL]"
23104,"RenderThread",54818574671260,714042,"Running","[NULL]","[NULL]"
23104,"RenderThread",54818575385302,18989750,"S","[NULL]","[NULL]"
23104,"RenderThread",54818594375052,105667,"R","[NULL]","[NULL]"
23104,"RenderThread",54818594480719,7385166,"Running","[NULL]","[NULL]"
23055,"MainThread",54818595011594,1240500,"R","[NULL]","[NULL]"
23055,"MainThread",54818596252094,3878583,"Running","[NULL]","[NULL]"
23055,"MainThread",54818600130677,10886500,"S","[NULL]","[NULL]"
23104,"RenderThread",54818601865885,52209,"R+","[NULL]","[NULL]"
23104,"RenderThread",54818601918094,2805583,"Running","[NULL]","[NULL]"
23104,"RenderThread",54818604723677,59292,"R+","[NULL]","[NULL]"
23104,"RenderThread",54818604782969,66958,"Running","[NULL]","[NULL]"
23104,"RenderThread",54818604849927,5617958,"S","[NULL]","[NULL]"
23104,"RenderThread",54818610467885,84417,"R","[NULL]","[NULL]"
23104,"RenderThread",54818610552302,5712833,"Running","[NULL]","[NULL]"
23055,"MainThread",54818611017177,5120583,"R","[NULL]","[NULL]"
23055,"MainThread",54818616137760,239500,"Running","[NULL]","[NULL]"
23104,"RenderThread",54818616265135,9334,"R+","[NULL]","[NULL]"
23104,"RenderThread",54818616274469,2059458,"Running","[NULL]","[NULL]"
23055,"MainThread",54818616377260,24000,"R+","[NULL]","[NULL]"
23055,"MainThread",54818616401260,1005334,"Running","[NULL]","[NULL]"
23055,"MainThread",54818617406594,14580875,"S","[NULL]","[NULL]"
23104,"RenderThread",54818618333927,88458,"R+","[NULL]","[NULL]"
23104,"RenderThread",54818618422385,2066917,"Running","[NULL]","[NULL]"
23104,"RenderThread",54818620489302,5458,"R+","[NULL]","[NULL]"
23104,"RenderThread",54818620494760,2009667,"Running","[NULL]","[NULL]"
23104,"RenderThread",54818622504427,105208,"R","[NULL]","[NULL]"
23104,"RenderThread",54818622609635,141834,"Running","[NULL]","[NULL]"
23104,"RenderThread",54818622751469,8443250,"S","[NULL]","[NULL]"
23104,"RenderThread",54818631194719,187291,"R","[NULL]","[NULL]"
23104,"RenderThread",54818631382010,8677209,"Running","[NULL]","[NULL]"
23055,"MainThread",54818631987469,177041,"R","[NULL]","[NULL]"
23055,"MainThread",54818632164510,4792,"Running","[NULL]","[NULL]"
23055,"MainThread",54818632169302,81083,"S","[NULL]","[NULL]"
23055,"MainThread",54818632250385,73167,"R","[NULL]","[NULL]"
23055,"MainThread",54818632323552,166833,"Running","[NULL]","[NULL]"
23055,"MainThread",54818632490385,23042,"R+","[NULL]","[NULL]"
23055,"MainThread",54818632513427,1178542,"Running","[NULL]","[NULL]"
23055,"MainThread",54818633691969,26239791,"S","[NULL]","[NULL]"
23104,"RenderThread",54818640059219,247291,"R+","[NULL]","[NULL]"
23104,"RenderThread",54818640306510,198042,"Running","[NULL]","[NULL]"
23104,"RenderThread",54818640504552,4000,"R+","[NULL]","[NULL]"
23104,"RenderThread",54818640508552,400875,"Running","[NULL]","[NULL]"
23104,"RenderThread",54818640909427,389792,"R+","[NULL]","[NULL]"
23104,"RenderThread",54818641299219,164625,"Running","[NULL]","[NULL]"
23104,"RenderThread",54818641463844,96250,"R","[NULL]","[NULL]"
23104,"RenderThread",54818641560094,818791,"Running","[NULL]","[NULL]"
23104,"RenderThread",54818642378885,33959,"R+","[NULL]","[NULL]"
23104,"RenderThread",54818642412844,1095041,"Running","[NULL]","[NULL]"
23104,"RenderThread",54818643507885,6750,"R+","[NULL]","[NULL]"
23104,"RenderThread",54818643514635,20209,"Running","[NULL]","[NULL]"
23104,"RenderThread",54818643534844,15759166,"S","[NULL]","[NULL]"
23104,"RenderThread",54818659294010,96334,"R","[NULL]","[NULL]"
23104,"RenderThread",54818659390344,7736708,"Running","[NULL]","[NULL]"
23055,"MainThread",54818659931760,6936042,"R","[NULL]","[NULL]"
23055,"MainThread",54818666867802,389667,"Running","[NULL]","[NULL]"
23104,"RenderThread",54818667127052,81833,"R","[NULL]","[NULL]"
23104,"RenderThread",54818667208885,847000,"Running","[NULL]","[NULL]"
23055,"MainThread",54818667257469,34708,"R","[NULL]","[NULL]"
23055,"MainThread",54818667292177,931458,"Running","[NULL]","[NULL]"
23104,"RenderThread",54818668055885,312125,"R+","[NULL]","[NULL]"
23055,"MainThread",54818668223635,4875,"R","[NULL]","[NULL]"
23055,"MainThread",54818668228510,562625,"Running","[NULL]","[NULL]"
23104,"RenderThread",54818668368010,2156500,"Running","[NULL]","[NULL]"
23055,"MainThread",54818668791135,9368792,"S","[NULL]","[NULL]"
23104,"RenderThread",54818670524510,89625,"R+","[NULL]","[NULL]"
23104,"RenderThread",54818670614135,80042,"Running","[NULL]","[NULL]"
23104,"RenderThread",54818670694177,6781542,"S","[NULL]","[NULL]"
23104,"RenderThread",54818677475719,97125,"R","[NULL]","[NULL]"
23104,"RenderThread",54818677572844,6480583,"Running","[NULL]","[NULL]"
23055,"MainThread",54818678159927,6193750,"R","[NULL]","[NULL]"
23104,"RenderThread",54818684053427,609042,"R+","[NULL]","[NULL]"
23055,"MainThread",54818684353677,211208,"Running","[NULL]","[NULL]"
23055,"MainThread",54818684564885,18834,"R+","[NULL]","[NULL]"
23055,"MainThread",54818684583719,1188583,"Running","[NULL]","[NULL]"
23104,"RenderThread",54818684662469,3066500,"Running","[NULL]","[NULL]"
23055,"MainThread",54818685772302,10174500,"S","[NULL]","[NULL]"
23104,"RenderThread",54818687728969,22541,"R+","[NULL]","[NULL]"
23104,"RenderThread",54818687751510,984417,"Running","[NULL]","[NULL]"
23104,"RenderThread",54818688735927,6532792,"S","[NULL]","[NULL]"
23104,"RenderThread",54818695268719,86750,"R","[NULL]","[NULL]"
23104,"RenderThread",54818695355469,4748500,"Running","[NULL]","[NULL]"
23055,"MainThread",54818695946802,2029667,"R","[NULL]","[NULL]"
23055,"MainThread",54818697976469,890500,"Running","[NULL]","[NULL]"
23055,"MainThread",54818698866969,47833,"R+","[NULL]","[NULL]"
23055,"MainThread",54818698914802,1346000,"Running","[NULL]","[NULL]"
23104,"RenderThread",54818700103969,6791,"R+","[NULL]","[NULL]"
23104,"RenderThread",54818700110760,3342500,"Running","[NULL]","[NULL]"
23055,"MainThread",54818700260802,121417,"R","[NULL]","[NULL]"
23055,"MainThread",54818700382219,1494625,"Running","[NULL]","[NULL]"
23055,"MainThread",54818701876844,11452125,"S","[NULL]","[NULL]"
23104,"RenderThread",54818703453260,38292,"R+","[NULL]","[NULL]"
23104,"RenderThread",54818703491552,3423000,"Running","[NULL]","[NULL]"
23104,"RenderThread",54818706914552,27042,"R+","[NULL]","[NULL]"
23104,"RenderThread",54818706941594,9750,"Running","[NULL]","[NULL]"
23104,"RenderThread",54818706951344,5765875,"S","[NULL]","[NULL]"
23104,"RenderThread",54818712717219,84333,"R","[NULL]","[NULL]"
23104,"RenderThread",54818712801552,3288042,"Running","[NULL]","[NULL]"
23055,"MainThread",54818713328969,102958,"R","[NULL]","[NULL]"
23055,"MainThread",54818713431927,235250,"Running","[NULL]","[NULL]"
23055,"MainThread",54818713667177,23750,"R+","[NULL]","[NULL]"
23055,"MainThread",54818713690927,1814042,"Running","[NULL]","[NULL]"
23055,"MainThread",54818715504969,28066958,"S","[NULL]","[NULL]"
23104,"RenderThread",54818716089594,4333,"R+","[NULL]","[NULL]"
23104,"RenderThread",54818716093927,2375333,"Running","[NULL]","[NULL]"
23104,"RenderThread",54818718469260,98584,"R+","[NULL]","[NULL]"
23104,"RenderThread",54818718567844,5752875,"Running","[NULL]","[NULL]"
23104,"RenderThread",54818724320719,59458,"R+","[NULL]","[NULL]"
23104,"RenderThread",54818724380177,102792,"Running","[NULL]","[NULL]"
23104,"RenderThread",54818724482969,70500,"R","[NULL]","[NULL]"
23104,"RenderThread",54818724553469,51791,"Running","[NULL]","[NULL]"
23104,"RenderThread",54818724605260,66750,"R","[NULL]","[NULL]"
23104,"RenderThread",54818724672010,1696584,"Running","[NULL]","[NULL]"
23104,"RenderThread",54818726368594,30958,"R+","[NULL]","[NULL]"
23104,"RenderThread",54818726399552,933417,"Running","[NULL]","[NULL]"
23104,"RenderThread",54818727332969,15479583,"S","[NULL]","[NULL]"
23104,"RenderThread",54818742812552,188375,"R","[NULL]","[NULL]"
23104,"RenderThread",54818743000927,1099375,"Running","[NULL]","[NULL]"
23055,"MainThread",54818743571927,7605708,"R","[NULL]","[NULL]"
23104,"RenderThread",54818744100302,3292,"R+","[NULL]","[NULL]"
23104,"RenderThread",54818744103594,7745416,"Running","[NULL]","[NULL]"
23055,"MainThread",54818751177635,785000,"Running","[NULL]","[NULL]"
23104,"RenderThread",54818751849010,76209,"R+","[NULL]","[NULL]"
23104,"RenderThread",54818751925219,3145708,"Running","[NULL]","[NULL]"
23055,"MainThread",54818751962635,102584,"R","[NULL]","[NULL]"
23055,"MainThread",54818752065219,1576625,"Running","[NULL]","[NULL]"
23055,"MainThread",54818753641844,12232291,"S","[NULL]","[NULL]"
23104,"RenderThread",54818755070927,113417,"R+","[NULL]","[NULL]"
23104,"RenderThread",54818755184344,99041,"Running","[NULL]","[NULL]"
23104,"RenderThread",54818755283385,9326417,"S","[NULL]","[NULL]"
23104,"RenderThread",54818764609802,86333,"R","[NULL]","[NULL]"
23104,"RenderThread",54818764696135,3366542,"Running","[NULL]","[NULL]"
23055,"MainThread",54818765874135,8057334,"R","[NULL]","[NULL]"
23104,"RenderThread",54818768062677,69083,"R+","[NULL]","[NULL]"
23104,"RenderThread",54818768131760,3103584,"Running","[NULL]","[NULL]"
23104,"RenderThread",54818771235344,27333,"R+","[NULL]","[NULL]"
23104,"RenderThread",54818771262677,1790042,"Running","[NULL]","[NULL]"
23104,"RenderThread",54818773052719,43458,"R+","[NULL]","[NULL]"
23104,"RenderThread",54818773096177,1140083,"Running","[NULL]","[NULL]"
23055,"MainThread",54818773931469,297875,"Running","[NULL]","[NULL]"
23055,"MainThread",54818774229344,21666,"R+","[NULL]","[NULL]"
23104,"RenderThread",54818774236260,137667,"R+","[NULL]","[NULL]"
23055,"MainThread",54818774251010,118167,"Running","[NULL]","[NULL]"
23055,"MainThread",54818774369177,109542,"R","[NULL]","[NULL]"
23104,"RenderThread",54818774373927,1794000,"Running","[NULL]","[NULL]"
23055,"MainThread",54818774478719,1248416,"Running","[NULL]","[NULL]"
23113,"mqt_v_js",54818774607219,1303541,"R","[NULL]","[NULL]"
23055,"MainThread",54818775727135,21871542,"S","[NULL]","[NULL]"
23113,"mqt_v_js",54818775910760,204834,"Running","[NULL]","[NULL]"
23113,"mqt_v_js",54818776115594,133416,"R+","[NULL]","[NULL]"
23104,"RenderThread",54818776167927,5792,"R+","[NULL]","[NULL]"
23104,"RenderThread",54818776173719,50916,"Running","[NULL]","[NULL]"
23104,"RenderThread",54818776224635,149334,"R","[NULL]","[NULL]"
23113,"mqt_v_js",54818776249010,164625,"Running","[NULL]","[NULL]"
23104,"RenderThread",54818776373969,206833,"Running","[NULL]","[NULL]"
23113,"mqt_v_js",54818776413635,1082125,"R","[NULL]","[NULL]"
23104,"RenderThread",54818776580802,31333,"R+","[NULL]","[NULL]"
23104,"RenderThread",54818776612135,348584,"Running","[NULL]","[NULL]"
23104,"RenderThread",54818776960719,105666,"R","[NULL]","[NULL]"
23104,"RenderThread",54818777066385,656625,"Running","[NULL]","[NULL]"
23113,"mqt_v_js",54818777495760,33709,"Running","[NULL]","[NULL]"
23113,"mqt_v_js",54818777529469,144083,"R+","[NULL]","[NULL]"
23113,"mqt_v_js",54818777673552,2427417,"Running","[NULL]","[NULL]"
23104,"RenderThread",54818777723010,34459,"R+","[NULL]","[NULL]"
23104,"RenderThread",54818777757469,2491750,"Running","[NULL]","[NULL]"
23113,"mqt_v_js",54818780100969,275375,"R","[NULL]","[NULL]"
23104,"RenderThread",54818780249219,11250,"R+","[NULL]","[NULL]"
23104,"RenderThread",54818780260469,288458,"Running","[NULL]","[NULL]"
23113,"mqt_v_js",54818780376344,329166,"Running","[NULL]","[NULL]"
23104,"RenderThread",54818780548927,280292,"R+","[NULL]","[NULL]"
23113,"mqt_v_js",54818780705510,8292,"R","[NULL]","[NULL]"
23113,"mqt_v_js",54818780713802,3408250,"Running","[NULL]","[NULL]"
23104,"RenderThread",54818780829219,209125,"Running","[NULL]","[NULL]"
23104,"RenderThread",54818781038344,100708,"R+","[NULL]","[NULL]"
23104,"RenderThread",54818781139052,1230000,"Running","[NULL]","[NULL]"
23104,"RenderThread",54818782369052,70458,"R+","[NULL]","[NULL]"
23104,"RenderThread",54818782439510,1711917,"Running","[NULL]","[NULL]"
23113,"mqt_v_js",54818784122052,131125,"R","[NULL]","[NULL]"
23104,"RenderThread",54818784151427,44667,"R","[NULL]","[NULL]"
23104,"RenderThread",54818784196094,20041,"Running","[NULL]","[NULL]"
23104,"RenderThread",54818784216135,11043334,"S","[NULL]","[NULL]"
23113,"mqt_v_js",54818784253177,5709083,"Running","[NULL]","[NULL]"
23113,"mqt_v_js",54818789962260,85250,"R","[NULL]","[NULL]"
23113,"mqt_v_js",54818790047510,1945459,"Running","[NULL]","[NULL]"
23113,"mqt_v_js",54818791992969,1166875,"R","[NULL]","[NULL]"
23113,"mqt_v_js",54818793159844,2053833,"Running","[NULL]","[NULL]"
23113,"mqt_v_js",54818795213677,104583,"R+","[NULL]","[NULL]"
23104,"RenderThread",54818795259469,1352333,"R","[NULL]","[NULL]"
23113,"mqt_v_js",54818795318260,5206584,"Running","[NULL]","[NULL]"
23104,"RenderThread",54818796611802,3669292,"Running","[NULL]","[NULL]"
23055,"MainThread",54818797598677,2952667,"R","[NULL]","[NULL]"
23104,"RenderThread",54818800281094,43833,"R","[NULL]","[NULL]"
23104,"RenderThread",54818800324927,3846792,"Running","[NULL]","[NULL]"
23113,"mqt_v_js",54818800524844,7961958,"R","[NULL]","[NULL]"
23055,"MainThread",54818800551344,325166,"Running","[NULL]","[NULL]"
23055,"MainThread",54818800876510,7391334,"R","[NULL]","[NULL]"
23104,"RenderThread",54818804171719,74708,"R+","[NULL]","[NULL]"
23104,"RenderThread",54818804246427,1744333,"Running","[NULL]","[NULL]"
23104,"RenderThread",54818805990760,6542,"R+","[NULL]","[NULL]"
23104,"RenderThread",54818805997302,15625,"Running","[NULL]","[NULL]"
23104,"RenderThread",54818806012927,14615375,"S","[NULL]","[NULL]"
23055,"MainThread",54818808267844,194125,"Running","[NULL]","[NULL]"
23055,"MainThread",54818808461969,12371208,"S","[NULL]","[NULL]"
23113,"mqt_v_js",54818808486802,1476125,"Running","[NULL]","[NULL]"
23113,"mqt_v_js",54818809962927,1240000,"R","[NULL]","[NULL]"
23113,"mqt_v_js",54818811202927,4996083,"Running","[NULL]","[NULL]"
23113,"mqt_v_js",54818816199010,14667,"R","[NULL]","[NULL]"
23113,"mqt_v_js",54818816213677,2435583,"Running","[NULL]","[NULL]"
23113,"mqt_v_js",54818818649260,552084,"R","[NULL]","[NULL]"
23113,"mqt_v_js",54818819201344,1318250,"Running","[NULL]","[NULL]"
23113,"mqt_v_js",54818820519594,168208,"R","[NULL]","[NULL]"
23104,"RenderThread",54818820628302,40250,"R","[NULL]","[NULL]"
23104,"RenderThread",54818820668552,168458,"Running","[NULL]","[NULL]"
23113,"mqt_v_js",54818820687802,1479500,"Running","[NULL]","[NULL]"
23055,"MainThread",54818820833177,3833,"R","[NULL]","[NULL]"
23055,"MainThread",54818820837010,69542,"Running","[NULL]","[NULL]"
23104,"RenderThread",54818820837010,72292,"R+","[NULL]","[NULL]"
23055,"MainThread",54818820906552,10792,"S","[NULL]","[NULL]"
23104,"RenderThread",54818820909302,9458,"Running","[NULL]","[NULL]"
23055,"MainThread",54818820917344,1416,"R","[NULL]","[NULL]"
23055,"MainThread",54818820918760,27709,"Running","[NULL]","[NULL]"
23104,"RenderThread",54818820918760,27709,"R+","[NULL]","[NULL]"
23055,"MainThread",54818820946469,8222625,"S","[NULL]","[NULL]"
23104,"RenderThread",54818820946469,29500,"Running","[NULL]","[NULL]"
23104,"RenderThread",54818820975969,57780208,"S","[NULL]","[NULL]"
23113,"mqt_v_js",54818822167302,87792,"R+","[NULL]","[NULL]"
23113,"mqt_v_js",54818822255094,4166,"Running","[NULL]","[NULL]"
23113,"mqt_v_js",54818822259260,293209,"R+","[NULL]","[NULL]"
23113,"mqt_v_js",54818822552469,949458,"Running","[NULL]","[NULL]"
23113,"mqt_v_js",54818823501927,70333,"R+","[NULL]","[NULL]"
23113,"mqt_v_js",54818823572260,14375,"Running","[NULL]","[NULL]"
23113,"mqt_v_js",54818823586635,5723250,"D","[NULL]","[NULL]"
23055,"MainThread",54818829169094,159333,"R","[NULL]","[NULL]"
23113,"mqt_v_js",54818829309885,137750,"R","[NULL]","[NULL]"
23055,"MainThread",54818829328427,285708,"Running","[NULL]","[NULL]"
23113,"mqt_v_js",54818829447635,170750,"Running","[NULL]","[NULL]"
23055,"MainThread",54818829614135,1019834,"S","[NULL]","[NULL]"
23113,"mqt_v_js",54818829618385,24750,"R","[NULL]","[NULL]"
23113,"mqt_v_js",54818829643135,847792,"Running","[NULL]","[NULL]"
23113,"mqt_v_js",54818830490927,40667,"R+","[NULL]","[NULL]"
23113,"mqt_v_js",54818830531594,2541,"Running","[NULL]","[NULL]"
23113,"mqt_v_js",54818830534135,38042,"R+","[NULL]","[NULL]"
23113,"mqt_v_js",54818830572177,728792,"Running","[NULL]","[NULL]"
23055,"MainThread",54818830633969,85041,"R","[NULL]","[NULL]"
23055,"MainThread",54818830719010,144292,"Running","[NULL]","[NULL]"
23055,"MainThread",54818830863302,5490083,"S","[NULL]","[NULL]"
23113,"mqt_v_js",54818831300969,39041,"R+","[NULL]","[NULL]"
23113,"mqt_v_js",54818831340010,3500,"Running","[NULL]","[NULL]"
23113,"mqt_v_js",54818831343510,84375,"R+","[NULL]","[NULL]"
23113,"mqt_v_js",54818831427885,70667,"Running","[NULL]","[NULL]"
23113,"mqt_v_js",54818831498552,21333,"R+","[NULL]","[NULL]"
23113,"mqt_v_js",54818831519885,3750,"Running","[NULL]","[NULL]"
23113,"mqt_v_js",54818831523635,15167,"R+","[NULL]","[NULL]"
23113,"mqt_v_js",54818831538802,94375,"Running","[NULL]","[NULL]"
23113,"mqt_v_js",54818831633177,20208,"R+","[NULL]","[NULL]"
23113,"mqt_v_js",54818831653385,2167,"Running","[NULL]","[NULL]"
23113,"mqt_v_js",54818831655552,8917,"R+","[NULL]","[NULL]"
23113,"mqt_v_js",54818831664469,17041,"Running","[NULL]","[NULL]"
23113,"mqt_v_js",54818831681510,17000,"R+","[NULL]","[NULL]"
23113,"mqt_v_js",54818831698510,2292,"Running","[NULL]","[NULL]"
23113,"mqt_v_js",54818831700802,12750,"R+","[NULL]","[NULL]"
23113,"mqt_v_js",54818831713552,105167,"Running","[NULL]","[NULL]"
23113,"mqt_v_js",54818831818719,14333,"R+","[NULL]","[NULL]"
23113,"mqt_v_js",54818831833052,1792,"Running","[NULL]","[NULL]"
23113,"mqt_v_js",54818831834844,7750,"R+","[NULL]","[NULL]"
23113,"mqt_v_js",54818831842594,19416,"Running","[NULL]","[NULL]"
23113,"mqt_v_js",54818831862010,11417,"R+","[NULL]","[NULL]"
23113,"mqt_v_js",54818831873427,1667,"Running","[NULL]","[NULL]"
23113,"mqt_v_js",54818831875094,8208,"R+","[NULL]","[NULL]"
23113,"mqt_v_js",54818831883302,345125,"Running","[NULL]","[NULL]"
23113,"mqt_v_js",54818832228427,14667,"R+","[NULL]","[NULL]"
23113,"mqt_v_js",54818832243094,1833,"Running","[NULL]","[NULL]"
23113,"mqt_v_js",54818832244927,7917,"R+","[NULL]","[NULL]"
23113,"mqt_v_js",54818832252844,7125,"Running","[NULL]","[NULL]"
23113,"mqt_v_js",54818832259969,171583,"R+","[NULL]","[NULL]"
23113,"mqt_v_js",54818832431552,11000,"Running","[NULL]","[NULL]"
23113,"mqt_v_js",54818832442552,16750,"R+","[NULL]","[NULL]"
23113,"mqt_v_js",54818832459302,166667,"Running","[NULL]","[NULL]"
23113,"mqt_v_js",54818832625969,14291,"R+","[NULL]","[NULL]"
23113,"mqt_v_js",54818832640260,1834,"Running","[NULL]","[NULL]"
23113,"mqt_v_js",54818832642094,7916,"R+","[NULL]","[NULL]"
23113,"mqt_v_js",54818832650010,6875,"Running","[NULL]","[NULL]"
23113,"mqt_v_js",54818832656885,7875,"R+","[NULL]","[NULL]"
23113,"mqt_v_js",54818832664760,1542,"Running","[NULL]","[NULL]"
23113,"mqt_v_js",54818832666302,6083,"R+","[NULL]","[NULL]"
23113,"mqt_v_js",54818832672385,90667,"Running","[NULL]","[NULL]"
23113,"mqt_v_js",54818832763052,11958,"R+","[NULL]","[NULL]"
23113,"mqt_v_js",54818832775010,1709,"Running","[NULL]","[NULL]"
23113,"mqt_v_js",54818832776719,12541,"R+","[NULL]","[NULL]"
23113,"mqt_v_js",54818832789260,390834,"Running","[NULL]","[NULL]"
23113,"mqt_v_js",54818833180094,9500,"R+","[NULL]","[NULL]"
23113,"mqt_v_js",54818833189594,1625,"Running","[NULL]","[NULL]"
23113,"mqt_v_js",54818833191219,6791,"R+","[NULL]","[NULL]"
23113,"mqt_v_js",54818833198010,418125,"Running","[NULL]","[NULL]"
23113,"mqt_v_js",54818833616135,222959,"R+","[NULL]","[NULL]"
23113,"mqt_v_js",54818833839094,20125,"Running","[NULL]","[NULL]"
23113,"mqt_v_js",54818833859219,103958,"R+","[NULL]","[NULL]"
23113,"mqt_v_js",54818833963177,184792,"Running","[NULL]","[NULL]"
23113,"mqt_v_js",54818834147969,96500,"R","[NULL]","[NULL]"
23113,"mqt_v_js",54818834244469,1495833,"Running","[NULL]","[NULL]"
23113,"mqt_v_js",54818835740302,29208,"R+","[NULL]","[NULL]"
23113,"mqt_v_js",54818835769510,2167,"Running","[NULL]","[NULL]"
23113,"mqt_v_js",54818835771677,678167,"R+","[NULL]","[NULL]"
23055,"MainThread",54818836353385,89125,"R","[NULL]","[NULL]"
23055,"MainThread",54818836442510,337000,"Running","[NULL]","[NULL]"
23113,"mqt_v_js",54818836449844,2610458,"Running","[NULL]","[NULL]"
23055,"MainThread",54818836779510,2768875,"R+","[NULL]","[NULL]"
23113,"mqt_v_js",54818839060302,10458,"R","[NULL]","[NULL]"
23113,"mqt_v_js",54818839070760,196417,"Running","[NULL]","[NULL]"
23113,"mqt_v_js",54818839267177,87875,"R","[NULL]","[NULL]"
23113,"mqt_v_js",54818839355052,602083,"Running","[NULL]","[NULL]"
23055,"MainThread",54818839548385,112750,"Running","[NULL]","[NULL]"
23055,"MainThread",54818839661135,1451209,"S","[NULL]","[NULL]"
23113,"mqt_v_js",54818839957135,295584,"R","[NULL]","[NULL]"
23113,"mqt_v_js",54818840252719,653750,"Running","[NULL]","[NULL]"
23113,"mqt_v_js",54818840906469,251041,"R","[NULL]","[NULL]"
23055,"MainThread",54818841112344,8541750,"R","[NULL]","[NULL]"
23113,"mqt_v_js",54818841157510,333334,"Running","[NULL]","[NULL]"
23113,"mqt_v_js",54818841490844,21125,"R","[NULL]","[NULL]"
23113,"mqt_v_js",54818841511969,1165833,"Running","[NULL]","[NULL]"
23113,"mqt_v_js",54818842677802,11250,"R","[NULL]","[NULL]"
23113,"mqt_v_js",54818842689052,9736833,"Running","[NULL]","[NULL]"
23055,"MainThread",54818849654094,388875,"Running","[NULL]","[NULL]"
23055,"MainThread",54818850042969,7751208,"S","[NULL]","[NULL]"
23113,"mqt_v_js",54818852425885,259500,"R","[NULL]","[NULL]"
23113,"mqt_v_js",54818852685385,4024625,"Running","[NULL]","[NULL]"
23113,"mqt_v_js",54818856710010,61875,"R","[NULL]","[NULL]"
23113,"mqt_v_js",54818856771885,798959,"Running","[NULL]","[NULL]"
23113,"mqt_v_js",54818857570844,57541,"R","[NULL]","[NULL]"
23113,"mqt_v_js",54818857628385,1530667,"Running","[NULL]","[NULL]"
23055,"MainThread",54818857794177,420500,"R","[NULL]","[NULL]"
23055,"MainThread",54818858214677,1283625,"Running","[NULL]","[NULL]"
23113,"mqt_v_js",54818859159052,74125,"R","[NULL]","[NULL]"
23113,"mqt_v_js",54818859233177,2893375,"Running","[NULL]","[NULL]"
23055,"MainThread",54818859498302,1061833,"R","[NULL]","[NULL]"
23055,"MainThread",54818860560135,2035459,"Running","[NULL]","[NULL]"
23113,"mqt_v_js",54818862126552,41708,"R+","[NULL]","[NULL]"
23113,"mqt_v_js",54818862168260,3167,"Running","[NULL]","[NULL]"
23113,"mqt_v_js",54818862171427,1429958,"R+","[NULL]","[NULL]"
23055,"MainThread",54818862595594,9961625,"S","[NULL]","[NULL]"
23113,"mqt_v_js",54818863601385,4540917,"Running","[NULL]","[NULL]"
23113,"mqt_v_js",54818868142302,2923042,"R","[NULL]","[NULL]"
23113,"mqt_v_js",54818871065344,1620291,"Running","[NULL]","[NULL]"
23055,"MainThread",54818872557219,73750,"R","[NULL]","[NULL]"
23055,"MainThread",54818872630969,1727583,"Running","[NULL]","[NULL]"
23113,"mqt_v_js",54818872685635,494334,"R+","[NULL]","[NULL]"
23113,"mqt_v_js",54818873179969,7583,"Running","[NULL]","[NULL]"
23113,"mqt_v_js",54818873187552,29458,"R+","[NULL]","[NULL]"
23113,"mqt_v_js",54818873217010,76875,"Running","[NULL]","[NULL]"
23113,"mqt_v_js",54818873293885,157959,"R","[NULL]","[NULL]"
23113,"mqt_v_js",54818873451844,60208,"Running","[NULL]","[NULL]"
23113,"mqt_v_js",54818873512052,28958,"R+","[NULL]","[NULL]"
23113,"mqt_v_js",54818873541010,5042,"Running","[NULL]","[NULL]"
23113,"mqt_v_js",54818873546052,57583,"R+","[NULL]","[NULL]"
23113,"mqt_v_js",54818873603635,35959,"Running","[NULL]","[NULL]"
23113,"mqt_v_js",54818873639594,24125,"R+","[NULL]","[NULL]"
23113,"mqt_v_js",54818873663719,3875,"Running","[NULL]","[NULL]"
23113,"mqt_v_js",54818873667594,37166,"R+","[NULL]","[NULL]"
23113,"mqt_v_js",54818873704760,23209,"Running","[NULL]","[NULL]"
23113,"mqt_v_js",54818873727969,12000,"R+","[NULL]","[NULL]"
23113,"mqt_v_js",54818873739969,8250,"Running","[NULL]","[NULL]"
23113,"mqt_v_js",54818873748219,18500,"R+","[NULL]","[NULL]"
23113,"mqt_v_js",54818873766719,42500,"Running","[NULL]","[NULL]"
23113,"mqt_v_js",54818873809219,17625,"R+","[NULL]","[NULL]"
23113,"mqt_v_js",54818873826844,6458,"Running","[NULL]","[NULL]"
23113,"mqt_v_js",54818873833302,39292,"R+","[NULL]","[NULL]"
23113,"mqt_v_js",54818873872594,30291,"Running","[NULL]","[NULL]"
23113,"mqt_v_js",54818873902885,23917,"R+","[NULL]","[NULL]"
23113,"mqt_v_js",54818873926802,4292,"Running","[NULL]","[NULL]"
23113,"mqt_v_js",54818873931094,23041,"R+","[NULL]","[NULL]"
23113,"mqt_v_js",54818873954135,25334,"Running","[NULL]","[NULL]"
23113,"mqt_v_js",54818873979469,19875,"R+","[NULL]","[NULL]"
23113,"mqt_v_js",54818873999344,5333,"Running","[NULL]","[NULL]"
23113,"mqt_v_js",54818874004677,23417,"R+","[NULL]","[NULL]"
23113,"mqt_v_js",54818874028094,18500,"Running","[NULL]","[NULL]"
23113,"mqt_v_js",54818874046594,10666,"R+","[NULL]","[NULL]"
23113,"mqt_v_js",54818874057260,1709,"Running","[NULL]","[NULL]"
23113,"mqt_v_js",54818874058969,14916,"R+","[NULL]","[NULL]"
23113,"mqt_v_js",54818874073885,21917,"Running","[NULL]","[NULL]"
23113,"mqt_v_js",54818874095802,16792,"R+","[NULL]","[NULL]"
23113,"mqt_v_js",54818874112594,2750,"Running","[NULL]","[NULL]"
23113,"mqt_v_js",54818874115344,20708,"R+","[NULL]","[NULL]"
23113,"mqt_v_js",54818874136052,29417,"Running","[NULL]","[NULL]"
23113,"mqt_v_js",54818874165469,192750,"R+","[NULL]","[NULL]"
23113,"mqt_v_js",54818874358219,4833,"Running","[NULL]","[NULL]"
23055,"MainThread",54818874358552,2601583,"R","[NULL]","[NULL]"
23113,"mqt_v_js",54818874363052,14083,"R+","[NULL]","[NULL]"
23113,"mqt_v_js",54818874377135,18292,"Running","[NULL]","[NULL]"
23113,"mqt_v_js",54818874395427,2063750,"R+","[NULL]","[NULL]"
23113,"mqt_v_js",54818876459177,381333,"Running","[NULL]","[NULL]"
23113,"mqt_v_js",54818876840510,1011209,"R","[NULL]","[NULL]"
23055,"MainThread",54818876960135,777792,"Running","[NULL]","[NULL]"
23055,"MainThread",54818877737927,52208,"R","[NULL]","[NULL]"
23055,"MainThread",54818877790135,2005125,"Running","[NULL]","[NULL]"
23113,"mqt_v_js",54818877851719,307208,"Running","[NULL]","[NULL]"
23113,"mqt_v_js",54818878158927,892000,"R+","[NULL]","[NULL]"
23104,"RenderThread",54818878756177,10397625,"R","[NULL]","[NULL]"
23113,"mqt_v_js",54818879050927,3708,"Running","[NULL]","[NULL]"
23113,"mqt_v_js",54818879054635,12292,"R+","[NULL]","[NULL]"
23113,"mqt_v_js",54818879066927,675042,"Running","[NULL]","[NULL]"
23113,"mqt_v_js",54818879741969,1639791,"R+","[NULL]","[NULL]"
23055,"MainThread",54818879795260,2727750,"R+","[NULL]","[NULL]"
23113,"mqt_v_js",54818881381760,537125,"Running","[NULL]","[NULL]"
23113,"mqt_v_js",54818881918885,2214334,"R","[NULL]","[NULL]"
23055,"MainThread",54818882523010,99542,"Running","[NULL]","[NULL]"
23055,"MainThread",54818882622552,92917,"R","[NULL]","[NULL]"
23055,"MainThread",54818882715469,230000,"Running","[NULL]","[NULL]"
23055,"MainThread",54818882945469,3057333,"R+","[NULL]","[NULL]"
23113,"mqt_v_js",54818884133219,859750,"Running","[NULL]","[NULL]"
23113,"mqt_v_js",54818884992969,15322125,"R","[NULL]","[NULL]"
23055,"MainThread",54818886002802,1921333,"Running","[NULL]","[NULL]"
23055,"MainThread",54818887924135,5390125,"S","[NULL]","[NULL]"
23104,"RenderThread",54818889153802,28583,"Running","[NULL]","[NULL]"
23104,"RenderThread",54818889182385,40908375,"S","[NULL]","[NULL]"
23055,"MainThread",54818893314260,320750,"R","[NULL]","[NULL]"
23055,"MainThread",54818893635010,1734875,"Running","[NULL]","[NULL]"
23055,"MainThread",54818895369885,3357584,"R","[NULL]","[NULL]"
23055,"MainThread",54818898727469,1631500,"Running","[NULL]","[NULL]"
23113,"mqt_v_js",54818900315094,558250,"Running","[NULL]","[NULL]"
23055,"MainThread",54818900358969,55291,"R","[NULL]","[NULL]"
23055,"MainThread",54818900414260,71250,"Running","[NULL]","[NULL]"
23055,"MainThread",54818900485510,33167,"R","[NULL]","[NULL]"
23055,"MainThread",54818900518677,134958,"Running","[NULL]","[NULL]"
23055,"MainThread",54818900653635,1115125,"R","[NULL]","[NULL]"
23113,"mqt_v_js",54818900873344,18867208,"R","[NULL]","[NULL]"
23055,"MainThread",54818901768760,110542,"Running","[NULL]","[NULL]"
23055,"MainThread",54818901879302,34917,"R","[NULL]","[NULL]"
23055,"MainThread",54818901914219,89458,"Running","[NULL]","[NULL]"
23055,"MainThread",54818902003677,78208,"R","[NULL]","[NULL]"
23055,"MainThread",54818902081885,96917,"Running","[NULL]","[NULL]"
23055,"MainThread",54818902178802,53375,"R","[NULL]","[NULL]"
23055,"MainThread",54818902232177,71083,"Running","[NULL]","[NULL]"
23055,"MainThread",54818902303260,54417,"R","[NULL]","[NULL]"
23055,"MainThread",54818902357677,961583,"Running","[NULL]","[NULL]"
23055,"MainThread",54818903319260,2543084,"R","[NULL]","[NULL]"
23055,"MainThread",54818905862344,91041,"Running","[NULL]","[NULL]"
23055,"MainThread",54818905953385,39167,"R","[NULL]","[NULL]"
23055,"MainThread",54818905992552,1686333,"Running","[NULL]","[NULL]"
23055,"MainThread",54818907678885,2729709,"R","[NULL]","[NULL]"
23055,"MainThread",54818910408594,73958,"Running","[NULL]","[NULL]"
23055,"MainThread",54818910482552,515542,"R","[NULL]","[NULL]"
23055,"MainThread",54818910998094,3885541,"Running","[NULL]","[NULL]"
23055,"MainThread",54818914883635,79417,"R","[NULL]","[NULL]"
23055,"MainThread",54818914963052,471167,"Running","[NULL]","[NULL]"
23055,"MainThread",54818915434219,41166,"R","[NULL]","[NULL]"
23055,"MainThread",54818915475385,9686334,"Running","[NULL]","[NULL]"
23113,"mqt_v_js",54818919740552,5338875,"Running","[NULL]","[NULL]"
23113,"mqt_v_js",54818925079427,31843833,"R","[NULL]","[NULL]"
23055,"MainThread",54818925161719,70416,"R+","[NULL]","[NULL]"
23055,"MainThread",54818925232135,751917,"Running","[NULL]","[NULL]"
23055,"MainThread",54818925984052,96875,"R","[NULL]","[NULL]"
23055,"MainThread",54818926080927,2095042,"Running","[NULL]","[NULL]"
23055,"MainThread",54818928175969,53208,"R","[NULL]","[NULL]"
23055,"MainThread",54818928229177,1872083,"Running","[NULL]","[NULL]"
23104,"RenderThread",54818930090760,10500,"R","[NULL]","[NULL]"
23055,"MainThread",54818930101260,970667,"R+","[NULL]","[NULL]"
23104,"RenderThread",54818930101260,970667,"Running","[NULL]","[NULL]"
23055,"MainThread",54818931071927,5333,"Running","[NULL]","[NULL]"
23104,"RenderThread",54818931071927,2958,"S","[NULL]","[NULL]"
23104,"RenderThread",54818931074885,2375,"R","[NULL]","[NULL]"
23055,"MainThread",54818931077260,762375,"R+","[NULL]","[NULL]"
23104,"RenderThread",54818931077260,762375,"Running","[NULL]","[NULL]"
23055,"MainThread",54818931839635,2153709,"Running","[NULL]","[NULL]"
23104,"RenderThread",54818931839635,2443417,"S","[NULL]","[NULL]"
23055,"MainThread",54818933993344,300416,"R","[NULL]","[NULL]"
23104,"RenderThread",54818934283052,1169417,"R","[NULL]","[NULL]"
23055,"MainThread",54818934293760,1158709,"Running","[NULL]","[NULL]"
23055,"MainThread",54818935452469,1385208,"S","[NULL]","[NULL]"
23104,"RenderThread",54818935452469,1727666,"Running","[NULL]","[NULL]"
23055,"MainThread",54818936837677,2712750,"R","[NULL]","[NULL]"
23104,"RenderThread",54818937180135,114334,"R+","[NULL]","[NULL]"
23104,"RenderThread",54818937294469,2236333,"Running","[NULL]","[NULL]"
23104,"RenderThread",54818939530802,75875,"R+","[NULL]","[NULL]"
23055,"MainThread",54818939550427,56250,"Running","[NULL]","[NULL]"
23055,"MainThread",54818939606677,1949958,"S","[NULL]","[NULL]"
23104,"RenderThread",54818939606677,578042,"Running","[NULL]","[NULL]"
23104,"RenderThread",54818940184719,5125,"R+","[NULL]","[NULL]"
23104,"RenderThread",54818940189844,222791,"Running","[NULL]","[NULL]"
23104,"RenderThread",54818940412635,3125,"R+","[NULL]","[NULL]"
23104,"RenderThread",54818940415760,4084,"Running","[NULL]","[NULL]"
23104,"RenderThread",54818940419844,4875,"R+","[NULL]","[NULL]"
23104,"RenderThread",54818940424719,6958,"Running","[NULL]","[NULL]"
23104,"RenderThread",54818940431677,4234917,"S","[NULL]","[NULL]"
23055,"MainThread",54818941556635,3014667,"R","[NULL]","[NULL]"
23055,"MainThread",54818944571302,375250,"Running","[NULL]","[NULL]"
23104,"RenderThread",54818944666594,286791,"R","[NULL]","[NULL]"
23055,"MainThread",54818944946552,74083,"S","[NULL]","[NULL]"
23104,"RenderThread",54818944953385,94250,"Running","[NULL]","[NULL]"
23055,"MainThread",54818945020635,27000,"R","[NULL]","[NULL]"
23055,"MainThread",54818945047635,7542,"Running","[NULL]","[NULL]"
23104,"RenderThread",54818945047635,30705875,"S","[NULL]","[NULL]"
23055,"MainThread",54818945055177,12615917,"S","[NULL]","[NULL]"
23113,"mqt_v_js",54818956923260,756167,"Running","[NULL]","[NULL]"
23055,"MainThread",54818957671094,8731708,"R","[NULL]","[NULL]"
23113,"mqt_v_js",54818957679427,1184625,"R","[NULL]","[NULL]"
23113,"mqt_v_js",54818958864052,4775333,"Running","[NULL]","[NULL]"
23113,"mqt_v_js",54818963639385,6649084,"R","[NULL]","[NULL]"
23055,"MainThread",54818966402802,205583,"Running","[NULL]","[NULL]"
23055,"MainThread",54818966608385,6675334,"S","[NULL]","[NULL]"
23113,"mqt_v_js",54818970288469,1029750,"Running","[NULL]","[NULL]"
23113,"mqt_v_js",54818971318219,76583,"R","[NULL]","[NULL]"
23113,"mqt_v_js",54818971394802,291708,"Running","[NULL]","[NULL]"
23113,"mqt_v_js",54818971686510,79709,"R","[NULL]","[NULL]"
23113,"mqt_v_js",54818971766219,176416,"Running","[NULL]","[NULL]"
23113,"mqt_v_js",54818971942635,16917,"R","[NULL]","[NULL]"
23113,"mqt_v_js",54818971959552,1069708,"Running","[NULL]","[NULL]"
23113,"mqt_v_js",54818973029260,5625,"R","[NULL]","[NULL]"
23113,"mqt_v_js",54818973034885,252375,"Running","[NULL]","[NULL]"
23055,"MainThread",54818973283719,3541,"R","[NULL]","[NULL]"
23055,"MainThread",54818973287260,42000,"Running","[NULL]","[NULL]"
23113,"mqt_v_js",54818973287260,42000,"R+","[NULL]","[NULL]"
23055,"MainThread",54818973329260,1459,"S","[NULL]","[NULL]"
23113,"mqt_v_js",54818973329260,2334,"Running","[NULL]","[NULL]"
23055,"MainThread",54818973330719,875,"R","[NULL]","[NULL]"
23055,"MainThread",54818973331594,143333,"Running","[NULL]","[NULL]"
23113,"mqt_v_js",54818973331594,143333,"R+","[NULL]","[NULL]"
23055,"MainThread",54818973474927,851875,"S","[NULL]","[NULL]"
23113,"mqt_v_js",54818973474927,36958,"Running","[NULL]","[NULL]"
23113,"mqt_v_js",54818973511885,841673667,"S","[NULL]","[NULL]"
23055,"MainThread",54818974326802,709167,"R","[NULL]","[NULL]"
23055,"MainThread",54818975035969,2641250,"Running","[NULL]","[NULL]"
23104,"RenderThread",54818975753510,1923709,"R","[NULL]","[NULL]"
23055,"MainThread",54818977677219,273000,"S","[NULL]","[NULL]"
23104,"RenderThread",54818977677219,2220458,"Running","[NULL]","[NULL]"
23055,"MainThread",54818977950219,1947458,"R","[NULL]","[NULL]"
23055,"MainThread",54818979897677,49500,"Running","[NULL]","[NULL]"
23104,"RenderThread",54818979897677,52917,"R+","[NULL]","[NULL]"
23055,"MainThread",54818979947177,11317500,"S","[NULL]","[NULL]"
23104,"RenderThread",54818979950594,15625,"Running","[NULL]","[NULL]"
23104,"RenderThread",54818979966219,9297000,"S","[NULL]","[NULL]"
23104,"RenderThread",54818989263219,1836000,"R","[NULL]","[NULL]"
23104,"RenderThread",54818991099219,171666,"Running","[NULL]","[NULL]"
23055,"MainThread",54818991264677,6208,"R","[NULL]","[NULL]"
23055,"MainThread",54818991270885,48667,"Running","[NULL]","[NULL]"
23104,"RenderThread",54818991270885,48667,"R+","[NULL]","[NULL]"
23055,"MainThread",54818991319552,2958,"S","[NULL]","[NULL]"
23104,"RenderThread",54818991319552,4042,"Running","[NULL]","[NULL]"
23055,"MainThread",54818991322510,1084,"R","[NULL]","[NULL]"
23055,"MainThread",54818991323594,15708,"Running","[NULL]","[NULL]"
23104,"RenderThread",54818991323594,38750,"R+","[NULL]","[NULL]"
23055,"MainThread",54818991339302,992125,"S","[NULL]","[NULL]"
23104,"RenderThread",54818991362344,27250,"Running","[NULL]","[NULL]"
23104,"RenderThread",54818991389594,821942333,"S","[NULL]","[NULL]"
23055,"MainThread",54818992331427,1927833,"R","[NULL]","[NULL]"
23055,"MainThread",54818994259260,156167,"Running","[NULL]","[NULL]"
23055,"MainThread",54818994415427,6280625,"R+","[NULL]","[NULL]"
23055,"MainThread",54819000696052,319875,"Running","[NULL]","[NULL]"
23055,"MainThread",54819001015927,7415708,"S","[NULL]","[NULL]"
23055,"MainThread",54819008431635,1289334,"R","[NULL]","[NULL]"
23055,"MainThread",54819009720969,165166,"Running","[NULL]","[NULL]"
23055,"MainThread",54819009886135,16584,"R+","[NULL]","[NULL]"
23055,"MainThread",54819009902719,44125,"Running","[NULL]","[NULL]"
23055,"MainThread",54819009946844,5061833,"S","[NULL]","[NULL]"
23055,"MainThread",54819015008677,29875,"R","[NULL]","[NULL]"
23055,"MainThread",54819015038552,121792,"Running","[NULL]","[NULL]"
23055,"MainThread",54819015160344,38375,"R+","[NULL]","[NULL]"
23055,"MainThread",54819015198719,18208,"Running","[NULL]","[NULL]"
23055,"MainThread",54819015216927,9250625,"S","[NULL]","[NULL]"
23055,"MainThread",54819024467552,996583,"R","[NULL]","[NULL]"
23055,"MainThread",54819025464135,110750,"Running","[NULL]","[NULL]"
23055,"MainThread",54819025574885,11375,"R+","[NULL]","[NULL]"
23055,"MainThread",54819025586260,32584,"Running","[NULL]","[NULL]"
23055,"MainThread",54819025618844,1071791,"S","[NULL]","[NULL]"
23055,"MainThread",54819026690635,38125,"R","[NULL]","[NULL]"
23055,"MainThread",54819026728760,31084,"Running","[NULL]","[NULL]"
23055,"MainThread",54819026759844,14346833,"S","[NULL]","[NULL]"
23055,"MainThread",54819041106677,896417,"R","[NULL]","[NULL]"
23055,"MainThread",54819042003094,131333,"Running","[NULL]","[NULL]"
23055,"MainThread",54819042134427,12208,"R+","[NULL]","[NULL]"
23055,"MainThread",54819042146635,43250,"Running","[NULL]","[NULL]"
23055,"MainThread",54819042189885,15536292,"S","[NULL]","[NULL]"
23055,"MainThread",54819057726177,15875,"R","[NULL]","[NULL]"
23055,"MainThread",54819057742052,80208,"Running","[NULL]","[NULL]"
23055,"MainThread",54819057822260,1336542,"R+","[NULL]","[NULL]"
23055,"MainThread",54819059158802,124958,"Running","[NULL]","[NULL]"
23055,"MainThread",54819059283760,11542,"R+","[NULL]","[NULL]"
23055,"MainThread",54819059295302,29167,"Running","[NULL]","[NULL]"
23055,"MainThread",54819059324469,15142041,"S","[NULL]","[NULL]"
23055,"MainThread",54819074466510,891584,"R","[NULL]","[NULL]"
23055,"MainThread",54819075358094,146750,"Running","[NULL]","[NULL]"
23055,"MainThread",54819075504844,11541,"R+","[NULL]","[NULL]"
23055,"MainThread",54819075516385,33792,"Running","[NULL]","[NULL]"
23055,"MainThread",54819075550177,15591333,"S","[NULL]","[NULL]"
23055,"MainThread",54819091141510,7348959,"R","[NULL]","[NULL]"
23055,"MainThread",54819098490469,182958,"Running","[NULL]","[NULL]"
23055,"MainThread",54819098673427,10284083,"S","[NULL]","[NULL]"
23055,"MainThread",54819108957510,17834,"R","[NULL]","[NULL]"
23055,"MainThread",54819108975344,151833,"Running","[NULL]","[NULL]"
23055,"MainThread",54819109127177,15230125,"S","[NULL]","[NULL]"
23055,"MainThread",54819124357302,22458,"R","[NULL]","[NULL]"
23055,"MainThread",54819124379760,152875,"Running","[NULL]","[NULL]"
23055,"MainThread",54819124532635,14000,"R+","[NULL]","[NULL]"
23055,"MainThread",54819124546635,25584,"Running","[NULL]","[NULL]"
23055,"MainThread",54819124572219,47375,"R","[NULL]","[NULL]"
23055,"MainThread",54819124619594,31625,"Running","[NULL]","[NULL]"
23055,"MainThread",54819124651219,16563417,"S","[NULL]","[NULL]"
23055,"MainThread",54819141214636,71291,"R","[NULL]","[NULL]"
23055,"MainThread",54819141285927,173834,"Running","[NULL]","[NULL]"
23055,"MainThread",54819141459761,22056500,"R","[NULL]","[NULL]"
23055,"MainThread",54819163516261,145625,"Running","[NULL]","[NULL]"
23055,"MainThread",54819163661886,63083,"R+","[NULL]","[NULL]"
23055,"MainThread",54819163724969,58125,"Running","[NULL]","[NULL]"
23055,"MainThread",54819163783094,11124042,"S","[NULL]","[NULL]"
23055,"MainThread",54819174907136,200791,"R","[NULL]","[NULL]"
23055,"MainThread",54819175107927,140625,"Running","[NULL]","[NULL]"
23055,"MainThread",54819175248552,1029792,"R+","[NULL]","[NULL]"
23055,"MainThread",54819176278344,46000,"Running","[NULL]","[NULL]"
23055,"MainThread",54819176324344,14729458,"S","[NULL]","[NULL]"
23055,"MainThread",54819191053802,25209,"R","[NULL]","[NULL]"
23055,"MainThread",54819191079011,204458,"Running","[NULL]","[NULL]"
23055,"MainThread",54819191283469,21167,"R+","[NULL]","[NULL]"
23055,"MainThread",54819191304636,51125,"Running","[NULL]","[NULL]"
23055,"MainThread",54819191355761,16397833,"S","[NULL]","[NULL]"
23055,"MainThread",54819207753594,70208,"R","[NULL]","[NULL]"
23055,"MainThread",54819207823802,87459,"Running","[NULL]","[NULL]"
23055,"MainThread",54819207911261,10041,"R+","[NULL]","[NULL]"
23055,"MainThread",54819207921302,20000,"Running","[NULL]","[NULL]"
23055,"MainThread",54819207941302,17006792,"S","[NULL]","[NULL]"
23055,"MainThread",54819224948094,100125,"R","[NULL]","[NULL]"
23055,"MainThread",54819225048219,72417,"Running","[NULL]","[NULL]"
23055,"MainThread",54819225120636,19958,"R+","[NULL]","[NULL]"
23055,"MainThread",54819225140594,17625,"Running","[NULL]","[NULL]"
23055,"MainThread",54819225158219,15994167,"S","[NULL]","[NULL]"
23055,"MainThread",54819241152386,68541,"R","[NULL]","[NULL]"
23055,"MainThread",54819241220927,83334,"Running","[NULL]","[NULL]"
23055,"MainThread",54819241304261,35083,"R+","[NULL]","[NULL]"
23055,"MainThread",54819241339344,21583,"Running","[NULL]","[NULL]"
23055,"MainThread",54819241360927,16401375,"S","[NULL]","[NULL]"
23055,"MainThread",54819257762302,70375,"R","[NULL]","[NULL]"
23055,"MainThread",54819257832677,86625,"Running","[NULL]","[NULL]"
23055,"MainThread",54819257919302,10125,"R+","[NULL]","[NULL]"
23055,"MainThread",54819257929427,19250,"Running","[NULL]","[NULL]"
23055,"MainThread",54819257948677,17425084,"S","[NULL]","[NULL]"
23055,"MainThread",54819275373761,124250,"R","[NULL]","[NULL]"
23055,"MainThread",54819275498011,128291,"Running","[NULL]","[NULL]"
23055,"MainThread",54819275626302,10375,"R+","[NULL]","[NULL]"
23055,"MainThread",54819275636677,25750,"Running","[NULL]","[NULL]"
23055,"MainThread",54819275662427,16113000,"S","[NULL]","[NULL]"
23055,"MainThread",54819291775427,144334,"R","[NULL]","[NULL]"
23055,"MainThread",54819291919761,234041,"Running","[NULL]","[NULL]"
23055,"MainThread",54819292153802,11167,"R+","[NULL]","[NULL]"
23055,"MainThread",54819292164969,36792,"Running","[NULL]","[NULL]"
23055,"MainThread",54819292201761,16644500,"S","[NULL]","[NULL]"
23055,"MainThread",54819308846261,132208,"R","[NULL]","[NULL]"
23055,"MainThread",54819308978469,114417,"Running","[NULL]","[NULL]"
23055,"MainThread",54819309092886,13583,"R+","[NULL]","[NULL]"
23055,"MainThread",54819309106469,27208,"Running","[NULL]","[NULL]"
23055,"MainThread",54819309133677,15715167,"S","[NULL]","[NULL]"
23055,"MainThread",54819324848844,74625,"R","[NULL]","[NULL]"
23055,"MainThread",54819324923469,106875,"Running","[NULL]","[NULL]"
23055,"MainThread",54819325030344,40792,"R+","[NULL]","[NULL]"
23055,"MainThread",54819325071136,161125,"Running","[NULL]","[NULL]"
23055,"MainThread",54819325232261,12750,"R+","[NULL]","[NULL]"
23055,"MainThread",54819325245011,34833,"Running","[NULL]","[NULL]"
23055,"MainThread",54819325279844,17069667,"S","[NULL]","[NULL]"
23055,"MainThread",54819342349511,86125,"R","[NULL]","[NULL]"
23055,"MainThread",54819342435636,156166,"Running","[NULL]","[NULL]"
23055,"MainThread",54819342591802,9459,"R+","[NULL]","[NULL]"
23055,"MainThread",54819342601261,29500,"Running","[NULL]","[NULL]"
23055,"MainThread",54819342630761,16238125,"S","[NULL]","[NULL]"
23055,"MainThread",54819358868886,135250,"R","[NULL]","[NULL]"
23055,"MainThread",54819359004136,174625,"Running","[NULL]","[NULL]"
23055,"MainThread",54819359178761,16713458,"S","[NULL]","[NULL]"
23055,"MainThread",54819375892219,16375,"R","[NULL]","[NULL]"
23055,"MainThread",54819375908594,81667,"Running","[NULL]","[NULL]"
23055,"MainThread",54819375990261,18119541,"S","[NULL]","[NULL]"
23055,"MainThread",54819394109802,54625,"R","[NULL]","[NULL]"
23055,"MainThread",54819394164427,72292,"Running","[NULL]","[NULL]"
23055,"MainThread",54819394236719,57208,"R","[NULL]","[NULL]"
23055,"MainThread",54819394293927,8584,"Running","[NULL]","[NULL]"
23055,"MainThread",54819394302511,14874250,"S","[NULL]","[NULL]"
23055,"MainThread",54819409176761,89541,"R","[NULL]","[NULL]"
23055,"MainThread",54819409266302,149292,"Running","[NULL]","[NULL]"
23055,"MainThread",54819409415594,11625,"R+","[NULL]","[NULL]"
23055,"MainThread",54819409427219,31375,"Running","[NULL]","[NULL]"
23055,"MainThread",54819409458594,16061458,"S","[NULL]","[NULL]"
23055,"MainThread",54819425520052,68542,"R","[NULL]","[NULL]"
23055,"MainThread",54819425588594,204583,"Running","[NULL]","[NULL]"
23055,"MainThread",54819425793177,21535750,"S","[NULL]","[NULL]"
23055,"MainThread",54819447328927,89584,"R","[NULL]","[NULL]"
23055,"MainThread",54819447418511,198875,"Running","[NULL]","[NULL]"
23055,"MainThread",54819447617386,10475416,"S","[NULL]","[NULL]"
23055,"MainThread",54819458092802,99917,"R","[NULL]","[NULL]"
23055,"MainThread",54819458192719,83125,"Running","[NULL]","[NULL]"
23055,"MainThread",54819458275844,16557333,"S","[NULL]","[NULL]"
23055,"MainThread",54819474833177,145167,"R","[NULL]","[NULL]"
23055,"MainThread",54819474978344,87375,"Running","[NULL]","[NULL]"
23055,"MainThread",54819475065719,16668250,"S","[NULL]","[NULL]"
23055,"MainThread",54819491733969,94875,"R","[NULL]","[NULL]"
23055,"MainThread",54819491828844,119542,"Running","[NULL]","[NULL]"
23055,"MainThread",54819491948386,16391541,"S","[NULL]","[NULL]"
23055,"MainThread",54819508339927,115959,"R","[NULL]","[NULL]"
23055,"MainThread",54819508455886,105333,"Running","[NULL]","[NULL]"
23055,"MainThread",54819508561219,16092125,"S","[NULL]","[NULL]"
23055,"MainThread",54819524653344,109458,"R","[NULL]","[NULL]"
23055,"MainThread",54819524762802,153334,"Running","[NULL]","[NULL]"
23055,"MainThread",54819524916136,17831041,"S","[NULL]","[NULL]"
23055,"MainThread",54819542747177,76084,"R","[NULL]","[NULL]"
23055,"MainThread",54819542823261,205541,"Running","[NULL]","[NULL]"
23055,"MainThread",54819543028802,15137709,"S","[NULL]","[NULL]"
23055,"MainThread",54819558166511,90291,"R","[NULL]","[NULL]"
23055,"MainThread",54819558256802,162042,"Running","[NULL]","[NULL]"
23055,"MainThread",54819558418844,22636208,"S","[NULL]","[NULL]"
23055,"MainThread",54819581055052,95417,"R","[NULL]","[NULL]"
23055,"MainThread",54819581150469,228083,"Running","[NULL]","[NULL]"
23055,"MainThread",54819581378552,11218667,"S","[NULL]","[NULL]"
23055,"MainThread",54819592597219,102042,"R","[NULL]","[NULL]"
23055,"MainThread",54819592699261,148041,"Running","[NULL]","[NULL]"
23055,"MainThread",54819592847302,22875,"R+","[NULL]","[NULL]"
23055,"MainThread",54819592870177,33125,"Running","[NULL]","[NULL]"
23055,"MainThread",54819592903302,14937375,"S","[NULL]","[NULL]"
23055,"MainThread",54819607840677,23709,"R","[NULL]","[NULL]"
23055,"MainThread",54819607864386,232250,"Running","[NULL]","[NULL]"
23055,"MainThread",54819608096636,19208,"R+","[NULL]","[NULL]"
23055,"MainThread",54819608115844,79792,"Running","[NULL]","[NULL]"
23055,"MainThread",54819608195636,16548333,"S","[NULL]","[NULL]"
23055,"MainThread",54819624743969,24875,"R","[NULL]","[NULL]"
23055,"MainThread",54819624768844,154583,"Running","[NULL]","[NULL]"
23055,"MainThread",54819624923427,41584,"R+","[NULL]","[NULL]"
23055,"MainThread",54819624965011,53166,"Running","[NULL]","[NULL]"
23055,"MainThread",54819625018177,16394709,"S","[NULL]","[NULL]"
23055,"MainThread",54819641412886,164000,"R","[NULL]","[NULL]"
23055,"MainThread",54819641576886,224333,"Running","[NULL]","[NULL]"
23055,"MainThread",54819641801219,2015083,"R+","[NULL]","[NULL]"
23055,"MainThread",54819643816302,54542,"Running","[NULL]","[NULL]"
23055,"MainThread",54819643870844,14140875,"S","[NULL]","[NULL]"
23055,"MainThread",54819658011719,80542,"R","[NULL]","[NULL]"
23055,"MainThread",54819658092261,53500,"Running","[NULL]","[NULL]"
23055,"MainThread",54819658145761,9708,"R+","[NULL]","[NULL]"
23055,"MainThread",54819658155469,14375,"Running","[NULL]","[NULL]"
23055,"MainThread",54819658169844,17510042,"S","[NULL]","[NULL]"
23055,"MainThread",54819675679886,24666,"R","[NULL]","[NULL]"
23055,"MainThread",54819675704552,61459,"Running","[NULL]","[NULL]"
23055,"MainThread",54819675766011,94416,"R","[NULL]","[NULL]"
23055,"MainThread",54819675860427,39542,"Running","[NULL]","[NULL]"
23055,"MainThread",54819675899969,29458,"R+","[NULL]","[NULL]"
23055,"MainThread",54819675929427,47292,"Running","[NULL]","[NULL]"
23055,"MainThread",54819675976719,15716958,"S","[NULL]","[NULL]"
23055,"MainThread",54819691693677,9917,"R","[NULL]","[NULL]"
23055,"MainThread",54819691703594,56417,"Running","[NULL]","[NULL]"
23055,"MainThread",54819691760011,9708,"R+","[NULL]","[NULL]"
23055,"MainThread",54819691769719,17208,"Running","[NULL]","[NULL]"
23055,"MainThread",54819691786927,17943709,"S","[NULL]","[NULL]"
23055,"MainThread",54819709730636,25208,"R","[NULL]","[NULL]"
23055,"MainThread",54819709755844,176792,"Running","[NULL]","[NULL]"
23055,"MainThread",54819709932636,13500,"R+","[NULL]","[NULL]"
23055,"MainThread",54819709946136,34916,"Running","[NULL]","[NULL]"
23055,"MainThread",54819709981052,17014125,"S","[NULL]","[NULL]"
23055,"MainThread",54819726995177,393625,"R","[NULL]","[NULL]"
23055,"MainThread",54819727388802,237667,"Running","[NULL]","[NULL]"
23055,"MainThread",54819727626469,13250,"R+","[NULL]","[NULL]"
23055,"MainThread",54819727639719,35000,"Running","[NULL]","[NULL]"
23055,"MainThread",54819727674719,19355042,"S","[NULL]","[NULL]"
23055,"MainThread",54819747029761,91791,"R","[NULL]","[NULL]"
23055,"MainThread",54819747121552,214417,"Running","[NULL]","[NULL]"
23055,"MainThread",54819747335969,18208,"R+","[NULL]","[NULL]"
23055,"MainThread",54819747354177,50167,"Running","[NULL]","[NULL]"
23055,"MainThread",54819747404344,10594458,"S","[NULL]","[NULL]"
23055,"MainThread",54819757998802,43417,"R","[NULL]","[NULL]"
23055,"MainThread",54819758042219,157958,"Running","[NULL]","[NULL]"
23055,"MainThread",54819758200177,18625,"R+","[NULL]","[NULL]"
23055,"MainThread",54819758218802,49667,"Running","[NULL]","[NULL]"
23055,"MainThread",54819758268469,16341917,"S","[NULL]","[NULL]"
23055,"MainThread",54819774610386,1242000,"R","[NULL]","[NULL]"
23055,"MainThread",54819775852386,377166,"Running","[NULL]","[NULL]"
23055,"MainThread",54819776229552,13999167,"S","[NULL]","[NULL]"
23055,"MainThread",54819790228719,3958,"R","[NULL]","[NULL]"
23055,"MainThread",54819790232677,678959,"Running","[NULL]","[NULL]"
23055,"MainThread",54819790911636,203791,"R","[NULL]","[NULL]"
23055,"MainThread",54819791115427,136125,"Running","[NULL]","[NULL]"
23055,"MainThread",54819791251552,5598959,"R","[NULL]","[NULL]"
23055,"MainThread",54819796850511,3250625,"Running","[NULL]","[NULL]"
23055,"MainThread",54819800101136,7369083,"R","[NULL]","[NULL]"
23055,"MainThread",54819807470219,237125,"Running","[NULL]","[NULL]"
23055,"MainThread",54819807707344,119000,"R","[NULL]","[NULL]"
23055,"MainThread",54819807826344,1399958,"Running","[NULL]","[NULL]"
23055,"MainThread",54819809226302,11500,"R","[NULL]","[NULL]"
23055,"MainThread",54819809237802,5182459,"Running","[NULL]","[NULL]"
23104,"RenderThread",54819813331927,1286834,"R","[NULL]","[NULL]"
23055,"MainThread",54819814420261,313166,"R","[NULL]","[NULL]"
23104,"RenderThread",54819814618761,114666,"Running","[NULL]","[NULL]"
23055,"MainThread",54819814733427,225292,"Running","[NULL]","[NULL]"
23104,"RenderThread",54819814733427,1930667,"S","[NULL]","[NULL]"
23055,"MainThread",54819814958719,50500,"R+","[NULL]","[NULL]"
23055,"MainThread",54819815009219,179875,"Running","[NULL]","[NULL]"
23113,"mqt_v_js",54819815185552,3542,"R","[NULL]","[NULL]"
23055,"MainThread",54819815189094,263083,"R+","[NULL]","[NULL]"
23113,"mqt_v_js",54819815189094,263083,"Running","[NULL]","[NULL]"
23055,"MainThread",54819815452177,5792,"Running","[NULL]","[NULL]"
23113,"mqt_v_js",54819815452177,4500,"S","[NULL]","[NULL]"
23113,"mqt_v_js",54819815456677,1292,"R","[NULL]","[NULL]"
23055,"MainThread",54819815457969,877125,"R+","[NULL]","[NULL]"
23113,"mqt_v_js",54819815457969,873875,"Running","[NULL]","[NULL]"
23113,"mqt_v_js",54819816331844,3411583,"R","[NULL]","[NULL]"
23055,"MainThread",54819816335094,334542,"Running","[NULL]","[NULL]"
23104,"RenderThread",54819816664094,5542,"R","[NULL]","[NULL]"
23055,"MainThread",54819816669636,2887958,"S","[NULL]","[NULL]"
23104,"RenderThread",54819816669636,3488375,"Running","[NULL]","[NULL]"
23055,"MainThread",54819819557594,122333,"R","[NULL]","[NULL]"
23055,"MainThread",54819819679927,63500,"Running","[NULL]","[NULL]"
23055,"MainThread",54819819743427,4866125,"S","[NULL]","[NULL]"
23113,"mqt_v_js",54819819743427,2314542,"Running","[NULL]","[NULL]"
23104,"RenderThread",54819820158011,6125,"R","[NULL]","[NULL]"
23104,"RenderThread",54819820164136,2974250,"Running","[NULL]","[NULL]"
23113,"mqt_v_js",54819822057969,25500,"R+","[NULL]","[NULL]"
23113,"mqt_v_js",54819822083469,544333,"Running","[NULL]","[NULL]"
23113,"mqt_v_js",54819822627802,11258376,"S","[NULL]","[NULL]"
23104,"RenderThread",54819823138386,444125,"R+","[NULL]","[NULL]"
23104,"RenderThread",54819823582511,571666,"Running","[NULL]","[NULL]"
23104,"RenderThread",54819824154177,16000,"R+","[NULL]","[NULL]"
23104,"RenderThread",54819824170177,175917,"Running","[NULL]","[NULL]"
23104,"RenderThread",54819824346094,65917,"R+","[NULL]","[NULL]"
23104,"RenderThread",54819824412011,171416,"Running","[NULL]","[NULL]"
23104,"RenderThread",54819824583427,50375,"R+","[NULL]","[NULL]"
23055,"MainThread",54819824609552,288292,"R","[NULL]","[NULL]"
23104,"RenderThread",54819824633802,148584,"Running","[NULL]","[NULL]"
23104,"RenderThread",54819824782386,275207833,"S","[NULL]","[NULL]"
23055,"MainThread",54819824897844,311625,"Running","[NULL]","[NULL]"
23055,"MainThread",54819825209469,15625,"R+","[NULL]","[NULL]"
23055,"MainThread",54819825225094,89250,"Running","[NULL]","[NULL]"
23055,"MainThread",54819825314344,16198292,"S","[NULL]","[NULL]"
23113,"mqt_v_js",54819833886178,89291,"R","[NULL]","[NULL]"
23113,"mqt_v_js",54819833975469,656667,"Running","[NULL]","[NULL]"
23113,"mqt_v_js",54819834632136,211417,"S","[NULL]","[NULL]"
23113,"mqt_v_js",54819834843553,1730000,"R","[NULL]","[NULL]"
23113,"mqt_v_js",54819836573553,756333,"Running","[NULL]","[NULL]"
23113,"mqt_v_js",54819837329886,5435250,"S","[NULL]","[NULL]"
23055,"MainThread",54819841512636,1055167,"R","[NULL]","[NULL]"
23055,"MainThread",54819842567803,109583,"Running","[NULL]","[NULL]"
23055,"MainThread",54819842677386,15625,"R+","[NULL]","[NULL]"
23055,"MainThread",54819842693011,108000,"Running","[NULL]","[NULL]"
23113,"mqt_v_js",54819842765136,37792,"R","[NULL]","[NULL]"
23055,"MainThread",54819842801011,13439167,"S","[NULL]","[NULL]"
23113,"mqt_v_js",54819842802928,518166,"Running","[NULL]","[NULL]"
23113,"mqt_v_js",54819843321094,346584,"S","[NULL]","[NULL]"
23113,"mqt_v_js",54819843667678,7800583,"R","[NULL]","[NULL]"
23113,"mqt_v_js",54819851468261,951500,"Running","[NULL]","[NULL]"
23113,"mqt_v_js",54819852419761,6458,"R","[NULL]","[NULL]"
23113,"mqt_v_js",54819852426219,3063959,"Running","[NULL]","[NULL]"
23113,"mqt_v_js",54819855490178,617750,"R","[NULL]","[NULL]"
23113,"mqt_v_js",54819856107928,161375,"Running","[NULL]","[NULL]"
23055,"MainThread",54819856240178,559333,"R","[NULL]","[NULL]"
23113,"mqt_v_js",54819856269303,114750,"R","[NULL]","[NULL]"
23113,"mqt_v_js",54819856384053,1309916,"Running","[NULL]","[NULL]"
23055,"MainThread",54819856799511,365833,"Running","[NULL]","[NULL]"
23055,"MainThread",54819857165344,225709,"R","[NULL]","[NULL]"
23055,"MainThread",54819857391053,446375,"Running","[NULL]","[NULL]"
23113,"mqt_v_js",54819857693969,92542,"R","[NULL]","[NULL]"
23113,"mqt_v_js",54819857786511,2275125,"Running","[NULL]","[NULL]"
23055,"MainThread",54819857837428,141958,"R","[NULL]","[NULL]"
23055,"MainThread",54819857979386,756458,"Running","[NULL]","[NULL]"
23055,"MainThread",54819858735844,30375,"R+","[NULL]","[NULL]"
23055,"MainThread",54819858766219,71459,"Running","[NULL]","[NULL]"
23055,"MainThread",54819858837678,13708,"R+","[NULL]","[NULL]"
23055,"MainThread",54819858851386,28917,"Running","[NULL]","[NULL]"
23055,"MainThread",54819858880303,15635916,"S","[NULL]","[NULL]"
23113,"mqt_v_js",54819860061636,5250,"R","[NULL]","[NULL]"
23113,"mqt_v_js",54819860066886,397458,"Running","[NULL]","[NULL]"
23113,"mqt_v_js",54819860464344,50542,"R","[NULL]","[NULL]"
23113,"mqt_v_js",54819860514886,190167,"Running","[NULL]","[NULL]"
23113,"mqt_v_js",54819860705053,7666,"R","[NULL]","[NULL]"
23113,"mqt_v_js",54819860712719,11330500,"Running","[NULL]","[NULL]"
23113,"mqt_v_js",54819872043219,232375,"R","[NULL]","[NULL]"
23113,"mqt_v_js",54819872275594,297042,"Running","[NULL]","[NULL]"
23113,"mqt_v_js",54819872572636,10750,"R","[NULL]","[NULL]"
23113,"mqt_v_js",54819872583386,1487250,"Running","[NULL]","[NULL]"
23113,"mqt_v_js",54819874070636,45958,"R","[NULL]","[NULL]"
23113,"mqt_v_js",54819874116594,254834,"Running","[NULL]","[NULL]"
23113,"mqt_v_js",54819874371428,283916,"R","[NULL]","[NULL]"
23055,"MainThread",54819874516219,36084,"R","[NULL]","[NULL]"
23055,"MainThread",54819874552303,151875,"Running","[NULL]","[NULL]"
23113,"mqt_v_js",54819874655344,269667,"Running","[NULL]","[NULL]"
23055,"MainThread",54819874704178,3159250,"R+","[NULL]","[NULL]"
23113,"mqt_v_js",54819874925011,83708,"R","[NULL]","[NULL]"
23113,"mqt_v_js",54819875008719,1689667,"Running","[NULL]","[NULL]"
23113,"mqt_v_js",54819876698386,83375,"R","[NULL]","[NULL]"
23113,"mqt_v_js",54819876781761,5104458,"Running","[NULL]","[NULL]"
23055,"MainThread",54819877863428,650208,"Running","[NULL]","[NULL]"
23055,"MainThread",54819878513636,12762000,"S","[NULL]","[NULL]"
23113,"mqt_v_js",54819881886219,2273167,"R","[NULL]","[NULL]"
23113,"mqt_v_js",54819884159386,467125,"Running","[NULL]","[NULL]"
23113,"mqt_v_js",54819884626511,1013750,"R+","[NULL]","[NULL]"
23113,"mqt_v_js",54819885640261,1250083,"Running","[NULL]","[NULL]"
23113,"mqt_v_js",54819886890344,3707417,"R+","[NULL]","[NULL]"
23113,"mqt_v_js",54819890597761,404792,"Running","[NULL]","[NULL]"
23113,"mqt_v_js",54819891002553,1065166,"R","[NULL]","[NULL]"
23055,"MainThread",54819891275636,930625,"R","[NULL]","[NULL]"
23113,"mqt_v_js",54819892067719,3016292,"Running","[NULL]","[NULL]"
23055,"MainThread",54819892206261,98042,"Running","[NULL]","[NULL]"
23055,"MainThread",54819892304303,19541,"R+","[NULL]","[NULL]"
23055,"MainThread",54819892323844,29000,"Running","[NULL]","[NULL]"
23055,"MainThread",54819892352844,15530750,"S","[NULL]","[NULL]"
23113,"mqt_v_js",54819895084011,1568333,"R","[NULL]","[NULL]"
23113,"mqt_v_js",54819896652344,3939792,"Running","[NULL]","[NULL]"
23113,"mqt_v_js",54819900592136,1015917,"R","[NULL]","[NULL]"
23113,"mqt_v_js",54819901608053,2446916,"Running","[NULL]","[NULL]"
23113,"mqt_v_js",54819904054969,3792,"R","[NULL]","[NULL]"
23113,"mqt_v_js",54819904058761,3681875,"Running","[NULL]","[NULL]"
23113,"mqt_v_js",54819907740636,251000,"R","[NULL]","[NULL]"
23055,"MainThread",54819907883594,22875,"R","[NULL]","[NULL]"
23055,"MainThread",54819907906469,385334,"Running","[NULL]","[NULL]"
23113,"mqt_v_js",54819907991636,284000,"Running","[NULL]","[NULL]"
23113,"mqt_v_js",54819908275636,3875,"R","[NULL]","[NULL]"
23113,"mqt_v_js",54819908279511,7943833,"Running","[NULL]","[NULL]"
23055,"MainThread",54819908291803,497666,"R+","[NULL]","[NULL]"
23055,"MainThread",54819908789469,81084,"Running","[NULL]","[NULL]"
23055,"MainThread",54819908870553,15798958,"S","[NULL]","[NULL]"
23113,"mqt_v_js",54819916223344,3584,"R","[NULL]","[NULL]"
23113,"mqt_v_js",54819916226928,2859875,"Running","[NULL]","[NULL]"
23113,"mqt_v_js",54819919086803,141708,"R+","[NULL]","[NULL]"
23113,"mqt_v_js",54819919228511,4853333,"Running","[NULL]","[NULL]"
23113,"mqt_v_js",54819924081844,14209,"R","[NULL]","[NULL]"
23113,"mqt_v_js",54819924096053,173916,"Running","[NULL]","[NULL]"
23113,"mqt_v_js",54819924269969,5500,"R","[NULL]","[NULL]"
23113,"mqt_v_js",54819924275469,151750,"Running","[NULL]","[NULL]"
23113,"mqt_v_js",54819924427219,229625,"R","[NULL]","[NULL]"
23113,"mqt_v_js",54819924656844,2960834,"Running","[NULL]","[NULL]"
23055,"MainThread",54819924669511,29250,"R","[NULL]","[NULL]"
23055,"MainThread",54819924698761,3026833,"Running","[NULL]","[NULL]"
23113,"mqt_v_js",54819927617678,73125,"R","[NULL]","[NULL]"
23113,"mqt_v_js",54819927690803,190708,"Running","[NULL]","[NULL]"
23055,"MainThread",54819927725594,92917,"R","[NULL]","[NULL]"
23055,"MainThread",54819927818511,856667,"Running","[NULL]","[NULL]"
23113,"mqt_v_js",54819927881511,5500,"R","[NULL]","[NULL]"
23113,"mqt_v_js",54819927887011,322500,"Running","[NULL]","[NULL]"
23113,"mqt_v_js",54819928209511,4083,"R","[NULL]","[NULL]"
23113,"mqt_v_js",54819928213594,2118667,"Running","[NULL]","[NULL]"
23055,"MainThread",54819928675178,43166,"R+","[NULL]","[NULL]"
23055,"MainThread",54819928718344,74417,"Running","[NULL]","[NULL]"
23055,"MainThread",54819928792761,12719583,"S","[NULL]","[NULL]"
23113,"mqt_v_js",54819930332261,128958,"R","[NULL]","[NULL]"
23113,"mqt_v_js",54819930461219,5731875,"Running","[NULL]","[NULL]"
23113,"mqt_v_js",54819936193094,21584,"R","[NULL]","[NULL]"
23113,"mqt_v_js",54819936214678,151833,"Running","[NULL]","[NULL]"
23113,"mqt_v_js",54819936366511,95958,"R","[NULL]","[NULL]"
23113,"mqt_v_js",54819936462469,983292,"Running","[NULL]","[NULL]"
23113,"mqt_v_js",54819937445761,80750,"R","[NULL]","[NULL]"
23113,"mqt_v_js",54819937526511,3767875,"Running","[NULL]","[NULL]"
23113,"mqt_v_js",54819941294386,525750,"R","[NULL]","[NULL]"
23055,"MainThread",54819941512344,70625,"R","[NULL]","[NULL]"
23055,"MainThread",54819941582969,2227542,"Running","[NULL]","[NULL]"
23113,"mqt_v_js",54819941820136,2364917,"Running","[NULL]","[NULL]"
23055,"MainThread",54819943810511,186625,"R+","[NULL]","[NULL]"
23055,"MainThread",54819943997136,5120208,"Running","[NULL]","[NULL]"
23113,"mqt_v_js",54819944185053,3142083,"R","[NULL]","[NULL]"
23113,"mqt_v_js",54819947327136,1595083,"Running","[NULL]","[NULL]"
23113,"mqt_v_js",54819948922219,40459,"R","[NULL]","[NULL]"
23113,"mqt_v_js",54819948962678,3228833,"Running","[NULL]","[NULL]"
23055,"MainThread",54819949117344,338709,"R+","[NULL]","[NULL]"
23055,"MainThread",54819949456053,748958,"Running","[NULL]","[NULL]"
23055,"MainThread",54819950205011,614917,"R+","[NULL]","[NULL]"
23055,"MainThread",54819950819928,69333,"Running","[NULL]","[NULL]"
23055,"MainThread",54819950889261,7253625,"S","[NULL]","[NULL]"
23113,"mqt_v_js",54819952191511,6750,"R","[NULL]","[NULL]"
23113,"mqt_v_js",54819952198261,720250,"Running","[NULL]","[NULL]"
23113,"mqt_v_js",54819952918511,136375,"R","[NULL]","[NULL]"
23113,"mqt_v_js",54819953054886,4704083,"Running","[NULL]","[NULL]"
23113,"mqt_v_js",54819957758969,392959,"R","[NULL]","[NULL]"
23055,"MainThread",54819958142886,29458,"R","[NULL]","[NULL]"
23113,"mqt_v_js",54819958151928,1259666,"Running","[NULL]","[NULL]"
23055,"MainThread",54819958172344,2005500,"Running","[NULL]","[NULL]"
23113,"mqt_v_js",54819959411594,87292,"R","[NULL]","[NULL]"
23113,"mqt_v_js",54819959498886,599083,"Running","[NULL]","[NULL]"
23113,"mqt_v_js",54819960097969,3959,"R","[NULL]","[NULL]"
23113,"mqt_v_js",54819960101928,138125,"Running","[NULL]","[NULL]"
23055,"MainThread",54819960177844,209250,"R","[NULL]","[NULL]"
23113,"mqt_v_js",54819960240053,5416,"R","[NULL]","[NULL]"
23113,"mqt_v_js",54819960245469,3606167,"Running","[NULL]","[NULL]"
23055,"MainThread",54819960387094,5664042,"Running","[NULL]","[NULL]"
23113,"mqt_v_js",54819963851636,122708,"R","[NULL]","[NULL]"
23113,"mqt_v_js",54819963974344,4143709,"Running","[NULL]","[NULL]"
23055,"MainThread",54819966051136,80083,"R+","[NULL]","[NULL]"
23055,"MainThread",54819966131219,180375,"Running","[NULL]","[NULL]"
23055,"MainThread",54819966311594,8446250,"S","[NULL]","[NULL]"
23113,"mqt_v_js",54819968118053,26000,"R","[NULL]","[NULL]"
23113,"mqt_v_js",54819968144053,1497375,"Running","[NULL]","[NULL]"
23113,"mqt_v_js",54819969641428,52958,"R","[NULL]","[NULL]"
23113,"mqt_v_js",54819969694386,4894083,"Running","[NULL]","[NULL]"
23113,"mqt_v_js",54819974588469,291500,"R","[NULL]","[NULL]"
23055,"MainThread",54819974757844,116500,"R","[NULL]","[NULL]"
23055,"MainThread",54819974874344,7900084,"Running","[NULL]","[NULL]"
23113,"mqt_v_js",54819974879969,191125,"Running","[NULL]","[NULL]"
23113,"mqt_v_js",54819975071094,84750,"R","[NULL]","[NULL]"
23113,"mqt_v_js",54819975155844,1025250,"Running","[NULL]","[NULL]"
23113,"mqt_v_js",54819976181094,10375,"R","[NULL]","[NULL]"
23113,"mqt_v_js",54819976191469,6196000,"Running","[NULL]","[NULL]"
23113,"mqt_v_js",54819982387469,71250,"R+","[NULL]","[NULL]"
23113,"mqt_v_js",54819982458719,285000,"Running","[NULL]","[NULL]"
23113,"mqt_v_js",54819982743719,124667,"R","[NULL]","[NULL]"
23055,"MainThread",54819982774428,25083,"R+","[NULL]","[NULL]"
23055,"MainThread",54819982799511,91042,"Running","[NULL]","[NULL]"
23113,"mqt_v_js",54819982868386,1249708,"Running","[NULL]","[NULL]"
23055,"MainThread",54819982890553,7600125,"S","[NULL]","[NULL]"
23113,"mqt_v_js",54819984118094,3584,"R+","[NULL]","[NULL]"
23113,"mqt_v_js",54819984121678,2408125,"Running","[NULL]","[NULL]"
23113,"mqt_v_js",54819986529803,112291,"R","[NULL]","[NULL]"
23113,"mqt_v_js",54819986642094,4756250,"Running","[NULL]","[NULL]"
23055,"MainThread",54819990490678,95708,"R","[NULL]","[NULL]"
23055,"MainThread",54819990586386,254792,"Running","[NULL]","[NULL]"
23055,"MainThread",54819990841178,592541,"S","[NULL]","[NULL]"
23113,"mqt_v_js",54819991398344,78334,"R","[NULL]","[NULL]"
23055,"MainThread",54819991433719,34042,"R","[NULL]","[NULL]"
23055,"MainThread",54819991467761,762583,"Running","[NULL]","[NULL]"
23113,"mqt_v_js",54819991476678,586541,"Running","[NULL]","[NULL]"
23113,"mqt_v_js",54819992063219,2834,"R","[NULL]","[NULL]"
23113,"mqt_v_js",54819992066053,2940125,"Running","[NULL]","[NULL]"
23055,"MainThread",54819992230344,117250,"R","[NULL]","[NULL]"
23055,"MainThread",54819992347594,121709,"Running","[NULL]","[NULL]"
23055,"MainThread",54819992469303,19000,"R","[NULL]","[NULL]"
23055,"MainThread",54819992488303,2429625,"Running","[NULL]","[NULL]"
23055,"MainThread",54819994917928,436958,"R","[NULL]","[NULL]"
23113,"mqt_v_js",54819995006178,1103541,"R","[NULL]","[NULL]"
23055,"MainThread",54819995354886,5172958,"Running","[NULL]","[NULL]"
23113,"mqt_v_js",54819996109719,104709,"Running","[NULL]","[NULL]"
23113,"mqt_v_js",54819996214428,4958,"R","[NULL]","[NULL]"
23113,"mqt_v_js",54819996219386,1563875,"Running","[NULL]","[NULL]"
23113,"mqt_v_js",54819997783261,118250,"R","[NULL]","[NULL]"
23113,"mqt_v_js",54819997901511,3246667,"Running","[NULL]","[NULL]"
23055,"MainThread",54820000527844,6288042,"R+","[NULL]","[NULL]"
23113,"mqt_v_js",54820001148178,1899750,"R","[NULL]","[NULL]"
23113,"mqt_v_js",54820003047928,5005000,"Running","[NULL]","[NULL]"
23055,"MainThread",54820006815886,191208,"Running","[NULL]","[NULL]"
23055,"MainThread",54820007007094,47334,"R+","[NULL]","[NULL]"
23055,"MainThread",54820007054428,91875,"Running","[NULL]","[NULL]"
23055,"MainThread",54820007146303,3476875,"S","[NULL]","[NULL]"
23113,"mqt_v_js",54820008052928,51291,"R","[NULL]","[NULL]"
23113,"mqt_v_js",54820008104219,1871167,"Running","[NULL]","[NULL]"
23113,"mqt_v_js",54820009975386,133625,"R","[NULL]","[NULL]"
23113,"mqt_v_js",54820010109011,464333,"Running","[NULL]","[NULL]"
23113,"mqt_v_js",54820010573344,76459,"R","[NULL]","[NULL]"
23055,"MainThread",54820010623178,1663958,"R","[NULL]","[NULL]"
23113,"mqt_v_js",54820010649803,9440208,"Running","[NULL]","[NULL]"
23055,"MainThread",54820012287136,7839667,"Running","[NULL]","[NULL]"
23113,"mqt_v_js",54820020090011,16375,"R","[NULL]","[NULL]"
23113,"mqt_v_js",54820020106386,945667,"Running","[NULL]","[NULL]"
23055,"MainThread",54820020126803,48750,"R","[NULL]","[NULL]"
23055,"MainThread",54820020175553,546666,"Running","[NULL]","[NULL]"
23055,"MainThread",54820020722219,27750,"R+","[NULL]","[NULL]"
23055,"MainThread",54820020749969,1299792,"Running","[NULL]","[NULL]"
23113,"mqt_v_js",54820021052053,2132458,"R","[NULL]","[NULL]"
23055,"MainThread",54820022049761,127917,"R","[NULL]","[NULL]"
23055,"MainThread",54820022177678,48000,"Running","[NULL]","[NULL]"
23055,"MainThread",54820022225678,2374208,"S","[NULL]","[NULL]"
23113,"mqt_v_js",54820023184511,638708,"Running","[NULL]","[NULL]"
23113,"mqt_v_js",54820023823219,97667,"R+","[NULL]","[NULL]"
23113,"mqt_v_js",54820023920886,596417,"Running","[NULL]","[NULL]"
23113,"mqt_v_js",54820024517303,511666,"R","[NULL]","[NULL]"
23055,"MainThread",54820024599886,252500,"R","[NULL]","[NULL]"
23055,"MainThread",54820024852386,9411125,"Running","[NULL]","[NULL]"
23113,"mqt_v_js",54820025028969,3038334,"Running","[NULL]","[NULL]"
23113,"mqt_v_js",54820028067303,45000,"R","[NULL]","[NULL]"
23113,"mqt_v_js",54820028112303,3736625,"Running","[NULL]","[NULL]"
23113,"mqt_v_js",54820031848928,2107583,"R","[NULL]","[NULL]"
23113,"mqt_v_js",54820033956511,2503750,"Running","[NULL]","[NULL]"
23055,"MainThread",54820034263511,34958,"R+","[NULL]","[NULL]"
23055,"MainThread",54820034298469,304084,"Running","[NULL]","[NULL]"
23055,"MainThread",54820034602553,6938083,"S","[NULL]","[NULL]"
23113,"mqt_v_js",54820036460261,642792,"R","[NULL]","[NULL]"
23113,"mqt_v_js",54820037103053,2975416,"Running","[NULL]","[NULL]"
23113,"mqt_v_js",54820040078469,3496834,"R","[NULL]","[NULL]"
23055,"MainThread",54820041540636,2115875,"R","[NULL]","[NULL]"
23113,"mqt_v_js",54820043575303,645916,"Running","[NULL]","[NULL]"
23055,"MainThread",54820043656511,6123042,"Running","[NULL]","[NULL]"
23113,"mqt_v_js",54820044221219,50834,"R","[NULL]","[NULL]"
23113,"mqt_v_js",54820044272053,3794208,"Running","[NULL]","[NULL]"
23113,"mqt_v_js",54820048066261,4840667,"R","[NULL]","[NULL]"
23055,"MainThread",54820049779553,28458,"R+","[NULL]","[NULL]"
23055,"MainThread",54820049808011,85292,"Running","[NULL]","[NULL]"
23055,"MainThread",54820049893303,8029166,"S","[NULL]","[NULL]"
23113,"mqt_v_js",54820052906928,3175916,"Running","[NULL]","[NULL]"
23113,"mqt_v_js",54820056082844,122584,"R","[NULL]","[NULL]"
23113,"mqt_v_js",54820056205428,487291,"Running","[NULL]","[NULL]"
23113,"mqt_v_js",54820056692719,150542,"R","[NULL]","[NULL]"
23113,"mqt_v_js",54820056843261,237042,"Running","[NULL]","[NULL]"
23113,"mqt_v_js",54820057080303,277500,"R","[NULL]","[NULL]"
23113,"mqt_v_js",54820057357803,308208,"Running","[NULL]","[NULL]"
23113,"mqt_v_js",54820057666011,51208,"R","[NULL]","[NULL]"
23113,"mqt_v_js",54820057717219,303584,"Running","[NULL]","[NULL]"
23055,"MainThread",54820057922469,98334,"R","[NULL]","[NULL]"
23055,"MainThread",54820058020803,76666,"Running","[NULL]","[NULL]"
23113,"mqt_v_js",54820058020803,9332416,"R+","[NULL]","[NULL]"
23055,"MainThread",54820058097469,97417,"R","[NULL]","[NULL]"
23055,"MainThread",54820058194886,475375,"Running","[NULL]","[NULL]"
23055,"MainThread",54820058670261,1262583,"R","[NULL]","[NULL]"
23055,"MainThread",54820059932844,242500,"Running","[NULL]","[NULL]"
23055,"MainThread",54820060175344,6584,"R","[NULL]","[NULL]"
23055,"MainThread",54820060181928,776125,"Running","[NULL]","[NULL]"
23055,"MainThread",54820060958053,47916,"R","[NULL]","[NULL]"
23055,"MainThread",54820061005969,215042,"Running","[NULL]","[NULL]"
23055,"MainThread",54820061221011,107167,"R","[NULL]","[NULL]"
23055,"MainThread",54820061328178,2999750,"Running","[NULL]","[NULL]"
23055,"MainThread",54820064327928,2718541,"R+","[NULL]","[NULL]"
23055,"MainThread",54820067046469,235125,"Running","[NULL]","[NULL]"
23055,"MainThread",54820067281594,187834,"R+","[NULL]","[NULL]"
23113,"mqt_v_js",54820067353219,119375,"Running","[NULL]","[NULL]"
23055,"MainThread",54820067469428,54875,"Running","[NULL]","[NULL]"
23113,"mqt_v_js",54820067472594,2150584,"R+","[NULL]","[NULL]"
23055,"MainThread",54820067524303,7197208,"S","[NULL]","[NULL]"
23113,"mqt_v_js",54820069623178,2338083,"Running","[NULL]","[NULL]"
23113,"mqt_v_js",54820071961261,895750,"R+","[NULL]","[NULL]"
23113,"mqt_v_js",54820072857011,451042,"Running","[NULL]","[NULL]"
23113,"mqt_v_js",54820073308053,115500,"R","[NULL]","[NULL]"
23113,"mqt_v_js",54820073423553,1058666,"Running","[NULL]","[NULL]"
23113,"mqt_v_js",54820074482219,102167,"R","[NULL]","[NULL]"
23113,"mqt_v_js",54820074584386,226958,"Running","[NULL]","[NULL]"
23055,"MainThread",54820074721511,89833,"R","[NULL]","[NULL]"
23055,"MainThread",54820074811344,1310875,"Running","[NULL]","[NULL]"
23113,"mqt_v_js",54820074811344,7876334,"R","[NULL]","[NULL]"
23055,"MainThread",54820076122219,5250,"R","[NULL]","[NULL]"
23055,"MainThread",54820076127469,6528084,"Running","[NULL]","[NULL]"
23055,"MainThread",54820082655553,1465333,"R+","[NULL]","[NULL]"
23113,"mqt_v_js",54820082687678,1433208,"Running","[NULL]","[NULL]"
23055,"MainThread",54820084120886,53375,"Running","[NULL]","[NULL]"
23113,"mqt_v_js",54820084120886,645208,"R","[NULL]","[NULL]"
23055,"MainThread",54820084174261,3091875,"S","[NULL]","[NULL]"
23113,"mqt_v_js",54820084766094,873334,"Running","[NULL]","[NULL]"
23113,"mqt_v_js",54820085639428,223875,"R","[NULL]","[NULL]"
23113,"mqt_v_js",54820085863303,1407708,"Running","[NULL]","[NULL]"
23055,"MainThread",54820087266136,4875,"R","[NULL]","[NULL]"
23055,"MainThread",54820087271011,46833,"Running","[NULL]","[NULL]"
23113,"mqt_v_js",54820087271011,46833,"R+","[NULL]","[NULL]"
23055,"MainThread",54820087317844,2709,"S","[NULL]","[NULL]"
23113,"mqt_v_js",54820087317844,3792,"Running","[NULL]","[NULL]"
23055,"MainThread",54820087320553,1083,"R","[NULL]","[NULL]"
23055,"MainThread",54820087321636,767500,"Running","[NULL]","[NULL]"
23113,"mqt_v_js",54820087321636,3743750,"R+","[NULL]","[NULL]"
23055,"MainThread",54820088089136,2917,"R","[NULL]","[NULL]"
23055,"MainThread",54820088092053,1037458,"Running","[NULL]","[NULL]"
23055,"MainThread",54820089129511,94125,"R","[NULL]","[NULL]"
23055,"MainThread",54820089223636,160333,"Running","[NULL]","[NULL]"
23055,"MainThread",54820089383969,43500,"R","[NULL]","[NULL]"
23055,"MainThread",54820089427469,647667,"Running","[NULL]","[NULL]"
23055,"MainThread",54820090075136,115667,"R","[NULL]","[NULL]"
23055,"MainThread",54820090190803,789250,"Running","[NULL]","[NULL]"
23055,"MainThread",54820090980053,1639375,"R","[NULL]","[NULL]"
23113,"mqt_v_js",54820091065386,1176792,"Running","[NULL]","[NULL]"
23113,"mqt_v_js",54820092242178,3903166,"R","[NULL]","[NULL]"
23055,"MainThread",54820092619428,3525916,"Running","[NULL]","[NULL]"
23055,"MainThread",54820096145344,922625,"R","[NULL]","[NULL]"
23113,"mqt_v_js",54820096145344,922625,"Running","[NULL]","[NULL]"
23055,"MainThread",54820097067969,2389875,"Running","[NULL]","[NULL]"
23113,"mqt_v_js",54820097067969,4571084,"R+","[NULL]","[NULL]"
23055,"MainThread",54820099457844,297417,"R+","[NULL]","[NULL]"
23055,"MainThread",54820099755261,522125,"Running","[NULL]","[NULL]"
23104,"RenderThread",54820099990219,1612167,"R","[NULL]","[NULL]"
23055,"MainThread",54820100277386,663208,"R","[NULL]","[NULL]"
23055,"MainThread",54820100940594,661792,"Running","[NULL]","[NULL]"
23055,"MainThread",54820101602386,6211583,"S","[NULL]","[NULL]"
23104,"RenderThread",54820101602386,36667,"Running","[NULL]","[NULL]"
23104,"RenderThread",54820101639053,120496625,"S","[NULL]","[NULL]"
23113,"mqt_v_js",54820101639053,8083,"Running","[NULL]","[NULL]"
23113,"mqt_v_js",54820101647136,22083,"R+","[NULL]","[NULL]"
23113,"mqt_v_js",54820101669219,4971250,"Running","[NULL]","[NULL]"
23113,"mqt_v_js",54820106640469,223042,"R","[NULL]","[NULL]"
23113,"mqt_v_js",54820106863511,219875,"Running","[NULL]","[NULL]"
23113,"mqt_v_js",54820107083386,390875,"R+","[NULL]","[NULL]"
23113,"mqt_v_js",54820107474261,187167,"Running","[NULL]","[NULL]"
23113,"mqt_v_js",54820107661428,56583,"R","[NULL]","[NULL]"
23113,"mqt_v_js",54820107718011,309375,"Running","[NULL]","[NULL]"
23055,"MainThread",54820107813969,4255209,"R","[NULL]","[NULL]"
23113,"mqt_v_js",54820108027386,212667,"R","[NULL]","[NULL]"
23113,"mqt_v_js",54820108240053,3829125,"Running","[NULL]","[NULL]"
23055,"MainThread",54820112069178,295791,"Running","[NULL]","[NULL]"
23113,"mqt_v_js",54820112069178,19529625,"R","[NULL]","[NULL]"
23055,"MainThread",54820112364969,320250,"R","[NULL]","[NULL]"
23055,"MainThread",54820112685219,3587959,"Running","[NULL]","[NULL]"
23055,"MainThread",54820116273178,8375,"R","[NULL]","[NULL]"
23055,"MainThread",54820116281553,7118041,"Running","[NULL]","[NULL]"
23055,"MainThread",54820123399594,772042,"R","[NULL]","[NULL]"
23055,"MainThread",54820124171636,388750,"Running","[NULL]","[NULL]"
23055,"MainThread",54820124560386,62083,"R","[NULL]","[NULL]"
23055,"MainThread",54820124622469,3649834,"Running","[NULL]","[NULL]"
23055,"MainThread",54820128272303,4950375,"R","[NULL]","[NULL]"
23113,"mqt_v_js",54820131598803,1623875,"Running","[NULL]","[NULL]"
23055,"MainThread",54820133222678,6735333,"Running","[NULL]","[NULL]"
23113,"mqt_v_js",54820133222678,5780000,"R","[NULL]","[NULL]"
23113,"mqt_v_js",54820139002678,9264625,"Running","[NULL]","[NULL]"
23055,"MainThread",54820139958011,149500,"R","[NULL]","[NULL]"
23055,"MainThread",54820140107511,8049917,"Running","[NULL]","[NULL]"
23055,"MainThread",54820148157428,1467000,"R","[NULL]","[NULL]"
23113,"mqt_v_js",54820148267303,136916,"R","[NULL]","[NULL]"
23113,"mqt_v_js",54820148404219,3725125,"Running","[NULL]","[NULL]"
23055,"MainThread",54820149624428,2473125,"Running","[NULL]","[NULL]"
23055,"MainThread",54820152097553,5343333,"R","[NULL]","[NULL]"
23113,"mqt_v_js",54820152129344,6128500,"R","[NULL]","[NULL]"
23055,"MainThread",54820157440886,1537625,"Running","[NULL]","[NULL]"
23113,"mqt_v_js",54820158257844,882917,"Running","[NULL]","[NULL]"
23055,"MainThread",54820158978511,49417,"R+","[NULL]","[NULL]"
23055,"MainThread",54820159027928,1467416,"Running","[NULL]","[NULL]"
23113,"mqt_v_js",54820159140761,63375,"R+","[NULL]","[NULL]"
23113,"mqt_v_js",54820159204136,1725500,"Running","[NULL]","[NULL]"
23055,"MainThread",54820160495344,212125,"R","[NULL]","[NULL]"
23055,"MainThread",54820160707469,12586959,"Running","[NULL]","[NULL]"
23113,"mqt_v_js",54820160929636,297042,"R+","[NULL]","[NULL]"
23113,"mqt_v_js",54820161226678,2830500,"Running","[NULL]","[NULL]"
23113,"mqt_v_js",54820164057178,920458,"R","[NULL]","[NULL]"
23113,"mqt_v_js",54820164977636,4386250,"Running","[NULL]","[NULL]"
23113,"mqt_v_js",54820169363886,77833,"R","[NULL]","[NULL]"
23113,"mqt_v_js",54820169441719,3102709,"Running","[NULL]","[NULL]"
23113,"mqt_v_js",54820172544428,71666,"R","[NULL]","[NULL]"
23113,"mqt_v_js",54820172616094,1937542,"Running","[NULL]","[NULL]"
23055,"MainThread",54820173294428,456750,"R","[NULL]","[NULL]"
23055,"MainThread",54820173751178,586541,"Running","[NULL]","[NULL]"
23055,"MainThread",54820174337719,91500,"R","[NULL]","[NULL]"
23055,"MainThread",54820174429219,5851000,"Running","[NULL]","[NULL]"
23113,"mqt_v_js",54820174553636,122500,"R","[NULL]","[NULL]"
23113,"mqt_v_js",54820174676136,1454917,"Running","[NULL]","[NULL]"
23113,"mqt_v_js",54820176131053,73333,"R+","[NULL]","[NULL]"
23113,"mqt_v_js",54820176204386,5447750,"Running","[NULL]","[NULL]"
23055,"MainThread",54820180280219,1311042,"R","[NULL]","[NULL]"
23055,"MainThread",54820181591261,1028708,"Running","[NULL]","[NULL]"
23113,"mqt_v_js",54820181652136,269375,"R","[NULL]","[NULL]"
23113,"mqt_v_js",54820181921511,1862708,"Running","[NULL]","[NULL]"
23055,"MainThread",54820182619969,166834,"R","[NULL]","[NULL]"
23055,"MainThread",54820182786803,248125,"Running","[NULL]","[NULL]"
23055,"MainThread",54820183034928,1107625,"R","[NULL]","[NULL]"
23113,"mqt_v_js",54820183784219,90834,"R","[NULL]","[NULL]"
23113,"mqt_v_js",54820183875053,210458,"Running","[NULL]","[NULL]"
23113,"mqt_v_js",54820184085511,4292,"R","[NULL]","[NULL]"
23113,"mqt_v_js",54820184089803,7024875,"Running","[NULL]","[NULL]"
23055,"MainThread",54820184142553,6020958,"Running","[NULL]","[NULL]"
23055,"MainThread",54820190163511,369667,"R+","[NULL]","[NULL]"
23055,"MainThread",54820190533178,454791,"Running","[NULL]","[NULL]"
23055,"MainThread",54820190987969,73459,"R","[NULL]","[NULL]"
23055,"MainThread",54820191061428,1369041,"Running","[NULL]","[NULL]"
23113,"mqt_v_js",54820191114678,11166,"R+","[NULL]","[NULL]"
23113,"mqt_v_js",54820191125844,931417,"Running","[NULL]","[NULL]"
23113,"mqt_v_js",54820192057261,3750,"R","[NULL]","[NULL]"
23113,"mqt_v_js",54820192061011,423417,"Running","[NULL]","[NULL]"
23055,"MainThread",54820192430469,252084,"R","[NULL]","[NULL]"
23113,"mqt_v_js",54820192484428,6166,"R","[NULL]","[NULL]"
23113,"mqt_v_js",54820192490594,1015917,"Running","[NULL]","[NULL]"
23055,"MainThread",54820192682553,1664333,"Running","[NULL]","[NULL]"
23113,"mqt_v_js",54820193506511,77292,"R","[NULL]","[NULL]"
23113,"mqt_v_js",54820193583803,82416,"Running","[NULL]","[NULL]"
23113,"mqt_v_js",54820193666219,18796917,"S","[NULL]","[NULL]"
23055,"MainThread",54820194346886,851625,"R","[NULL]","[NULL]"
23055,"MainThread",54820195198511,1281250,"Running","[NULL]","[NULL]"
23055,"MainThread",54820196479761,1027333,"R+","[NULL]","[NULL]"
23055,"MainThread",54820197507094,2566125,"Running","[NULL]","[NULL]"
23055,"MainThread",54820200073219,3223209,"R","[NULL]","[NULL]"
23055,"MainThread",54820203296428,3446500,"Running","[NULL]","[NULL]"
23055,"MainThread",54820206742928,103041,"R","[NULL]","[NULL]"
23055,"MainThread",54820206845969,783125,"Running","[NULL]","[NULL]"
23055,"MainThread",54820207629094,3750,"S","[NULL]","[NULL]"
23055,"MainThread",54820207632844,1433125,"R","[NULL]","[NULL]"
23055,"MainThread",54820209065969,2487459,"Running","[NULL]","[NULL]"
23055,"MainThread",54820211553428,190250,"R+","[NULL]","[NULL]"
23055,"MainThread",54820211743678,2948916,"Running","[NULL]","[NULL]"
23113,"mqt_v_js",54820212463136,2229458,"R","[NULL]","[NULL]"
23055,"MainThread",54820214692594,1513334,"S","[NULL]","[NULL]"
23113,"mqt_v_js",54820214692594,1297334,"Running","[NULL]","[NULL]"
23113,"mqt_v_js",54820215989928,439208,"R","[NULL]","[NULL]"
23055,"MainThread",54820216205928,2293291,"R","[NULL]","[NULL]"
23113,"mqt_v_js",54820216429136,1822792,"Running","[NULL]","[NULL]"
23113,"mqt_v_js",54820218251928,55065583,"S","[NULL]","[NULL]"
23055,"MainThread",54820218499219,1740334,"Running","[NULL]","[NULL]"
23055,"MainThread",54820220239553,1830375,"R","[NULL]","[NULL]"
23055,"MainThread",54820222069928,270291,"Running","[NULL]","[NULL]"
23104,"RenderThread",54820222135678,275041,"R","[NULL]","[NULL]"
23055,"MainThread",54820222340219,105375,"R","[NULL]","[NULL]"
23104,"RenderThread",54820222410719,34875,"Running","[NULL]","[NULL]"
23055,"MainThread",54820222445594,718125,"Running","[NULL]","[NULL]"
23104,"RenderThread",54820222445594,26077292,"S","[NULL]","[NULL]"
23055,"MainThread",54820223163719,2777542,"R+","[NULL]","[NULL]"
23055,"MainThread",54820225941261,2150625,"Running","[NULL]","[NULL]"
23055,"MainThread",54820228091886,12834583,"R","[NULL]","[NULL]"
23055,"MainThread",54820240926469,110625,"Running","[NULL]","[NULL]"
23055,"MainThread",54820241037094,108417,"R","[NULL]","[NULL]"
23055,"MainThread",54820241145511,2985083,"Running","[NULL]","[NULL]"
23055,"MainThread",54820244130594,3667,"R","[NULL]","[NULL]"
23055,"MainThread",54820244134261,3949250,"Running","[NULL]","[NULL]"
23055,"MainThread",54820248083511,4208,"R","[NULL]","[NULL]"
23055,"MainThread",54820248087719,444000,"Running","[NULL]","[NULL]"
23104,"RenderThread",54820248522886,2601583,"R","[NULL]","[NULL]"
23055,"MainThread",54820248531719,8533584,"S","[NULL]","[NULL]"
23104,"RenderThread",54820251124469,4928750,"Running","[NULL]","[NULL]"
23104,"RenderThread",54820256053219,328084,"R","[NULL]","[NULL]"
23104,"RenderThread",54820256381303,261333,"Running","[NULL]","[NULL]"
23104,"RenderThread",54820256642636,83083,"R+","[NULL]","[NULL]"
23104,"RenderThread",54820256725719,1042584,"Running","[NULL]","[NULL]"
23055,"MainThread",54820257065303,95083,"R","[NULL]","[NULL]"
23055,"MainThread",54820257160386,843208,"Running","[NULL]","[NULL]"
23104,"RenderThread",54820257768303,83500,"R+","[NULL]","[NULL]"
23104,"RenderThread",54820257851803,232958,"Running","[NULL]","[NULL]"
23055,"MainThread",54820258003594,378625,"R","[NULL]","[NULL]"
23104,"RenderThread",54820258084761,6404167,"R","[NULL]","[NULL]"
23055,"MainThread",54820258382219,1371792,"Running","[NULL]","[NULL]"
23055,"MainThread",54820259754011,70958,"R","[NULL]","[NULL]"
23055,"MainThread",54820259824969,191709,"Running","[NULL]","[NULL]"
23055,"MainThread",54820260016678,123291,"R","[NULL]","[NULL]"
23055,"MainThread",54820260139969,3945334,"Running","[NULL]","[NULL]"
23055,"MainThread",54820264085303,78000,"R","[NULL]","[NULL]"
23055,"MainThread",54820264163303,4376291,"Running","[NULL]","[NULL]"
23104,"RenderThread",54820264488928,4845166,"Running","[NULL]","[NULL]"
23055,"MainThread",54820268539594,4000,"R+","[NULL]","[NULL]"
23055,"MainThread",54820268543594,2154584,"Running","[NULL]","[NULL]"
23104,"RenderThread",54820269334094,1035000,"R+","[NULL]","[NULL]"
23104,"RenderThread",54820270369094,221417,"Running","[NULL]","[NULL]"
23104,"RenderThread",54820270590511,3669625,"S","[NULL]","[NULL]"
23055,"MainThread",54820270698178,359291,"R","[NULL]","[NULL]"
23055,"MainThread",54820271057469,1045375,"Running","[NULL]","[NULL]"
23055,"MainThread",54820272102844,6917,"R","[NULL]","[NULL]"
23055,"MainThread",54820272109761,50250,"Running","[NULL]","[NULL]"
23055,"MainThread",54820272160011,46167,"R","[NULL]","[NULL]"
23055,"MainThread",54820272206178,1049041,"Running","[NULL]","[NULL]"
23055,"MainThread",54820273255219,55792,"R+","[NULL]","[NULL]"
23055,"MainThread",54820273311011,247625,"Running","[NULL]","[NULL]"
23113,"mqt_v_js",54820273317511,8620083,"R","[NULL]","[NULL]"
23055,"MainThread",54820273558636,58417,"R","[NULL]","[NULL]"
23055,"MainThread",54820273617053,651291,"Running","[NULL]","[NULL]"
23104,"RenderThread",54820274260136,2525125,"R","[NULL]","[NULL]"
23055,"MainThread",54820274268344,3089750,"S","[NULL]","[NULL]"
23104,"RenderThread",54820276785261,3274375,"Running","[NULL]","[NULL]"
23055,"MainThread",54820277358094,2701542,"R","[NULL]","[NULL]"
23055,"MainThread",54820280059636,734875,"Running","[NULL]","[NULL]"
23104,"RenderThread",54820280059636,2099083,"R+","[NULL]","[NULL]"
23055,"MainThread",54820280794511,6250,"R","[NULL]","[NULL]"
23055,"MainThread",54820280800761,669042,"Running","[NULL]","[NULL]"
23055,"MainThread",54820281469803,1209166,"R+","[NULL]","[NULL]"
23113,"mqt_v_js",54820281937594,213959,"Running","[NULL]","[NULL]"
23113,"mqt_v_js",54820282151553,204833,"R","[NULL]","[NULL]"
23104,"RenderThread",54820282158719,193375,"Running","[NULL]","[NULL]"
23104,"RenderThread",54820282352094,1478792,"R+","[NULL]","[NULL]"
23113,"mqt_v_js",54820282356386,198208,"Running","[NULL]","[NULL]"
23113,"mqt_v_js",54820282554594,17021000,"R","[NULL]","[NULL]"
23055,"MainThread",54820282678969,99750,"Running","[NULL]","[NULL]"
23055,"MainThread",54820282778719,9606875,"S","[NULL]","[NULL]"
23104,"RenderThread",54820283830886,235958,"Running","[NULL]","[NULL]"
23104,"RenderThread",54820284066844,4834,"R+","[NULL]","[NULL]"
23104,"RenderThread",54820284071678,201416,"Running","[NULL]","[NULL]"
23104,"RenderThread",54820284273094,2334,"R+","[NULL]","[NULL]"
23104,"RenderThread",54820284275428,261750,"Running","[NULL]","[NULL]"
23104,"RenderThread",54820284537178,150083,"R+","[NULL]","[NULL]"
23104,"RenderThread",54820284687261,73917,"Running","[NULL]","[NULL]"
23104,"RenderThread",54820284761178,3527208,"R+","[NULL]","[NULL]"
23104,"RenderThread",54820288288386,701125,"Running","[NULL]","[NULL]"
23104,"RenderThread",54820288989511,990167,"R+","[NULL]","[NULL]"
23104,"RenderThread",54820289979678,918625,"Running","[NULL]","[NULL]"
23104,"RenderThread",54820290898303,6369041,"R+","[NULL]","[NULL]"
23055,"MainThread",54820292385594,50542,"R","[NULL]","[NULL]"
23055,"MainThread",54820292436136,341958,"Running","[NULL]","[NULL]"
23055,"MainThread",54820292778094,8419084,"S","[NULL]","[NULL]"
23104,"RenderThread",54820297267344,104917,"Running","[NULL]","[NULL]"
23104,"RenderThread",54820297372261,5167,"R+","[NULL]","[NULL]"
23104,"RenderThread",54820297377428,2198166,"Running","[NULL]","[NULL]"
23104,"RenderThread",54820299575594,1352625,"R+","[NULL]","[NULL]"
23113,"mqt_v_js",54820299575594,482792,"Running","[NULL]","[NULL]"
23113,"mqt_v_js",54820300058386,3875,"R","[NULL]","[NULL]"
23113,"mqt_v_js",54820300062261,862042,"Running","[NULL]","[NULL]"
23113,"mqt_v_js",54820300924303,1967083,"R","[NULL]","[NULL]"
23104,"RenderThread",54820300928219,3667,"Running","[NULL]","[NULL]"
23104,"RenderThread",54820300931886,13708,"R+","[NULL]","[NULL]"
23104,"RenderThread",54820300945594,3459,"Running","[NULL]","[NULL]"
23104,"RenderThread",54820300949053,3583,"R+","[NULL]","[NULL]"
23104,"RenderThread",54820300952636,148000,"Running","[NULL]","[NULL]"
23104,"RenderThread",54820301100636,3583,"R+","[NULL]","[NULL]"
23104,"RenderThread",54820301104219,2375,"Running","[NULL]","[NULL]"
23104,"RenderThread",54820301106594,7042,"R+","[NULL]","[NULL]"
23104,"RenderThread",54820301113636,108833,"Running","[NULL]","[NULL]"
23055,"MainThread",54820301197178,1959916,"R","[NULL]","[NULL]"
23104,"RenderThread",54820301222469,41507459,"S","[NULL]","[NULL]"
23113,"mqt_v_js",54820302891386,1313250,"Running","[NULL]","[NULL]"
23055,"MainThread",54820303157094,43000,"Running","[NULL]","[NULL]"
23055,"MainThread",54820303200094,5156292,"S","[NULL]","[NULL]"
23113,"mqt_v_js",54820304204636,5125,"R","[NULL]","[NULL]"
23113,"mqt_v_js",54820304209761,2574583,"Running","[NULL]","[NULL]"
23113,"mqt_v_js",54820306784344,1181000,"R","[NULL]","[NULL]"
23113,"mqt_v_js",54820307965344,341125,"Running","[NULL]","[NULL]"
23113,"mqt_v_js",54820308306469,95417,"R","[NULL]","[NULL]"
23055,"MainThread",54820308356386,3762042,"R","[NULL]","[NULL]"
23113,"mqt_v_js",54820308401886,1321208,"Running","[NULL]","[NULL]"
23113,"mqt_v_js",54820309723094,120250,"R","[NULL]","[NULL]"
23113,"mqt_v_js",54820309843344,2165834,"Running","[NULL]","[NULL]"
23113,"mqt_v_js",54820312009178,653500,"R","[NULL]","[NULL]"
23055,"MainThread",54820312118428,235833,"Running","[NULL]","[NULL]"
23055,"MainThread",54820312354261,161792,"R+","[NULL]","[NULL]"
23055,"MainThread",54820312516053,49791,"Running","[NULL]","[NULL]"
23055,"MainThread",54820312565844,14335000,"S","[NULL]","[NULL]"
23113,"mqt_v_js",54820312662678,526875,"Running","[NULL]","[NULL]"
23113,"mqt_v_js",54820313189553,128958,"R","[NULL]","[NULL]"
23113,"mqt_v_js",54820313318511,281708,"Running","[NULL]","[NULL]"
23113,"mqt_v_js",54820313600219,812750,"R","[NULL]","[NULL]"
23113,"mqt_v_js",54820314412969,1848959,"Running","[NULL]","[NULL]"
23113,"mqt_v_js",54820316261928,616083,"R","[NULL]","[NULL]"
23113,"mqt_v_js",54820316878011,3270708,"Running","[NULL]","[NULL]"
23113,"mqt_v_js",54820320148719,6937917,"R+","[NULL]","[NULL]"
23055,"MainThread",54820326900844,1311000,"R","[NULL]","[NULL]"
23113,"mqt_v_js",54820327086636,5015583,"Running","[NULL]","[NULL]"
23055,"MainThread",54820328211844,238584,"Running","[NULL]","[NULL]"
23055,"MainThread",54820328450428,17875,"R+","[NULL]","[NULL]"
23055,"MainThread",54820328468303,39541,"Running","[NULL]","[NULL]"
23055,"MainThread",54820328507844,8933959,"S","[NULL]","[NULL]"
23113,"mqt_v_js",54820332102219,543250,"R","[NULL]","[NULL]"
23113,"mqt_v_js",54820332645469,316667,"Running","[NULL]","[NULL]"
23113,"mqt_v_js",54820332962136,165083,"R+","[NULL]","[NULL]"
23113,"mqt_v_js",54820333127219,2582459,"Running","[NULL]","[NULL]"
23113,"mqt_v_js",54820335709678,722791,"R","[NULL]","[NULL]"
23113,"mqt_v_js",54820336432469,1432375,"Running","[NULL]","[NULL]"
23055,"MainThread",54820337441803,96375,"R","[NULL]","[NULL]"
23055,"MainThread",54820337538178,711541,"Running","[NULL]","[NULL]"
23113,"mqt_v_js",54820337864844,8448084,"S","[NULL]","[NULL]"
23055,"MainThread",54820338249719,95042,"R","[NULL]","[NULL]"
23055,"MainThread",54820338344761,134292,"Running","[NULL]","[NULL]"
23055,"MainThread",54820338479053,435041,"R","[NULL]","[NULL]"
23055,"MainThread",54820338914094,300042,"Running","[NULL]","[NULL]"
23055,"MainThread",54820339214136,66208,"R","[NULL]","[NULL]"
23055,"MainThread",54820339280344,427625,"Running","[NULL]","[NULL]"
23055,"MainThread",54820339707969,1305334,"S","[NULL]","[NULL]"
23055,"MainThread",54820341013303,2101625,"R","[NULL]","[NULL]"
23104,"RenderThread",54820342729928,3500,"R","[NULL]","[NULL]"
23104,"RenderThread",54820342733428,313250,"Running","[NULL]","[NULL]"
23104,"RenderThread",54820343046678,649083,"S","[NULL]","[NULL]"
23055,"MainThread",54820343114928,535375,"Running","[NULL]","[NULL]"
23055,"MainThread",54820343650303,31666,"R+","[NULL]","[NULL]"
23055,"MainThread",54820343681969,16125,"Running","[NULL]","[NULL]"
23104,"RenderThread",54820343695761,2333,"R","[NULL]","[NULL]"
23055,"MainThread",54820343698094,6792,"R+","[NULL]","[NULL]"
23104,"RenderThread",54820343698094,6792,"Running","[NULL]","[NULL]"
23055,"MainThread",54820343704886,2190667,"Running","[NULL]","[NULL]"
23104,"RenderThread",54820343704886,3448375,"S","[NULL]","[NULL]"
23055,"MainThread",54820345895553,253750,"R","[NULL]","[NULL]"
23055,"MainThread",54820346149303,166958,"Running","[NULL]","[NULL]"
23113,"mqt_v_js",54820346312928,10758625,"R","[NULL]","[NULL]"
23055,"MainThread",54820346316261,29208,"R+","[NULL]","[NULL]"
23055,"MainThread",54820346345469,814667,"Running","[NULL]","[NULL]"
23104,"RenderThread",54820347153261,6875,"R","[NULL]","[NULL]"
23055,"MainThread",54820347160136,431458,"S","[NULL]","[NULL]"
23104,"RenderThread",54820347160136,434375,"Running","[NULL]","[NULL]"
23055,"MainThread",54820347591594,2917,"R","[NULL]","[NULL]"
23055,"MainThread",54820347594511,13917,"Running","[NULL]","[NULL]"
23104,"RenderThread",54820347594511,13917,"R+","[NULL]","[NULL]"
23055,"MainThread",54820347608428,1791,"S","[NULL]","[NULL]"
23104,"RenderThread",54820347608428,2625,"Running","[NULL]","[NULL]"
23055,"MainThread",54820347610219,834,"R","[NULL]","[NULL]"
23055,"MainThread",54820347611053,232875,"Running","[NULL]","[NULL]"
23104,"RenderThread",54820347611053,642500,"R+","[NULL]","[NULL]"
23055,"MainThread",54820347843928,6730083,"R+","[NULL]","[NULL]"
23104,"RenderThread",54820348253553,6315250,"Running","[NULL]","[NULL]"
23104,"RenderThread",54820354568803,2827125,"R+","[NULL]","[NULL]"
23055,"MainThread",54820354574011,898917,"Running","[NULL]","[NULL]"
23055,"MainThread",54820355472928,5791,"R","[NULL]","[NULL]"
23055,"MainThread",54820355478719,248500,"Running","[NULL]","[NULL]"
23055,"MainThread",54820355727219,68167,"R","[NULL]","[NULL]"
23055,"MainThread",54820355795386,415083,"Running","[NULL]","[NULL]"
23055,"MainThread",54820356210469,12250,"R","[NULL]","[NULL]"
23055,"MainThread",54820356222719,246167,"Running","[NULL]","[NULL]"
23055,"MainThread",54820356468886,75417,"R","[NULL]","[NULL]"
23055,"MainThread",54820356544303,137541,"Running","[NULL]","[NULL]"
23055,"MainThread",54820356681844,87667,"R","[NULL]","[NULL]"
23055,"MainThread",54820356769511,302042,"Running","[NULL]","[NULL]"
23055,"MainThread",54820357071553,658833,"S","[NULL]","[NULL]"
23113,"mqt_v_js",54820357071553,98708,"Running","[NULL]","[NULL]"
23113,"mqt_v_js",54820357170261,200750,"R+","[NULL]","[NULL]"
23113,"mqt_v_js",54820357371011,24917,"Running","[NULL]","[NULL]"
23104,"RenderThread",54820357395928,239583,"Running","[NULL]","[NULL]"
23113,"mqt_v_js",54820357395928,4647958,"S","[NULL]","[NULL]"
23104,"RenderThread",54820357635511,2642958,"R+","[NULL]","[NULL]"
23055,"MainThread",54820357730386,96750,"R","[NULL]","[NULL]"
23055,"MainThread",54820357827136,200250,"Running","[NULL]","[NULL]"
23055,"MainThread",54820358027386,22292,"R","[NULL]","[NULL]"
23055,"MainThread",54820358049678,1574541,"Running","[NULL]","[NULL]"
23055,"MainThread",54820359624219,88375,"R","[NULL]","[NULL]"
23055,"MainThread",54820359712594,352875,"Running","[NULL]","[NULL]"
23055,"MainThread",54820360065469,4334,"R","[NULL]","[NULL]"
23055,"MainThread",54820360069803,213250,"Running","[NULL]","[NULL]"
23104,"RenderThread",54820360278469,848417,"Running","[NULL]","[NULL]"
23055,"MainThread",54820360283053,58208,"R","[NULL]","[NULL]"
23055,"MainThread",54820360341261,818000,"Running","[NULL]","[NULL]"
23104,"RenderThread",54820361126886,26958,"R+","[NULL]","[NULL]"
23104,"RenderThread",54820361153844,757209,"Running","[NULL]","[NULL]"
23055,"MainThread",54820361159261,62958,"R","[NULL]","[NULL]"
23055,"MainThread",54820361222219,597542,"Running","[NULL]","[NULL]"
23055,"MainThread",54820361819761,85542,"R","[NULL]","[NULL]"
23055,"MainThread",54820361905303,141875,"Running","[NULL]","[NULL]"
23104,"RenderThread",54820361911053,1261250,"S","[NULL]","[NULL]"
23113,"mqt_v_js",54820362043886,3292,"R","[NULL]","[NULL]"
23055,"MainThread",54820362047178,38541,"R+","[NULL]","[NULL]"
23113,"mqt_v_js",54820362047178,38541,"Running","[NULL]","[NULL]"
23055,"MainThread",54820362085719,6917,"Running","[NULL]","[NULL]"
23113,"mqt_v_js",54820362085719,4792,"S","[NULL]","[NULL]"
23113,"mqt_v_js",54820362090511,2125,"R","[NULL]","[NULL]"
23055,"MainThread",54820362092636,147375,"R+","[NULL]","[NULL]"
23113,"mqt_v_js",54820362092636,147375,"Running","[NULL]","[NULL]"
23055,"MainThread",54820362240011,937750,"Running","[NULL]","[NULL]"
23113,"mqt_v_js",54820362240011,477186709,"S","[NULL]","[NULL]"
23104,"RenderThread",54820363172303,5458,"R","[NULL]","[NULL]"
23055,"MainThread",54820363177761,348417,"R+","[NULL]","[NULL]"
23104,"RenderThread",54820363177761,348417,"Running","[NULL]","[NULL]"
23055,"MainThread",54820363526178,34291,"Running","[NULL]","[NULL]"
23104,"RenderThread",54820363526178,1708,"S","[NULL]","[NULL]"
23104,"RenderThread",54820363527886,106375,"R","[NULL]","[NULL]"
23055,"MainThread",54820363560469,76875,"S","[NULL]","[NULL]"
23104,"RenderThread",54820363634261,2336625,"Running","[NULL]","[NULL]"
23055,"MainThread",54820363637344,69667,"R","[NULL]","[NULL]"
23055,"MainThread",54820363707011,50125,"Running","[NULL]","[NULL]"
23055,"MainThread",54820363757136,14415625,"S","[NULL]","[NULL]"
23104,"RenderThread",54820365970886,191875,"R","[NULL]","[NULL]"
23104,"RenderThread",54820366162761,546792,"Running","[NULL]","[NULL]"
23104,"RenderThread",54820366709553,49250,"R","[NULL]","[NULL]"
23104,"RenderThread",54820366758803,1293333,"Running","[NULL]","[NULL]"
23104,"RenderThread",54820368052136,9375,"R+","[NULL]","[NULL]"
23104,"RenderThread",54820368061511,231958,"Running","[NULL]","[NULL]"
23104,"RenderThread",54820368293469,75000,"R+","[NULL]","[NULL]"
23104,"RenderThread",54820368368469,23834,"Running","[NULL]","[NULL]"
23104,"RenderThread",54820368392303,2000,"R+","[NULL]","[NULL]"
23104,"RenderThread",54820368394303,2375,"Running","[NULL]","[NULL]"
23104,"RenderThread",54820368396678,5000,"R+","[NULL]","[NULL]"
23104,"RenderThread",54820368401678,19791,"Running","[NULL]","[NULL]"
23104,"RenderThread",54820368421469,45785125,"S","[NULL]","[NULL]"
23055,"MainThread",54820378172761,41625,"R","[NULL]","[NULL]"
23055,"MainThread",54820378214386,252792,"Running","[NULL]","[NULL]"
23055,"MainThread",54820378467178,303708,"R+","[NULL]","[NULL]"
23055,"MainThread",54820378770886,4133250,"Running","[NULL]","[NULL]"
23055,"MainThread",54820382904136,7250,"R","[NULL]","[NULL]"
23055,"MainThread",54820382911386,84542,"Running","[NULL]","[NULL]"
23055,"MainThread",54820382995928,34000,"R","[NULL]","[NULL]"
23055,"MainThread",54820383029928,1341958,"Running","[NULL]","[NULL]"
23055,"MainThread",54820384371886,30482750,"S","[NULL]","[NULL]"
23104,"RenderThread",54820414206594,76125,"R","[NULL]","[NULL]"
23104,"RenderThread",54820414282719,575417,"Running","[NULL]","[NULL]"
23055,"MainThread",54820414854636,115917,"R","[NULL]","[NULL]"
23104,"RenderThread",54820414858136,137542,"R+","[NULL]","[NULL]"
23055,"MainThread",54820414970553,3916,"Running","[NULL]","[NULL]"
23055,"MainThread",54820414974469,22167,"S","[NULL]","[NULL]"
23104,"RenderThread",54820414995678,1063833,"Running","[NULL]","[NULL]"
23055,"MainThread",54820414996636,1062875,"R","[NULL]","[NULL]"
23055,"MainThread",54820416059511,245417,"Running","[NULL]","[NULL]"
23104,"RenderThread",54820416059511,1365250,"R+","[NULL]","[NULL]"
23055,"MainThread",54820416304928,32125,"R+","[NULL]","[NULL]"
23055,"MainThread",54820416337053,1087708,"Running","[NULL]","[NULL]"
23055,"MainThread",54820417424761,32641000,"S","[NULL]","[NULL]"
23104,"RenderThread",54820417424761,2485333,"Running","[NULL]","[NULL]"
23104,"RenderThread",54820419910094,14667,"R+","[NULL]","[NULL]"
23104,"RenderThread",54820419924761,277125,"Running","[NULL]","[NULL]"
23104,"RenderThread",54820420201886,98500,"R+","[NULL]","[NULL]"
23104,"RenderThread",54820420300386,2379750,"Running","[NULL]","[NULL]"
23104,"RenderThread",54820422680136,67167,"R+","[NULL]","[NULL]"
23104,"RenderThread",54820422747303,125333,"Running","[NULL]","[NULL]"
23104,"RenderThread",54820422872636,14612750,"R+","[NULL]","[NULL]"
23104,"RenderThread",54820437485386,253125,"Running","[NULL]","[NULL]"
23104,"RenderThread",54820437738511,7917,"S","[NULL]","[NULL]"
23104,"RenderThread",54820437746428,13458,"R","[NULL]","[NULL]"
23104,"RenderThread",54820437759886,345125,"Running","[NULL]","[NULL]"
23104,"RenderThread",54820438105011,4417,"R+","[NULL]","[NULL]"
23104,"RenderThread",54820438109428,2257916,"Running","[NULL]","[NULL]"
23104,"RenderThread",54820440367344,428584,"R+","[NULL]","[NULL]"
23104,"RenderThread",54820440795928,771791,"Running","[NULL]","[NULL]"
23104,"RenderThread",54820441567719,44667,"R+","[NULL]","[NULL]"
23104,"RenderThread",54820441612386,417792,"Running","[NULL]","[NULL]"
23104,"RenderThread",54820442030178,164625,"R","[NULL]","[NULL]"
23104,"RenderThread",54820442194803,6952000,"Running","[NULL]","[NULL]"
23104,"RenderThread",54820449146803,89750,"R","[NULL]","[NULL]"
23104,"RenderThread",54820449236553,147833,"Running","[NULL]","[NULL]"
23104,"RenderThread",54820449384386,74500,"R+","[NULL]","[NULL]"
23104,"RenderThread",54820449458886,47292,"Running","[NULL]","[NULL]"
23104,"RenderThread",54820449506178,3250,"R+","[NULL]","[NULL]"
23104,"RenderThread",54820449509428,2375,"Running","[NULL]","[NULL]"
23104,"RenderThread",54820449511803,6041,"R+","[NULL]","[NULL]"
23104,"RenderThread",54820449517844,3396334,"Running","[NULL]","[NULL]"
23055,"MainThread",54820450065761,2926792,"R","[NULL]","[NULL]"
23104,"RenderThread",54820452914178,2601375,"R+","[NULL]","[NULL]"
23055,"MainThread",54820452992553,217083,"Running","[NULL]","[NULL]"
23055,"MainThread",54820453209636,55167,"R+","[NULL]","[NULL]"
23055,"MainThread",54820453264803,1193291,"Running","[NULL]","[NULL]"
23055,"MainThread",54820454458094,17380084,"S","[NULL]","[NULL]"
23104,"RenderThread",54820455515553,1267583,"Running","[NULL]","[NULL]"
23104,"RenderThread",54820456783136,68167,"R+","[NULL]","[NULL]"
23104,"RenderThread",54820456851303,866166,"Running","[NULL]","[NULL]"
23104,"RenderThread",54820457717469,15375,"R+","[NULL]","[NULL]"
23104,"RenderThread",54820457732844,119542,"Running","[NULL]","[NULL]"
23104,"RenderThread",54820457852386,2283792,"R","[NULL]","[NULL]"
23104,"RenderThread",54820460136178,4103041,"Running","[NULL]","[NULL]"
23104,"RenderThread",54820464239219,46667,"R+","[NULL]","[NULL]"
23104,"RenderThread",54820464285886,1907208,"Running","[NULL]","[NULL]"
23104,"RenderThread",54820466193094,134792,"R+","[NULL]","[NULL]"
23104,"RenderThread",54820466327886,4879292,"Running","[NULL]","[NULL]"
23104,"RenderThread",54820471207178,2208,"R+","[NULL]","[NULL]"
23104,"RenderThread",54820471209386,51208,"Running","[NULL]","[NULL]"
23104,"RenderThread",54820471260594,3084,"R+","[NULL]","[NULL]"
23104,"RenderThread",54820471263678,2583,"Running","[NULL]","[NULL]"
23104,"RenderThread",54820471266261,6208,"R+","[NULL]","[NULL]"
23104,"RenderThread",54820471272469,569959,"Running","[NULL]","[NULL]"
23055,"MainThread",54820471838178,4250,"R","[NULL]","[NULL]"
23055,"MainThread",54820471842428,4291,"Running","[NULL]","[NULL]"
23104,"RenderThread",54820471842428,4291,"R+","[NULL]","[NULL]"
23055,"MainThread",54820471846719,709,"S","[NULL]","[NULL]"
23104,"RenderThread",54820471846719,1417,"Running","[NULL]","[NULL]"
23055,"MainThread",54820471847428,708,"R","[NULL]","[NULL]"
23055,"MainThread",54820471848136,142708,"Running","[NULL]","[NULL]"
23104,"RenderThread",54820471848136,1297208,"R+","[NULL]","[NULL]"
23055,"MainThread",54820471990844,117209,"R+","[NULL]","[NULL]"
23055,"MainThread",54820472108053,1037291,"Running","[NULL]","[NULL]"
23055,"MainThread",54820473145344,38099584,"S","[NULL]","[NULL]"
23104,"RenderThread",54820473145344,152834,"Running","[NULL]","[NULL]"
23104,"RenderThread",54820473298178,52333,"R","[NULL]","[NULL]"
23104,"RenderThread",54820473350511,1286667,"Running","[NULL]","[NULL]"
23104,"RenderThread",54820474637178,157208,"R","[NULL]","[NULL]"
23104,"RenderThread",54820474794386,127708,"Running","[NULL]","[NULL]"
23104,"RenderThread",54820474922094,86334,"R+","[NULL]","[NULL]"
23104,"RenderThread",54820475008428,77625,"Running","[NULL]","[NULL]"
23104,"RenderThread",54820475086053,62916,"R","[NULL]","[NULL]"
23104,"RenderThread",54820475148969,4381375,"Running","[NULL]","[NULL]"
23104,"RenderThread",54820479530344,63875,"R+","[NULL]","[NULL]"
23104,"RenderThread",54820479594219,484667,"Running","[NULL]","[NULL]"
23104,"RenderThread",54820480078886,3458,"R+","[NULL]","[NULL]"
23104,"RenderThread",54820480082344,241542,"Running","[NULL]","[NULL]"
23104,"RenderThread",54820480323886,501917,"S","[NULL]","[NULL]"
23104,"RenderThread",54820480825803,6250,"R","[NULL]","[NULL]"
23104,"RenderThread",54820480832053,218708,"Running","[NULL]","[NULL]"
23104,"RenderThread",54820481050761,130292,"R","[NULL]","[NULL]"
23104,"RenderThread",54820481181053,2875166,"Running","[NULL]","[NULL]"
23104,"RenderThread",54820484056219,143417,"R+","[NULL]","[NULL]"
23104,"RenderThread",54820484199636,4517208,"Running","[NULL]","[NULL]"
23104,"RenderThread",54820488716844,4334,"R+","[NULL]","[NULL]"
23104,"RenderThread",54820488721178,1452666,"Running","[NULL]","[NULL]"
23104,"RenderThread",54820490173844,31000,"R+","[NULL]","[NULL]"
23104,"RenderThread",54820490204844,694417,"Running","[NULL]","[NULL]"
23104,"RenderThread",54820490899261,47375,"R+","[NULL]","[NULL]"
23104,"RenderThread",54820490946636,168167,"Running","[NULL]","[NULL]"
23104,"RenderThread",54820491114803,7833,"R+","[NULL]","[NULL]"
23104,"RenderThread",54820491122636,1451875,"Running","[NULL]","[NULL]"
23104,"RenderThread",54820492574511,65792,"R","[NULL]","[NULL]"
23104,"RenderThread",54820492640303,232083,"Running","[NULL]","[NULL]"
23104,"RenderThread",54820492872386,61125,"R+","[NULL]","[NULL]"
23104,"RenderThread",54820492933511,66292,"Running","[NULL]","[NULL]"
23104,"RenderThread",54820492999803,17591916,"S","[NULL]","[NULL]"
23104,"RenderThread",54820510591719,2750,"R","[NULL]","[NULL]"
23104,"RenderThread",54820510594469,1460959,"Running","[NULL]","[NULL]"
23055,"MainThread",54820511244928,7500333,"R","[NULL]","[NULL]"
23104,"RenderThread",54820512055428,68166,"R","[NULL]","[NULL]"
23104,"RenderThread",54820512123594,4073959,"Running","[NULL]","[NULL]"
23104,"RenderThread",54820516197553,221750,"R+","[NULL]","[NULL]"
23104,"RenderThread",54820516419303,526958,"Running","[NULL]","[NULL]"
23104,"RenderThread",54820516946261,13083,"R+","[NULL]","[NULL]"
23104,"RenderThread",54820516959344,2061959,"Running","[NULL]","[NULL]"
23055,"MainThread",54820518745261,211375,"Running","[NULL]","[NULL]"
23055,"MainThread",54820518956636,56917,"R+","[NULL]","[NULL]"
23055,"MainThread",54820519013553,1235416,"Running","[NULL]","[NULL]"
23104,"RenderThread",54820519021303,67875,"R","[NULL]","[NULL]"
23104,"RenderThread",54820519089178,985291,"Running","[NULL]","[NULL]"
23104,"RenderThread",54820520074469,2875,"R+","[NULL]","[NULL]"
23104,"RenderThread",54820520077344,1234209,"Running","[NULL]","[NULL]"
23055,"MainThread",54820520248969,7084,"R","[NULL]","[NULL]"
23055,"MainThread",54820520256053,119333,"Running","[NULL]","[NULL]"
23055,"MainThread",54820520375386,11172292,"S","[NULL]","[NULL]"
23104,"RenderThread",54820521311553,9519791,"S","[NULL]","[NULL]"
23104,"RenderThread",54820530831344,129334,"R","[NULL]","[NULL]"
23104,"RenderThread",54820530960678,591500,"Running","[NULL]","[NULL]"
23055,"MainThread",54820531547678,4500,"R","[NULL]","[NULL]"
23055,"MainThread",54820531552178,4083,"Running","[NULL]","[NULL]"
23104,"RenderThread",54820531552178,8791,"R+","[NULL]","[NULL]"
23055,"MainThread",54820531556261,5333,"S","[NULL]","[NULL]"
23104,"RenderThread",54820531560969,3829167,"Running","[NULL]","[NULL]"
23055,"MainThread",54820531561594,2855792,"R","[NULL]","[NULL]"
23055,"MainThread",54820534417386,3110292,"Running","[NULL]","[NULL]"
23104,"RenderThread",54820535390136,163834,"R+","[NULL]","[NULL]"
23104,"RenderThread",54820535553970,2877708,"Running","[NULL]","[NULL]"
23055,"MainThread",54820537527678,688292,"R","[NULL]","[NULL]"
23055,"MainThread",54820538215970,1053416,"Running","[NULL]","[NULL]"
23104,"RenderThread",54820538431678,14750,"R+","[NULL]","[NULL]"
23104,"RenderThread",54820538446428,1638000,"Running","[NULL]","[NULL]"
23055,"MainThread",54820539269386,15323875,"S","[NULL]","[NULL]"
23104,"RenderThread",54820540084428,56667,"R+","[NULL]","[NULL]"
23104,"RenderThread",54820540141095,672000,"Running","[NULL]","[NULL]"
23104,"RenderThread",54820540813095,308708,"R","[NULL]","[NULL]"
23104,"RenderThread",54820541121803,100375,"Running","[NULL]","[NULL]"
23104,"RenderThread",54820541222178,111833,"R","[NULL]","[NULL]"
23104,"RenderThread",54820541334011,68542,"Running","[NULL]","[NULL]"
23104,"RenderThread",54820541402553,45083,"R","[NULL]","[NULL]"
23104,"RenderThread",54820541447636,803334,"Running","[NULL]","[NULL]"
23104,"RenderThread",54820542250970,99541,"R","[NULL]","[NULL]"
23104,"RenderThread",54820542350511,1707250,"Running","[NULL]","[NULL]"
23104,"RenderThread",54820544057761,2875,"R+","[NULL]","[NULL]"
23104,"RenderThread",54820544060636,1219500,"Running","[NULL]","[NULL]"
23104,"RenderThread",54820545280136,55209,"R+","[NULL]","[NULL]"
23104,"RenderThread",54820545335345,2402791,"Running","[NULL]","[NULL]"
23104,"RenderThread",54820547738136,12459,"R+","[NULL]","[NULL]"
23104,"RenderThread",54820547750595,4308625,"Running","[NULL]","[NULL]"
23104,"RenderThread",54820552059220,2583,"R+","[NULL]","[NULL]"
23104,"RenderThread",54820552061803,3007417,"Running","[NULL]","[NULL]"
23055,"MainThread",54820554593261,904125,"R","[NULL]","[NULL]"
23104,"RenderThread",54820555069220,24750,"R+","[NULL]","[NULL]"
23104,"RenderThread",54820555093970,3208,"Running","[NULL]","[NULL]"
23104,"RenderThread",54820555097178,61083,"R+","[NULL]","[NULL]"
23104,"RenderThread",54820555158261,905667,"Running","[NULL]","[NULL]"
23055,"MainThread",54820555497386,198709,"Running","[NULL]","[NULL]"
23055,"MainThread",54820555696095,118916,"R+","[NULL]","[NULL]"
23055,"MainThread",54820555815011,2378209,"Running","[NULL]","[NULL]"
23104,"RenderThread",54820556063928,3000,"R+","[NULL]","[NULL]"
23104,"RenderThread",54820556066928,1503750,"Running","[NULL]","[NULL]"
23104,"RenderThread",54820557570678,89083,"R+","[NULL]","[NULL]"
23104,"RenderThread",54820557659761,763667,"Running","[NULL]","[NULL]"
23055,"MainThread",54820558193220,729166,"R","[NULL]","[NULL]"
23104,"RenderThread",54820558423428,125083,"R","[NULL]","[NULL]"
23104,"RenderThread",54820558548511,131917,"Running","[NULL]","[NULL]"
23104,"RenderThread",54820558680428,82375,"R","[NULL]","[NULL]"
23104,"RenderThread",54820558762803,1493250,"Running","[NULL]","[NULL]"
23055,"MainThread",54820558922386,931334,"Running","[NULL]","[NULL]"
23055,"MainThread",54820559853720,16368041,"S","[NULL]","[NULL]"
23104,"RenderThread",54820560256053,3875,"R+","[NULL]","[NULL]"
23104,"RenderThread",54820560259928,5471083,"Running","[NULL]","[NULL]"
23104,"RenderThread",54820565731011,106750,"R","[NULL]","[NULL]"
23104,"RenderThread",54820565837761,2218042,"Running","[NULL]","[NULL]"
23104,"RenderThread",54820568055803,3250,"R+","[NULL]","[NULL]"
23104,"RenderThread",54820568059053,5603208,"Running","[NULL]","[NULL]"
23104,"RenderThread",54820573662261,4250,"R+","[NULL]","[NULL]"
23104,"RenderThread",54820573666511,576209,"Running","[NULL]","[NULL]"
23104,"RenderThread",54820574242720,53416,"R+","[NULL]","[NULL]"
23104,"RenderThread",54820574296136,1325750,"Running","[NULL]","[NULL]"
23104,"RenderThread",54820575621886,1750,"R+","[NULL]","[NULL]"
23104,"RenderThread",54820575623636,3673375,"Running","[NULL]","[NULL]"
23055,"MainThread",54820576221761,1501917,"R","[NULL]","[NULL]"
23055,"MainThread",54820577723678,188167,"Running","[NULL]","[NULL]"
23055,"MainThread",54820577911845,39833,"R+","[NULL]","[NULL]"
23055,"MainThread",54820577951678,899833,"Running","[NULL]","[NULL]"
23055,"MainThread",54820578851511,55584,"R","[NULL]","[NULL]"
23055,"MainThread",54820578907095,252541,"Running","[NULL]","[NULL]"
23055,"MainThread",54820579159636,22348959,"S","[NULL]","[NULL]"
23104,"RenderThread",54820579297011,137334,"R+","[NULL]","[NULL]"
23104,"RenderThread",54820579434345,807500,"Running","[NULL]","[NULL]"
23104,"RenderThread",54820580241845,2958,"R+","[NULL]","[NULL]"
23104,"RenderThread",54820580244803,8370875,"Running","[NULL]","[NULL]"
23104,"RenderThread",54820588615678,73375,"R+","[NULL]","[NULL]"
23104,"RenderThread",54820588689053,60542,"Running","[NULL]","[NULL]"
23104,"RenderThread",54820588749595,12200958,"S","[NULL]","[NULL]"
23104,"RenderThread",54820600950553,50292,"R","[NULL]","[NULL]"
23104,"RenderThread",54820601000845,1032583,"Running","[NULL]","[NULL]"
23055,"MainThread",54820601508595,8282416,"R","[NULL]","[NULL]"
23104,"RenderThread",54820602033428,3917,"R+","[NULL]","[NULL]"
23104,"RenderThread",54820602037345,1500,"Running","[NULL]","[NULL]"
23104,"RenderThread",54820602038845,81666,"R+","[NULL]","[NULL]"
23104,"RenderThread",54820602120511,1950834,"Running","[NULL]","[NULL]"
23104,"RenderThread",54820604071345,3500,"R+","[NULL]","[NULL]"
23104,"RenderThread",54820604074845,3995458,"Running","[NULL]","[NULL]"
23104,"RenderThread",54820608070303,4042,"R+","[NULL]","[NULL]"
23104,"RenderThread",54820608074345,1539375,"Running","[NULL]","[NULL]"
23104,"RenderThread",54820609613720,107083,"R","[NULL]","[NULL]"
23104,"RenderThread",54820609720803,372292,"Running","[NULL]","[NULL]"
23055,"MainThread",54820609791011,242792,"Running","[NULL]","[NULL]"
23055,"MainThread",54820610033803,46958,"R+","[NULL]","[NULL]"
23055,"MainThread",54820610080761,174250,"Running","[NULL]","[NULL]"
23104,"RenderThread",54820610093095,101000,"R","[NULL]","[NULL]"
23104,"RenderThread",54820610194095,1642333,"Running","[NULL]","[NULL]"
23055,"MainThread",54820610255011,23084,"R","[NULL]","[NULL]"
23055,"MainThread",54820610278095,1261625,"Running","[NULL]","[NULL]"
23055,"MainThread",54820611539720,471041,"R","[NULL]","[NULL]"
23104,"RenderThread",54820611836428,85333,"R+","[NULL]","[NULL]"
23104,"RenderThread",54820611921761,76167,"Running","[NULL]","[NULL]"
23104,"RenderThread",54820611997928,20526250,"S","[NULL]","[NULL]"
23055,"MainThread",54820612010761,131750,"Running","[NULL]","[NULL]"
23055,"MainThread",54820612142511,74084,"R","[NULL]","[NULL]"
23055,"MainThread",54820612216595,475666,"Running","[NULL]","[NULL]"
23055,"MainThread",54820612692261,20836000,"S","[NULL]","[NULL]"
23104,"RenderThread",54820632524178,65375,"R","[NULL]","[NULL]"
23104,"RenderThread",54820632589553,733417,"Running","[NULL]","[NULL]"
23104,"RenderThread",54820633322970,192541,"R","[NULL]","[NULL]"
23104,"RenderThread",54820633515511,622292,"Running","[NULL]","[NULL]"
23055,"MainThread",54820633528261,853000,"R","[NULL]","[NULL]"
23104,"RenderThread",54820634137803,17500,"R+","[NULL]","[NULL]"
23104,"RenderThread",54820634155303,2375,"Running","[NULL]","[NULL]"
23104,"RenderThread",54820634157678,177500,"R+","[NULL]","[NULL]"
23104,"RenderThread",54820634335178,1789167,"Running","[NULL]","[NULL]"
23055,"MainThread",54820634381261,1554709,"Running","[NULL]","[NULL]"
23055,"MainThread",54820635935970,32557875,"S","[NULL]","[NULL]"
23104,"RenderThread",54820636124345,25375,"R","[NULL]","[NULL]"
23104,"RenderThread",54820636149720,2963791,"Running","[NULL]","[NULL]"
23104,"RenderThread",54820639113511,770542,"R","[NULL]","[NULL]"
23104,"RenderThread",54820639884053,1335667,"Running","[NULL]","[NULL]"
23104,"RenderThread",54820641219720,465833,"R","[NULL]","[NULL]"
23104,"RenderThread",54820641685553,892375,"Running","[NULL]","[NULL]"
23104,"RenderThread",54820642577928,56000,"R+","[NULL]","[NULL]"
23104,"RenderThread",54820642633928,711875,"Running","[NULL]","[NULL]"
23104,"RenderThread",54820643345803,57458,"R","[NULL]","[NULL]"
23104,"RenderThread",54820643403261,3253459,"Running","[NULL]","[NULL]"
23104,"RenderThread",54820646656720,433916,"R","[NULL]","[NULL]"
23104,"RenderThread",54820647090636,1391084,"Running","[NULL]","[NULL]"
23104,"RenderThread",54820648481720,104791,"R","[NULL]","[NULL]"
23104,"RenderThread",54820648586511,407417,"Running","[NULL]","[NULL]"
23104,"RenderThread",54820648993928,53167,"R","[NULL]","[NULL]"
23104,"RenderThread",54820649047095,181916,"Running","[NULL]","[NULL]"
23104,"RenderThread",54820649229011,166834,"R+","[NULL]","[NULL]"
23104,"RenderThread",54820649395845,86583,"Running","[NULL]","[NULL]"
23104,"RenderThread",54820649482428,17477708,"S","[NULL]","[NULL]"
23104,"RenderThread",54820666960136,148167,"R","[NULL]","[NULL]"
23104,"RenderThread",54820667108303,1389958,"Running","[NULL]","[NULL]"
23055,"MainThread",54820668493845,4416,"R","[NULL]","[NULL]"
23055,"MainThread",54820668498261,4209,"Running","[NULL]","[NULL]"
23104,"RenderThread",54820668498261,9459,"R+","[NULL]","[NULL]"
23055,"MainThread",54820668502470,5875,"S","[NULL]","[NULL]"
23104,"RenderThread",54820668507720,1440875,"Running","[NULL]","[NULL]"
23055,"MainThread",54820668508345,2665791,"R","[NULL]","[NULL]"
23104,"RenderThread",54820669948595,6304000,"R","[NULL]","[NULL]"
23055,"MainThread",54820671174136,4947500,"Running","[NULL]","[NULL]"
23055,"MainThread",54820676121636,1002667,"R","[NULL]","[NULL]"
23104,"RenderThread",54820676252595,417166,"Running","[NULL]","[NULL]"
23104,"RenderThread",54820676669761,1262959,"R","[NULL]","[NULL]"
23055,"MainThread",54820677124303,544917,"Running","[NULL]","[NULL]"
23055,"MainThread",54820677669220,595000,"R","[NULL]","[NULL]"
23104,"RenderThread",54820677932720,413791,"Running","[NULL]","[NULL]"
23055,"MainThread",54820678264220,1452708,"Running","[NULL]","[NULL]"
23104,"RenderThread",54820678346511,6125,"R","[NULL]","[NULL]"
23104,"RenderThread",54820678352636,1777417,"Running","[NULL]","[NULL]"
23055,"MainThread",54820679716928,17033375,"S","[NULL]","[NULL]"
23104,"RenderThread",54820680130053,9375,"R","[NULL]","[NULL]"
23104,"RenderThread",54820680139428,3172667,"Running","[NULL]","[NULL]"
23104,"RenderThread",54820683312095,12645250,"S","[NULL]","[NULL]"
23104,"RenderThread",54820695957345,92416,"R","[NULL]","[NULL]"
23104,"RenderThread",54820696049761,112750,"Running","[NULL]","[NULL]"
23104,"RenderThread",54820696162511,49834,"R","[NULL]","[NULL]"
23104,"RenderThread",54820696212345,4622750,"Running","[NULL]","[NULL]"
23055,"MainThread",54820696750303,4117833,"R","[NULL]","[NULL]"
23104,"RenderThread",54820700835095,1101083,"R+","[NULL]","[NULL]"
23055,"MainThread",54820700868136,379334,"Running","[NULL]","[NULL]"
23055,"MainThread",54820701247470,41041,"R+","[NULL]","[NULL]"
23055,"MainThread",54820701288511,3485209,"Running","[NULL]","[NULL]"
23104,"RenderThread",54820701936178,2328375,"Running","[NULL]","[NULL]"
23104,"RenderThread",54820704264553,7667,"R+","[NULL]","[NULL]"
23104,"RenderThread",54820704272220,2619208,"Running","[NULL]","[NULL]"
23055,"MainThread",54820704773720,17962625,"S","[NULL]","[NULL]"
23104,"RenderThread",54820706891428,23833,"R+","[NULL]","[NULL]"
23104,"RenderThread",54820706915261,652125,"Running","[NULL]","[NULL]"
23104,"RenderThread",54820707567386,61750,"R","[NULL]","[NULL]"
23104,"RenderThread",54820707629136,68125,"Running","[NULL]","[NULL]"
23104,"RenderThread",54820707697261,153375,"R","[NULL]","[NULL]"
23104,"RenderThread",54820707850636,148209,"Running","[NULL]","[NULL]"
23104,"RenderThread",54820707998845,57166,"R+","[NULL]","[NULL]"
23104,"RenderThread",54820708056011,521959,"Running","[NULL]","[NULL]"
23104,"RenderThread",54820708577970,57666,"R+","[NULL]","[NULL]"
23104,"RenderThread",54820708635636,48292,"Running","[NULL]","[NULL]"
23104,"RenderThread",54820708683928,13410583,"S","[NULL]","[NULL]"
23104,"RenderThread",54820722094511,11584,"R","[NULL]","[NULL]"
23104,"RenderThread",54820722106095,28708,"Running","[NULL]","[NULL]"
23104,"RenderThread",54820722134803,86667,"R","[NULL]","[NULL]"
23104,"RenderThread",54820722221470,1838750,"Running","[NULL]","[NULL]"
23055,"MainThread",54820722736345,5165500,"R","[NULL]","[NULL]"
23104,"RenderThread",54820724060220,39833,"R","[NULL]","[NULL]"
23104,"RenderThread",54820724100053,132458,"Running","[NULL]","[NULL]"
23104,"RenderThread",54820724232511,34542,"R+","[NULL]","[NULL]"
23104,"RenderThread",54820724267053,3429167,"Running","[NULL]","[NULL]"
23104,"RenderThread",54820727696220,18541,"R+","[NULL]","[NULL]"
23104,"RenderThread",54820727714761,102209,"Running","[NULL]","[NULL]"
23104,"RenderThread",54820727816970,81708,"R","[NULL]","[NULL]"
23104,"RenderThread",54820727898678,266167,"Running","[NULL]","[NULL]"
23055,"MainThread",54820727901845,460166,"Running","[NULL]","[NULL]"
23104,"RenderThread",54820728164845,7125,"R+","[NULL]","[NULL]"
23104,"RenderThread",54820728171970,1361333,"Running","[NULL]","[NULL]"
23055,"MainThread",54820728362011,296584,"R+","[NULL]","[NULL]"
23055,"MainThread",54820728658595,1255916,"Running","[NULL]","[NULL]"
23104,"RenderThread",54820729533303,31417,"R+","[NULL]","[NULL]"
23104,"RenderThread",54820729564720,2507541,"Running","[NULL]","[NULL]"
23055,"MainThread",54820729914511,18665959,"S","[NULL]","[NULL]"
23104,"RenderThread",54820732072261,55625,"R+","[NULL]","[NULL]"
23104,"RenderThread",54820732127886,299750,"Running","[NULL]","[NULL]"
23104,"RenderThread",54820732427636,8417,"R+","[NULL]","[NULL]"
23104,"RenderThread",54820732436053,383167,"Running","[NULL]","[NULL]"
23104,"RenderThread",54820732819220,21625,"R+","[NULL]","[NULL]"
23104,"RenderThread",54820732840845,1184166,"Running","[NULL]","[NULL]"
23104,"RenderThread",54820734025011,13660959,"S","[NULL]","[NULL]"
23104,"RenderThread",54820747685970,28666,"R","[NULL]","[NULL]"
23104,"RenderThread",54820747714636,478834,"Running","[NULL]","[NULL]"
23104,"RenderThread",54820748193470,33875,"R","[NULL]","[NULL]"
23104,"RenderThread",54820748227345,7941166,"Running","[NULL]","[NULL]"
23055,"MainThread",54820748580470,3091625,"R","[NULL]","[NULL]"
23055,"MainThread",54820751672095,431458,"Running","[NULL]","[NULL]"
23055,"MainThread",54820752103553,41458,"R+","[NULL]","[NULL]"
23055,"MainThread",54820752145011,2752167,"Running","[NULL]","[NULL]"
23055,"MainThread",54820754897178,13880458,"S","[NULL]","[NULL]"
23104,"RenderThread",54820756168511,79750,"R+","[NULL]","[NULL]"
23104,"RenderThread",54820756248261,1396584,"Running","[NULL]","[NULL]"
23104,"RenderThread",54820757644845,56500,"R+","[NULL]","[NULL]"
23104,"RenderThread",54820757701345,132208,"Running","[NULL]","[NULL]"
23104,"RenderThread",54820757833553,59833,"R+","[NULL]","[NULL]"
23104,"RenderThread",54820757893386,95834,"Running","[NULL]","[NULL]"
23104,"RenderThread",54820757989220,16291,"R+","[NULL]","[NULL]"
23104,"RenderThread",54820758005511,1028292,"Running","[NULL]","[NULL]"
23104,"RenderThread",54820759033803,116917,"R","[NULL]","[NULL]"
23104,"RenderThread",54820759150720,900750,"Running","[NULL]","[NULL]"
23104,"RenderThread",54820760051470,47333,"R+","[NULL]","[NULL]"
23104,"RenderThread",54820760098803,7753250,"Running","[NULL]","[NULL]"
23104,"RenderThread",54820767852053,4167,"R+","[NULL]","[NULL]"
23104,"RenderThread",54820767856220,6409375,"Running","[NULL]","[NULL]"
23055,"MainThread",54820768777636,3017250,"R","[NULL]","[NULL]"
23055,"MainThread",54820771794886,399542,"Running","[NULL]","[NULL]"
23055,"MainThread",54820772194428,39000,"R+","[NULL]","[NULL]"
23055,"MainThread",54820772233428,1253458,"Running","[NULL]","[NULL]"
23055,"MainThread",54820773486886,144375,"R","[NULL]","[NULL]"
23055,"MainThread",54820773631261,759000,"Running","[NULL]","[NULL]"
23104,"RenderThread",54820774265595,268458,"R+","[NULL]","[NULL]"
23055,"MainThread",54820774390261,74542,"R","[NULL]","[NULL]"
23055,"MainThread",54820774464803,290208,"Running","[NULL]","[NULL]"
23104,"RenderThread",54820774534053,424167,"Running","[NULL]","[NULL]"
23055,"MainThread",54820774755011,436667,"R+","[NULL]","[NULL]"
23104,"RenderThread",54820774958220,150500,"R+","[NULL]","[NULL]"
23104,"RenderThread",54820775108720,1003291,"Running","[NULL]","[NULL]"
23055,"MainThread",54820775191678,475667,"Running","[NULL]","[NULL]"
23055,"MainThread",54820775667345,19487708,"S","[NULL]","[NULL]"
23104,"RenderThread",54820776112011,82625,"R+","[NULL]","[NULL]"
23104,"RenderThread",54820776194636,7066209,"Running","[NULL]","[NULL]"
23104,"RenderThread",54820783260845,26291,"R+","[NULL]","[NULL]"
23104,"RenderThread",54820783287136,1076417,"Running","[NULL]","[NULL]"
23104,"RenderThread",54820784363553,124625,"R","[NULL]","[NULL]"
23104,"RenderThread",54820784488178,6452375,"Running","[NULL]","[NULL]"
23104,"RenderThread",54820790940553,95833,"R+","[NULL]","[NULL]"
23104,"RenderThread",54820791036386,3201209,"Running","[NULL]","[NULL]"
23104,"RenderThread",54820794237595,5250,"R+","[NULL]","[NULL]"
23104,"RenderThread",54820794242845,3776958,"Running","[NULL]","[NULL]"
23055,"MainThread",54820795155053,2700208,"R","[NULL]","[NULL]"
23055,"MainThread",54820797855261,229125,"Running","[NULL]","[NULL]"
23104,"RenderThread",54820798019803,67542,"R","[NULL]","[NULL]"
23055,"MainThread",54820798084386,200417,"R+","[NULL]","[NULL]"
23104,"RenderThread",54820798087345,326458,"Running","[NULL]","[NULL]"
23055,"MainThread",54820798284803,262125,"Running","[NULL]","[NULL]"
23104,"RenderThread",54820798413803,48250,"R","[NULL]","[NULL]"
23104,"RenderThread",54820798462053,1697000,"Running","[NULL]","[NULL]"
23055,"MainThread",54820798546928,24875,"R","[NULL]","[NULL]"
23055,"MainThread",54820798571803,1078500,"Running","[NULL]","[NULL]"
23055,"MainThread",54820799650303,30414125,"S","[NULL]","[NULL]"
23104,"RenderThread",54820800159053,4958,"R+","[NULL]","[NULL]"
23104,"RenderThread",54820800164011,6901917,"Running","[NULL]","[NULL]"
23104,"RenderThread",54820807065928,31208,"R+","[NULL]","[NULL]"
23104,"RenderThread",54820807097136,1034500,"Running","[NULL]","[NULL]"
23104,"RenderThread",54820808131636,510125,"R+","[NULL]","[NULL]"
23104,"RenderThread",54820808641761,763334,"Running","[NULL]","[NULL]"
23104,"RenderThread",54820809405095,104625,"R","[NULL]","[NULL]"
23104,"RenderThread",54820809509720,85500,"Running","[NULL]","[NULL]"
23104,"RenderThread",54820809595220,53791,"R","[NULL]","[NULL]"
23104,"RenderThread",54820809649011,322334,"Running","[NULL]","[NULL]"
23104,"RenderThread",54820809971345,22833,"R+","[NULL]","[NULL]"
23104,"RenderThread",54820809994178,773708,"Running","[NULL]","[NULL]"
23104,"RenderThread",54820810767886,97584,"R","[NULL]","[NULL]"
23104,"RenderThread",54820810865470,12325500,"Running","[NULL]","[NULL]"
23104,"RenderThread",54820823190970,60958,"R+","[NULL]","[NULL]"
23104,"RenderThread",54820823251928,917542,"Running","[NULL]","[NULL]"
23104,"RenderThread",54820824169470,127750,"R+","[NULL]","[NULL]"
23104,"RenderThread",54820824297220,269541,"Running","[NULL]","[NULL]"
23104,"RenderThread",54820824566761,193792,"R","[NULL]","[NULL]"
23104,"RenderThread",54820824760553,2085333,"Running","[NULL]","[NULL]"
23104,"RenderThread",54820826845886,5542,"R+","[NULL]","[NULL]"
23104,"RenderThread",54820826851428,372500,"Running","[NULL]","[NULL]"
23104,"RenderThread",54820827223928,219458,"R+","[NULL]","[NULL]"
23104,"RenderThread",54820827443386,4638292,"Running","[NULL]","[NULL]"
23055,"MainThread",54820830064428,3355667,"R","[NULL]","[NULL]"
23104,"RenderThread",54820832081678,7375,"R+","[NULL]","[NULL]"
23104,"RenderThread",54820832089053,3454083,"Running","[NULL]","[NULL]"
23055,"MainThread",54820833420095,2383166,"Running","[NULL]","[NULL]"
23104,"RenderThread",54820835543136,104542,"R+","[NULL]","[NULL]"
23104,"RenderThread",54820835647678,697958,"Running","[NULL]","[NULL]"
23055,"MainThread",54820835803261,552709,"R","[NULL]","[NULL]"
23104,"RenderThread",54820836345636,74334,"R","[NULL]","[NULL]"
23055,"MainThread",54820836355970,306625,"Running","[NULL]","[NULL]"
23104,"RenderThread",54820836419970,614375,"Running","[NULL]","[NULL]"
23055,"MainThread",54820836662595,23531958,"S","[NULL]","[NULL]"
23104,"RenderThread",54820837034345,1478416,"R+","[NULL]","[NULL]"
23104,"RenderThread",54820838512761,2321792,"Running","[NULL]","[NULL]"
23113,"mqt_v_js",54820839426720,5791,"R","[NULL]","[NULL]"
23113,"mqt_v_js",54820839432511,74875,"Running","[NULL]","[NULL]"
23113,"mqt_v_js",54820839507386,4257584,"S","[NULL]","[NULL]"
23104,"RenderThread",54820840834553,166250,"R","[NULL]","[NULL]"
23104,"RenderThread",54820841000803,1836000,"Running","[NULL]","[NULL]"
23104,"RenderThread",54820842836803,588583,"R+","[NULL]","[NULL]"
23104,"RenderThread",54820843425386,231584,"Running","[NULL]","[NULL]"
23104,"RenderThread",54820843656970,773583,"R+","[NULL]","[NULL]"
23113,"mqt_v_js",54820843764970,1666,"R","[NULL]","[NULL]"
23113,"mqt_v_js",54820843766636,423000,"Running","[NULL]","[NULL]"
23113,"mqt_v_js",54820844189636,476250,"R","[NULL]","[NULL]"
23104,"RenderThread",54820844430553,4234083,"Running","[NULL]","[NULL]"
23113,"mqt_v_js",54820844665886,675875,"Running","[NULL]","[NULL]"
23113,"mqt_v_js",54820845341761,8259125,"S","[NULL]","[NULL]"
23104,"RenderThread",54820848664636,100417,"R+","[NULL]","[NULL]"
23104,"RenderThread",54820848765053,4734542,"Running","[NULL]","[NULL]"
23104,"RenderThread",54820853499595,144416,"R","[NULL]","[NULL]"
23113,"mqt_v_js",54820853600886,3834,"R","[NULL]","[NULL]"
23113,"mqt_v_js",54820853604720,44541,"Running","[NULL]","[NULL]"
23104,"RenderThread",54820853644011,3065584,"Running","[NULL]","[NULL]"
23113,"mqt_v_js",54820853649261,1709,"S","[NULL]","[NULL]"
23113,"mqt_v_js",54820853650970,833,"R","[NULL]","[NULL]"
23113,"mqt_v_js",54820853651803,114292,"Running","[NULL]","[NULL]"
23113,"mqt_v_js",54820853766095,301750,"S","[NULL]","[NULL]"
23113,"mqt_v_js",54820854067845,3166,"R","[NULL]","[NULL]"
23113,"mqt_v_js",54820854071011,15084,"Running","[NULL]","[NULL]"
23113,"mqt_v_js",54820854086095,1333,"S","[NULL]","[NULL]"
23113,"mqt_v_js",54820854087428,667,"R","[NULL]","[NULL]"
23113,"mqt_v_js",54820854088095,45166,"Running","[NULL]","[NULL]"
23113,"mqt_v_js",54820854133261,29125,"S","[NULL]","[NULL]"
23113,"mqt_v_js",54820854162386,1625,"R","[NULL]","[NULL]"
23113,"mqt_v_js",54820854164011,10417,"Running","[NULL]","[NULL]"
23113,"mqt_v_js",54820854174428,1083,"S","[NULL]","[NULL]"
23113,"mqt_v_js",54820854175511,625,"R","[NULL]","[NULL]"
23113,"mqt_v_js",54820854176136,132875,"Running","[NULL]","[NULL]"
23113,"mqt_v_js",54820854309011,8672500,"S","[NULL]","[NULL]"
23104,"RenderThread",54820856709595,6375,"R+","[NULL]","[NULL]"
23104,"RenderThread",54820856715970,1291958,"Running","[NULL]","[NULL]"
23104,"RenderThread",54820858007928,55708,"R","[NULL]","[NULL]"
23104,"RenderThread",54820858063636,5179209,"Running","[NULL]","[NULL]"
23055,"MainThread",54820860194553,2154417,"R","[NULL]","[NULL]"
23055,"MainThread",54820862348970,298541,"Running","[NULL]","[NULL]"
23055,"MainThread",54820862647511,145042,"R+","[NULL]","[NULL]"
23055,"MainThread",54820862792553,193000,"Running","[NULL]","[NULL]"
23113,"mqt_v_js",54820862981511,4042,"R","[NULL]","[NULL]"
23055,"MainThread",54820862985553,36042,"R+","[NULL]","[NULL]"
23113,"mqt_v_js",54820862985553,36042,"Running","[NULL]","[NULL]"
23055,"MainThread",54820863021595,3708,"Running","[NULL]","[NULL]"
23113,"mqt_v_js",54820863021595,2791,"S","[NULL]","[NULL]"
23113,"mqt_v_js",54820863024386,917,"R","[NULL]","[NULL]"
23055,"MainThread",54820863025303,508750,"R+","[NULL]","[NULL]"
23113,"mqt_v_js",54820863025303,273167,"Running","[NULL]","[NULL]"
23104,"RenderThread",54820863242845,670708,"R+","[NULL]","[NULL]"
23113,"mqt_v_js",54820863298470,211166,"R+","[NULL]","[NULL]"
23113,"mqt_v_js",54820863509636,24417,"Running","[NULL]","[NULL]"
23055,"MainThread",54820863534053,47958,"Running","[NULL]","[NULL]"
23113,"mqt_v_js",54820863534053,46125,"S","[NULL]","[NULL]"
23113,"mqt_v_js",54820863580178,1833,"R","[NULL]","[NULL]"
23055,"MainThread",54820863582011,26334,"R+","[NULL]","[NULL]"
23113,"mqt_v_js",54820863582011,26334,"Running","[NULL]","[NULL]"
23055,"MainThread",54820863608345,2125,"Running","[NULL]","[NULL]"
23113,"mqt_v_js",54820863608345,1416,"S","[NULL]","[NULL]"
23113,"mqt_v_js",54820863609761,709,"R","[NULL]","[NULL]"
23055,"MainThread",54820863610470,3959208,"R+","[NULL]","[NULL]"
23113,"mqt_v_js",54820863610470,3631750,"Running","[NULL]","[NULL]"
23104,"RenderThread",54820863913553,3537417,"Running","[NULL]","[NULL]"
23113,"mqt_v_js",54820867242220,1910041,"R","[NULL]","[NULL]"
23104,"RenderThread",54820867450970,4625,"R+","[NULL]","[NULL]"
23104,"RenderThread",54820867455595,164250,"Running","[NULL]","[NULL]"
23055,"MainThread",54820867569678,776458,"Running","[NULL]","[NULL]"
23104,"RenderThread",54820867619845,9083,"R+","[NULL]","[NULL]"
23104,"RenderThread",54820867628928,361583,"Running","[NULL]","[NULL]"
23104,"RenderThread",54820867990511,258459,"R+","[NULL]","[NULL]"
23104,"RenderThread",54820868248970,5190875,"Running","[NULL]","[NULL]"
23055,"MainThread",54820868346136,5334,"R+","[NULL]","[NULL]"
23055,"MainThread",54820868351470,800791,"Running","[NULL]","[NULL]"
23055,"MainThread",54820869152261,42652417,"S","[NULL]","[NULL]"
23113,"mqt_v_js",54820869152261,4251625,"Running","[NULL]","[NULL]"
23113,"mqt_v_js",54820873403886,254792,"R","[NULL]","[NULL]"
23104,"RenderThread",54820873439845,11166,"R+","[NULL]","[NULL]"
23104,"RenderThread",54820873451011,978792,"Running","[NULL]","[NULL]"
23113,"mqt_v_js",54820873658678,580458,"Running","[NULL]","[NULL]"
23113,"mqt_v_js",54820874239136,96584,"R","[NULL]","[NULL]"
23113,"mqt_v_js",54820874335720,162041,"Running","[NULL]","[NULL]"
23104,"RenderThread",54820874429803,1042458,"R","[NULL]","[NULL]"
23113,"mqt_v_js",54820874497761,53125,"R","[NULL]","[NULL]"
23113,"mqt_v_js",54820874550886,134167,"Running","[NULL]","[NULL]"
23113,"mqt_v_js",54820874685053,16792,"R","[NULL]","[NULL]"
23113,"mqt_v_js",54820874701845,123750,"Running","[NULL]","[NULL]"
23113,"mqt_v_js",54820874825595,5125,"R","[NULL]","[NULL]"
23113,"mqt_v_js",54820874830720,640958,"Running","[NULL]","[NULL]"
23113,"mqt_v_js",54820875471678,45875,"R","[NULL]","[NULL]"
23104,"RenderThread",54820875472261,9595750,"Running","[NULL]","[NULL]"
23113,"mqt_v_js",54820875517553,671833,"Running","[NULL]","[NULL]"
23113,"mqt_v_js",54820876189386,81584,"R","[NULL]","[NULL]"
23113,"mqt_v_js",54820876270970,8254708,"Running","[NULL]","[NULL]"
23113,"mqt_v_js",54820884525678,4583,"R","[NULL]","[NULL]"
23113,"mqt_v_js",54820884530261,313834,"Running","[NULL]","[NULL]"
23113,"mqt_v_js",54820884844095,70000,"R","[NULL]","[NULL]"
23113,"mqt_v_js",54820884914095,4294416,"Running","[NULL]","[NULL]"
23104,"RenderThread",54820885068011,68625,"R+","[NULL]","[NULL]"
23104,"RenderThread",54820885136636,380625,"Running","[NULL]","[NULL]"
23104,"RenderThread",54820885517261,36375,"R+","[NULL]","[NULL]"
23104,"RenderThread",54820885553636,3797250,"Running","[NULL]","[NULL]"
23113,"mqt_v_js",54820889208511,55459,"R","[NULL]","[NULL]"
23113,"mqt_v_js",54820889263970,424541,"Running","[NULL]","[NULL]"
23104,"RenderThread",54820889350886,107834,"R+","[NULL]","[NULL]"
23104,"RenderThread",54820889458720,1599000,"Running","[NULL]","[NULL]"
23113,"mqt_v_js",54820889688511,91792,"R+","[NULL]","[NULL]"
23113,"mqt_v_js",54820889780303,218042,"Running","[NULL]","[NULL]"
23113,"mqt_v_js",54820889998345,93375,"R+","[NULL]","[NULL]"
23113,"mqt_v_js",54820890091720,823875,"Running","[NULL]","[NULL]"
23113,"mqt_v_js",54820890915595,115666,"R","[NULL]","[NULL]"
23113,"mqt_v_js",54820891031261,1045250,"Running","[NULL]","[NULL]"
23104,"RenderThread",54820891057720,14208,"R+","[NULL]","[NULL]"
23104,"RenderThread",54820891071928,4513583,"Running","[NULL]","[NULL]"
23113,"mqt_v_js",54820892076511,3625,"R+","[NULL]","[NULL]"
23113,"mqt_v_js",54820892080136,3771334,"Running","[NULL]","[NULL]"
23104,"RenderThread",54820895585511,4547584,"R+","[NULL]","[NULL]"
23113,"mqt_v_js",54820895851470,103416,"R+","[NULL]","[NULL]"
23113,"mqt_v_js",54820895954886,169209,"Running","[NULL]","[NULL]"
23113,"mqt_v_js",54820896124095,181791,"R","[NULL]","[NULL]"
23113,"mqt_v_js",54820896305886,219584,"Running","[NULL]","[NULL]"
23113,"mqt_v_js",54820896525470,41250,"R+","[NULL]","[NULL]"
23113,"mqt_v_js",54820896566720,3666,"Running","[NULL]","[NULL]"
23113,"mqt_v_js",54820896570386,252750,"R+","[NULL]","[NULL]"
23113,"mqt_v_js",54820896823136,106792,"Running","[NULL]","[NULL]"
23113,"mqt_v_js",54820896929928,19000,"R+","[NULL]","[NULL]"
23113,"mqt_v_js",54820896948928,3000,"Running","[NULL]","[NULL]"
23113,"mqt_v_js",54820896951928,56042,"R+","[NULL]","[NULL]"
23113,"mqt_v_js",54820897007970,3177750,"Running","[NULL]","[NULL]"
23104,"RenderThread",54820900133095,3971208,"Running","[NULL]","[NULL]"
23113,"mqt_v_js",54820900185720,4083,"R","[NULL]","[NULL]"
23113,"mqt_v_js",54820900189803,3947250,"Running","[NULL]","[NULL]"
23104,"RenderThread",54820904104303,6229042,"R+","[NULL]","[NULL]"
23113,"mqt_v_js",54820904137053,600292,"R+","[NULL]","[NULL]"
23113,"mqt_v_js",54820904737345,2569750,"Running","[NULL]","[NULL]"
23113,"mqt_v_js",54820907307095,191666,"R","[NULL]","[NULL]"
23113,"mqt_v_js",54820907498761,3950125,"Running","[NULL]","[NULL]"
23104,"RenderThread",54820910333345,2239625,"Running","[NULL]","[NULL]"
23113,"mqt_v_js",54820911448886,12007042,"R","[NULL]","[NULL]"
23055,"MainThread",54820911804678,58917,"R","[NULL]","[NULL]"
23055,"MainThread",54820911863595,333416,"Running","[NULL]","[NULL]"
23055,"MainThread",54820912197011,5625,"R","[NULL]","[NULL]"
23055,"MainThread",54820912202636,319667,"Running","[NULL]","[NULL]"
23055,"MainThread",54820912522303,48917,"R+","[NULL]","[NULL]"
23055,"MainThread",54820912571220,6309541,"Running","[NULL]","[NULL]"
23104,"RenderThread",54820912572970,75583,"R","[NULL]","[NULL]"
23104,"RenderThread",54820912648553,3430000,"Running","[NULL]","[NULL]"
23104,"RenderThread",54820916078553,1521917,"R+","[NULL]","[NULL]"
23104,"RenderThread",54820917600470,1715166,"Running","[NULL]","[NULL]"
23055,"MainThread",54820918880761,584375,"R","[NULL]","[NULL]"
23104,"RenderThread",54820919315636,35417,"R","[NULL]","[NULL]"
23104,"RenderThread",54820919351053,124750,"Running","[NULL]","[NULL]"
23055,"MainThread",54820919465136,691750,"Running","[NULL]","[NULL]"
23104,"RenderThread",54820919475803,4644667,"R","[NULL]","[NULL]"
23055,"MainThread",54820920156886,66250,"R","[NULL]","[NULL]"
23055,"MainThread",54820920223136,421459,"Running","[NULL]","[NULL]"
23055,"MainThread",54820920644595,182416,"R","[NULL]","[NULL]"
23055,"MainThread",54820920827011,188625,"Running","[NULL]","[NULL]"
23055,"MainThread",54820921015636,37667,"R","[NULL]","[NULL]"
23055,"MainThread",54820921053303,508292,"Running","[NULL]","[NULL]"
23055,"MainThread",54820921561595,25537791,"S","[NULL]","[NULL]"
23113,"mqt_v_js",54820923455928,958667,"Running","[NULL]","[NULL]"
23104,"RenderThread",54820924120470,464666,"Running","[NULL]","[NULL]"
23113,"mqt_v_js",54820924414595,240083,"R+","[NULL]","[NULL]"
23104,"RenderThread",54820924585136,1243042,"R","[NULL]","[NULL]"
23113,"mqt_v_js",54820924654678,136458,"Running","[NULL]","[NULL]"
23113,"mqt_v_js",54820924791136,49167,"R","[NULL]","[NULL]"
23113,"mqt_v_js",54820924840303,127667,"Running","[NULL]","[NULL]"
23113,"mqt_v_js",54820924967970,10166,"R+","[NULL]","[NULL]"
23113,"mqt_v_js",54820924978136,835000,"Running","[NULL]","[NULL]"
23113,"mqt_v_js",54820925813136,84375,"R","[NULL]","[NULL]"
23104,"RenderThread",54820925828178,2249292,"Running","[NULL]","[NULL]"
23113,"mqt_v_js",54820925897511,3308500,"Running","[NULL]","[NULL]"
23104,"RenderThread",54820928077470,5051000,"R+","[NULL]","[NULL]"
23113,"mqt_v_js",54820929206011,73667,"R","[NULL]","[NULL]"
23113,"mqt_v_js",54820929279678,3987208,"Running","[NULL]","[NULL]"
23104,"RenderThread",54820933128470,2984083,"Running","[NULL]","[NULL]"
23113,"mqt_v_js",54820933266886,248834,"R","[NULL]","[NULL]"
23113,"mqt_v_js",54820933515720,2549166,"Running","[NULL]","[NULL]"
23113,"mqt_v_js",54820936064886,347542,"R","[NULL]","[NULL]"
23104,"RenderThread",54820936112553,4529000,"R+","[NULL]","[NULL]"
23113,"mqt_v_js",54820936412428,3436042,"Running","[NULL]","[NULL]"
23113,"mqt_v_js",54820939848470,37333,"R+","[NULL]","[NULL]"
23113,"mqt_v_js",54820939885803,66833,"Running","[NULL]","[NULL]"
23113,"mqt_v_js",54820939952636,218250,"R","[NULL]","[NULL]"
23113,"mqt_v_js",54820940170886,570334,"Running","[NULL]","[NULL]"
23104,"RenderThread",54820940641553,319083,"Running","[NULL]","[NULL]"
23113,"mqt_v_js",54820940741220,5583,"R+","[NULL]","[NULL]"
23113,"mqt_v_js",54820940746803,153250,"Running","[NULL]","[NULL]"
23113,"mqt_v_js",54820940900053,55958,"R","[NULL]","[NULL]"
23113,"mqt_v_js",54820940956011,116667,"Running","[NULL]","[NULL]"
23104,"RenderThread",54820940960636,52334,"R","[NULL]","[NULL]"
23104,"RenderThread",54820941012970,95958,"Running","[NULL]","[NULL]"
23113,"mqt_v_js",54820941072678,153250,"R","[NULL]","[NULL]"
23104,"RenderThread",54820941108928,3917,"R+","[NULL]","[NULL]"
23104,"RenderThread",54820941112845,2708,"Running","[NULL]","[NULL]"
23104,"RenderThread",54820941115553,8333,"R+","[NULL]","[NULL]"
23104,"RenderThread",54820941123886,3090709,"Running","[NULL]","[NULL]"
23113,"mqt_v_js",54820941225928,295917,"Running","[NULL]","[NULL]"
23113,"mqt_v_js",54820941521845,66833,"R+","[NULL]","[NULL]"
23113,"mqt_v_js",54820941588678,2643417,"Running","[NULL]","[NULL]"
23104,"RenderThread",54820944214595,2694416,"R+","[NULL]","[NULL]"
23113,"mqt_v_js",54820944232095,11083,"R","[NULL]","[NULL]"
23113,"mqt_v_js",54820944243178,2938875,"Running","[NULL]","[NULL]"
23104,"RenderThread",54820946909011,1961292,"Running","[NULL]","[NULL]"
23055,"MainThread",54820947099386,82667,"R","[NULL]","[NULL]"
23055,"MainThread",54820947182053,877208,"Running","[NULL]","[NULL]"
23113,"mqt_v_js",54820947182053,2018375,"R","[NULL]","[NULL]"
23055,"MainThread",54820948059261,2542,"R","[NULL]","[NULL]"
23055,"MainThread",54820948061803,110167,"Running","[NULL]","[NULL]"
23055,"MainThread",54820948171970,6666,"R","[NULL]","[NULL]"
23055,"MainThread",54820948178636,808959,"Running","[NULL]","[NULL]"
23104,"RenderThread",54820948870303,200708,"R+","[NULL]","[NULL]"
23055,"MainThread",54820948987595,3325500,"R","[NULL]","[NULL]"
23104,"RenderThread",54820949071011,137792,"Running","[NULL]","[NULL]"
23113,"mqt_v_js",54820949200428,2876542,"Running","[NULL]","[NULL]"
23104,"RenderThread",54820949208803,6615333,"R","[NULL]","[NULL]"
23113,"mqt_v_js",54820952076970,3074083,"R","[NULL]","[NULL]"
23055,"MainThread",54820952313095,377666,"Running","[NULL]","[NULL]"
23055,"MainThread",54820952690761,77959,"R","[NULL]","[NULL]"
23055,"MainThread",54820952768720,124125,"Running","[NULL]","[NULL]"
23055,"MainThread",54820952892845,58500,"R+","[NULL]","[NULL]"
23055,"MainThread",54820952951345,2134000,"Running","[NULL]","[NULL]"
23055,"MainThread",54820955085345,11215458,"S","[NULL]","[NULL]"
23113,"mqt_v_js",54820955151053,522375,"Running","[NULL]","[NULL]"
23113,"mqt_v_js",54820955673428,47708,"R","[NULL]","[NULL]"
23113,"mqt_v_js",54820955721136,158667,"Running","[NULL]","[NULL]"
23104,"RenderThread",54820955824136,1842459,"Running","[NULL]","[NULL]"
23113,"mqt_v_js",54820955879803,40917,"R","[NULL]","[NULL]"
23113,"mqt_v_js",54820955920720,292833,"Running","[NULL]","[NULL]"
23113,"mqt_v_js",54820956213553,4625,"R","[NULL]","[NULL]"
23113,"mqt_v_js",54820956218178,404875,"Running","[NULL]","[NULL]"
23113,"mqt_v_js",54820956623053,69708,"R","[NULL]","[NULL]"
23113,"mqt_v_js",54820956692761,892709,"Running","[NULL]","[NULL]"
23113,"mqt_v_js",54820957585470,456875,"R","[NULL]","[NULL]"
23104,"RenderThread",54820957666595,6502375,"R","[NULL]","[NULL]"
23113,"mqt_v_js",54820958042345,1103291,"Running","[NULL]","[NULL]"
23113,"mqt_v_js",54820959145636,133250,"R","[NULL]","[NULL]"
23113,"mqt_v_js",54820959278886,941000,"Running","[NULL]","[NULL]"
23113,"mqt_v_js",54820960219886,6792,"R","[NULL]","[NULL]"
23113,"mqt_v_js",54820960226678,957833,"Running","[NULL]","[NULL]"
23113,"mqt_v_js",54820961184511,78417,"R","[NULL]","[NULL]"
23113,"mqt_v_js",54820961262928,3575792,"Running","[NULL]","[NULL]"
23104,"RenderThread",54820964168970,233916,"Running","[NULL]","[NULL]"
23104,"RenderThread",54820964402886,3292,"R+","[NULL]","[NULL]"
23104,"RenderThread",54820964406178,2583,"Running","[NULL]","[NULL]"
23104,"RenderThread",54820964408761,5417,"R+","[NULL]","[NULL]"
23104,"RenderThread",54820964414178,1466375,"Running","[NULL]","[NULL]"
23113,"mqt_v_js",54820964838720,110166,"R","[NULL]","[NULL]"
23113,"mqt_v_js",54820964948886,1464500,"Running","[NULL]","[NULL]"
23104,"RenderThread",54820965880553,15250,"R","[NULL]","[NULL]"
23104,"RenderThread",54820965895803,2197542,"Running","[NULL]","[NULL]"
23055,"MainThread",54820966300803,112583,"R","[NULL]","[NULL]"
23055,"MainThread",54820966413386,123625,"Running","[NULL]","[NULL]"
23113,"mqt_v_js",54820966413386,1771250,"R","[NULL]","[NULL]"
23055,"MainThread",54820966537011,13250,"R+","[NULL]","[NULL]"
23055,"MainThread",54820966550261,27125,"Running","[NULL]","[NULL]"
23055,"MainThread",54820966577386,7758250,"S","[NULL]","[NULL]"
23104,"RenderThread",54820968093345,5940083,"R+","[NULL]","[NULL]"
23113,"mqt_v_js",54820968184636,4173917,"Running","[NULL]","[NULL]"
23113,"mqt_v_js",54820972358553,56458,"R","[NULL]","[NULL]"
23113,"mqt_v_js",54820972415011,870875,"Running","[NULL]","[NULL]"
23113,"mqt_v_js",54820973285886,89542,"R","[NULL]","[NULL]"
23113,"mqt_v_js",54820973375428,658000,"Running","[NULL]","[NULL]"
23104,"RenderThread",54820974033428,203500,"Running","[NULL]","[NULL]"
23113,"mqt_v_js",54820974033428,10063333,"R+","[NULL]","[NULL]"
23104,"RenderThread",54820974236928,273125,"R+","[NULL]","[NULL]"
23055,"MainThread",54820974335636,18084,"R","[NULL]","[NULL]"
23055,"MainThread",54820974353720,103916,"Running","[NULL]","[NULL]"
23055,"MainThread",54820974457636,14375,"R+","[NULL]","[NULL]"
23055,"MainThread",54820974472011,38042,"Running","[NULL]","[NULL]"
23055,"MainThread",54820974510053,16482625,"S","[NULL]","[NULL]"
23104,"RenderThread",54820974510053,9586708,"Running","[NULL]","[NULL]"
23104,"RenderThread",54820984096761,3092084,"R+","[NULL]","[NULL]"
23113,"mqt_v_js",54820984096761,2976542,"Running","[NULL]","[NULL]"
23113,"mqt_v_js",54820987073303,8767667,"R","[NULL]","[NULL]"
23104,"RenderThread",54820987188845,2780708,"Running","[NULL]","[NULL]"
23104,"RenderThread",54820989969553,68250,"R+","[NULL]","[NULL]"
23104,"RenderThread",54820990037803,874625,"Running","[NULL]","[NULL]"
23104,"RenderThread",54820990912428,232000,"R+","[NULL]","[NULL]"
23055,"MainThread",54820990992678,17250,"R","[NULL]","[NULL]"
23055,"MainThread",54820991009928,100875,"Running","[NULL]","[NULL]"
23055,"MainThread",54820991110803,10583,"R+","[NULL]","[NULL]"
23055,"MainThread",54820991121386,23042,"Running","[NULL]","[NULL]"
23055,"MainThread",54820991144428,17064875,"S","[NULL]","[NULL]"
23104,"RenderThread",54820991144428,94542,"Running","[NULL]","[NULL]"
23104,"RenderThread",54820991238970,48541,"R","[NULL]","[NULL]"
23104,"RenderThread",54820991287511,442334,"Running","[NULL]","[NULL]"
23104,"RenderThread",54820991729845,19541,"R+","[NULL]","[NULL]"
23104,"RenderThread",54820991749386,3914459,"Running","[NULL]","[NULL]"
23104,"RenderThread",54820995663845,2709916,"R","[NULL]","[NULL]"
23113,"mqt_v_js",54820995840970,2454000,"Running","[NULL]","[NULL]"
23113,"mqt_v_js",54820998294970,9335750,"R","[NULL]","[NULL]"
23104,"RenderThread",54820998373761,2342667,"Running","[NULL]","[NULL]"
23104,"RenderThread",54821000716428,895792,"R+","[NULL]","[NULL]"
23104,"RenderThread",54821001612220,3691958,"Running","[NULL]","[NULL]"
23104,"RenderThread",54821005304178,23875,"R+","[NULL]","[NULL]"
23104,"RenderThread",54821005328053,1297458,"Running","[NULL]","[NULL]"
23104,"RenderThread",54821006625511,98917,"R+","[NULL]","[NULL]"
23104,"RenderThread",54821006724428,844250,"Running","[NULL]","[NULL]"
23104,"RenderThread",54821007568678,1330000,"R+","[NULL]","[NULL]"
23113,"mqt_v_js",54821007630720,996541,"Running","[NULL]","[NULL]"
23055,"MainThread",54821008209303,436458,"R","[NULL]","[NULL]"
23113,"mqt_v_js",54821008627261,3564209,"R","[NULL]","[NULL]"
23055,"MainThread",54821008645761,183417,"Running","[NULL]","[NULL]"
23055,"MainThread",54821008829178,26500,"R+","[NULL]","[NULL]"
23055,"MainThread",54821008855678,43000,"Running","[NULL]","[NULL]"
23055,"MainThread",54821008898678,15699375,"S","[NULL]","[NULL]"
23104,"RenderThread",54821008898678,618583,"Running","[NULL]","[NULL]"
23104,"RenderThread",54821009517261,75542,"R+","[NULL]","[NULL]"
23104,"RenderThread",54821009592803,2594125,"Running","[NULL]","[NULL]"
23104,"RenderThread",54821012186928,2824125,"R+","[NULL]","[NULL]"
23113,"mqt_v_js",54821012191470,2764333,"Running","[NULL]","[NULL]"
23113,"mqt_v_js",54821014955803,12856917,"R","[NULL]","[NULL]"
23104,"RenderThread",54821015011053,5315000,"Running","[NULL]","[NULL]"
23104,"RenderThread",54821020326053,182292,"R+","[NULL]","[NULL]"
23104,"RenderThread",54821020508345,338583,"Running","[NULL]","[NULL]"
23104,"RenderThread",54821020846928,88833,"R+","[NULL]","[NULL]"
23104,"RenderThread",54821020935761,2369584,"Running","[NULL]","[NULL]"
23104,"RenderThread",54821023305345,109208,"R+","[NULL]","[NULL]"
23104,"RenderThread",54821023414553,895292,"Running","[NULL]","[NULL]"
23104,"RenderThread",54821024309845,100708,"R","[NULL]","[NULL]"
23104,"RenderThread",54821024410553,229000,"Running","[NULL]","[NULL]"
23055,"MainThread",54821024598053,41500,"R","[NULL]","[NULL]"
23055,"MainThread",54821024639553,179417,"Running","[NULL]","[NULL]"
23104,"RenderThread",54821024639553,226208,"R","[NULL]","[NULL]"
23055,"MainThread",54821024818970,17625,"R+","[NULL]","[NULL]"
23055,"MainThread",54821024836595,29166,"Running","[NULL]","[NULL]"
23055,"MainThread",54821024865761,2812459,"S","[NULL]","[NULL]"
23104,"RenderThread",54821024865761,2314000,"Running","[NULL]","[NULL]"
23104,"RenderThread",54821027179761,107167,"R+","[NULL]","[NULL]"
23104,"RenderThread",54821027286928,2125,"Running","[NULL]","[NULL]"
23104,"RenderThread",54821027289053,10625,"R+","[NULL]","[NULL]"
23104,"RenderThread",54821027299678,3083,"Running","[NULL]","[NULL]"
23104,"RenderThread",54821027302761,3250,"R+","[NULL]","[NULL]"
23104,"RenderThread",54821027306011,11500,"Running","[NULL]","[NULL]"
23104,"RenderThread",54821027317511,131417,"R+","[NULL]","[NULL]"
23104,"RenderThread",54821027448928,12458,"Running","[NULL]","[NULL]"
23104,"RenderThread",54821027461386,59875,"R+","[NULL]","[NULL]"
23104,"RenderThread",54821027521261,161542,"Running","[NULL]","[NULL]"
23055,"MainThread",54821027678220,4583,"R","[NULL]","[NULL]"
23055,"MainThread",54821027682803,41583,"Running","[NULL]","[NULL]"
23104,"RenderThread",54821027682803,41583,"R+","[NULL]","[NULL]"
23055,"MainThread",54821027724386,1875,"S","[NULL]","[NULL]"
23104,"RenderThread",54821027724386,2959,"Running","[NULL]","[NULL]"
23055,"MainThread",54821027726261,1084,"R","[NULL]","[NULL]"
23055,"MainThread",54821027727345,11958,"Running","[NULL]","[NULL]"
23104,"RenderThread",54821027727345,11958,"R+","[NULL]","[NULL]"
23055,"MainThread",54821027739303,2356042,"S","[NULL]","[NULL]"
23104,"RenderThread",54821027739303,73417,"Running","[NULL]","[NULL]"
23104,"RenderThread",54821027812720,14333208,"S","[NULL]","[NULL]"
23113,"mqt_v_js",54821027812720,1722541,"Running","[NULL]","[NULL]"
23113,"mqt_v_js",54821029535261,29000,"R+","[NULL]","[NULL]"
23113,"mqt_v_js",54821029564261,534917,"Running","[NULL]","[NULL]"
23055,"MainThread",54821030095345,3833,"R","[NULL]","[NULL]"
23055,"MainThread",54821030099178,17292,"Running","[NULL]","[NULL]"
23113,"mqt_v_js",54821030099178,39667,"R+","[NULL]","[NULL]"
23055,"MainThread",54821030116470,23583,"S","[NULL]","[NULL]"
23113,"mqt_v_js",54821030138845,2208,"Running","[NULL]","[NULL]"
23055,"MainThread",54821030140053,1000,"R","[NULL]","[NULL]"
23055,"MainThread",54821030141053,179375,"Running","[NULL]","[NULL]"
23113,"mqt_v_js",54821030141053,390333,"R+","[NULL]","[NULL]"
23055,"MainThread",54821030320428,5417,"S","[NULL]","[NULL]"
23055,"MainThread",54821030325845,149375,"R","[NULL]","[NULL]"
23055,"MainThread",54821030475220,56166,"Running","[NULL]","[NULL]"
23055,"MainThread",54821030531386,10733500,"S","[NULL]","[NULL]"
23113,"mqt_v_js",54821030531386,17959,"Running","[NULL]","[NULL]"
23113,"mqt_v_js",54821030549345,20041,"R+","[NULL]","[NULL]"
23113,"mqt_v_js",54821030569386,2084,"Running","[NULL]","[NULL]"
23113,"mqt_v_js",54821030571470,6791,"R+","[NULL]","[NULL]"
23113,"mqt_v_js",54821030578261,205375,"Running","[NULL]","[NULL]"
23113,"mqt_v_js",54821030783636,60594584,"S","[NULL]","[NULL]"
23055,"MainThread",54821041264886,20792,"R","[NULL]","[NULL]"
23055,"MainThread",54821041285678,114833,"Running","[NULL]","[NULL]"
23055,"MainThread",54821041400511,48959,"R","[NULL]","[NULL]"
23055,"MainThread",54821041449470,617541,"Running","[NULL]","[NULL]"
23055,"MainThread",54821042067011,67625,"R+","[NULL]","[NULL]"
23055,"MainThread",54821042134636,13459,"Running","[NULL]","[NULL]"
23104,"RenderThread",54821042145928,2167,"R","[NULL]","[NULL]"
23055,"MainThread",54821042148095,10250,"R+","[NULL]","[NULL]"
23104,"RenderThread",54821042148095,10250,"Running","[NULL]","[NULL]"
23055,"MainThread",54821042158345,206000,"Running","[NULL]","[NULL]"
23104,"RenderThread",54821042158345,2992458,"S","[NULL]","[NULL]"
23055,"MainThread",54821042364345,119500,"R","[NULL]","[NULL]"
23055,"MainThread",54821042483845,995333,"Running","[NULL]","[NULL]"
23055,"MainThread",54821043479178,62667,"R","[NULL]","[NULL]"
23055,"MainThread",54821043541845,1613250,"Running","[NULL]","[NULL]"
23104,"RenderThread",54821045150803,4292,"R","[NULL]","[NULL]"
23055,"MainThread",54821045155095,2906000,"R+","[NULL]","[NULL]"
23104,"RenderThread",54821045155095,2906000,"Running","[NULL]","[NULL]"
23055,"MainThread",54821048061095,7875,"Running","[NULL]","[NULL]"
23104,"RenderThread",54821048061095,7875,"R+","[NULL]","[NULL]"
23055,"MainThread",54821048068970,4374000,"S","[NULL]","[NULL]"
23104,"RenderThread",54821048068970,1352958,"Running","[NULL]","[NULL]"
23104,"RenderThread",54821049421928,9375,"R+","[NULL]","[NULL]"
23104,"RenderThread",54821049431303,3017042,"Running","[NULL]","[NULL]"
23055,"MainThread",54821052442970,5375,"R","[NULL]","[NULL]"
23055,"MainThread",54821052448345,4166,"Running","[NULL]","[NULL]"
23104,"RenderThread",54821052448345,4166,"R+","[NULL]","[NULL]"
23055,"MainThread",54821052452511,709,"S","[NULL]","[NULL]"
23104,"RenderThread",54821052452511,1459,"Running","[NULL]","[NULL]"
23055,"MainThread",54821052453220,750,"R","[NULL]","[NULL]"
23055,"MainThread",54821052453970,64208,"Running","[NULL]","[NULL]"
23104,"RenderThread",54821052453970,64208,"R+","[NULL]","[NULL]"
23055,"MainThread",54821052518178,2921750,"S","[NULL]","[NULL]"
23104,"RenderThread",54821052518178,606708,"Running","[NULL]","[NULL]"
23104,"RenderThread",54821053124886,3667,"R+","[NULL]","[NULL]"
23104,"RenderThread",54821053128553,1375,"Running","[NULL]","[NULL]"
23104,"RenderThread",54821053129928,63083,"R+","[NULL]","[NULL]"
23104,"RenderThread",54821053193011,1597625,"Running","[NULL]","[NULL]"
23104,"RenderThread",54821054790636,199917,"R+","[NULL]","[NULL]"
23104,"RenderThread",54821054990553,1708,"Running","[NULL]","[NULL]"
23104,"RenderThread",54821054992261,5292,"R+","[NULL]","[NULL]"
23104,"RenderThread",54821054997553,875,"Running","[NULL]","[NULL]"
23104,"RenderThread",54821054998428,1917,"R+","[NULL]","[NULL]"
23104,"RenderThread",54821055000345,132250,"Running","[NULL]","[NULL]"
23104,"RenderThread",54821055132595,129916,"R+","[NULL]","[NULL]"
23104,"RenderThread",54821055262511,179417,"Running","[NULL]","[NULL]"
23055,"MainThread",54821055439928,2000,"R","[NULL]","[NULL]"
23055,"MainThread",54821055441928,32708,"Running","[NULL]","[NULL]"
23104,"RenderThread",54821055441928,32708,"R+","[NULL]","[NULL]"
23055,"MainThread",54821055474636,1584,"S","[NULL]","[NULL]"
23104,"RenderThread",54821055474636,2375,"Running","[NULL]","[NULL]"
23055,"MainThread",54821055476220,791,"R","[NULL]","[NULL]"
23055,"MainThread",54821055477011,17042,"Running","[NULL]","[NULL]"
23104,"RenderThread",54821055477011,17042,"R+","[NULL]","[NULL]"
23055,"MainThread",54821055494053,2717833,"S","[NULL]","[NULL]"
23104,"RenderThread",54821055494053,73875,"Running","[NULL]","[NULL]"
23104,"RenderThread",54821055567928,519751500,"S","[NULL]","[NULL]"
23055,"MainThread",54821058211886,15792,"R","[NULL]","[NULL]"
23055,"MainThread",54821058227678,97583,"Running","[NULL]","[NULL]"
23055,"MainThread",54821058325261,8792,"R+","[NULL]","[NULL]"
23055,"MainThread",54821058334053,26667,"Running","[NULL]","[NULL]"
23055,"MainThread",54821058360720,16176625,"S","[NULL]","[NULL]"
23055,"MainThread",54821074537345,142250,"R","[NULL]","[NULL]"
23055,"MainThread",54821074679595,145750,"Running","[NULL]","[NULL]"
23055,"MainThread",54821074825345,12750,"R+","[NULL]","[NULL]"
23055,"MainThread",54821074838095,34208,"Running","[NULL]","[NULL]"
23055,"MainThread",54821074872303,16228917,"S","[NULL]","[NULL]"
23055,"MainThread",54821091101220,73333,"R","[NULL]","[NULL]"
23055,"MainThread",54821091174553,207625,"Running","[NULL]","[NULL]"
23113,"mqt_v_js",54821091378220,3958,"R","[NULL]","[NULL]"
23055,"MainThread",54821091382178,42583,"R+","[NULL]","[NULL]"
23113,"mqt_v_js",54821091382178,42583,"Running","[NULL]","[NULL]"
23055,"MainThread",54821091424761,4084,"Running","[NULL]","[NULL]"
23113,"mqt_v_js",54821091424761,2959,"S","[NULL]","[NULL]"
23113,"mqt_v_js",54821091427720,1125,"R","[NULL]","[NULL]"
23055,"MainThread",54821091428845,1200375,"R+","[NULL]","[NULL]"
23113,"mqt_v_js",54821091428845,694791,"Running","[NULL]","[NULL]"
23113,"mqt_v_js",54821092123636,164834,"R","[NULL]","[NULL]"
23113,"mqt_v_js",54821092288470,161375,"Running","[NULL]","[NULL]"
23113,"mqt_v_js",54821092449845,197375,"S","[NULL]","[NULL]"
23055,"MainThread",54821092629220,41208,"Running","[NULL]","[NULL]"
23113,"mqt_v_js",54821092647220,23208,"R","[NULL]","[NULL]"
23055,"MainThread",54821092670428,15174250,"S","[NULL]","[NULL]"
23113,"mqt_v_js",54821092670428,598333,"Running","[NULL]","[NULL]"
23113,"mqt_v_js",54821093268761,443629584,"S","[NULL]","[NULL]"
23055,"MainThread",54821107844678,71292,"R","[NULL]","[NULL]"
23055,"MainThread",54821107915970,283958,"Running","[NULL]","[NULL]"
23055,"MainThread",54821108199928,16226042,"S","[NULL]","[NULL]"
23055,"MainThread",54821124425970,608875,"R","[NULL]","[NULL]"
23055,"MainThread",54821125034845,53291,"Running","[NULL]","[NULL]"
23055,"MainThread",54821125088136,8250,"R+","[NULL]","[NULL]"
23055,"MainThread",54821125096386,15917,"Running","[NULL]","[NULL]"
23055,"MainThread",54821125112303,16036750,"S","[NULL]","[NULL]"
23055,"MainThread",54821141149053,2284708,"R","[NULL]","[NULL]"
23055,"MainThread",54821143433761,68334,"Running","[NULL]","[NULL]"
23055,"MainThread",54821143502095,10541,"R+","[NULL]","[NULL]"
23055,"MainThread",54821143512636,16375,"Running","[NULL]","[NULL]"
23055,"MainThread",54821143529011,14227375,"S","[NULL]","[NULL]"
23055,"MainThread",54821157756386,75459,"R","[NULL]","[NULL]"
23055,"MainThread",54821157831845,53416,"Running","[NULL]","[NULL]"
23055,"MainThread",54821157885261,10667,"R+","[NULL]","[NULL]"
23055,"MainThread",54821157895928,16250,"Running","[NULL]","[NULL]"
23055,"MainThread",54821157912178,16865000,"S","[NULL]","[NULL]"
23055,"MainThread",54821174777178,74667,"R","[NULL]","[NULL]"
23055,"MainThread",54821174851845,56291,"Running","[NULL]","[NULL]"
23055,"MainThread",54821174908136,9584,"R+","[NULL]","[NULL]"
23055,"MainThread",54821174917720,15000,"Running","[NULL]","[NULL]"
23055,"MainThread",54821174932720,16373000,"S","[NULL]","[NULL]"
23055,"MainThread",54821191305720,88208,"R","[NULL]","[NULL]"
23055,"MainThread",54821191393928,55458,"Running","[NULL]","[NULL]"
23055,"MainThread",54821191449386,11125,"R+","[NULL]","[NULL]"
23055,"MainThread",54821191460511,16917,"Running","[NULL]","[NULL]"
23055,"MainThread",54821191477428,16742250,"S","[NULL]","[NULL]"
23055,"MainThread",54821208219678,34833,"R","[NULL]","[NULL]"
23055,"MainThread",54821208254511,98334,"Running","[NULL]","[NULL]"
23055,"MainThread",54821208352845,415625,"R+","[NULL]","[NULL]"
23055,"MainThread",54821208768470,37791,"Running","[NULL]","[NULL]"
23055,"MainThread",54821208806261,15695167,"S","[NULL]","[NULL]"
23055,"MainThread",54821224501428,21083,"R","[NULL]","[NULL]"
23055,"MainThread",54821224522511,74459,"Running","[NULL]","[NULL]"
23055,"MainThread",54821224596970,8833,"R+","[NULL]","[NULL]"
23055,"MainThread",54821224605803,18875,"Running","[NULL]","[NULL]"
23055,"MainThread",54821224624678,16464584,"S","[NULL]","[NULL]"
23055,"MainThread",54821241089262,74166,"R","[NULL]","[NULL]"
23055,"MainThread",54821241163428,62292,"Running","[NULL]","[NULL]"
23055,"MainThread",54821241225720,10083,"R+","[NULL]","[NULL]"
23055,"MainThread",54821241235803,17167,"Running","[NULL]","[NULL]"
23055,"MainThread",54821241252970,16913042,"S","[NULL]","[NULL]"
23055,"MainThread",54821258166012,124166,"R","[NULL]","[NULL]"
23055,"MainThread",54821258290178,107167,"Running","[NULL]","[NULL]"
23055,"MainThread",54821258397345,11500,"R+","[NULL]","[NULL]"
23055,"MainThread",54821258408845,22625,"Running","[NULL]","[NULL]"
23055,"MainThread",54821258431470,16385750,"S","[NULL]","[NULL]"
23055,"MainThread",54821274817220,73583,"R","[NULL]","[NULL]"
23055,"MainThread",54821274890803,68542,"Running","[NULL]","[NULL]"
23055,"MainThread",54821274959345,10292,"R+","[NULL]","[NULL]"
23055,"MainThread",54821274969637,17458,"Running","[NULL]","[NULL]"
23055,"MainThread",54821274987095,16540500,"S","[NULL]","[NULL]"
23055,"MainThread",54821291527595,79250,"R","[NULL]","[NULL]"
23055,"MainThread",54821291606845,42875,"Running","[NULL]","[NULL]"
23055,"MainThread",54821291649720,8958,"R+","[NULL]","[NULL]"
23055,"MainThread",54821291658678,13459,"Running","[NULL]","[NULL]"
23055,"MainThread",54821291672137,16312875,"S","[NULL]","[NULL]"
23055,"MainThread",54821307985012,142333,"R","[NULL]","[NULL]"
23055,"MainThread",54821308127345,46875,"Running","[NULL]","[NULL]"
23055,"MainThread",54821308174220,9292,"R+","[NULL]","[NULL]"
23055,"MainThread",54821308183512,15416,"Running","[NULL]","[NULL]"
23055,"MainThread",54821308198928,16697500,"S","[NULL]","[NULL]"
23055,"MainThread",54821324896428,81042,"R","[NULL]","[NULL]"
23055,"MainThread",54821324977470,130000,"Running","[NULL]","[NULL]"
23055,"MainThread",54821325107470,14875,"R+","[NULL]","[NULL]"
23055,"MainThread",54821325122345,33708,"Running","[NULL]","[NULL]"
23055,"MainThread",54821325156053,16003417,"S","[NULL]","[NULL]"
23055,"MainThread",54821341159470,92042,"R","[NULL]","[NULL]"
23055,"MainThread",54821341251512,120458,"Running","[NULL]","[NULL]"
23055,"MainThread",54821341371970,16513958,"S","[NULL]","[NULL]"
23055,"MainThread",54821357885928,83459,"R","[NULL]","[NULL]"
23055,"MainThread",54821357969387,82416,"Running","[NULL]","[NULL]"
23055,"MainThread",54821358051803,1578250,"S","[NULL]","[NULL]"
23055,"MainThread",54821359630053,77167,"R","[NULL]","[NULL]"
23055,"MainThread",54821359707220,22667,"Running","[NULL]","[NULL]"
23055,"MainThread",54821359729887,14975541,"S","[NULL]","[NULL]"
23055,"MainThread",54821374705428,113959,"R","[NULL]","[NULL]"
23055,"MainThread",54821374819387,103791,"Running","[NULL]","[NULL]"
23055,"MainThread",54821374923178,16852459,"S","[NULL]","[NULL]"
23055,"MainThread",54821391775637,108875,"R","[NULL]","[NULL]"
23055,"MainThread",54821391884512,320125,"Running","[NULL]","[NULL]"
23055,"MainThread",54821392204637,16519833,"S","[NULL]","[NULL]"
23055,"MainThread",54821408724470,41000,"R","[NULL]","[NULL]"
23055,"MainThread",54821408765470,211500,"Running","[NULL]","[NULL]"
23055,"MainThread",54821408976970,15727250,"S","[NULL]","[NULL]"
23055,"MainThread",54821424704220,106250,"R","[NULL]","[NULL]"
23055,"MainThread",54821424810470,106958,"Running","[NULL]","[NULL]"
23055,"MainThread",54821424917428,11834,"R+","[NULL]","[NULL]"
23055,"MainThread",54821424929262,23875,"Running","[NULL]","[NULL]"
23055,"MainThread",54821424953137,17090791,"S","[NULL]","[NULL]"
23055,"MainThread",54821442043928,90667,"R","[NULL]","[NULL]"
23055,"MainThread",54821442134595,130542,"Running","[NULL]","[NULL]"
23055,"MainThread",54821442265137,11208,"R+","[NULL]","[NULL]"
23055,"MainThread",54821442276345,26917,"Running","[NULL]","[NULL]"
23055,"MainThread",54821442303262,15684458,"S","[NULL]","[NULL]"
23055,"MainThread",54821457987720,93000,"R","[NULL]","[NULL]"
23055,"MainThread",54821458080720,345667,"Running","[NULL]","[NULL]"
23055,"MainThread",54821458426387,18465125,"S","[NULL]","[NULL]"
23055,"MainThread",54821476891512,24500,"R","[NULL]","[NULL]"
23055,"MainThread",54821476916012,290666,"Running","[NULL]","[NULL]"
23055,"MainThread",54821477206678,83209,"R+","[NULL]","[NULL]"
23055,"MainThread",54821477289887,71541,"Running","[NULL]","[NULL]"
23055,"MainThread",54821477361428,14005875,"S","[NULL]","[NULL]"
23055,"MainThread",54821491367303,127959,"R","[NULL]","[NULL]"
23055,"MainThread",54821491495262,124083,"Running","[NULL]","[NULL]"
23055,"MainThread",54821491619345,10542,"R+","[NULL]","[NULL]"
23055,"MainThread",54821491629887,26333,"Running","[NULL]","[NULL]"
23055,"MainThread",54821491656220,17429375,"S","[NULL]","[NULL]"
23055,"MainThread",54821509085595,75750,"R","[NULL]","[NULL]"
23055,"MainThread",54821509161345,182375,"Running","[NULL]","[NULL]"
23055,"MainThread",54821509343720,10792,"R+","[NULL]","[NULL]"
23055,"MainThread",54821509354512,36333,"Running","[NULL]","[NULL]"
23055,"MainThread",54821509390845,15855583,"S","[NULL]","[NULL]"
23055,"MainThread",54821525246428,96209,"R","[NULL]","[NULL]"
23055,"MainThread",54821525342637,79208,"Running","[NULL]","[NULL]"
23055,"MainThread",54821525421845,7792,"R","[NULL]","[NULL]"
23055,"MainThread",54821525429637,168333,"Running","[NULL]","[NULL]"
23055,"MainThread",54821525597970,25125,"R+","[NULL]","[NULL]"
23055,"MainThread",54821525623095,100625,"Running","[NULL]","[NULL]"
23055,"MainThread",54821525723720,289458,"R","[NULL]","[NULL]"
23055,"MainThread",54821526013178,37500,"Running","[NULL]","[NULL]"
23055,"MainThread",54821526050678,1673625,"S","[NULL]","[NULL]"
23055,"MainThread",54821527724303,48792,"R","[NULL]","[NULL]"
23055,"MainThread",54821527773095,984458,"Running","[NULL]","[NULL]"
23055,"MainThread",54821528757553,2126875,"R+","[NULL]","[NULL]"
23055,"MainThread",54821530884428,55417,"Running","[NULL]","[NULL]"
23055,"MainThread",54821530939845,2755625,"S","[NULL]","[NULL]"
23055,"MainThread",54821533695470,5000,"R","[NULL]","[NULL]"
23055,"MainThread",54821533700470,1693792,"Running","[NULL]","[NULL]"
23055,"MainThread",54821535394262,132375,"S","[NULL]","[NULL]"
23055,"MainThread",54821535526637,77125,"R","[NULL]","[NULL]"
23055,"MainThread",54821535603762,130333,"Running","[NULL]","[NULL]"
23055,"MainThread",54821535734095,182167,"S","[NULL]","[NULL]"
23055,"MainThread",54821535916262,193666,"R","[NULL]","[NULL]"
23055,"MainThread",54821536109928,859459,"Running","[NULL]","[NULL]"
23113,"mqt_v_js",54821536898345,99375,"R","[NULL]","[NULL]"
23055,"MainThread",54821536969387,2605666,"S","[NULL]","[NULL]"
23113,"mqt_v_js",54821536997720,1291083,"Running","[NULL]","[NULL]"
23113,"mqt_v_js",54821538288803,16042,"R","[NULL]","[NULL]"
23113,"mqt_v_js",54821538304845,1808833,"Running","[NULL]","[NULL]"
23055,"MainThread",54821539575053,115167,"R","[NULL]","[NULL]"
23055,"MainThread",54821539690220,755542,"Running","[NULL]","[NULL]"
23113,"mqt_v_js",54821540113678,265375,"R","[NULL]","[NULL]"
23113,"mqt_v_js",54821540379053,660250,"Running","[NULL]","[NULL]"
23055,"MainThread",54821540445762,669625,"R","[NULL]","[NULL]"
23113,"mqt_v_js",54821541039303,68834,"R","[NULL]","[NULL]"
23113,"mqt_v_js",54821541108137,15023083,"Running","[NULL]","[NULL]"
23055,"MainThread",54821541115387,565458,"Running","[NULL]","[NULL]"
23055,"MainThread",54821541680845,49000,"R+","[NULL]","[NULL]"
23055,"MainThread",54821541729845,66500,"Running","[NULL]","[NULL]"
23055,"MainThread",54821541796345,16034000,"S","[NULL]","[NULL]"
23113,"mqt_v_js",54821556131220,8583,"R+","[NULL]","[NULL]"
23113,"mqt_v_js",54821556139803,1660542,"Running","[NULL]","[NULL]"
23113,"mqt_v_js",54821557800345,93167,"R","[NULL]","[NULL]"
23055,"MainThread",54821557830345,135708,"R","[NULL]","[NULL]"
23113,"mqt_v_js",54821557893512,4910458,"Running","[NULL]","[NULL]"
23055,"MainThread",54821557966053,3834167,"Running","[NULL]","[NULL]"
23055,"MainThread",54821561800220,30500,"R+","[NULL]","[NULL]"
23055,"MainThread",54821561830720,198917,"Running","[NULL]","[NULL]"
23055,"MainThread",54821562029637,709041,"S","[NULL]","[NULL]"
23055,"MainThread",54821562738678,204042,"R","[NULL]","[NULL]"
23113,"mqt_v_js",54821562803970,35152917,"S","[NULL]","[NULL]"
23055,"MainThread",54821562942720,840875,"Running","[NULL]","[NULL]"
23055,"MainThread",54821563783595,10860000,"S","[NULL]","[NULL]"
23055,"MainThread",54821574643595,94417,"R","[NULL]","[NULL]"
23055,"MainThread",54821574738012,537291,"Running","[NULL]","[NULL]"
23055,"MainThread",54821575275303,14834,"R+","[NULL]","[NULL]"
23055,"MainThread",54821575290137,3732833,"Running","[NULL]","[NULL]"
23104,"RenderThread",54821575319428,86250,"R","[NULL]","[NULL]"
23104,"RenderThread",54821575405678,118084,"Running","[NULL]","[NULL]"
23104,"RenderThread",54821575523762,5667791,"S","[NULL]","[NULL]"
23055,"MainThread",54821579022970,23958,"R","[NULL]","[NULL]"
23055,"MainThread",54821579046928,2173667,"Running","[NULL]","[NULL]"
23104,"RenderThread",54821581191553,92000,"R","[NULL]","[NULL]"
23055,"MainThread",54821581220595,1614000,"S","[NULL]","[NULL]"
23104,"RenderThread",54821581283553,2948834,"Running","[NULL]","[NULL]"
23055,"MainThread",54821582834595,94083,"R","[NULL]","[NULL]"
23055,"MainThread",54821582928678,1150667,"Running","[NULL]","[NULL]"
23055,"MainThread",54821584079345,109167,"R","[NULL]","[NULL]"
23055,"MainThread",54821584188512,84958,"Running","[NULL]","[NULL]"
23104,"RenderThread",54821584232387,212625,"R","[NULL]","[NULL]"
23055,"MainThread",54821584273470,7128250,"S","[NULL]","[NULL]"
23104,"RenderThread",54821584445012,3010666,"Running","[NULL]","[NULL]"
23104,"RenderThread",54821587455678,34042,"R+","[NULL]","[NULL]"
23104,"RenderThread",54821587489720,102708,"Running","[NULL]","[NULL]"
23104,"RenderThread",54821587592428,565042,"R+","[NULL]","[NULL]"
23104,"RenderThread",54821588157470,222167,"Running","[NULL]","[NULL]"
23104,"RenderThread",54821588379637,9915541,"S","[NULL]","[NULL]"
23055,"MainThread",54821591401720,80000,"R","[NULL]","[NULL]"
23055,"MainThread",54821591481720,123792,"Running","[NULL]","[NULL]"
23055,"MainThread",54821591605512,23041,"R+","[NULL]","[NULL]"
23055,"MainThread",54821591628553,457792,"Running","[NULL]","[NULL]"
23055,"MainThread",54821592086345,295292,"R","[NULL]","[NULL]"
23055,"MainThread",54821592381637,1398333,"Running","[NULL]","[NULL]"
23055,"MainThread",54821593779970,41792,"R","[NULL]","[NULL]"
23055,"MainThread",54821593821762,1198541,"Running","[NULL]","[NULL]"
23055,"MainThread",54821595020303,57584,"R","[NULL]","[NULL]"
23055,"MainThread",54821595077887,801041,"Running","[NULL]","[NULL]"
23055,"MainThread",54821595878928,89209,"R","[NULL]","[NULL]"
23055,"MainThread",54821595968137,184541,"Running","[NULL]","[NULL]"
23055,"MainThread",54821596152678,6000,"R","[NULL]","[NULL]"
23055,"MainThread",54821596158678,408542,"Running","[NULL]","[NULL]"
23055,"MainThread",54821596567220,220917,"R","[NULL]","[NULL]"
23055,"MainThread",54821596788137,304958,"Running","[NULL]","[NULL]"
23055,"MainThread",54821597093095,128917,"R","[NULL]","[NULL]"
23055,"MainThread",54821597222012,1080833,"Running","[NULL]","[NULL]"
23113,"mqt_v_js",54821597956887,6236541,"R","[NULL]","[NULL]"
23104,"RenderThread",54821598295178,3542417,"R","[NULL]","[NULL]"
23055,"MainThread",54821598302845,10270458,"S","[NULL]","[NULL]"
23104,"RenderThread",54821601837595,2350042,"Running","[NULL]","[NULL]"
23104,"RenderThread",54821604187637,3907666,"R+","[NULL]","[NULL]"
23113,"mqt_v_js",54821604193428,304417,"Running","[NULL]","[NULL]"
23113,"mqt_v_js",54821604497845,61167,"R+","[NULL]","[NULL]"
23113,"mqt_v_js",54821604559012,222791,"Running","[NULL]","[NULL]"
23113,"mqt_v_js",54821604781803,77584,"R","[NULL]","[NULL]"
23113,"mqt_v_js",54821604859387,2901000,"Running","[NULL]","[NULL]"
23113,"mqt_v_js",54821607760387,1721916,"R","[NULL]","[NULL]"
23104,"RenderThread",54821608095303,1277500,"Running","[NULL]","[NULL]"
23055,"MainThread",54821608573303,139167,"R","[NULL]","[NULL]"
23055,"MainThread",54821608712470,215958,"Running","[NULL]","[NULL]"
23055,"MainThread",54821608928428,20750,"R+","[NULL]","[NULL]"
23055,"MainThread",54821608949178,31750,"Running","[NULL]","[NULL]"
23055,"MainThread",54821608980928,1751584,"S","[NULL]","[NULL]"
23104,"RenderThread",54821609372803,83375,"S","[NULL]","[NULL]"
23104,"RenderThread",54821609456178,76375,"R","[NULL]","[NULL]"
23113,"mqt_v_js",54821609482303,11220917,"Running","[NULL]","[NULL]"
23104,"RenderThread",54821609532553,938709,"Running","[NULL]","[NULL]"
23104,"RenderThread",54821610471262,107666,"R+","[NULL]","[NULL]"
23104,"RenderThread",54821610578928,45542,"Running","[NULL]","[NULL]"
23104,"RenderThread",54821610624470,9708,"R+","[NULL]","[NULL]"
23104,"RenderThread",54821610634178,4834,"Running","[NULL]","[NULL]"
23104,"RenderThread",54821610639012,6833,"R+","[NULL]","[NULL]"
23104,"RenderThread",54821610645845,161875,"Running","[NULL]","[NULL]"
23055,"MainThread",54821610732512,75208,"R","[NULL]","[NULL]"
23055,"MainThread",54821610807720,11958,"Running","[NULL]","[NULL]"
23104,"RenderThread",54821610807720,14254000,"S","[NULL]","[NULL]"
23055,"MainThread",54821610819678,11816125,"S","[NULL]","[NULL]"
23113,"mqt_v_js",54821620703220,91917,"R","[NULL]","[NULL]"
23113,"mqt_v_js",54821620795137,190750,"Running","[NULL]","[NULL]"
23113,"mqt_v_js",54821620985887,59625,"R","[NULL]","[NULL]"
23113,"mqt_v_js",54821621045512,1746916,"Running","[NULL]","[NULL]"
23055,"MainThread",54821622635803,148625,"R","[NULL]","[NULL]"
23055,"MainThread",54821622784428,693500,"Running","[NULL]","[NULL]"
23113,"mqt_v_js",54821622792428,90917,"R","[NULL]","[NULL]"
23113,"mqt_v_js",54821622883345,262625,"Running","[NULL]","[NULL]"
23113,"mqt_v_js",54821623145970,4016708,"S","[NULL]","[NULL]"
23055,"MainThread",54821623477928,55167,"R","[NULL]","[NULL]"
23055,"MainThread",54821623533095,672750,"Running","[NULL]","[NULL]"
23055,"MainThread",54821624205845,514875,"S","[NULL]","[NULL]"
23055,"MainThread",54821624720720,25958,"R","[NULL]","[NULL]"
23055,"MainThread",54821624746678,149334,"Running","[NULL]","[NULL]"
23055,"MainThread",54821624896012,9083,"R","[NULL]","[NULL]"
23055,"MainThread",54821624905095,130667,"Running","[NULL]","[NULL]"
23055,"MainThread",54821625035762,16291,"R+","[NULL]","[NULL]"
23055,"MainThread",54821625052053,782334,"Running","[NULL]","[NULL]"
23104,"RenderThread",54821625061720,788958,"R","[NULL]","[NULL]"
23055,"MainThread",54821625834387,67458,"R","[NULL]","[NULL]"
23104,"RenderThread",54821625850678,13375,"Running","[NULL]","[NULL]"
23104,"RenderThread",54821625864053,1863042,"S","[NULL]","[NULL]"
23055,"MainThread",54821625901845,1832708,"Running","[NULL]","[NULL]"
23113,"mqt_v_js",54821627162678,571875,"R","[NULL]","[NULL]"
23104,"RenderThread",54821627727095,490292,"R","[NULL]","[NULL]"
23055,"MainThread",54821627734553,846334,"S","[NULL]","[NULL]"
23113,"mqt_v_js",54821627734553,69375,"Running","[NULL]","[NULL]"
23113,"mqt_v_js",54821627803928,29709,"R+","[NULL]","[NULL]"
23113,"mqt_v_js",54821627833637,94083,"Running","[NULL]","[NULL]"
23113,"mqt_v_js",54821627927720,413034792,"S","[NULL]","[NULL]"
23104,"RenderThread",54821628217387,6130000,"Running","[NULL]","[NULL]"
23055,"MainThread",54821628580887,2226125,"R","[NULL]","[NULL]"
23055,"MainThread",54821630807012,182000,"Running","[NULL]","[NULL]"
23055,"MainThread",54821630989012,8289083,"S","[NULL]","[NULL]"
23104,"RenderThread",54821634347387,57500,"R+","[NULL]","[NULL]"
23104,"RenderThread",54821634404887,1695375,"Running","[NULL]","[NULL]"
23104,"RenderThread",54821636100262,6541,"R+","[NULL]","[NULL]"
23104,"RenderThread",54821636106803,3038834,"Running","[NULL]","[NULL]"
23104,"RenderThread",54821639145637,2291,"R+","[NULL]","[NULL]"
23104,"RenderThread",54821639147928,158542,"Running","[NULL]","[NULL]"
23055,"MainThread",54821639278095,51375,"R","[NULL]","[NULL]"
23104,"RenderThread",54821639306470,5284542,"S","[NULL]","[NULL]"
23055,"MainThread",54821639329470,27250,"Running","[NULL]","[NULL]"
23055,"MainThread",54821639356720,2078333,"S","[NULL]","[NULL]"
23055,"MainThread",54821641435053,327334,"R","[NULL]","[NULL]"
23055,"MainThread",54821641762387,167208,"Running","[NULL]","[NULL]"
23055,"MainThread",54821641929595,12125,"R+","[NULL]","[NULL]"
23055,"MainThread",54821641941720,2130583,"Running","[NULL]","[NULL]"
23055,"MainThread",54821644072303,3375,"R","[NULL]","[NULL]"
23055,"MainThread",54821644075678,1764125,"Running","[NULL]","[NULL]"
23104,"RenderThread",54821644591012,1112166,"R","[NULL]","[NULL]"
23104,"RenderThread",54821645703178,33625,"Running","[NULL]","[NULL]"
23104,"RenderThread",54821645736803,65417,"S","[NULL]","[NULL]"
23104,"RenderThread",54821645802220,100417,"R","[NULL]","[NULL]"
23055,"MainThread",54821645839803,500167,"S","[NULL]","[NULL]"
23104,"RenderThread",54821645902637,1469500,"Running","[NULL]","[NULL]"
23055,"MainThread",54821646339970,1000958,"R","[NULL]","[NULL]"
23055,"MainThread",54821647340928,72667,"Running","[NULL]","[NULL]"
23104,"RenderThread",54821647372137,120291,"R","[NULL]","[NULL]"
23055,"MainThread",54821647413595,10333917,"S","[NULL]","[NULL]"
23104,"RenderThread",54821647492428,170875,"Running","[NULL]","[NULL]"
23104,"RenderThread",54821647663303,7459,"R","[NULL]","[NULL]"
23104,"RenderThread",54821647670762,515208,"Running","[NULL]","[NULL]"
23104,"RenderThread",54821648185970,4792,"R+","[NULL]","[NULL]"
23104,"RenderThread",54821648190762,1583,"Running","[NULL]","[NULL]"
23104,"RenderThread",54821648192345,76667,"R+","[NULL]","[NULL]"
23104,"RenderThread",54821648269012,9305375,"Running","[NULL]","[NULL]"
23104,"RenderThread",54821657574387,104375,"R+","[NULL]","[NULL]"
23104,"RenderThread",54821657678762,34875,"Running","[NULL]","[NULL]"
23104,"RenderThread",54821657713637,77958,"R","[NULL]","[NULL]"
23055,"MainThread",54821657747512,29041,"R","[NULL]","[NULL]"
23055,"MainThread",54821657776553,287042,"Running","[NULL]","[NULL]"
23104,"RenderThread",54821657791595,2271667,"Running","[NULL]","[NULL]"
23055,"MainThread",54821658063595,16500,"R+","[NULL]","[NULL]"
23055,"MainThread",54821658080095,1759875,"Running","[NULL]","[NULL]"
23055,"MainThread",54821659839970,1606125,"S","[NULL]","[NULL]"
23104,"RenderThread",54821660063262,2875,"R","[NULL]","[NULL]"
23104,"RenderThread",54821660066137,652250,"Running","[NULL]","[NULL]"
23104,"RenderThread",54821660718387,112875,"R+","[NULL]","[NULL]"
23104,"RenderThread",54821660831262,1494625,"Running","[NULL]","[NULL]"
23055,"MainThread",54821661446095,378292,"R","[NULL]","[NULL]"
23055,"MainThread",54821661824387,167791,"Running","[NULL]","[NULL]"
23055,"MainThread",54821661992178,19871292,"S","[NULL]","[NULL]"
23104,"RenderThread",54821662325887,188416,"R","[NULL]","[NULL]"
23104,"RenderThread",54821662514303,1586709,"Running","[NULL]","[NULL]"
23104,"RenderThread",54821664101012,15083,"R+","[NULL]","[NULL]"
23104,"RenderThread",54821664116095,4144167,"Running","[NULL]","[NULL]"
23104,"RenderThread",54821668260262,43041,"R+","[NULL]","[NULL]"
23104,"RenderThread",54821668303303,5022125,"Running","[NULL]","[NULL]"
23104,"RenderThread",54821673325428,217459,"R+","[NULL]","[NULL]"
23104,"RenderThread",54821673542887,6984625,"Running","[NULL]","[NULL]"
23104,"RenderThread",54821680527512,769500,"R+","[NULL]","[NULL]"
23104,"RenderThread",54821681297012,439750,"Running","[NULL]","[NULL]"
23104,"RenderThread",54821681736762,219416,"R+","[NULL]","[NULL]"
23055,"MainThread",54821681863470,1416208,"R","[NULL]","[NULL]"
23104,"RenderThread",54821681956178,180417,"Running","[NULL]","[NULL]"
23104,"RenderThread",54821682136595,136083,"R","[NULL]","[NULL]"
23104,"RenderThread",54821682272678,625584,"Running","[NULL]","[NULL]"
23104,"RenderThread",54821682898262,12958,"R+","[NULL]","[NULL]"
23104,"RenderThread",54821682911220,1606917,"Running","[NULL]","[NULL]"
23055,"MainThread",54821683279678,14033042,"Running","[NULL]","[NULL]"
23104,"RenderThread",54821684518137,78458,"R","[NULL]","[NULL]"
23104,"RenderThread",54821684596595,3462875,"Running","[NULL]","[NULL]"
23104,"RenderThread",54821688059470,12444542,"R+","[NULL]","[NULL]"
23055,"MainThread",54821697312720,1055375,"R+","[NULL]","[NULL]"
23055,"MainThread",54821698368095,4650542,"Running","[NULL]","[NULL]"
23104,"RenderThread",54821700504012,3817291,"Running","[NULL]","[NULL]"
23055,"MainThread",54821703018637,2902000,"R","[NULL]","[NULL]"
23104,"RenderThread",54821704321303,572750,"R","[NULL]","[NULL]"
23104,"RenderThread",54821704894053,3172125,"Running","[NULL]","[NULL]"
23055,"MainThread",54821705920637,176125,"Running","[NULL]","[NULL]"
23055,"MainThread",54821706096762,44536083,"S","[NULL]","[NULL]"
23104,"RenderThread",54821708066178,169375,"R+","[NULL]","[NULL]"
23104,"RenderThread",54821708235553,1792250,"Running","[NULL]","[NULL]"
23104,"RenderThread",54821710027803,114875,"R+","[NULL]","[NULL]"
23104,"RenderThread",54821710142678,167584,"Running","[NULL]","[NULL]"
23104,"RenderThread",54821710310262,9708,"R+","[NULL]","[NULL]"
23104,"RenderThread",54821710319970,7350750,"Running","[NULL]","[NULL]"
23104,"RenderThread",54821717670720,195042,"R+","[NULL]","[NULL]"
23104,"RenderThread",54821717865762,11837791,"Running","[NULL]","[NULL]"
23104,"RenderThread",54821729703553,724125,"R","[NULL]","[NULL]"
23104,"RenderThread",54821730427678,13497542,"Running","[NULL]","[NULL]"
23104,"RenderThread",54821743925220,2083,"R+","[NULL]","[NULL]"
23104,"RenderThread",54821743927303,240167,"Running","[NULL]","[NULL]"
23104,"RenderThread",54821744167470,5250,"R+","[NULL]","[NULL]"
23104,"RenderThread",54821744172720,7454875,"Running","[NULL]","[NULL]"
23055,"MainThread",54821750632845,120583,"R","[NULL]","[NULL]"
23055,"MainThread",54821750753428,497167,"Running","[NULL]","[NULL]"
23055,"MainThread",54821751250595,87917,"R+","[NULL]","[NULL]"
23055,"MainThread",54821751338512,2749125,"Running","[NULL]","[NULL]"
23104,"RenderThread",54821751627595,35167,"R","[NULL]","[NULL]"
23104,"RenderThread",54821751662762,681166,"Running","[NULL]","[NULL]"
23104,"RenderThread",54821752343928,5000,"R+","[NULL]","[NULL]"
23104,"RenderThread",54821752348928,814709,"Running","[NULL]","[NULL]"
23104,"RenderThread",54821753163637,4375,"R+","[NULL]","[NULL]"
23104,"RenderThread",54821753168012,1458,"Running","[NULL]","[NULL]"
23104,"RenderThread",54821753169470,85958,"R+","[NULL]","[NULL]"
23104,"RenderThread",54821753255428,4880875,"Running","[NULL]","[NULL]"
23055,"MainThread",54821754087637,27453750,"S","[NULL]","[NULL]"
23104,"RenderThread",54821758136303,258875,"R+","[NULL]","[NULL]"
23104,"RenderThread",54821758395178,193334,"Running","[NULL]","[NULL]"
23104,"RenderThread",54821758588512,59541,"R","[NULL]","[NULL]"
23104,"RenderThread",54821758648053,752542,"Running","[NULL]","[NULL]"
23104,"RenderThread",54821759400595,12792,"R+","[NULL]","[NULL]"
23104,"RenderThread",54821759413387,778208,"Running","[NULL]","[NULL]"
23104,"RenderThread",54821760191595,4292,"R","[NULL]","[NULL]"
23104,"RenderThread",54821760195887,453666,"Running","[NULL]","[NULL]"
23104,"RenderThread",54821760649553,178084,"R","[NULL]","[NULL]"
23104,"RenderThread",54821760827637,8438000,"Running","[NULL]","[NULL]"
23104,"RenderThread",54821769265637,6666,"R+","[NULL]","[NULL]"
23104,"RenderThread",54821769272303,4973375,"Running","[NULL]","[NULL]"
23104,"RenderThread",54821774245678,74459,"R+","[NULL]","[NULL]"
23104,"RenderThread",54821774320137,5006666,"Running","[NULL]","[NULL]"
23104,"RenderThread",54821779326803,107667,"R","[NULL]","[NULL]"
23104,"RenderThread",54821779434470,3183292,"Running","[NULL]","[NULL]"
23055,"MainThread",54821781541387,407041,"R","[NULL]","[NULL]"
23055,"MainThread",54821781948428,589792,"Running","[NULL]","[NULL]"
23055,"MainThread",54821782538220,60167,"R+","[NULL]","[NULL]"
23055,"MainThread",54821782598387,146166,"Running","[NULL]","[NULL]"
23104,"RenderThread",54821782617762,80833,"R","[NULL]","[NULL]"
23104,"RenderThread",54821782698595,1557083,"Running","[NULL]","[NULL]"
23055,"MainThread",54821782744553,25167,"R","[NULL]","[NULL]"
23055,"MainThread",54821782769720,1229917,"Running","[NULL]","[NULL]"
23055,"MainThread",54821783999637,14994166,"S","[NULL]","[NULL]"
23104,"RenderThread",54821784255678,3959,"R+","[NULL]","[NULL]"
23104,"RenderThread",54821784259637,5887458,"Running","[NULL]","[NULL]"
23104,"RenderThread",54821790147095,107708,"R","[NULL]","[NULL]"
23104,"RenderThread",54821790254803,352959,"Running","[NULL]","[NULL]"
23104,"RenderThread",54821790607762,110416,"R+","[NULL]","[NULL]"
23104,"RenderThread",54821790718178,74959,"Running","[NULL]","[NULL]"
23104,"RenderThread",54821790793137,7305666,"S","[NULL]","[NULL]"
23104,"RenderThread",54821798098803,65584,"R","[NULL]","[NULL]"
23104,"RenderThread",54821798164387,1900291,"Running","[NULL]","[NULL]"
23055,"MainThread",54821798993803,11506250,"R","[NULL]","[NULL]"
23104,"RenderThread",54821800064678,21209,"R+","[NULL]","[NULL]"
23104,"RenderThread",54821800085887,2764791,"Running","[NULL]","[NULL]"
23104,"RenderThread",54821802850678,15250,"R+","[NULL]","[NULL]"
23104,"RenderThread",54821802865928,3725542,"Running","[NULL]","[NULL]"
23104,"RenderThread",54821806591470,141250,"R+","[NULL]","[NULL]"
23104,"RenderThread",54821806732720,840000,"Running","[NULL]","[NULL]"
23104,"RenderThread",54821807572720,96708,"R+","[NULL]","[NULL]"
23104,"RenderThread",54821807669428,2077834,"Running","[NULL]","[NULL]"
23104,"RenderThread",54821809747262,6791,"R+","[NULL]","[NULL]"
23104,"RenderThread",54821809754053,646625,"Running","[NULL]","[NULL]"
23104,"RenderThread",54821810400678,580167,"R","[NULL]","[NULL]"
23055,"MainThread",54821810500053,894375,"Running","[NULL]","[NULL]"
23104,"RenderThread",54821810980845,238917,"Running","[NULL]","[NULL]"
23104,"RenderThread",54821811219762,91000,"R","[NULL]","[NULL]"
23104,"RenderThread",54821811310762,157750,"Running","[NULL]","[NULL]"
23055,"MainThread",54821811394428,66584,"R","[NULL]","[NULL]"
23055,"MainThread",54821811461012,876125,"Running","[NULL]","[NULL]"
23104,"RenderThread",54821811468512,74291,"R","[NULL]","[NULL]"
23104,"RenderThread",54821811542803,764125,"Running","[NULL]","[NULL]"
23104,"RenderThread",54821812306928,3959,"R+","[NULL]","[NULL]"
23104,"RenderThread",54821812310887,1256041,"Running","[NULL]","[NULL]"
23055,"MainThread",54821812337137,9208,"R","[NULL]","[NULL]"
23055,"MainThread",54821812346345,858333,"Running","[NULL]","[NULL]"
23055,"MainThread",54821813204678,462459,"R+","[NULL]","[NULL]"
23104,"RenderThread",54821813566928,13153750,"S","[NULL]","[NULL]"
23055,"MainThread",54821813667137,44791,"Running","[NULL]","[NULL]"
23055,"MainThread",54821813711928,23848709,"S","[NULL]","[NULL]"
23104,"RenderThread",54821826720678,91167,"R","[NULL]","[NULL]"
23104,"RenderThread",54821826811845,9713667,"Running","[NULL]","[NULL]"
23104,"RenderThread",54821836525512,28875,"R","[NULL]","[NULL]"
23104,"RenderThread",54821836554387,4038583,"Running","[NULL]","[NULL]"
23055,"MainThread",54821837560637,309416,"R","[NULL]","[NULL]"
23055,"MainThread",54821837870053,377042,"Running","[NULL]","[NULL]"
23055,"MainThread",54821838247095,188042,"R+","[NULL]","[NULL]"
23055,"MainThread",54821838435137,1563083,"Running","[NULL]","[NULL]"
23055,"MainThread",54821839998220,254000,"R","[NULL]","[NULL]"
23055,"MainThread",54821840252220,276875,"Running","[NULL]","[NULL]"
23055,"MainThread",54821840529095,91458,"R","[NULL]","[NULL]"
23104,"RenderThread",54821840592970,8601042,"S","[NULL]","[NULL]"
23055,"MainThread",54821840620553,520584,"Running","[NULL]","[NULL]"
23055,"MainThread",54821841141137,7280125,"R","[NULL]","[NULL]"
23055,"MainThread",54821848421262,75125,"Running","[NULL]","[NULL]"
23055,"MainThread",54821848496387,1459833,"S","[NULL]","[NULL]"
23104,"RenderThread",54821849194012,96125,"R","[NULL]","[NULL]"
23104,"RenderThread",54821849290137,2769416,"Running","[NULL]","[NULL]"
23055,"MainThread",54821849956220,2107625,"R","[NULL]","[NULL]"
23104,"RenderThread",54821852059553,8238500,"R+","[NULL]","[NULL]"
23055,"MainThread",54821852063845,7807417,"Running","[NULL]","[NULL]"
23055,"MainThread",54821859871262,3672666,"R","[NULL]","[NULL]"
23104,"RenderThread",54821860298053,1014542,"Running","[NULL]","[NULL]"
23104,"RenderThread",54821861312595,7708,"R+","[NULL]","[NULL]"
23104,"RenderThread",54821861320303,625250,"Running","[NULL]","[NULL]"
23104,"RenderThread",54821861945553,157334,"R+","[NULL]","[NULL]"
23104,"RenderThread",54821862102887,1441041,"Running","[NULL]","[NULL]"
23055,"MainThread",54821863543928,3098584,"Running","[NULL]","[NULL]"
23104,"RenderThread",54821863543928,13896417,"S","[NULL]","[NULL]"
23055,"MainThread",54821866642512,11785916,"S","[NULL]","[NULL]"
23104,"RenderThread",54821877440345,84000,"R","[NULL]","[NULL]"
23104,"RenderThread",54821877524345,1755917,"Running","[NULL]","[NULL]"
23055,"MainThread",54821878428428,146042,"R","[NULL]","[NULL]"
23055,"MainThread",54821878574470,515833,"Running","[NULL]","[NULL]"
23055,"MainThread",54821879090303,43667,"R+","[NULL]","[NULL]"
23055,"MainThread",54821879133970,2341833,"Running","[NULL]","[NULL]"
23104,"RenderThread",54821879280262,113208,"R+","[NULL]","[NULL]"
23104,"RenderThread",54821879393470,6858875,"Running","[NULL]","[NULL]"
23055,"MainThread",54821881475803,29269792,"S","[NULL]","[NULL]"
23104,"RenderThread",54821886252345,8750,"R+","[NULL]","[NULL]"
23104,"RenderThread",54821886261095,5020667,"Running","[NULL]","[NULL]"
23104,"RenderThread",54821891281762,75666,"R+","[NULL]","[NULL]"
23104,"RenderThread",54821891357428,182834,"Running","[NULL]","[NULL]"
23104,"RenderThread",54821891540262,42708,"R+","[NULL]","[NULL]"
23104,"RenderThread",54821891582970,687208,"Running","[NULL]","[NULL]"
23104,"RenderThread",54821892270178,3917,"R+","[NULL]","[NULL]"
23104,"RenderThread",54821892274095,996167,"Running","[NULL]","[NULL]"
23104,"RenderThread",54821893270262,16667916,"S","[NULL]","[NULL]"
23104,"RenderThread",54821909938178,84667,"R","[NULL]","[NULL]"
23104,"RenderThread",54821910022845,1541417,"Running","[NULL]","[NULL]"
23055,"MainThread",54821910745595,268625,"R","[NULL]","[NULL]"
23055,"MainThread",54821911014220,329792,"Running","[NULL]","[NULL]"
23055,"MainThread",54821911344012,52875,"R+","[NULL]","[NULL]"
23055,"MainThread",54821911396887,10491500,"Running","[NULL]","[NULL]"
23104,"RenderThread",54821911564262,48458,"R","[NULL]","[NULL]"
23104,"RenderThread",54821911612720,4453708,"Running","[NULL]","[NULL]"
23104,"RenderThread",54821916066428,14000,"R+","[NULL]","[NULL]"
23104,"RenderThread",54821916080428,5911584,"Running","[NULL]","[NULL]"
23055,"MainThread",54821921888387,1761916,"R","[NULL]","[NULL]"
23104,"RenderThread",54821921992012,454500,"R+","[NULL]","[NULL]"
23104,"RenderThread",54821922446512,1912875,"Running","[NULL]","[NULL]"
23055,"MainThread",54821923650303,907875,"Running","[NULL]","[NULL]"
23104,"RenderThread",54821924359387,180291,"R+","[NULL]","[NULL]"
23104,"RenderThread",54821924539678,874250,"Running","[NULL]","[NULL]"
23055,"MainThread",54821924558178,881959,"R","[NULL]","[NULL]"
23104,"RenderThread",54821925413928,92167,"R+","[NULL]","[NULL]"
23055,"MainThread",54821925440137,2017916,"Running","[NULL]","[NULL]"
23104,"RenderThread",54821925506095,69583,"Running","[NULL]","[NULL]"
23104,"RenderThread",54821925575678,18092292,"S","[NULL]","[NULL]"
23055,"MainThread",54821927458053,19709042,"S","[NULL]","[NULL]"
23104,"RenderThread",54821943667970,107709,"R","[NULL]","[NULL]"
23104,"RenderThread",54821943775679,521291,"Running","[NULL]","[NULL]"
23104,"RenderThread",54821944296970,4000,"R","[NULL]","[NULL]"
23104,"RenderThread",54821944300970,4259959,"Running","[NULL]","[NULL]"
23055,"MainThread",54821947167095,108667,"R","[NULL]","[NULL]"
23055,"MainThread",54821947275762,1393333,"Running","[NULL]","[NULL]"
23104,"RenderThread",54821948560929,4374958,"R","[NULL]","[NULL]"
23055,"MainThread",54821948669095,48250,"R","[NULL]","[NULL]"
23055,"MainThread",54821948717345,2201250,"Running","[NULL]","[NULL]"
23055,"MainThread",54821950918595,38642459,"S","[NULL]","[NULL]"
23104,"RenderThread",54821952935887,3374625,"Running","[NULL]","[NULL]"
23104,"RenderThread",54821956310512,153542,"R","[NULL]","[NULL]"
23104,"RenderThread",54821956464054,1414291,"Running","[NULL]","[NULL]"
23104,"RenderThread",54821957878345,170542,"R","[NULL]","[NULL]"
23104,"RenderThread",54821958048887,465417,"Running","[NULL]","[NULL]"
23104,"RenderThread",54821958514304,64833,"R+","[NULL]","[NULL]"
23104,"RenderThread",54821958579137,1772708,"Running","[NULL]","[NULL]"
23104,"RenderThread",54821960351845,107000,"R+","[NULL]","[NULL]"
23104,"RenderThread",54821960458845,16792,"Running","[NULL]","[NULL]"
23104,"RenderThread",54821960475637,27469750,"S","[NULL]","[NULL]"
23104,"RenderThread",54821987945387,785250,"R","[NULL]","[NULL]"
23104,"RenderThread",54821988730637,1313042,"Running","[NULL]","[NULL]"
23055,"MainThread",54821989561054,79916,"R","[NULL]","[NULL]"
23055,"MainThread",54821989640970,506459,"Running","[NULL]","[NULL]"
23104,"RenderThread",54821990043679,51625,"R","[NULL]","[NULL]"
23104,"RenderThread",54821990095304,149500,"Running","[NULL]","[NULL]"
23055,"MainThread",54821990147429,47125,"R","[NULL]","[NULL]"
23055,"MainThread",54821990194554,1203958,"Running","[NULL]","[NULL]"
23104,"RenderThread",54821990244804,36291,"R+","[NULL]","[NULL]"
23104,"RenderThread",54821990281095,970000,"Running","[NULL]","[NULL]"
23104,"RenderThread",54821991251095,134459,"R+","[NULL]","[NULL]"
23104,"RenderThread",54821991385554,200166,"Running","[NULL]","[NULL]"
23055,"MainThread",54821991398512,134583,"R","[NULL]","[NULL]"
23055,"MainThread",54821991533095,526000,"Running","[NULL]","[NULL]"
23104,"RenderThread",54821991585720,127500,"R+","[NULL]","[NULL]"
23104,"RenderThread",54821991713220,48459,"Running","[NULL]","[NULL]"
23104,"RenderThread",54821991761679,17563541,"S","[NULL]","[NULL]"
23055,"MainThread",54821992059095,4388209,"R","[NULL]","[NULL]"
23055,"MainThread",54821996447304,640166,"Running","[NULL]","[NULL]"
23055,"MainThread",54821997087470,22011917,"S","[NULL]","[NULL]"
23104,"RenderThread",54822009325220,75667,"R","[NULL]","[NULL]"
23104,"RenderThread",54822009400887,9224583,"Running","[NULL]","[NULL]"
23104,"RenderThread",54822018625470,5625,"R","[NULL]","[NULL]"
23104,"RenderThread",54822018631095,915375,"Running","[NULL]","[NULL]"
23055,"MainThread",54822019099387,87083,"R","[NULL]","[NULL]"
23055,"MainThread",54822019186470,524709,"Running","[NULL]","[NULL]"
23104,"RenderThread",54822019546470,108625,"R","[NULL]","[NULL]"
23104,"RenderThread",54822019655095,122584,"Running","[NULL]","[NULL]"
23055,"MainThread",54822019711179,118583,"R","[NULL]","[NULL]"
23104,"RenderThread",54822019777679,98916,"R","[NULL]","[NULL]"
23055,"MainThread",54822019829762,2038625,"Running","[NULL]","[NULL]"
23104,"RenderThread",54822019876595,3562834,"Running","[NULL]","[NULL]"
23055,"MainThread",54822021868387,7667,"R","[NULL]","[NULL]"
23055,"MainThread",54822021876054,456000,"Running","[NULL]","[NULL]"
23055,"MainThread",54822022332054,128041,"R","[NULL]","[NULL]"
23055,"MainThread",54822022460095,964625,"Running","[NULL]","[NULL]"
23055,"MainThread",54822023424720,173542,"R","[NULL]","[NULL]"
23104,"RenderThread",54822023439429,7240666,"S","[NULL]","[NULL]"
23055,"MainThread",54822023598262,730958,"Running","[NULL]","[NULL]"
23055,"MainThread",54822024329220,12209,"R","[NULL]","[NULL]"
23055,"MainThread",54822024341429,566125,"Running","[NULL]","[NULL]"
23055,"MainThread",54822024907554,4463166,"R","[NULL]","[NULL]"
23055,"MainThread",54822029370720,47250,"Running","[NULL]","[NULL]"
23055,"MainThread",54822029417970,5725792,"S","[NULL]","[NULL]"
23104,"RenderThread",54822030680095,3856000,"R","[NULL]","[NULL]"
23104,"RenderThread",54822034536095,2733959,"Running","[NULL]","[NULL]"
23055,"MainThread",54822035143762,288125,"R","[NULL]","[NULL]"
23055,"MainThread",54822035431887,534750,"Running","[NULL]","[NULL]"
23055,"MainThread",54822035966637,408583,"R+","[NULL]","[NULL]"
23055,"MainThread",54822036375220,2347334,"Running","[NULL]","[NULL]"
23104,"RenderThread",54822037270054,70916,"R+","[NULL]","[NULL]"
23104,"RenderThread",54822037340970,2740334,"Running","[NULL]","[NULL]"
23055,"MainThread",54822038722554,25000,"R","[NULL]","[NULL]"
23055,"MainThread",54822038747554,2579000,"Running","[NULL]","[NULL]"
23104,"RenderThread",54822040081304,5291,"R+","[NULL]","[NULL]"
23104,"RenderThread",54822040086595,800750,"Running","[NULL]","[NULL]"
23104,"RenderThread",54822040887345,468625,"R","[NULL]","[NULL]"
23113,"mqt_v_js",54822040962512,890292,"R","[NULL]","[NULL]"
23055,"MainThread",54822041326554,2446083,"R","[NULL]","[NULL]"
23104,"RenderThread",54822041355970,136459,"Running","[NULL]","[NULL]"
23104,"RenderThread",54822041492429,94333,"R+","[NULL]","[NULL]"
23104,"RenderThread",54822041586762,1924875,"Running","[NULL]","[NULL]"
23113,"mqt_v_js",54822041852804,1896583,"Running","[NULL]","[NULL]"
23104,"RenderThread",54822043511637,101417,"R+","[NULL]","[NULL]"
23104,"RenderThread",54822043613054,101250,"Running","[NULL]","[NULL]"
23104,"RenderThread",54822043714304,15656541,"S","[NULL]","[NULL]"
23113,"mqt_v_js",54822043749387,647667,"R","[NULL]","[NULL]"
23055,"MainThread",54822043772637,872542,"Running","[NULL]","[NULL]"
23113,"mqt_v_js",54822044397054,450041,"Running","[NULL]","[NULL]"
23055,"MainThread",54822044645179,179208,"R","[NULL]","[NULL]"
23055,"MainThread",54822044824387,791042,"Running","[NULL]","[NULL]"
23113,"mqt_v_js",54822044847095,734625,"R","[NULL]","[NULL]"
23113,"mqt_v_js",54822045581720,361459,"Running","[NULL]","[NULL]"
23055,"MainThread",54822045615429,171875,"R","[NULL]","[NULL]"
23055,"MainThread",54822045787304,1131583,"Running","[NULL]","[NULL]"
23113,"mqt_v_js",54822045943179,18416,"R","[NULL]","[NULL]"
23113,"mqt_v_js",54822045961595,461292,"Running","[NULL]","[NULL]"
23113,"mqt_v_js",54822046422887,743042,"R","[NULL]","[NULL]"
23055,"MainThread",54822046918887,21455625,"S","[NULL]","[NULL]"
23113,"mqt_v_js",54822047165929,3366458,"Running","[NULL]","[NULL]"
23113,"mqt_v_js",54822050532387,32500,"R","[NULL]","[NULL]"
23113,"mqt_v_js",54822050564887,7088708,"Running","[NULL]","[NULL]"
23113,"mqt_v_js",54822057653595,6917,"R","[NULL]","[NULL]"
23113,"mqt_v_js",54822057660512,302458,"Running","[NULL]","[NULL]"
23113,"mqt_v_js",54822057962970,1225667,"R","[NULL]","[NULL]"
23113,"mqt_v_js",54822059188637,7858250,"Running","[NULL]","[NULL]"
23104,"RenderThread",54822059370845,7829459,"R","[NULL]","[NULL]"
23113,"mqt_v_js",54822067046887,5519125,"R","[NULL]","[NULL]"
23104,"RenderThread",54822067200304,4513791,"Running","[NULL]","[NULL]"
23055,"MainThread",54822068374512,3612292,"R","[NULL]","[NULL]"
23104,"RenderThread",54822071714095,214792,"R+","[NULL]","[NULL]"
23104,"RenderThread",54822071928887,57917,"Running","[NULL]","[NULL]"
23055,"MainThread",54822071986804,262708,"Running","[NULL]","[NULL]"
23104,"RenderThread",54822071986804,6429416,"S","[NULL]","[NULL]"
23055,"MainThread",54822072249512,6208,"R","[NULL]","[NULL]"
23055,"MainThread",54822072255720,256459,"Running","[NULL]","[NULL]"
23055,"MainThread",54822072512179,18583,"R+","[NULL]","[NULL]"
23055,"MainThread",54822072530762,27792,"Running","[NULL]","[NULL]"
23055,"MainThread",54822072558554,1914541,"S","[NULL]","[NULL]"
23113,"mqt_v_js",54822072566012,857167,"Running","[NULL]","[NULL]"
23113,"mqt_v_js",54822073423179,89583,"R","[NULL]","[NULL]"
23113,"mqt_v_js",54822073512762,1070958,"Running","[NULL]","[NULL]"
23055,"MainThread",54822074473095,3665834,"R","[NULL]","[NULL]"
23113,"mqt_v_js",54822074583720,1606375,"R","[NULL]","[NULL]"
23113,"mqt_v_js",54822076190095,1979709,"Running","[NULL]","[NULL]"
23055,"MainThread",54822078138929,164958,"Running","[NULL]","[NULL]"
23113,"mqt_v_js",54822078169804,59958,"R+","[NULL]","[NULL]"
23113,"mqt_v_js",54822078229762,8104375,"Running","[NULL]","[NULL]"
23055,"MainThread",54822078303887,19167,"R+","[NULL]","[NULL]"
23055,"MainThread",54822078323054,48708,"Running","[NULL]","[NULL]"
23055,"MainThread",54822078371762,143417,"S","[NULL]","[NULL]"
23104,"RenderThread",54822078416220,2709,"R","[NULL]","[NULL]"
23104,"RenderThread",54822078418929,12083,"Running","[NULL]","[NULL]"
23104,"RenderThread",54822078431012,1875,"S","[NULL]","[NULL]"
23104,"RenderThread",54822078432887,792,"R","[NULL]","[NULL]"
23104,"RenderThread",54822078433679,119041,"Running","[NULL]","[NULL]"
23055,"MainThread",54822078515179,37541,"R","[NULL]","[NULL]"
23055,"MainThread",54822078552720,10792,"Running","[NULL]","[NULL]"
23104,"RenderThread",54822078552720,81717459,"S","[NULL]","[NULL]"
23055,"MainThread",54822078563512,11430333,"S","[NULL]","[NULL]"
23113,"mqt_v_js",54822086334137,41250,"R","[NULL]","[NULL]"
23113,"mqt_v_js",54822086375387,2775417,"Running","[NULL]","[NULL]"
23113,"mqt_v_js",54822089150804,205500,"R","[NULL]","[NULL]"
23113,"mqt_v_js",54822089356304,1553333,"Running","[NULL]","[NULL]"
23055,"MainThread",54822089993845,157625,"R","[NULL]","[NULL]"
23055,"MainThread",54822090151470,89917,"Running","[NULL]","[NULL]"
23055,"MainThread",54822090241387,949125,"S","[NULL]","[NULL]"
23113,"mqt_v_js",54822090909637,71667,"R","[NULL]","[NULL]"
23113,"mqt_v_js",54822090981304,162708,"Running","[NULL]","[NULL]"
23113,"mqt_v_js",54822091144012,82208,"R","[NULL]","[NULL]"
23055,"MainThread",54822091190512,76292,"R","[NULL]","[NULL]"
23113,"mqt_v_js",54822091226220,462667,"Running","[NULL]","[NULL]"
23055,"MainThread",54822091266804,124500,"Running","[NULL]","[NULL]"
23055,"MainThread",54822091391304,57375,"R+","[NULL]","[NULL]"
23055,"MainThread",54822091448679,117541,"Running","[NULL]","[NULL]"
23055,"MainThread",54822091566220,7389084,"S","[NULL]","[NULL]"
23113,"mqt_v_js",54822091688887,27250,"R","[NULL]","[NULL]"
23113,"mqt_v_js",54822091716137,3515042,"Running","[NULL]","[NULL]"
23113,"mqt_v_js",54822095231179,647458,"R","[NULL]","[NULL]"
23113,"mqt_v_js",54822095878637,387292,"Running","[NULL]","[NULL]"
23113,"mqt_v_js",54822096265929,24791,"R","[NULL]","[NULL]"
23113,"mqt_v_js",54822096290720,174959,"Running","[NULL]","[NULL]"
23113,"mqt_v_js",54822096465679,4750,"R","[NULL]","[NULL]"
23113,"mqt_v_js",54822096470429,3023291,"Running","[NULL]","[NULL]"
23055,"MainThread",54822098955304,97541,"R","[NULL]","[NULL]"
23055,"MainThread",54822099052845,483042,"Running","[NULL]","[NULL]"
23113,"mqt_v_js",54822099493720,381209,"R","[NULL]","[NULL]"
23055,"MainThread",54822099535887,8774250,"S","[NULL]","[NULL]"
23113,"mqt_v_js",54822099874929,6536125,"Running","[NULL]","[NULL]"
23113,"mqt_v_js",54822106411054,669166,"R","[NULL]","[NULL]"
23113,"mqt_v_js",54822107080220,928834,"Running","[NULL]","[NULL]"
23113,"mqt_v_js",54822108009054,1810625,"R","[NULL]","[NULL]"
23055,"MainThread",54822108310137,25875,"R","[NULL]","[NULL]"
23055,"MainThread",54822108336012,134042,"Running","[NULL]","[NULL]"
23055,"MainThread",54822108470054,68958,"R","[NULL]","[NULL]"
23055,"MainThread",54822108539012,1408125,"Running","[NULL]","[NULL]"
23113,"mqt_v_js",54822109819679,2290458,"Running","[NULL]","[NULL]"
23055,"MainThread",54822109947137,127708,"R","[NULL]","[NULL]"
23055,"MainThread",54822110074845,926000,"Running","[NULL]","[NULL]"
23055,"MainThread",54822111000845,256792,"R+","[NULL]","[NULL]"
23055,"MainThread",54822111257637,7753375,"Running","[NULL]","[NULL]"
23113,"mqt_v_js",54822112110137,171167,"R","[NULL]","[NULL]"
23113,"mqt_v_js",54822112281304,6150166,"Running","[NULL]","[NULL]"
23113,"mqt_v_js",54822118431470,35959,"R","[NULL]","[NULL]"
23113,"mqt_v_js",54822118467429,2267708,"Running","[NULL]","[NULL]"
23055,"MainThread",54822119011012,20708,"R","[NULL]","[NULL]"
23055,"MainThread",54822119031720,1250417,"Running","[NULL]","[NULL]"
23055,"MainThread",54822120282137,92667,"R","[NULL]","[NULL]"
23055,"MainThread",54822120374804,233875,"Running","[NULL]","[NULL]"
23055,"MainThread",54822120608679,214041,"S","[NULL]","[NULL]"
23113,"mqt_v_js",54822120735137,55375,"R","[NULL]","[NULL]"
23113,"mqt_v_js",54822120790512,75833,"Running","[NULL]","[NULL]"
23055,"MainThread",54822120822720,1017167,"R","[NULL]","[NULL]"
23113,"mqt_v_js",54822120866345,1002917,"S","[NULL]","[NULL]"
23055,"MainThread",54822121839887,558083,"Running","[NULL]","[NULL]"
23113,"mqt_v_js",54822121869262,211000,"R","[NULL]","[NULL]"
23113,"mqt_v_js",54822122080262,140417,"Running","[NULL]","[NULL]"
23113,"mqt_v_js",54822122220679,6223541,"R","[NULL]","[NULL]"
23055,"MainThread",54822122397970,529459,"D","[NULL]","[NULL]"
23055,"MainThread",54822122927429,51250,"R","[NULL]","[NULL]"
23055,"MainThread",54822122978679,30166,"Running","[NULL]","[NULL]"
23055,"MainThread",54822123008845,5572500,"S","[NULL]","[NULL]"
23113,"mqt_v_js",54822128444220,366709,"Running","[NULL]","[NULL]"
23055,"MainThread",54822128581345,165834,"R","[NULL]","[NULL]"
23055,"MainThread",54822128747179,241000,"Running","[NULL]","[NULL]"
23113,"mqt_v_js",54822128810929,35833,"R","[NULL]","[NULL]"
23113,"mqt_v_js",54822128846762,79458,"Running","[NULL]","[NULL]"
23113,"mqt_v_js",54822128926220,21250,"R","[NULL]","[NULL]"
23113,"mqt_v_js",54822128947470,81084,"Running","[NULL]","[NULL]"
23055,"MainThread",54822128988179,24916,"R+","[NULL]","[NULL]"
23055,"MainThread",54822129013095,52042,"Running","[NULL]","[NULL]"
23113,"mqt_v_js",54822129028554,30000,"R","[NULL]","[NULL]"
23113,"mqt_v_js",54822129058554,106166,"Running","[NULL]","[NULL]"
23055,"MainThread",54822129065137,12126833,"S","[NULL]","[NULL]"
23113,"mqt_v_js",54822129164720,21084,"R","[NULL]","[NULL]"
23113,"mqt_v_js",54822129185804,84291,"Running","[NULL]","[NULL]"
23113,"mqt_v_js",54822129270095,24542,"R","[NULL]","[NULL]"
23113,"mqt_v_js",54822129294637,918875,"Running","[NULL]","[NULL]"
23113,"mqt_v_js",54822130213512,8114542,"R","[NULL]","[NULL]"
23113,"mqt_v_js",54822138328054,236750,"Running","[NULL]","[NULL]"
23113,"mqt_v_js",54822138564804,14583,"R","[NULL]","[NULL]"
23113,"mqt_v_js",54822138579387,1853000,"Running","[NULL]","[NULL]"
23113,"mqt_v_js",54822140432387,792042,"R","[NULL]","[NULL]"
23055,"MainThread",54822141191970,18584,"R","[NULL]","[NULL]"
23055,"MainThread",54822141210554,159000,"Running","[NULL]","[NULL]"
23113,"mqt_v_js",54822141224429,2837333,"Running","[NULL]","[NULL]"
23055,"MainThread",54822141369554,6688708,"R+","[NULL]","[NULL]"
23113,"mqt_v_js",54822144061762,509917,"R","[NULL]","[NULL]"
23113,"mqt_v_js",54822144571679,3566708,"Running","[NULL]","[NULL]"
23055,"MainThread",54822148058262,92583,"Running","[NULL]","[NULL]"
23113,"mqt_v_js",54822148138387,72667,"R","[NULL]","[NULL]"
23055,"MainThread",54822148150845,46334,"R","[NULL]","[NULL]"
23055,"MainThread",54822148197179,9750,"Running","[NULL]","[NULL]"
23055,"MainThread",54822148206929,243208,"S","[NULL]","[NULL]"
23113,"mqt_v_js",54822148211054,2120083,"Running","[NULL]","[NULL]"
23055,"MainThread",54822148450137,75625,"R","[NULL]","[NULL]"
23055,"MainThread",54822148525762,1913625,"Running","[NULL]","[NULL]"
23113,"mqt_v_js",54822150331137,242375,"R+","[NULL]","[NULL]"
23055,"MainThread",54822150439387,4736833,"R","[NULL]","[NULL]"
23113,"mqt_v_js",54822150573512,1783708,"Running","[NULL]","[NULL]"
23113,"mqt_v_js",54822152357220,413375,"R","[NULL]","[NULL]"
23113,"mqt_v_js",54822152770595,2496334,"Running","[NULL]","[NULL]"
23055,"MainThread",54822155176220,652959,"Running","[NULL]","[NULL]"
23113,"mqt_v_js",54822155266929,16666,"R","[NULL]","[NULL]"
23113,"mqt_v_js",54822155283595,384334,"Running","[NULL]","[NULL]"
23113,"mqt_v_js",54822155667929,229583,"R","[NULL]","[NULL]"
23055,"MainThread",54822155829179,53083,"R","[NULL]","[NULL]"
23055,"MainThread",54822155882262,314583,"Running","[NULL]","[NULL]"
23113,"mqt_v_js",54822155897512,1844542,"Running","[NULL]","[NULL]"
23055,"MainThread",54822156196845,5334,"R","[NULL]","[NULL]"
23055,"MainThread",54822156202179,1434125,"Running","[NULL]","[NULL]"
23055,"MainThread",54822157636304,170958,"R","[NULL]","[NULL]"
23113,"mqt_v_js",54822157742054,69375,"R","[NULL]","[NULL]"
23055,"MainThread",54822157807262,1118833,"Running","[NULL]","[NULL]"
23113,"mqt_v_js",54822157811429,2156166,"Running","[NULL]","[NULL]"
23055,"MainThread",54822158926095,1323084,"R+","[NULL]","[NULL]"
23113,"mqt_v_js",54822159967595,4153167,"R","[NULL]","[NULL]"
23055,"MainThread",54822160249179,23791,"Running","[NULL]","[NULL]"
23104,"RenderThread",54822160270179,2791,"R","[NULL]","[NULL]"
23055,"MainThread",54822160272970,96792,"R+","[NULL]","[NULL]"
23104,"RenderThread",54822160272970,96792,"Running","[NULL]","[NULL]"
23055,"MainThread",54822160369762,3769792,"Running","[NULL]","[NULL]"
23104,"RenderThread",54822160369762,17297375,"S","[NULL]","[NULL]"
23113,"mqt_v_js",54822164120762,3188333,"Running","[NULL]","[NULL]"
23055,"MainThread",54822164139554,3104916,"R","[NULL]","[NULL]"
23055,"MainThread",54822167244470,157167,"Running","[NULL]","[NULL]"
23113,"mqt_v_js",54822167309095,8766000,"R","[NULL]","[NULL]"
23055,"MainThread",54822167401637,16375,"R","[NULL]","[NULL]"
23055,"MainThread",54822167418012,680833,"Running","[NULL]","[NULL]"
23055,"MainThread",54822168098845,72000,"R","[NULL]","[NULL]"
23055,"MainThread",54822168170845,3064875,"Running","[NULL]","[NULL]"
23055,"MainThread",54822171235720,206792,"R","[NULL]","[NULL]"
23055,"MainThread",54822171442512,714750,"Running","[NULL]","[NULL]"
23055,"MainThread",54822172157262,4542,"R","[NULL]","[NULL]"
23055,"MainThread",54822172161804,1129125,"Running","[NULL]","[NULL]"
23055,"MainThread",54822173290929,97333,"R","[NULL]","[NULL]"
23055,"MainThread",54822173388262,931083,"Running","[NULL]","[NULL]"
23055,"MainThread",54822174319345,61167,"R","[NULL]","[NULL]"
23055,"MainThread",54822174380512,1736083,"Running","[NULL]","[NULL]"
23113,"mqt_v_js",54822176075095,458792,"Running","[NULL]","[NULL]"
23055,"MainThread",54822176116595,8417,"R","[NULL]","[NULL]"
23055,"MainThread",54822176125012,558167,"Running","[NULL]","[NULL]"
23113,"mqt_v_js",54822176533887,670147125,"S","[NULL]","[NULL]"
23055,"MainThread",54822176683179,188375,"R","[NULL]","[NULL]"
23055,"MainThread",54822176871554,800916,"Running","[NULL]","[NULL]"
23104,"RenderThread",54822177667137,5333,"R","[NULL]","[NULL]"
23055,"MainThread",54822177672470,1050500,"R+","[NULL]","[NULL]"
23104,"RenderThread",54822177672470,1050500,"Running","[NULL]","[NULL]"
23055,"MainThread",54822178722970,6334,"Running","[NULL]","[NULL]"
23104,"RenderThread",54822178722970,3917,"S","[NULL]","[NULL]"
23104,"RenderThread",54822178726887,2417,"R","[NULL]","[NULL]"
23055,"MainThread",54822178729304,2514833,"R+","[NULL]","[NULL]"
23104,"RenderThread",54822178729304,1492833,"Running","[NULL]","[NULL]"
23104,"RenderThread",54822180222137,3958,"R+","[NULL]","[NULL]"
23104,"RenderThread",54822180226095,209625,"Running","[NULL]","[NULL]"
23104,"RenderThread",54822180435720,184417,"R+","[NULL]","[NULL]"
23104,"RenderThread",54822180620137,624000,"Running","[NULL]","[NULL]"
23055,"MainThread",54822181244137,340417,"Running","[NULL]","[NULL]"
23104,"RenderThread",54822181244137,336000,"S","[NULL]","[NULL]"
23104,"RenderThread",54822181580137,4417,"R","[NULL]","[NULL]"
23055,"MainThread",54822181584554,12291,"R+","[NULL]","[NULL]"
23104,"RenderThread",54822181584554,12291,"Running","[NULL]","[NULL]"
23055,"MainThread",54822181596845,2538875,"Running","[NULL]","[NULL]"
23104,"RenderThread",54822181596845,33017167,"S","[NULL]","[NULL]"
23055,"MainThread",54822184135720,21917,"R","[NULL]","[NULL]"
23055,"MainThread",54822184157637,1927625,"Running","[NULL]","[NULL]"
23055,"MainThread",54822186085262,45500,"R+","[NULL]","[NULL]"
23055,"MainThread",54822186130762,486250,"Running","[NULL]","[NULL]"
23055,"MainThread",54822186617012,1715583,"R+","[NULL]","[NULL]"
23055,"MainThread",54822188332595,3459,"Running","[NULL]","[NULL]"
23055,"MainThread",54822188336054,17299083,"S","[NULL]","[NULL]"
23055,"MainThread",54822205635137,5051917,"R","[NULL]","[NULL]"
23055,"MainThread",54822210687054,207458,"Running","[NULL]","[NULL]"
23055,"MainThread",54822210894512,80750,"R","[NULL]","[NULL]"
23055,"MainThread",54822210975262,189542,"Running","[NULL]","[NULL]"
23055,"MainThread",54822211164804,3361500,"R+","[NULL]","[NULL]"
23055,"MainThread",54822214526304,394625,"Running","[NULL]","[NULL]"
23104,"RenderThread",54822214614012,5189000,"R","[NULL]","[NULL]"
23055,"MainThread",54822214920929,577500,"R+","[NULL]","[NULL]"
23055,"MainThread",54822215498429,1246750,"Running","[NULL]","[NULL]"
23055,"MainThread",54822216745179,963541,"R","[NULL]","[NULL]"
23055,"MainThread",54822217708720,189750,"Running","[NULL]","[NULL]"
23055,"MainThread",54822217898470,323667,"R+","[NULL]","[NULL]"
23055,"MainThread",54822218222137,747375,"Running","[NULL]","[NULL]"
23055,"MainThread",54822218969512,1620833,"S","[NULL]","[NULL]"
23104,"RenderThread",54822219803012,331458,"Running","[NULL]","[NULL]"
23104,"RenderThread",54822220134470,311125,"R","[NULL]","[NULL]"
23104,"RenderThread",54822220445595,1333375,"Running","[NULL]","[NULL]"
23055,"MainThread",54822220590345,1256375,"R","[NULL]","[NULL]"
23104,"RenderThread",54822221778970,1987459,"R+","[NULL]","[NULL]"
23055,"MainThread",54822221846720,226125,"Running","[NULL]","[NULL]"
23055,"MainThread",54822222072845,75459,"R","[NULL]","[NULL]"
23055,"MainThread",54822222148304,543375,"Running","[NULL]","[NULL]"
23055,"MainThread",54822222691679,58875,"R+","[NULL]","[NULL]"
23055,"MainThread",54822222750554,306166,"Running","[NULL]","[NULL]"
23055,"MainThread",54822223056720,41334,"R","[NULL]","[NULL]"
23055,"MainThread",54822223098054,517500,"Running","[NULL]","[NULL]"
23055,"MainThread",54822223615554,115458,"R","[NULL]","[NULL]"
23055,"MainThread",54822223731012,35417,"Running","[NULL]","[NULL]"
23055,"MainThread",54822223766429,1856083,"S","[NULL]","[NULL]"
23104,"RenderThread",54822223766429,15250,"Running","[NULL]","[NULL]"
23104,"RenderThread",54822223781679,97750,"R+","[NULL]","[NULL]"
23104,"RenderThread",54822223879429,365208,"Running","[NULL]","[NULL]"
23104,"RenderThread",54822224244637,300167,"R","[NULL]","[NULL]"
23104,"RenderThread",54822224544804,12750,"Running","[NULL]","[NULL]"
23104,"RenderThread",54822224557554,230333,"S","[NULL]","[NULL]"
23104,"RenderThread",54822224787887,35958,"R","[NULL]","[NULL]"
23104,"RenderThread",54822224823845,991875,"Running","[NULL]","[NULL]"
23055,"MainThread",54822225622512,1142417,"R","[NULL]","[NULL]"
23104,"RenderThread",54822225815720,72000,"R","[NULL]","[NULL]"
23104,"RenderThread",54822225887720,260834,"Running","[NULL]","[NULL]"
23104,"RenderThread",54822226148554,10375,"R","[NULL]","[NULL]"
23104,"RenderThread",54822226158929,606000,"Running","[NULL]","[NULL]"
23055,"MainThread",54822226764929,136916,"Running","[NULL]","[NULL]"
23104,"RenderThread",54822226764929,682357333,"S","[NULL]","[NULL]"
23055,"MainThread",54822226901845,27834,"R+","[NULL]","[NULL]"
23055,"MainThread",54822226929679,77166,"Running","[NULL]","[NULL]"
23055,"MainThread",54822227006845,14271292,"S","[NULL]","[NULL]"
23055,"MainThread",54822241278137,11995625,"R","[NULL]","[NULL]"
23055,"MainThread",54822253273762,90792,"Running","[NULL]","[NULL]"
23055,"MainThread",54822253364554,10916,"R+","[NULL]","[NULL]"
23055,"MainThread",54822253375470,29667,"Running","[NULL]","[NULL]"
23055,"MainThread",54822253405137,4403000,"S","[NULL]","[NULL]"
23055,"MainThread",54822257808137,1879750,"R","[NULL]","[NULL]"
23055,"MainThread",54822259687887,90875,"Running","[NULL]","[NULL]"
23055,"MainThread",54822259778762,13375,"R+","[NULL]","[NULL]"
23055,"MainThread",54822259792137,24875,"Running","[NULL]","[NULL]"
23055,"MainThread",54822259817012,14556417,"S","[NULL]","[NULL]"
23055,"MainThread",54822274373429,20666,"R","[NULL]","[NULL]"
23055,"MainThread",54822274394095,94334,"Running","[NULL]","[NULL]"
23055,"MainThread",54822274488429,8416,"R+","[NULL]","[NULL]"
23055,"MainThread",54822274496845,42125,"Running","[NULL]","[NULL]"
23055,"MainThread",54822274538970,16519750,"S","[NULL]","[NULL]"
23055,"MainThread",54822291058720,65084,"R","[NULL]","[NULL]"
23055,"MainThread",54822291123804,99666,"Running","[NULL]","[NULL]"
23055,"MainThread",54822291223470,8542,"R+","[NULL]","[NULL]"
23055,"MainThread",54822291232012,25583,"Running","[NULL]","[NULL]"
23055,"MainThread",54822291257595,16422542,"S","[NULL]","[NULL]"
23055,"MainThread",54822307680137,51125,"R","[NULL]","[NULL]"
23055,"MainThread",54822307731262,107875,"Running","[NULL]","[NULL]"
23055,"MainThread",54822307839137,8750,"R+","[NULL]","[NULL]"
23055,"MainThread",54822307847887,23542,"Running","[NULL]","[NULL]"
23055,"MainThread",54822307871429,16477708,"S","[NULL]","[NULL]"
23055,"MainThread",54822324349137,20542,"R","[NULL]","[NULL]"
23055,"MainThread",54822324369679,132875,"Running","[NULL]","[NULL]"
23055,"MainThread",54822324502554,9416,"R+","[NULL]","[NULL]"
23055,"MainThread",54822324511970,28500,"Running","[NULL]","[NULL]"
23055,"MainThread",54822324540470,16623000,"S","[NULL]","[NULL]"
23055,"MainThread",54822341163470,23334,"R","[NULL]","[NULL]"
23055,"MainThread",54822341186804,102125,"Running","[NULL]","[NULL]"
23055,"MainThread",54822341288929,11333,"R+","[NULL]","[NULL]"
23055,"MainThread",54822341300262,37792,"Running","[NULL]","[NULL]"
23055,"MainThread",54822341338054,16495500,"S","[NULL]","[NULL]"
23055,"MainThread",54822357833554,78416,"R","[NULL]","[NULL]"
23055,"MainThread",54822357911970,135084,"Running","[NULL]","[NULL]"
23055,"MainThread",54822358047054,11250,"R","[NULL]","[NULL]"
23055,"MainThread",54822358058304,150333,"Running","[NULL]","[NULL]"
23055,"MainThread",54822358208637,12500,"R+","[NULL]","[NULL]"
23055,"MainThread",54822358221137,60583,"Running","[NULL]","[NULL]"
23055,"MainThread",54822358281720,16067792,"S","[NULL]","[NULL]"
23055,"MainThread",54822374349512,123917,"R","[NULL]","[NULL]"
23055,"MainThread",54822374473429,113458,"Running","[NULL]","[NULL]"
23055,"MainThread",54822374586887,331417,"R","[NULL]","[NULL]"
23055,"MainThread",54822374918304,96291,"Running","[NULL]","[NULL]"
23055,"MainThread",54822375014595,9042,"R+","[NULL]","[NULL]"
23055,"MainThread",54822375023637,32333,"Running","[NULL]","[NULL]"
23055,"MainThread",54822375055970,16067584,"S","[NULL]","[NULL]"
23055,"MainThread",54822391123554,55000,"R","[NULL]","[NULL]"
23055,"MainThread",54822391178554,126625,"Running","[NULL]","[NULL]"
23055,"MainThread",54822391305179,14125,"R","[NULL]","[NULL]"
23055,"MainThread",54822391319304,106125,"Running","[NULL]","[NULL]"
23055,"MainThread",54822391425429,29583,"R+","[NULL]","[NULL]"
23055,"MainThread",54822391455012,33958,"Running","[NULL]","[NULL]"
23055,"MainThread",54822391488970,16419042,"S","[NULL]","[NULL]"
23055,"MainThread",54822407908012,60833,"R","[NULL]","[NULL]"
23055,"MainThread",54822407968845,218917,"Running","[NULL]","[NULL]"
23055,"MainThread",54822408187762,12333,"R","[NULL]","[NULL]"
23055,"MainThread",54822408200095,213709,"Running","[NULL]","[NULL]"
23055,"MainThread",54822408413804,11458,"R+","[NULL]","[NULL]"
23055,"MainThread",54822408425262,44917,"Running","[NULL]","[NULL]"
23055,"MainThread",54822408470179,16093625,"S","[NULL]","[NULL]"
23055,"MainThread",54822424563804,64833,"R","[NULL]","[NULL]"
23055,"MainThread",54822424628637,98000,"Running","[NULL]","[NULL]"
23055,"MainThread",54822424726637,9292,"R","[NULL]","[NULL]"
23055,"MainThread",54822424735929,91708,"Running","[NULL]","[NULL]"
23055,"MainThread",54822424827637,10792,"R+","[NULL]","[NULL]"
23055,"MainThread",54822424838429,33208,"Running","[NULL]","[NULL]"
23055,"MainThread",54822424871637,16221333,"S","[NULL]","[NULL]"
23055,"MainThread",54822441092970,18209,"R","[NULL]","[NULL]"
23055,"MainThread",54822441111179,95458,"Running","[NULL]","[NULL]"
23055,"MainThread",54822441206637,48167,"R","[NULL]","[NULL]"
23055,"MainThread",54822441254804,70416,"Running","[NULL]","[NULL]"
23055,"MainThread",54822441325220,10584,"R+","[NULL]","[NULL]"
23055,"MainThread",54822441335804,27250,"Running","[NULL]","[NULL]"
23055,"MainThread",54822441363054,16529875,"S","[NULL]","[NULL]"
23055,"MainThread",54822457892929,89291,"R","[NULL]","[NULL]"
23055,"MainThread",54822457982220,147917,"Running","[NULL]","[NULL]"
23055,"MainThread",54822458130137,38917,"R+","[NULL]","[NULL]"
23055,"MainThread",54822458169054,35916,"Running","[NULL]","[NULL]"
23055,"MainThread",54822458204970,17033792,"S","[NULL]","[NULL]"
23055,"MainThread",54822475238762,64708,"R","[NULL]","[NULL]"
23055,"MainThread",54822475303470,135125,"Running","[NULL]","[NULL]"
23055,"MainThread",54822475438595,10709,"R+","[NULL]","[NULL]"
23055,"MainThread",54822475449304,24666,"Running","[NULL]","[NULL]"
23055,"MainThread",54822475473970,16496917,"S","[NULL]","[NULL]"
23055,"MainThread",54822491970887,201583,"R","[NULL]","[NULL]"
23055,"MainThread",54822492172470,105959,"Running","[NULL]","[NULL]"
23055,"MainThread",54822492278429,9291,"R+","[NULL]","[NULL]"
23055,"MainThread",54822492287720,23834,"Running","[NULL]","[NULL]"
23055,"MainThread",54822492311554,16536916,"S","[NULL]","[NULL]"
23055,"MainThread",54822508848470,43709,"R","[NULL]","[NULL]"
23055,"MainThread",54822508892179,76250,"Running","[NULL]","[NULL]"
23055,"MainThread",54822508968429,10958,"R+","[NULL]","[NULL]"
23055,"MainThread",54822508979387,19625,"Running","[NULL]","[NULL]"
23055,"MainThread",54822508999012,15571667,"S","[NULL]","[NULL]"
23055,"MainThread",54822524570679,77875,"R","[NULL]","[NULL]"
23055,"MainThread",54822524648554,58416,"Running","[NULL]","[NULL]"
23055,"MainThread",54822524706970,9209,"R+","[NULL]","[NULL]"
23055,"MainThread",54822524716179,17083,"Running","[NULL]","[NULL]"
23055,"MainThread",54822524733262,16598208,"S","[NULL]","[NULL]"
23055,"MainThread",54822541331470,76084,"R","[NULL]","[NULL]"
23055,"MainThread",54822541407554,38250,"Running","[NULL]","[NULL]"
23055,"MainThread",54822541445804,9083,"R+","[NULL]","[NULL]"
23055,"MainThread",54822541454887,19708,"Running","[NULL]","[NULL]"
23055,"MainThread",54822541474595,16369542,"S","[NULL]","[NULL]"
23055,"MainThread",54822557844137,110875,"R","[NULL]","[NULL]"
23055,"MainThread",54822557955012,92167,"Running","[NULL]","[NULL]"
23055,"MainThread",54822558047179,194291,"R","[NULL]","[NULL]"
23055,"MainThread",54822558241470,40084,"Running","[NULL]","[NULL]"
23055,"MainThread",54822558281554,35000,"R+","[NULL]","[NULL]"
23055,"MainThread",54822558316554,16541,"Running","[NULL]","[NULL]"
23055,"MainThread",54822558333095,17578625,"S","[NULL]","[NULL]"
23055,"MainThread",54822575911720,191875,"R","[NULL]","[NULL]"
23055,"MainThread",54822576103595,40875,"Running","[NULL]","[NULL]"
23055,"MainThread",54822576144470,9459,"R+","[NULL]","[NULL]"
23055,"MainThread",54822576153929,15125,"Running","[NULL]","[NULL]"
23055,"MainThread",54822576169054,16328833,"S","[NULL]","[NULL]"
23055,"MainThread",54822592497887,91917,"R","[NULL]","[NULL]"
23055,"MainThread",54822592589804,81916,"Running","[NULL]","[NULL]"
23055,"MainThread",54822592671720,16934250,"S","[NULL]","[NULL]"
23055,"MainThread",54822609605970,90375,"R","[NULL]","[NULL]"
23055,"MainThread",54822609696345,95625,"Running","[NULL]","[NULL]"
23055,"MainThread",54822609791970,14973917,"S","[NULL]","[NULL]"
23055,"MainThread",54822624765887,136250,"R","[NULL]","[NULL]"
23055,"MainThread",54822624902137,149667,"Running","[NULL]","[NULL]"
23055,"MainThread",54822625051804,17911875,"S","[NULL]","[NULL]"
23055,"MainThread",54822642963679,77708,"R","[NULL]","[NULL]"
23055,"MainThread",54822643041387,161209,"Running","[NULL]","[NULL]"
23055,"MainThread",54822643202596,15260708,"S","[NULL]","[NULL]"
23055,"MainThread",54822658463304,103000,"R","[NULL]","[NULL]"
23055,"MainThread",54822658566304,95000,"Running","[NULL]","[NULL]"
23055,"MainThread",54822658661304,15936833,"S","[NULL]","[NULL]"
23055,"MainThread",54822674598137,78917,"R","[NULL]","[NULL]"
23055,"MainThread",54822674677054,122500,"Running","[NULL]","[NULL]"
23055,"MainThread",54822674799554,16776167,"S","[NULL]","[NULL]"
23055,"MainThread",54822691575721,248750,"R","[NULL]","[NULL]"
23055,"MainThread",54822691824471,121000,"Running","[NULL]","[NULL]"
23055,"MainThread",54822691945471,16866500,"S","[NULL]","[NULL]"
23055,"MainThread",54822708811971,71500,"R","[NULL]","[NULL]"
23055,"MainThread",54822708883471,218625,"Running","[NULL]","[NULL]"
23055,"MainThread",54822709102096,15755541,"S","[NULL]","[NULL]"
23055,"MainThread",54822724857637,78292,"R","[NULL]","[NULL]"
23055,"MainThread",54822724935929,179417,"Running","[NULL]","[NULL]"
23055,"MainThread",54822725115346,16322250,"S","[NULL]","[NULL]"
23055,"MainThread",54822741437596,84875,"R","[NULL]","[NULL]"
23055,"MainThread",54822741522471,136541,"Running","[NULL]","[NULL]"
23055,"MainThread",54822741659012,17865917,"S","[NULL]","[NULL]"
23055,"MainThread",54822759524929,4833,"R","[NULL]","[NULL]"
23055,"MainThread",54822759529762,108375,"Running","[NULL]","[NULL]"
23055,"MainThread",54822759638137,15121125,"S","[NULL]","[NULL]"
23055,"MainThread",54822774759262,80500,"R","[NULL]","[NULL]"
23055,"MainThread",54822774839762,66334,"Running","[NULL]","[NULL]"
23055,"MainThread",54822774906096,16826333,"S","[NULL]","[NULL]"
23055,"MainThread",54822791732429,92208,"R","[NULL]","[NULL]"
23055,"MainThread",54822791824637,54542,"Running","[NULL]","[NULL]"
23055,"MainThread",54822791879179,14250,"R+","[NULL]","[NULL]"
23055,"MainThread",54822791893429,19250,"Running","[NULL]","[NULL]"
23055,"MainThread",54822791912679,16316667,"S","[NULL]","[NULL]"
23055,"MainThread",54822808229346,157708,"R","[NULL]","[NULL]"
23055,"MainThread",54822808387054,103083,"Running","[NULL]","[NULL]"
23055,"MainThread",54822808490137,12167,"R+","[NULL]","[NULL]"
23055,"MainThread",54822808502304,23042,"Running","[NULL]","[NULL]"
23055,"MainThread",54822808525346,18470208,"S","[NULL]","[NULL]"
23055,"MainThread",54822826995554,117292,"R","[NULL]","[NULL]"
23055,"MainThread",54822827112846,155291,"Running","[NULL]","[NULL]"
23055,"MainThread",54822827268137,16250,"R+","[NULL]","[NULL]"
23055,"MainThread",54822827284387,30375,"Running","[NULL]","[NULL]"
23055,"MainThread",54822827314762,13957917,"S","[NULL]","[NULL]"
23055,"MainThread",54822841272679,753875,"R","[NULL]","[NULL]"
23055,"MainThread",54822842026554,263875,"Running","[NULL]","[NULL]"
23055,"MainThread",54822842290429,15873917,"S","[NULL]","[NULL]"
23113,"mqt_v_js",54822846681012,68209,"R","[NULL]","[NULL]"
23113,"mqt_v_js",54822846749221,1395916,"Running","[NULL]","[NULL]"
23113,"mqt_v_js",54822848145137,280125,"R","[NULL]","[NULL]"
23113,"mqt_v_js",54822848425262,1726834,"Running","[NULL]","[NULL]"
23113,"mqt_v_js",54822850152096,8457791,"S","[NULL]","[NULL]"
23055,"MainThread",54822858164346,131125,"R","[NULL]","[NULL]"
23055,"MainThread",54822858295471,183416,"Running","[NULL]","[NULL]"
23055,"MainThread",54822858478887,19542,"R+","[NULL]","[NULL]"
23055,"MainThread",54822858498429,597083,"Running","[NULL]","[NULL]"
23113,"mqt_v_js",54822858609887,86500,"R","[NULL]","[NULL]"
23113,"mqt_v_js",54822858696387,1145125,"Running","[NULL]","[NULL]"
23055,"MainThread",54822859095512,2196084,"R+","[NULL]","[NULL]"
23113,"mqt_v_js",54822859841512,657417,"R","[NULL]","[NULL]"
23113,"mqt_v_js",54822860498929,54042,"Running","[NULL]","[NULL]"
23113,"mqt_v_js",54822860552971,602875,"S","[NULL]","[NULL]"
23113,"mqt_v_js",54822861155846,95500,"R","[NULL]","[NULL]"
23113,"mqt_v_js",54822861251346,2201500,"Running","[NULL]","[NULL]"
23055,"MainThread",54822861291596,50958,"Running","[NULL]","[NULL]"
23055,"MainThread",54822861342554,13321250,"S","[NULL]","[NULL]"
23113,"mqt_v_js",54822863452846,63000,"R","[NULL]","[NULL]"
23113,"mqt_v_js",54822863515846,267625,"Running","[NULL]","[NULL]"
23113,"mqt_v_js",54822863783471,3541,"R+","[NULL]","[NULL]"
23113,"mqt_v_js",54822863787012,4504959,"Running","[NULL]","[NULL]"
23113,"mqt_v_js",54822868291971,20541,"R","[NULL]","[NULL]"
23113,"mqt_v_js",54822868312512,3756000,"Running","[NULL]","[NULL]"
23113,"mqt_v_js",54822872068512,40959,"R","[NULL]","[NULL]"
23113,"mqt_v_js",54822872109471,1987666,"Running","[NULL]","[NULL]"
23113,"mqt_v_js",54822874097137,172917,"S","[NULL]","[NULL]"
23113,"mqt_v_js",54822874270054,115542,"Running","[NULL]","[NULL]"
23113,"mqt_v_js",54822874385596,1409791,"R","[NULL]","[NULL]"
23055,"MainThread",54822874663804,24833,"R","[NULL]","[NULL]"
23055,"MainThread",54822874688637,240167,"Running","[NULL]","[NULL]"
23055,"MainThread",54822874928804,797125,"R","[NULL]","[NULL]"
23055,"MainThread",54822875725929,56042,"Running","[NULL]","[NULL]"
23055,"MainThread",54822875781971,12791,"R+","[NULL]","[NULL]"
23055,"MainThread",54822875794762,2709,"Running","[NULL]","[NULL]"
23113,"mqt_v_js",54822875795387,7759542,"Running","[NULL]","[NULL]"
23055,"MainThread",54822875797471,5458,"R+","[NULL]","[NULL]"
23055,"MainThread",54822875802929,33583,"Running","[NULL]","[NULL]"
23055,"MainThread",54822875836512,3075250,"S","[NULL]","[NULL]"
23055,"MainThread",54822878911762,35167,"R","[NULL]","[NULL]"
23055,"MainThread",54822878946929,28667,"Running","[NULL]","[NULL]"
23055,"MainThread",54822878975596,12088416,"S","[NULL]","[NULL]"
23113,"mqt_v_js",54822883554929,50500,"R","[NULL]","[NULL]"
23113,"mqt_v_js",54822883605429,1112792,"Running","[NULL]","[NULL]"
23113,"mqt_v_js",54822884718221,64083,"R","[NULL]","[NULL]"
23113,"mqt_v_js",54822884782304,6242208,"Running","[NULL]","[NULL]"
23113,"mqt_v_js",54822891024512,207959,"R","[NULL]","[NULL]"
23055,"MainThread",54822891064012,241625,"R","[NULL]","[NULL]"
23113,"mqt_v_js",54822891232471,833416,"Running","[NULL]","[NULL]"
23055,"MainThread",54822891305637,106292,"Running","[NULL]","[NULL]"
23055,"MainThread",54822891411929,21875,"R+","[NULL]","[NULL]"
23055,"MainThread",54822891433804,23750,"Running","[NULL]","[NULL]"
23055,"MainThread",54822891457554,6686583,"S","[NULL]","[NULL]"
23113,"mqt_v_js",54822892065887,4250,"R","[NULL]","[NULL]"
23113,"mqt_v_js",54822892070137,6157667,"Running","[NULL]","[NULL]"
23055,"MainThread",54822898144137,91959,"R","[NULL]","[NULL]"
23113,"mqt_v_js",54822898227804,59953333,"S","[NULL]","[NULL]"
23055,"MainThread",54822898236096,397750,"Running","[NULL]","[NULL]"
23055,"MainThread",54822898633846,9570250,"S","[NULL]","[NULL]"
23055,"MainThread",54822908204096,82750,"R","[NULL]","[NULL]"
23055,"MainThread",54822908286846,785416,"Running","[NULL]","[NULL]"
23055,"MainThread",54822909072262,13709,"R+","[NULL]","[NULL]"
23055,"MainThread",54822909085971,1804541,"Running","[NULL]","[NULL]"
23104,"RenderThread",54822909122262,83542,"R","[NULL]","[NULL]"
23104,"RenderThread",54822909205804,98667,"Running","[NULL]","[NULL]"
23104,"RenderThread",54822909304471,1559958,"S","[NULL]","[NULL]"
23104,"RenderThread",54822910864429,74458,"R","[NULL]","[NULL]"
23055,"MainThread",54822910890512,1602875,"S","[NULL]","[NULL]"
23104,"RenderThread",54822910938887,3240459,"Running","[NULL]","[NULL]"
23055,"MainThread",54822912493387,81459,"R","[NULL]","[NULL]"
23055,"MainThread",54822912574846,76708,"Running","[NULL]","[NULL]"
23055,"MainThread",54822912651554,82250,"R+","[NULL]","[NULL]"
23055,"MainThread",54822912733804,85250,"Running","[NULL]","[NULL]"
23055,"MainThread",54822912819054,1498500,"S","[NULL]","[NULL]"
23104,"RenderThread",54822914179346,11916,"R+","[NULL]","[NULL]"
23104,"RenderThread",54822914191262,190584,"Running","[NULL]","[NULL]"
23055,"MainThread",54822914317554,124333,"R","[NULL]","[NULL]"
23104,"RenderThread",54822914381846,91009333,"S","[NULL]","[NULL]"
23055,"MainThread",54822914441887,31584,"Running","[NULL]","[NULL]"
23055,"MainThread",54822914473471,10066458,"S","[NULL]","[NULL]"
23055,"MainThread",54822924539929,210542,"R","[NULL]","[NULL]"
23055,"MainThread",54822924750471,80416,"Running","[NULL]","[NULL]"
23055,"MainThread",54822924830887,266459,"R","[NULL]","[NULL]"
23055,"MainThread",54822925097346,139541,"Running","[NULL]","[NULL]"
23055,"MainThread",54822925236887,17917,"R+","[NULL]","[NULL]"
23055,"MainThread",54822925254804,48917,"Running","[NULL]","[NULL]"
23055,"MainThread",54822925303721,16092791,"S","[NULL]","[NULL]"
23055,"MainThread",54822941396512,32459,"R","[NULL]","[NULL]"
23055,"MainThread",54822941428971,2446375,"Running","[NULL]","[NULL]"
23055,"MainThread",54822943875346,24875,"R+","[NULL]","[NULL]"
23055,"MainThread",54822943900221,1545833,"Running","[NULL]","[NULL]"
23055,"MainThread",54822945446054,12443292,"S","[NULL]","[NULL]"
23055,"MainThread",54822957889346,86875,"R","[NULL]","[NULL]"
23055,"MainThread",54822957976221,232083,"Running","[NULL]","[NULL]"
23113,"mqt_v_js",54822958181137,27167,"R","[NULL]","[NULL]"
23055,"MainThread",54822958208304,16249708,"S","[NULL]","[NULL]"
23113,"mqt_v_js",54822958208304,987042,"Running","[NULL]","[NULL]"
23113,"mqt_v_js",54822959195346,49014416,"S","[NULL]","[NULL]"
23055,"MainThread",54822974458012,9417,"R","[NULL]","[NULL]"
23055,"MainThread",54822974467429,118167,"Running","[NULL]","[NULL]"
23055,"MainThread",54822974585596,16757875,"S","[NULL]","[NULL]"
23055,"MainThread",54822991343471,720666,"R","[NULL]","[NULL]"
23055,"MainThread",54822992064137,153500,"Running","[NULL]","[NULL]"
23055,"MainThread",54822992217637,7324792,"S","[NULL]","[NULL]"
23055,"MainThread",54822999542429,2956333,"R","[NULL]","[NULL]"
23055,"MainThread",54823002498762,1636500,"Running","[NULL]","[NULL]"
23055,"MainThread",54823004135262,659709,"R","[NULL]","[NULL]"
23055,"MainThread",54823004794971,734250,"Running","[NULL]","[NULL]"
23104,"RenderThread",54823005391179,78167,"R","[NULL]","[NULL]"
23104,"RenderThread",54823005469346,44208,"Running","[NULL]","[NULL]"
23104,"RenderThread",54823005513554,2812125,"S","[NULL]","[NULL]"
23055,"MainThread",54823005529221,37458,"R+","[NULL]","[NULL]"
23055,"MainThread",54823005566679,22542,"Running","[NULL]","[NULL]"
23055,"MainThread",54823005589221,2324750,"S","[NULL]","[NULL]"
23055,"MainThread",54823007913971,78125,"R","[NULL]","[NULL]"
23055,"MainThread",54823007992096,358458,"Running","[NULL]","[NULL]"
23113,"mqt_v_js",54823008209762,140792,"R","[NULL]","[NULL]"
23104,"RenderThread",54823008325679,116958,"R","[NULL]","[NULL]"
23055,"MainThread",54823008350554,367250,"S","[NULL]","[NULL]"
23113,"mqt_v_js",54823008350554,398458,"Running","[NULL]","[NULL]"
23104,"RenderThread",54823008442637,1834500,"Running","[NULL]","[NULL]"
23055,"MainThread",54823008717804,290292,"R","[NULL]","[NULL]"
23113,"mqt_v_js",54823008749012,22584,"R+","[NULL]","[NULL]"
23113,"mqt_v_js",54823008771596,236500,"Running","[NULL]","[NULL]"
23055,"MainThread",54823009008096,17000,"Running","[NULL]","[NULL]"
23113,"mqt_v_js",54823009008096,66710791,"S","[NULL]","[NULL]"
23055,"MainThread",54823009025096,2523666,"S","[NULL]","[NULL]"
23104,"RenderThread",54823010277137,1090709,"R+","[NULL]","[NULL]"
23104,"RenderThread",54823011367846,230000,"Running","[NULL]","[NULL]"
23055,"MainThread",54823011548762,110750,"R","[NULL]","[NULL]"
23104,"RenderThread",54823011597846,136232750,"S","[NULL]","[NULL]"
23055,"MainThread",54823011659512,25959,"Running","[NULL]","[NULL]"
23055,"MainThread",54823011685471,12766750,"S","[NULL]","[NULL]"
23055,"MainThread",54823024452221,980291,"R","[NULL]","[NULL]"
23055,"MainThread",54823025432512,251125,"Running","[NULL]","[NULL]"
23055,"MainThread",54823025683637,15642750,"S","[NULL]","[NULL]"
23055,"MainThread",54823041326387,94959,"R","[NULL]","[NULL]"
23055,"MainThread",54823041421346,178166,"Running","[NULL]","[NULL]"
23055,"MainThread",54823041599512,16508209,"S","[NULL]","[NULL]"
23055,"MainThread",54823058107721,144000,"R","[NULL]","[NULL]"
23055,"MainThread",54823058251721,96166,"Running","[NULL]","[NULL]"
23055,"MainThread",54823058347887,9537792,"S","[NULL]","[NULL]"
23055,"MainThread",54823067885679,72875,"R","[NULL]","[NULL]"
23055,"MainThread",54823067958554,229250,"Running","[NULL]","[NULL]"
23055,"MainThread",54823068187804,112250,"R","[NULL]","[NULL]"
23055,"MainThread",54823068300054,95000,"Running","[NULL]","[NULL]"
23055,"MainThread",54823068395054,279917,"R","[NULL]","[NULL]"
23055,"MainThread",54823068674971,694083,"Running","[NULL]","[NULL]"
23055,"MainThread",54823069369054,6158792,"S","[NULL]","[NULL]"
23055,"MainThread",54823075527846,101916,"R","[NULL]","[NULL]"
23055,"MainThread",54823075629762,53084,"Running","[NULL]","[NULL]"
23055,"MainThread",54823075682846,9333,"R+","[NULL]","[NULL]"
23055,"MainThread",54823075692179,59000,"Running","[NULL]","[NULL]"
23113,"mqt_v_js",54823075718887,77792,"R","[NULL]","[NULL]"
23055,"MainThread",54823075751179,1146667,"S","[NULL]","[NULL]"
23113,"mqt_v_js",54823075796679,4270208,"Running","[NULL]","[NULL]"
23055,"MainThread",54823076897846,69333,"R","[NULL]","[NULL]"
23055,"MainThread",54823076967179,72875,"Running","[NULL]","[NULL]"
23055,"MainThread",54823077040054,14044208,"S","[NULL]","[NULL]"
23113,"mqt_v_js",54823080066887,1272584,"R","[NULL]","[NULL]"
23113,"mqt_v_js",54823081339471,635833,"Running","[NULL]","[NULL]"
23113,"mqt_v_js",54823081975304,513792,"R","[NULL]","[NULL]"
23113,"mqt_v_js",54823082489096,1589958,"Running","[NULL]","[NULL]"
23113,"mqt_v_js",54823084079054,1437375,"R","[NULL]","[NULL]"
23113,"mqt_v_js",54823085516429,686208,"Running","[NULL]","[NULL]"
23113,"mqt_v_js",54823086202637,138125,"R","[NULL]","[NULL]"
23113,"mqt_v_js",54823086340762,1171084,"Running","[NULL]","[NULL]"
23113,"mqt_v_js",54823087511846,244958,"R","[NULL]","[NULL]"
23113,"mqt_v_js",54823087756804,369500,"Running","[NULL]","[NULL]"
23113,"mqt_v_js",54823088126304,126042,"R","[NULL]","[NULL]"
23113,"mqt_v_js",54823088252346,1245583,"Running","[NULL]","[NULL]"
23113,"mqt_v_js",54823089497929,23500,"R","[NULL]","[NULL]"
23113,"mqt_v_js",54823089521429,1281083,"Running","[NULL]","[NULL]"
23113,"mqt_v_js",54823090802512,156334,"R","[NULL]","[NULL]"
23113,"mqt_v_js",54823090958846,52625,"Running","[NULL]","[NULL]"
23113,"mqt_v_js",54823091011471,116458,"R","[NULL]","[NULL]"
23055,"MainThread",54823091084262,67584,"R","[NULL]","[NULL]"
23113,"mqt_v_js",54823091127929,16689375,"Running","[NULL]","[NULL]"
23055,"MainThread",54823091151846,467625,"Running","[NULL]","[NULL]"
23055,"MainThread",54823091619471,13250,"R+","[NULL]","[NULL]"
23055,"MainThread",54823091632721,169208,"Running","[NULL]","[NULL]"
23055,"MainThread",54823091801929,16043667,"S","[NULL]","[NULL]"
23113,"mqt_v_js",54823107817304,55292,"R","[NULL]","[NULL]"
23055,"MainThread",54823107845596,35958,"R","[NULL]","[NULL]"
23113,"mqt_v_js",54823107872596,357916,"Running","[NULL]","[NULL]"
23055,"MainThread",54823107881554,271625,"Running","[NULL]","[NULL]"
23055,"MainThread",54823108153179,28208,"R","[NULL]","[NULL]"
23055,"MainThread",54823108181387,3316709,"Running","[NULL]","[NULL]"
23113,"mqt_v_js",54823108230512,4750,"R","[NULL]","[NULL]"
23113,"mqt_v_js",54823108235262,7910334,"Running","[NULL]","[NULL]"
23055,"MainThread",54823111498096,38250,"R","[NULL]","[NULL]"
23055,"MainThread",54823111536346,4585041,"Running","[NULL]","[NULL]"
23055,"MainThread",54823116121387,26084,"R+","[NULL]","[NULL]"
23113,"mqt_v_js",54823116145596,5708,"R","[NULL]","[NULL]"
23055,"MainThread",54823116147471,73708,"Running","[NULL]","[NULL]"
23113,"mqt_v_js",54823116151304,4044792,"Running","[NULL]","[NULL]"
23055,"MainThread",54823116221179,2608667,"S","[NULL]","[NULL]"
23055,"MainThread",54823118829846,217500,"R","[NULL]","[NULL]"
23055,"MainThread",54823119047346,20041,"Running","[NULL]","[NULL]"
23055,"MainThread",54823119067387,34709,"S","[NULL]","[NULL]"
23055,"MainThread",54823119102096,17833,"R","[NULL]","[NULL]"
23055,"MainThread",54823119119929,5417,"Running","[NULL]","[NULL]"
23055,"MainThread",54823119125346,1890666,"S","[NULL]","[NULL]"
23113,"mqt_v_js",54823120196096,3333,"R","[NULL]","[NULL]"
23113,"mqt_v_js",54823120199429,3908958,"Running","[NULL]","[NULL]"
23055,"MainThread",54823121016012,17792,"R","[NULL]","[NULL]"
23055,"MainThread",54823121033804,25750,"Running","[NULL]","[NULL]"
23055,"MainThread",54823121059554,1026625,"R+","[NULL]","[NULL]"
23055,"MainThread",54823122086179,50500,"Running","[NULL]","[NULL]"
23055,"MainThread",54823122136679,2364542,"S","[NULL]","[NULL]"
23113,"mqt_v_js",54823124108387,2911250,"R","[NULL]","[NULL]"
23055,"MainThread",54823124501221,59958,"R","[NULL]","[NULL]"
23055,"MainThread",54823124561179,1432250,"Running","[NULL]","[NULL]"
23055,"MainThread",54823125993429,764083,"R","[NULL]","[NULL]"
23055,"MainThread",54823126757512,233042,"Running","[NULL]","[NULL]"
23055,"MainThread",54823126990554,223083,"R","[NULL]","[NULL]"
23113,"mqt_v_js",54823127019637,1084917,"Running","[NULL]","[NULL]"
23055,"MainThread",54823127213637,1403959,"Running","[NULL]","[NULL]"
23113,"mqt_v_js",54823128104554,188667,"R","[NULL]","[NULL]"
23113,"mqt_v_js",54823128293221,3822666,"Running","[NULL]","[NULL]"
23055,"MainThread",54823128617596,1328916,"R","[NULL]","[NULL]"
23055,"MainThread",54823129946512,132334,"Running","[NULL]","[NULL]"
23055,"MainThread",54823130078846,87791,"R","[NULL]","[NULL]"
23055,"MainThread",54823130166637,1290000,"Running","[NULL]","[NULL]"
23055,"MainThread",54823131456637,30750,"R","[NULL]","[NULL]"
23055,"MainThread",54823131487387,1156750,"Running","[NULL]","[NULL]"
23113,"mqt_v_js",54823132115887,701292,"R","[NULL]","[NULL]"
23055,"MainThread",54823132644137,23042,"R+","[NULL]","[NULL]"
23055,"MainThread",54823132667179,74083,"Running","[NULL]","[NULL]"
23055,"MainThread",54823132741262,8368709,"S","[NULL]","[NULL]"
23113,"mqt_v_js",54823132817179,211625,"Running","[NULL]","[NULL]"
23113,"mqt_v_js",54823133028804,275583,"R","[NULL]","[NULL]"
23113,"mqt_v_js",54823133304387,2269459,"Running","[NULL]","[NULL]"
23113,"mqt_v_js",54823135573846,672208,"R","[NULL]","[NULL]"
23113,"mqt_v_js",54823136246054,3849208,"Running","[NULL]","[NULL]"
23113,"mqt_v_js",54823140095262,129375,"R","[NULL]","[NULL]"
23113,"mqt_v_js",54823140224637,853875,"Running","[NULL]","[NULL]"
23113,"mqt_v_js",54823141078512,79125,"R","[NULL]","[NULL]"
23055,"MainThread",54823141109971,92125,"R","[NULL]","[NULL]"
23113,"mqt_v_js",54823141157637,3005209,"Running","[NULL]","[NULL]"
23055,"MainThread",54823141202096,1573916,"Running","[NULL]","[NULL]"
23055,"MainThread",54823142776012,457042,"R","[NULL]","[NULL]"
23055,"MainThread",54823143233054,3441083,"Running","[NULL]","[NULL]"
23113,"mqt_v_js",54823144162846,4833,"R","[NULL]","[NULL]"
23113,"mqt_v_js",54823144167679,2566125,"Running","[NULL]","[NULL]"
23055,"MainThread",54823146674137,1143417,"R+","[NULL]","[NULL]"
23113,"mqt_v_js",54823146733804,370375,"R+","[NULL]","[NULL]"
23113,"mqt_v_js",54823147104179,502250,"Running","[NULL]","[NULL]"
23113,"mqt_v_js",54823147606429,9583,"R","[NULL]","[NULL]"
23113,"mqt_v_js",54823147616012,4527667,"Running","[NULL]","[NULL]"
23055,"MainThread",54823147817554,3802875,"Running","[NULL]","[NULL]"
23104,"RenderThread",54823147830596,3900208,"R","[NULL]","[NULL]"
23055,"MainThread",54823151620429,483125,"R","[NULL]","[NULL]"
23104,"RenderThread",54823151730804,18417,"Running","[NULL]","[NULL]"
23104,"RenderThread",54823151749221,18970208,"S","[NULL]","[NULL]"
23055,"MainThread",54823152103554,2317125,"Running","[NULL]","[NULL]"
23113,"mqt_v_js",54823152143679,1687208,"R","[NULL]","[NULL]"
23113,"mqt_v_js",54823153830887,2326209,"Running","[NULL]","[NULL]"
23055,"MainThread",54823154420679,1912458,"R","[NULL]","[NULL]"
23113,"mqt_v_js",54823156157096,28000,"R+","[NULL]","[NULL]"
23113,"mqt_v_js",54823156185096,1508166,"Running","[NULL]","[NULL]"
23055,"MainThread",54823156333137,284625,"Running","[NULL]","[NULL]"
23055,"MainThread",54823156617762,71209,"R","[NULL]","[NULL]"
23055,"MainThread",54823156688971,780875,"Running","[NULL]","[NULL]"
23055,"MainThread",54823157469846,492708,"R+","[NULL]","[NULL]"
23113,"mqt_v_js",54823157693262,181792,"R","[NULL]","[NULL]"
23113,"mqt_v_js",54823157875054,1553875,"Running","[NULL]","[NULL]"
23055,"MainThread",54823157962554,3173083,"Running","[NULL]","[NULL]"
23113,"mqt_v_js",54823159428929,2898000,"S","[NULL]","[NULL]"
23055,"MainThread",54823161135637,29292,"R","[NULL]","[NULL]"
23055,"MainThread",54823161164929,560042,"Running","[NULL]","[NULL]"
23055,"MainThread",54823161724971,43708,"R+","[NULL]","[NULL]"
23055,"MainThread",54823161768679,1061083,"Running","[NULL]","[NULL]"
23113,"mqt_v_js",54823162326929,2560792,"R","[NULL]","[NULL]"
23055,"MainThread",54823162829762,103459,"R","[NULL]","[NULL]"
23055,"MainThread",54823162933221,1779583,"Running","[NULL]","[NULL]"
23055,"MainThread",54823164712804,50792,"R","[NULL]","[NULL]"
23055,"MainThread",54823164763596,521333,"Running","[NULL]","[NULL]"
23113,"mqt_v_js",54823164887721,3222083,"Running","[NULL]","[NULL]"
23055,"MainThread",54823165284929,493083,"S","[NULL]","[NULL]"
23055,"MainThread",54823165778012,80375,"R","[NULL]","[NULL]"
23055,"MainThread",54823165858387,577417,"Running","[NULL]","[NULL]"
23055,"MainThread",54823166435804,43958,"R","[NULL]","[NULL]"
23055,"MainThread",54823166479762,120917,"Running","[NULL]","[NULL]"
23055,"MainThread",54823166600679,492917,"S","[NULL]","[NULL]"
23055,"MainThread",54823167093596,88458,"R","[NULL]","[NULL]"
23055,"MainThread",54823167182054,3545292,"Running","[NULL]","[NULL]"
23113,"mqt_v_js",54823168109804,821083,"R","[NULL]","[NULL]"
23113,"mqt_v_js",54823168930887,117584,"Running","[NULL]","[NULL]"
23113,"mqt_v_js",54823169048471,32503791,"S","[NULL]","[NULL]"
23104,"RenderThread",54823170719429,7917,"R","[NULL]","[NULL]"
23055,"MainThread",54823170727346,1724791,"R+","[NULL]","[NULL]"
23104,"RenderThread",54823170727346,1724791,"Running","[NULL]","[NULL]"
23055,"MainThread",54823172452137,8959,"Running","[NULL]","[NULL]"
23104,"RenderThread",54823172452137,5917,"S","[NULL]","[NULL]"
23104,"RenderThread",54823172458054,3042,"R","[NULL]","[NULL]"
23055,"MainThread",54823172461096,3136708,"R+","[NULL]","[NULL]"
23104,"RenderThread",54823172461096,830416,"Running","[NULL]","[NULL]"
23104,"RenderThread",54823173291512,230125,"R","[NULL]","[NULL]"
23104,"RenderThread",54823173521637,766875,"Running","[NULL]","[NULL]"
23104,"RenderThread",54823174288512,655459,"R+","[NULL]","[NULL]"
23104,"RenderThread",54823174943971,622166,"Running","[NULL]","[NULL]"
23104,"RenderThread",54823175566137,570542,"R","[NULL]","[NULL]"
23055,"MainThread",54823175597804,335708,"Running","[NULL]","[NULL]"
23055,"MainThread",54823175933512,982167,"R","[NULL]","[NULL]"
23104,"RenderThread",54823176136679,370083,"Running","[NULL]","[NULL]"
23104,"RenderThread",54823176506762,747834,"R+","[NULL]","[NULL]"
23055,"MainThread",54823176915679,135667,"Running","[NULL]","[NULL]"
23055,"MainThread",54823177051346,24875,"R","[NULL]","[NULL]"
23055,"MainThread",54823177076221,142416,"Running","[NULL]","[NULL]"
23055,"MainThread",54823177218637,1577042,"R","[NULL]","[NULL]"
23104,"RenderThread",54823177254596,1432958,"Running","[NULL]","[NULL]"
23104,"RenderThread",54823178687554,2038833,"R","[NULL]","[NULL]"
23055,"MainThread",54823178795679,1930708,"Running","[NULL]","[NULL]"
23055,"MainThread",54823180726387,523917,"R","[NULL]","[NULL]"
23104,"RenderThread",54823180726387,123500,"Running","[NULL]","[NULL]"
23104,"RenderThread",54823180849887,145625,"R+","[NULL]","[NULL]"
23104,"RenderThread",54823180995512,254792,"Running","[NULL]","[NULL]"
23055,"MainThread",54823181250304,385708,"Running","[NULL]","[NULL]"
23104,"RenderThread",54823181250304,7535625,"S","[NULL]","[NULL]"
23055,"MainThread",54823181636012,585625,"R","[NULL]","[NULL]"
23055,"MainThread",54823182221637,332375,"Running","[NULL]","[NULL]"
23055,"MainThread",54823182554012,307625,"R","[NULL]","[NULL]"
23055,"MainThread",54823182861637,126500,"Running","[NULL]","[NULL]"
23055,"MainThread",54823182988137,22917,"R","[NULL]","[NULL]"
23055,"MainThread",54823183011054,97708,"Running","[NULL]","[NULL]"
23055,"MainThread",54823183108762,7084,"R","[NULL]","[NULL]"
23055,"MainThread",54823183115846,2897708,"Running","[NULL]","[NULL]"
23055,"MainThread",54823186013554,274375,"R","[NULL]","[NULL]"
23055,"MainThread",54823186287929,1952958,"Running","[NULL]","[NULL]"
23055,"MainThread",54823188240887,83167,"R","[NULL]","[NULL]"
23055,"MainThread",54823188324054,503083,"Running","[NULL]","[NULL]"
23104,"RenderThread",54823188785929,41208,"R","[NULL]","[NULL]"
23055,"MainThread",54823188827137,256625,"R","[NULL]","[NULL]"
23104,"RenderThread",54823188827137,256625,"Running","[NULL]","[NULL]"
23055,"MainThread",54823189083762,871250,"Running","[NULL]","[NULL]"
23104,"RenderThread",54823189083762,13574792,"S","[NULL]","[NULL]"
23055,"MainThread",54823189955012,93875,"R","[NULL]","[NULL]"
23055,"MainThread",54823190048887,855084,"Running","[NULL]","[NULL]"
23055,"MainThread",54823190903971,60958,"R","[NULL]","[NULL]"
23055,"MainThread",54823190964929,216208,"Running","[NULL]","[NULL]"
23055,"MainThread",54823191181137,130834,"R","[NULL]","[NULL]"
23055,"MainThread",54823191311971,119083,"Running","[NULL]","[NULL]"
23055,"MainThread",54823191431054,12375,"R","[NULL]","[NULL]"
23055,"MainThread",54823191443429,621792,"Running","[NULL]","[NULL]"
23055,"MainThread",54823192065221,6291,"R","[NULL]","[NULL]"
23055,"MainThread",54823192071512,1246542,"Running","[NULL]","[NULL]"
23055,"MainThread",54823193318054,61292,"R+","[NULL]","[NULL]"
23055,"MainThread",54823193379346,3562916,"Running","[NULL]","[NULL]"
23055,"MainThread",54823196942262,142750,"R","[NULL]","[NULL]"
23055,"MainThread",54823197085012,2759084,"Running","[NULL]","[NULL]"
23055,"MainThread",54823199844096,12041,"R","[NULL]","[NULL]"
23055,"MainThread",54823199856137,605584,"Running","[NULL]","[NULL]"
23055,"MainThread",54823200461721,104708,"R+","[NULL]","[NULL]"
23055,"MainThread",54823200566429,809250,"Running","[NULL]","[NULL]"
23055,"MainThread",54823201375679,92500,"R","[NULL]","[NULL]"
23055,"MainThread",54823201468179,544625,"Running","[NULL]","[NULL]"
23113,"mqt_v_js",54823201552262,945042,"R","[NULL]","[NULL]"
23055,"MainThread",54823202012804,475417,"S","[NULL]","[NULL]"
23055,"MainThread",54823202488221,23666,"R","[NULL]","[NULL]"
23113,"mqt_v_js",54823202497304,182208,"Running","[NULL]","[NULL]"
23055,"MainThread",54823202511887,150209,"Running","[NULL]","[NULL]"
23104,"RenderThread",54823202658554,3542,"R","[NULL]","[NULL]"
23055,"MainThread",54823202662096,2171166,"R+","[NULL]","[NULL]"
23104,"RenderThread",54823202662096,6250,"Running","[NULL]","[NULL]"
23104,"RenderThread",54823202668346,2381541,"S","[NULL]","[NULL]"
23113,"mqt_v_js",54823202679512,447500,"R","[NULL]","[NULL]"
23113,"mqt_v_js",54823203127012,360459,"Running","[NULL]","[NULL]"
23113,"mqt_v_js",54823203487471,136500,"R","[NULL]","[NULL]"
23113,"mqt_v_js",54823203623971,257958,"Running","[NULL]","[NULL]"
23113,"mqt_v_js",54823203881929,775542,"R","[NULL]","[NULL]"
23113,"mqt_v_js",54823204657471,311000,"Running","[NULL]","[NULL]"
23055,"MainThread",54823204833262,220084,"Running","[NULL]","[NULL]"
23113,"mqt_v_js",54823204968471,136750,"R","[NULL]","[NULL]"
23104,"RenderThread",54823205049887,3459,"R","[NULL]","[NULL]"
23055,"MainThread",54823205053346,6958,"R+","[NULL]","[NULL]"
23104,"RenderThread",54823205053346,6958,"Running","[NULL]","[NULL]"
23055,"MainThread",54823205060304,1215583,"Running","[NULL]","[NULL]"
23104,"RenderThread",54823205060304,1211167,"S","[NULL]","[NULL]"
23113,"mqt_v_js",54823205105221,258041,"Running","[NULL]","[NULL]"
23113,"mqt_v_js",54823205363262,71084,"R","[NULL]","[NULL]"
23113,"mqt_v_js",54823205434346,1306291,"Running","[NULL]","[NULL]"
23104,"RenderThread",54823206271471,4416,"R","[NULL]","[NULL]"
23055,"MainThread",54823206275887,1098209,"R+","[NULL]","[NULL]"
23104,"RenderThread",54823206275887,365209,"Running","[NULL]","[NULL]"
23104,"RenderThread",54823206641096,483625,"R","[NULL]","[NULL]"
23113,"mqt_v_js",54823206740637,44084,"R","[NULL]","[NULL]"
23113,"mqt_v_js",54823206784721,334833,"Running","[NULL]","[NULL]"
23113,"mqt_v_js",54823207119554,200125,"R","[NULL]","[NULL]"
23104,"RenderThread",54823207124721,249375,"Running","[NULL]","[NULL]"
23113,"mqt_v_js",54823207319679,367000,"Running","[NULL]","[NULL]"
23055,"MainThread",54823207374096,13500,"Running","[NULL]","[NULL]"
23104,"RenderThread",54823207374096,2541,"S","[NULL]","[NULL]"
23104,"RenderThread",54823207376637,33417,"R","[NULL]","[NULL]"
23055,"MainThread",54823207387596,23458,"S","[NULL]","[NULL]"
23104,"RenderThread",54823207410054,2042,"Running","[NULL]","[NULL]"
23055,"MainThread",54823207411054,1042,"R","[NULL]","[NULL]"
23055,"MainThread",54823207412096,1416,"Running","[NULL]","[NULL]"
23104,"RenderThread",54823207412096,1416,"R+","[NULL]","[NULL]"
23055,"MainThread",54823207413512,709,"S","[NULL]","[NULL]"
23104,"RenderThread",54823207413512,1292,"Running","[NULL]","[NULL]"
23055,"MainThread",54823207414221,583,"R","[NULL]","[NULL]"
23055,"MainThread",54823207414804,157375,"Running","[NULL]","[NULL]"
23104,"RenderThread",54823207414804,2980750,"R+","[NULL]","[NULL]"
23055,"MainThread",54823207572179,336417,"R","[NULL]","[NULL]"
23113,"mqt_v_js",54823207686679,872708,"R","[NULL]","[NULL]"
23055,"MainThread",54823207908596,87833,"Running","[NULL]","[NULL]"
23055,"MainThread",54823207996429,95667,"R","[NULL]","[NULL]"
23055,"MainThread",54823208092096,136750,"Running","[NULL]","[NULL]"
23055,"MainThread",54823208228846,3333,"R","[NULL]","[NULL]"
23055,"MainThread",54823208232179,521250,"Running","[NULL]","[NULL]"
23113,"mqt_v_js",54823208559387,353334,"Running","[NULL]","[NULL]"
23055,"MainThread",54823208753429,774417,"S","[NULL]","[NULL]"
23113,"mqt_v_js",54823208912721,116416,"R","[NULL]","[NULL]"
23113,"mqt_v_js",54823209029137,1319459,"Running","[NULL]","[NULL]"
23055,"MainThread",54823209527846,2276666,"R","[NULL]","[NULL]"
23113,"mqt_v_js",54823210348596,3546208,"R","[NULL]","[NULL]"
23104,"RenderThread",54823210395554,1802167,"Running","[NULL]","[NULL]"
23055,"MainThread",54823211804512,468000,"Running","[NULL]","[NULL]"
23104,"RenderThread",54823212197721,500958,"R+","[NULL]","[NULL]"
23055,"MainThread",54823212272512,10500,"R","[NULL]","[NULL]"
23055,"MainThread",54823212283012,201917,"Running","[NULL]","[NULL]"
23055,"MainThread",54823212484929,25375,"R+","[NULL]","[NULL]"
23055,"MainThread",54823212510304,82125,"Running","[NULL]","[NULL]"
23055,"MainThread",54823212592429,42167,"R","[NULL]","[NULL]"
23055,"MainThread",54823212634596,429250,"Running","[NULL]","[NULL]"
23104,"RenderThread",54823212698679,927083,"Running","[NULL]","[NULL]"
23055,"MainThread",54823213063846,164791,"R+","[NULL]","[NULL]"
23055,"MainThread",54823213228637,4334,"Running","[NULL]","[NULL]"
23055,"MainThread",54823213232971,11250,"R+","[NULL]","[NULL]"
23055,"MainThread",54823213244221,321416,"Running","[NULL]","[NULL]"
23055,"MainThread",54823213565637,81750,"R","[NULL]","[NULL]"
23104,"RenderThread",54823213625762,237459,"S","[NULL]","[NULL]"
23055,"MainThread",54823213647387,245459,"Running","[NULL]","[NULL]"
23104,"RenderThread",54823213863221,651625,"R","[NULL]","[NULL]"
23055,"MainThread",54823213892846,1101500,"S","[NULL]","[NULL]"
23113,"mqt_v_js",54823213894804,1195167,"Running","[NULL]","[NULL]"
23104,"RenderThread",54823214514846,551791,"Running","[NULL]","[NULL]"
23055,"MainThread",54823214994346,95625,"R","[NULL]","[NULL]"
23104,"RenderThread",54823215066637,13462917,"S","[NULL]","[NULL]"
23055,"MainThread",54823215089971,324541,"Running","[NULL]","[NULL]"
23113,"mqt_v_js",54823215089971,324541,"R","[NULL]","[NULL]"
23055,"MainThread",54823215414512,8929792,"S","[NULL]","[NULL]"
23113,"mqt_v_js",54823215414512,386292,"Running","[NULL]","[NULL]"
23113,"mqt_v_js",54823215800804,405458,"R+","[NULL]","[NULL]"
23113,"mqt_v_js",54823216206262,71125,"Running","[NULL]","[NULL]"
23113,"mqt_v_js",54823216277387,355834,"R+","[NULL]","[NULL]"
23113,"mqt_v_js",54823216633221,607583,"Running","[NULL]","[NULL]"
23113,"mqt_v_js",54823217240804,172250,"R","[NULL]","[NULL]"
23113,"mqt_v_js",54823217413054,528458,"Running","[NULL]","[NULL]"
23113,"mqt_v_js",54823217941512,16042,"R","[NULL]","[NULL]"
23113,"mqt_v_js",54823217957554,647875,"Running","[NULL]","[NULL]"
23113,"mqt_v_js",54823218605429,16167,"R","[NULL]","[NULL]"
23113,"mqt_v_js",54823218621596,3985166,"Running","[NULL]","[NULL]"
23113,"mqt_v_js",54823222606762,44250,"R","[NULL]","[NULL]"
23113,"mqt_v_js",54823222651012,1050875,"Running","[NULL]","[NULL]"
23113,"mqt_v_js",54823223701887,48667,"R","[NULL]","[NULL]"
23113,"mqt_v_js",54823223750554,579708,"Running","[NULL]","[NULL]"
23113,"mqt_v_js",54823224330262,1362834,"R","[NULL]","[NULL]"
23055,"MainThread",54823224344304,3747958,"R","[NULL]","[NULL]"
23113,"mqt_v_js",54823225693096,2399166,"Running","[NULL]","[NULL]"
23055,"MainThread",54823228092262,1288750,"Running","[NULL]","[NULL]"
23113,"mqt_v_js",54823228092262,11413625,"R","[NULL]","[NULL]"
23104,"RenderThread",54823228529554,851458,"R","[NULL]","[NULL]"
23055,"MainThread",54823229381012,302834,"S","[NULL]","[NULL]"
23104,"RenderThread",54823229381012,4617625,"Running","[NULL]","[NULL]"
23055,"MainThread",54823229683846,4349708,"R","[NULL]","[NULL]"
23104,"RenderThread",54823233998637,338792,"R+","[NULL]","[NULL]"
23055,"MainThread",54823234033554,303875,"Running","[NULL]","[NULL]"
23055,"MainThread",54823234337429,6891458,"S","[NULL]","[NULL]"
23104,"RenderThread",54823234337429,5007500,"Running","[NULL]","[NULL]"
23104,"RenderThread",54823239344929,8113750,"R+","[NULL]","[NULL]"
23113,"mqt_v_js",54823239505887,837584,"Running","[NULL]","[NULL]"
23113,"mqt_v_js",54823240343471,36208,"R","[NULL]","[NULL]"
23113,"mqt_v_js",54823240379679,843625,"Running","[NULL]","[NULL]"
23113,"mqt_v_js",54823241223304,8870917,"R","[NULL]","[NULL]"
23055,"MainThread",54823241228887,5579459,"R","[NULL]","[NULL]"
23055,"MainThread",54823246808346,393916,"Running","[NULL]","[NULL]"
23055,"MainThread",54823247202262,2778875,"S","[NULL]","[NULL]"
23104,"RenderThread",54823247458679,1967208,"Running","[NULL]","[NULL]"
23104,"RenderThread",54823249425887,358625,"R","[NULL]","[NULL]"
23104,"RenderThread",54823249784512,201959,"Running","[NULL]","[NULL]"
23055,"MainThread",54823249981137,5334,"R","[NULL]","[NULL]"
23055,"MainThread",54823249986471,6041,"Running","[NULL]","[NULL]"
23104,"RenderThread",54823249986471,6041,"R+","[NULL]","[NULL]"
23055,"MainThread",54823249992512,1250,"S","[NULL]","[NULL]"
23104,"RenderThread",54823249992512,2875,"Running","[NULL]","[NULL]"
23055,"MainThread",54823249993762,1625,"R","[NULL]","[NULL]"
23055,"MainThread",54823249995387,54750,"Running","[NULL]","[NULL]"
23104,"RenderThread",54823249995387,54750,"R+","[NULL]","[NULL]"
23055,"MainThread",54823250050137,7834917,"S","[NULL]","[NULL]"
23104,"RenderThread",54823250050137,44084,"Running","[NULL]","[NULL]"
23104,"RenderThread",54823250094221,8239250,"S","[NULL]","[NULL]"
23113,"mqt_v_js",54823250094221,6990083,"Running","[NULL]","[NULL]"
23113,"mqt_v_js",54823257084304,48958,"R+","[NULL]","[NULL]"
23113,"mqt_v_js",54823257133262,627292,"Running","[NULL]","[NULL]"
23113,"mqt_v_js",54823257760554,1566375,"R","[NULL]","[NULL]"
23055,"MainThread",54823257885054,127875,"R","[NULL]","[NULL]"
23055,"MainThread",54823258012929,177208,"Running","[NULL]","[NULL]"
23055,"MainThread",54823258190137,67667,"R+","[NULL]","[NULL]"
23055,"MainThread",54823258257804,179000,"Running","[NULL]","[NULL]"
23104,"RenderThread",54823258333471,103333,"R","[NULL]","[NULL]"
23055,"MainThread",54823258436804,741125,"S","[NULL]","[NULL]"
23104,"RenderThread",54823258436804,40167,"Running","[NULL]","[NULL]"
23104,"RenderThread",54823258476971,125166,"R","[NULL]","[NULL]"
23104,"RenderThread",54823258602137,325292,"Running","[NULL]","[NULL]"
23104,"RenderThread",54823258927429,84792,"R","[NULL]","[NULL]"
23104,"RenderThread",54823259012221,192625,"Running","[NULL]","[NULL]"
23055,"MainThread",54823259177929,26917,"R","[NULL]","[NULL]"
23055,"MainThread",54823259204846,65708,"Running","[NULL]","[NULL]"
23104,"RenderThread",54823259204846,17684041,"S","[NULL]","[NULL]"
23055,"MainThread",54823259270554,1415542,"S","[NULL]","[NULL]"
23113,"mqt_v_js",54823259326929,383208,"Running","[NULL]","[NULL]"
23113,"mqt_v_js",54823259710137,78334,"R","[NULL]","[NULL]"
23113,"mqt_v_js",54823259788471,901375,"Running","[NULL]","[NULL]"
23055,"MainThread",54823260686096,3750,"R","[NULL]","[NULL]"
23055,"MainThread",54823260689846,44625,"Running","[NULL]","[NULL]"
23113,"mqt_v_js",54823260689846,44625,"R+","[NULL]","[NULL]"
23055,"MainThread",54823260734471,2541,"S","[NULL]","[NULL]"
23113,"mqt_v_js",54823260734471,3500,"Running","[NULL]","[NULL]"
23055,"MainThread",54823260737012,959,"R","[NULL]","[NULL]"
23055,"MainThread",54823260737971,364958,"Running","[NULL]","[NULL]"
23113,"mqt_v_js",54823260737971,989541,"R+","[NULL]","[NULL]"
23055,"MainThread",54823261102929,72667,"R","[NULL]","[NULL]"
23055,"MainThread",54823261175596,551916,"Running","[NULL]","[NULL]"
23055,"MainThread",54823261727512,13278375,"S","[NULL]","[NULL]"
23113,"mqt_v_js",54823261727512,283834,"Running","[NULL]","[NULL]"
23113,"mqt_v_js",54823262011346,24585291,"S","[NULL]","[NULL]"
23055,"MainThread",54823275005887,1207792,"R","[NULL]","[NULL]"
23055,"MainThread",54823276213679,129083,"Running","[NULL]","[NULL]"
23055,"MainThread",54823276342762,75375,"R","[NULL]","[NULL]"
23055,"MainThread",54823276418137,473417,"Running","[NULL]","[NULL]"
23104,"RenderThread",54823276888887,2667,"R","[NULL]","[NULL]"
23055,"MainThread",54823276891554,12917,"R+","[NULL]","[NULL]"
23104,"RenderThread",54823276891554,12917,"Running","[NULL]","[NULL]"
23055,"MainThread",54823276904471,10270833,"Running","[NULL]","[NULL]"
23104,"RenderThread",54823276904471,10265333,"S","[NULL]","[NULL]"
23113,"mqt_v_js",54823286596637,955459,"R","[NULL]","[NULL]"
23104,"RenderThread",54823287169804,5500,"R","[NULL]","[NULL]"
23055,"MainThread",54823287175304,724292,"R+","[NULL]","[NULL]"
23104,"RenderThread",54823287175304,376792,"Running","[NULL]","[NULL]"
23104,"RenderThread",54823287552096,349708,"S","[NULL]","[NULL]"
23113,"mqt_v_js",54823287552096,81250,"Running","[NULL]","[NULL]"
23113,"mqt_v_js",54823287633346,244333,"R+","[NULL]","[NULL]"
23113,"mqt_v_js",54823287877679,16792,"Running","[NULL]","[NULL]"
23113,"mqt_v_js",54823287894471,489577583,"S","[NULL]","[NULL]"
23055,"MainThread",54823287899596,3916,"Running","[NULL]","[NULL]"
23104,"RenderThread",54823287901804,1708,"R","[NULL]","[NULL]"
23055,"MainThread",54823287903512,834,"S","[NULL]","[NULL]"
23104,"RenderThread",54823287903512,1542,"Running","[NULL]","[NULL]"
23055,"MainThread",54823287904346,708,"R","[NULL]","[NULL]"
23055,"MainThread",54823287905054,1375,"Running","[NULL]","[NULL]"
23104,"RenderThread",54823287905054,1375,"R+","[NULL]","[NULL]"
23055,"MainThread",54823287906429,625,"S","[NULL]","[NULL]"
23104,"RenderThread",54823287906429,1292,"Running","[NULL]","[NULL]"
23055,"MainThread",54823287907054,667,"R","[NULL]","[NULL]"
23055,"MainThread",54823287907721,63625,"Running","[NULL]","[NULL]"
23104,"RenderThread",54823287907721,63625,"R+","[NULL]","[NULL]"
23055,"MainThread",54823287971346,2695958,"S","[NULL]","[NULL]"
23104,"RenderThread",54823287971346,2171541,"Running","[NULL]","[NULL]"
23104,"RenderThread",54823290142887,262375,"R","[NULL]","[NULL]"
23104,"RenderThread",54823290405262,138959,"Running","[NULL]","[NULL]"
23104,"RenderThread",54823290544221,2166,"R+","[NULL]","[NULL]"
23104,"RenderThread",54823290546387,959,"Running","[NULL]","[NULL]"
23104,"RenderThread",54823290547346,4500,"R+","[NULL]","[NULL]"
23104,"RenderThread",54823290551846,875,"Running","[NULL]","[NULL]"
23104,"RenderThread",54823290552721,1541,"R+","[NULL]","[NULL]"
23104,"RenderThread",54823290554262,41167,"Running","[NULL]","[NULL]"
23104,"RenderThread",54823290595429,2708,"R+","[NULL]","[NULL]"
23104,"RenderThread",54823290598137,2292,"Running","[NULL]","[NULL]"
23104,"RenderThread",54823290600429,5000,"R+","[NULL]","[NULL]"
23104,"RenderThread",54823290605429,63792,"Running","[NULL]","[NULL]"
23055,"MainThread",54823290667304,1917,"R","[NULL]","[NULL]"
23055,"MainThread",54823290669221,40416,"Running","[NULL]","[NULL]"
23104,"RenderThread",54823290669221,40416,"R+","[NULL]","[NULL]"
23055,"MainThread",54823290709637,2500,"S","[NULL]","[NULL]"
23104,"RenderThread",54823290709637,3542,"Running","[NULL]","[NULL]"
23055,"MainThread",54823290712137,1042,"R","[NULL]","[NULL]"
23055,"MainThread",54823290713179,13333,"Running","[NULL]","[NULL]"
23104,"RenderThread",54823290713179,13333,"R+","[NULL]","[NULL]"
23055,"MainThread",54823290726512,275042,"S","[NULL]","[NULL]"
23104,"RenderThread",54823290726512,20709,"Running","[NULL]","[NULL]"
23104,"RenderThread",54823290747221,15773125,"S","[NULL]","[NULL]"
23055,"MainThread",54823291001554,5334250,"R","[NULL]","[NULL]"
23055,"MainThread",54823296335804,190208,"Running","[NULL]","[NULL]"
23055,"MainThread",54823296526012,22417,"R+","[NULL]","[NULL]"
23055,"MainThread",54823296548429,1084042,"Running","[NULL]","[NULL]"
23055,"MainThread",54823297632471,12666,"R","[NULL]","[NULL]"
23055,"MainThread",54823297645137,567375,"Running","[NULL]","[NULL]"
23055,"MainThread",54823298212512,213542,"R","[NULL]","[NULL]"
23055,"MainThread",54823298426054,349208,"Running","[NULL]","[NULL]"
23055,"MainThread",54823298775262,213834,"R","[NULL]","[NULL]"
23055,"MainThread",54823298989096,5360291,"Running","[NULL]","[NULL]"
23055,"MainThread",54823304349387,447875,"R","[NULL]","[NULL]"
23055,"MainThread",54823304797262,1820042,"Running","[NULL]","[NULL]"
23104,"RenderThread",54823306520346,208291,"R","[NULL]","[NULL]"
23055,"MainThread",54823306617304,76958,"R+","[NULL]","[NULL]"
23055,"MainThread",54823306694262,1423584,"Running","[NULL]","[NULL]"
23104,"RenderThread",54823306728637,117417,"Running","[NULL]","[NULL]"
23104,"RenderThread",54823306846054,2454625,"S","[NULL]","[NULL]"
23055,"MainThread",54823308117846,670291,"R","[NULL]","[NULL]"
23055,"MainThread",54823308788137,429417,"Running","[NULL]","[NULL]"
23055,"MainThread",54823309217554,51333,"R","[NULL]","[NULL]"
23055,"MainThread",54823309268887,36500,"Running","[NULL]","[NULL]"
23104,"RenderThread",54823309300679,721625,"R","[NULL]","[NULL]"
23055,"MainThread",54823309305387,1112834,"S","[NULL]","[NULL]"
23104,"RenderThread",54823310022304,2061333,"Running","[NULL]","[NULL]"
23055,"MainThread",54823310418221,90625,"R","[NULL]","[NULL]"
23055,"MainThread",54823310508846,142833,"Running","[NULL]","[NULL]"
23055,"MainThread",54823310651679,16542,"R+","[NULL]","[NULL]"
23055,"MainThread",54823310668221,961041,"Running","[NULL]","[NULL]"
23055,"MainThread",54823311629262,74732209,"S","[NULL]","[NULL]"
23104,"RenderThread",54823312083637,15584,"R+","[NULL]","[NULL]"
23104,"RenderThread",54823312099221,326000,"Running","[NULL]","[NULL]"
23104,"RenderThread",54823312425221,55208,"R","[NULL]","[NULL]"
23104,"RenderThread",54823312480429,1790000,"Running","[NULL]","[NULL]"
23104,"RenderThread",54823314270429,4583,"R+","[NULL]","[NULL]"
23104,"RenderThread",54823314275012,9834,"Running","[NULL]","[NULL]"
23104,"RenderThread",54823314284846,57615500,"S","[NULL]","[NULL]"
23104,"RenderThread",54823371900346,13488542,"R","[NULL]","[NULL]"
23104,"RenderThread",54823385388888,2710875,"Running","[NULL]","[NULL]"
23055,"MainThread",54823386361471,10022042,"R","[NULL]","[NULL]"
23104,"RenderThread",54823388099763,465666,"R+","[NULL]","[NULL]"
23104,"RenderThread",54823388565429,9296125,"Running","[NULL]","[NULL]"
23055,"MainThread",54823396383513,1800625,"Running","[NULL]","[NULL]"
23104,"RenderThread",54823397861554,259625,"R","[NULL]","[NULL]"
23104,"RenderThread",54823398121179,192167,"Running","[NULL]","[NULL]"
23055,"MainThread",54823398184138,239208,"R","[NULL]","[NULL]"
23104,"RenderThread",54823398313346,138875,"R+","[NULL]","[NULL]"
23055,"MainThread",54823398423346,2174083,"Running","[NULL]","[NULL]"
23104,"RenderThread",54823398452221,1750458,"Running","[NULL]","[NULL]"
23104,"RenderThread",54823400202679,183084,"R+","[NULL]","[NULL]"
23104,"RenderThread",54823400385763,379458,"Running","[NULL]","[NULL]"
23055,"MainThread",54823400597429,1780042,"S","[NULL]","[NULL]"
23104,"RenderThread",54823400765221,715667,"R","[NULL]","[NULL]"
23104,"RenderThread",54823401480888,154875,"Running","[NULL]","[NULL]"
23104,"RenderThread",54823401635763,378541,"R","[NULL]","[NULL]"
23104,"RenderThread",54823402014304,2255334,"Running","[NULL]","[NULL]"
23055,"MainThread",54823402377471,150792,"R","[NULL]","[NULL]"
23055,"MainThread",54823402528263,101125,"Running","[NULL]","[NULL]"
23055,"MainThread",54823402629388,5158916,"S","[NULL]","[NULL]"
23104,"RenderThread",54823404269638,729666,"R","[NULL]","[NULL]"
23104,"RenderThread",54823404999304,1850375,"Running","[NULL]","[NULL]"
23104,"RenderThread",54823406849679,106500,"R","[NULL]","[NULL]"
23104,"RenderThread",54823406956179,764334,"Running","[NULL]","[NULL]"
23104,"RenderThread",54823407720513,1202541,"R","[NULL]","[NULL]"
23055,"MainThread",54823407788304,25042,"R","[NULL]","[NULL]"
23055,"MainThread",54823407813346,176583,"Running","[NULL]","[NULL]"
23055,"MainThread",54823407989929,450000,"R+","[NULL]","[NULL]"
23055,"MainThread",54823408439929,1586167,"Running","[NULL]","[NULL]"
23104,"RenderThread",54823408923054,3393542,"Running","[NULL]","[NULL]"
23055,"MainThread",54823410026096,43476667,"S","[NULL]","[NULL]"
23104,"RenderThread",54823412316596,50208,"R+","[NULL]","[NULL]"
23104,"RenderThread",54823412366804,7082167,"Running","[NULL]","[NULL]"
23104,"RenderThread",54823419448971,1543292,"R","[NULL]","[NULL]"
23104,"RenderThread",54823420992263,299041,"Running","[NULL]","[NULL]"
23104,"RenderThread",54823421291304,375042,"R","[NULL]","[NULL]"
23104,"RenderThread",54823421666346,2429917,"Running","[NULL]","[NULL]"
23104,"RenderThread",54823424096263,4375,"R+","[NULL]","[NULL]"
23104,"RenderThread",54823424100638,6071208,"Running","[NULL]","[NULL]"
23104,"RenderThread",54823430171846,187625,"R+","[NULL]","[NULL]"
23104,"RenderThread",54823430359471,8745292,"Running","[NULL]","[NULL]"
23104,"RenderThread",54823439104763,76250,"R","[NULL]","[NULL]"
23104,"RenderThread",54823439181013,518750,"Running","[NULL]","[NULL]"
23104,"RenderThread",54823439699763,94250,"R","[NULL]","[NULL]"
23104,"RenderThread",54823439794013,820708,"Running","[NULL]","[NULL]"
23104,"RenderThread",54823440614721,2458,"R+","[NULL]","[NULL]"
23104,"RenderThread",54823440617179,1292,"Running","[NULL]","[NULL]"
23104,"RenderThread",54823440618471,5250,"R+","[NULL]","[NULL]"
23104,"RenderThread",54823440623721,1125,"Running","[NULL]","[NULL]"
23104,"RenderThread",54823440624846,2000,"R+","[NULL]","[NULL]"
23104,"RenderThread",54823440626846,1566250,"Running","[NULL]","[NULL]"
23104,"RenderThread",54823442193096,10238250,"R","[NULL]","[NULL]"
23104,"RenderThread",54823452431346,3696917,"Running","[NULL]","[NULL]"
23055,"MainThread",54823453502763,2625500,"R","[NULL]","[NULL]"
23055,"MainThread",54823456128263,71208,"Running","[NULL]","[NULL]"
23104,"RenderThread",54823456128263,2271458,"R+","[NULL]","[NULL]"
23055,"MainThread",54823456199471,67292,"R","[NULL]","[NULL]"
23055,"MainThread",54823456266763,531541,"Running","[NULL]","[NULL]"
23055,"MainThread",54823456798304,211834,"R+","[NULL]","[NULL]"
23055,"MainThread",54823457010138,736250,"Running","[NULL]","[NULL]"
23055,"MainThread",54823457746388,219416,"R","[NULL]","[NULL]"
23055,"MainThread",54823457965804,212125,"Running","[NULL]","[NULL]"
23055,"MainThread",54823458177929,2330834,"R","[NULL]","[NULL]"
23104,"RenderThread",54823458399721,13821083,"Running","[NULL]","[NULL]"
23055,"MainThread",54823460508763,2240583,"Running","[NULL]","[NULL]"
23055,"MainThread",54823462749346,38469792,"S","[NULL]","[NULL]"
23104,"RenderThread",54823472220804,136209,"R+","[NULL]","[NULL]"
23104,"RenderThread",54823472357013,2777041,"Running","[NULL]","[NULL]"
23104,"RenderThread",54823475134054,3451500,"R+","[NULL]","[NULL]"
23104,"RenderThread",54823478585554,149750,"Running","[NULL]","[NULL]"
23104,"RenderThread",54823478735304,310459,"R","[NULL]","[NULL]"
23104,"RenderThread",54823479045763,19209125,"Running","[NULL]","[NULL]"
23104,"RenderThread",54823498254888,60041,"R","[NULL]","[NULL]"
23104,"RenderThread",54823498314929,170292,"Running","[NULL]","[NULL]"
23104,"RenderThread",54823498485221,269458,"R","[NULL]","[NULL]"
23104,"RenderThread",54823498754679,1026959,"Running","[NULL]","[NULL]"
23104,"RenderThread",54823499781638,9000,"R+","[NULL]","[NULL]"
23104,"RenderThread",54823499790638,656541,"Running","[NULL]","[NULL]"
23104,"RenderThread",54823500447179,1625,"R+","[NULL]","[NULL]"
23104,"RenderThread",54823500448804,1042,"Running","[NULL]","[NULL]"
23104,"RenderThread",54823500449846,4250,"R+","[NULL]","[NULL]"
23104,"RenderThread",54823500454096,1000,"Running","[NULL]","[NULL]"
23104,"RenderThread",54823500455096,1583,"R+","[NULL]","[NULL]"
23104,"RenderThread",54823500456679,3444667,"Running","[NULL]","[NULL]"
23055,"MainThread",54823501219138,2081333,"R","[NULL]","[NULL]"
23055,"MainThread",54823503300471,476417,"Running","[NULL]","[NULL]"
23055,"MainThread",54823503776888,622375,"R+","[NULL]","[NULL]"
23104,"RenderThread",54823503901346,1681833,"R","[NULL]","[NULL]"
23055,"MainThread",54823504399263,2646333,"Running","[NULL]","[NULL]"
23104,"RenderThread",54823505583179,1872125,"Running","[NULL]","[NULL]"
23055,"MainThread",54823507045596,1067458,"R+","[NULL]","[NULL]"
23104,"RenderThread",54823507455304,265542,"R","[NULL]","[NULL]"
23104,"RenderThread",54823507720846,665375,"Running","[NULL]","[NULL]"
23055,"MainThread",54823508113054,610750,"Running","[NULL]","[NULL]"
23104,"RenderThread",54823508386221,7270083,"R","[NULL]","[NULL]"
23055,"MainThread",54823508723804,42180042,"S","[NULL]","[NULL]"
23104,"RenderThread",54823515656304,13775667,"Running","[NULL]","[NULL]"
23104,"RenderThread",54823529431971,179167,"R+","[NULL]","[NULL]"
23104,"RenderThread",54823529611138,4343416,"Running","[NULL]","[NULL]"
23104,"RenderThread",54823533954554,16058209,"S","[NULL]","[NULL]"
23104,"RenderThread",54823550012763,14958,"R","[NULL]","[NULL]"
23104,"RenderThread",54823550027721,2111667,"Running","[NULL]","[NULL]"
23055,"MainThread",54823550903846,117167,"R","[NULL]","[NULL]"
23055,"MainThread",54823551021013,773291,"Running","[NULL]","[NULL]"
23055,"MainThread",54823551794304,158792,"R+","[NULL]","[NULL]"
23055,"MainThread",54823551953096,6976250,"Running","[NULL]","[NULL]"
23104,"RenderThread",54823552139388,162125,"R","[NULL]","[NULL]"
23104,"RenderThread",54823552301513,7607541,"Running","[NULL]","[NULL]"
23055,"MainThread",54823558929346,392333,"R","[NULL]","[NULL]"
23055,"MainThread",54823559321679,1137250,"Running","[NULL]","[NULL]"
23104,"RenderThread",54823559909054,1829209,"R+","[NULL]","[NULL]"
23055,"MainThread",54823560458929,66959,"R","[NULL]","[NULL]"
23055,"MainThread",54823560525888,1647833,"Running","[NULL]","[NULL]"
23104,"RenderThread",54823561738263,1672750,"Running","[NULL]","[NULL]"
23055,"MainThread",54823562173721,23543500,"S","[NULL]","[NULL]"
23104,"RenderThread",54823563411013,24958,"R+","[NULL]","[NULL]"
23104,"RenderThread",54823563435971,1409375,"Running","[NULL]","[NULL]"
23104,"RenderThread",54823564845346,14708,"R+","[NULL]","[NULL]"
23104,"RenderThread",54823564860054,1992500,"Running","[NULL]","[NULL]"
23104,"RenderThread",54823566852554,17781375,"S","[NULL]","[NULL]"
23104,"RenderThread",54823584633929,90000,"R","[NULL]","[NULL]"
23104,"RenderThread",54823584723929,3336459,"Running","[NULL]","[NULL]"
23055,"MainThread",54823585717221,84417,"R","[NULL]","[NULL]"
23055,"MainThread",54823585801638,262541,"Running","[NULL]","[NULL]"
23055,"MainThread",54823586064179,308792,"R+","[NULL]","[NULL]"
23055,"MainThread",54823586372971,11870042,"Running","[NULL]","[NULL]"
23104,"RenderThread",54823588060388,47166,"R+","[NULL]","[NULL]"
23104,"RenderThread",54823588107554,10469625,"Running","[NULL]","[NULL]"
23055,"MainThread",54823598243013,2720916,"R","[NULL]","[NULL]"
23104,"RenderThread",54823598577179,512209,"R+","[NULL]","[NULL]"
23104,"RenderThread",54823599089388,1416291,"Running","[NULL]","[NULL]"
23104,"RenderThread",54823600505679,1485042,"R+","[NULL]","[NULL]"
23055,"MainThread",54823600963929,1563292,"Running","[NULL]","[NULL]"
23104,"RenderThread",54823601990721,1332875,"Running","[NULL]","[NULL]"
23055,"MainThread",54823602527221,23749125,"S","[NULL]","[NULL]"
23104,"RenderThread",54823603323596,20885958,"S","[NULL]","[NULL]"
23104,"RenderThread",54823624209554,313084,"R","[NULL]","[NULL]"
23104,"RenderThread",54823624522638,308833,"Running","[NULL]","[NULL]"
23104,"RenderThread",54823624831471,377625,"R","[NULL]","[NULL]"
23104,"RenderThread",54823625209096,2038208,"Running","[NULL]","[NULL]"
23055,"MainThread",54823626276346,143750,"R","[NULL]","[NULL]"
23055,"MainThread",54823626420096,568458,"Running","[NULL]","[NULL]"
23055,"MainThread",54823626988554,48584,"R+","[NULL]","[NULL]"
23055,"MainThread",54823627037138,387250,"Running","[NULL]","[NULL]"
23104,"RenderThread",54823627247304,61167,"R+","[NULL]","[NULL]"
23104,"RenderThread",54823627308471,311625,"Running","[NULL]","[NULL]"
23055,"MainThread",54823627424388,49000,"R","[NULL]","[NULL]"
23055,"MainThread",54823627473388,3217916,"Running","[NULL]","[NULL]"
23104,"RenderThread",54823627620096,9542,"R+","[NULL]","[NULL]"
23104,"RenderThread",54823627629638,714708,"Running","[NULL]","[NULL]"
23104,"RenderThread",54823628344346,28000,"R+","[NULL]","[NULL]"
23104,"RenderThread",54823628372346,3458,"Running","[NULL]","[NULL]"
23104,"RenderThread",54823628375804,104459,"R+","[NULL]","[NULL]"
23104,"RenderThread",54823628480263,4747625,"Running","[NULL]","[NULL]"
23055,"MainThread",54823630691304,29743834,"S","[NULL]","[NULL]"
23104,"RenderThread",54823633227888,8125,"R+","[NULL]","[NULL]"
23104,"RenderThread",54823633236013,1090000,"Running","[NULL]","[NULL]"
23104,"RenderThread",54823634326013,5458,"R+","[NULL]","[NULL]"
23104,"RenderThread",54823634331471,3534583,"Running","[NULL]","[NULL]"
23104,"RenderThread",54823637866054,94709,"R","[NULL]","[NULL]"
23104,"RenderThread",54823637960763,3048333,"Running","[NULL]","[NULL]"
23104,"RenderThread",54823641009096,280667,"R","[NULL]","[NULL]"
23104,"RenderThread",54823641289763,198791,"Running","[NULL]","[NULL]"
23104,"RenderThread",54823641488554,90875,"R","[NULL]","[NULL]"
23104,"RenderThread",54823641579429,150875,"Running","[NULL]","[NULL]"
23104,"RenderThread",54823641730304,36084,"R","[NULL]","[NULL]"
23104,"RenderThread",54823641766388,6372916,"Running","[NULL]","[NULL]"
23104,"RenderThread",54823648139304,45625,"R+","[NULL]","[NULL]"
23104,"RenderThread",54823648184929,7663000,"Running","[NULL]","[NULL]"
23104,"RenderThread",54823655847929,102667,"R+","[NULL]","[NULL]"
23104,"RenderThread",54823655950596,99750,"Running","[NULL]","[NULL]"
23104,"RenderThread",54823656050346,999542,"R","[NULL]","[NULL]"
23104,"RenderThread",54823657049888,519916,"Running","[NULL]","[NULL]"
23104,"RenderThread",54823657569804,162875,"R+","[NULL]","[NULL]"
23104,"RenderThread",54823657732679,1494167,"Running","[NULL]","[NULL]"
23104,"RenderThread",54823659226846,33958,"S","[NULL]","[NULL]"
23104,"RenderThread",54823659260804,39292,"R","[NULL]","[NULL]"
23104,"RenderThread",54823659300096,3033667,"Running","[NULL]","[NULL]"
23055,"MainThread",54823660435138,1140375,"R","[NULL]","[NULL]"
23055,"MainThread",54823661575513,2893375,"Running","[NULL]","[NULL]"
23104,"RenderThread",54823662333763,158666,"R","[NULL]","[NULL]"
23104,"RenderThread",54823662492429,1930334,"Running","[NULL]","[NULL]"
23104,"RenderThread",54823664422763,4666,"R","[NULL]","[NULL]"
23104,"RenderThread",54823664427429,4608042,"Running","[NULL]","[NULL]"
23055,"MainThread",54823664468888,17179541,"R+","[NULL]","[NULL]"
23104,"RenderThread",54823669035471,85958,"R","[NULL]","[NULL]"
23104,"RenderThread",54823669121429,724542,"Running","[NULL]","[NULL]"
23104,"RenderThread",54823669845971,6208,"R","[NULL]","[NULL]"
23104,"RenderThread",54823669852179,3773959,"Running","[NULL]","[NULL]"
23104,"RenderThread",54823673626138,48916,"R+","[NULL]","[NULL]"
23104,"RenderThread",54823673675054,670667,"Running","[NULL]","[NULL]"
23104,"RenderThread",54823674345721,234042,"R+","[NULL]","[NULL]"
23104,"RenderThread",54823674579763,121333,"Running","[NULL]","[NULL]"
23104,"RenderThread",54823674701096,291458,"R","[NULL]","[NULL]"
23104,"RenderThread",54823674992554,4116709,"Running","[NULL]","[NULL]"
23104,"RenderThread",54823679109263,6750,"R+","[NULL]","[NULL]"
23104,"RenderThread",54823679116013,2425000,"Running","[NULL]","[NULL]"
23104,"RenderThread",54823681541013,1909208,"R","[NULL]","[NULL]"
23055,"MainThread",54823681648429,2496750,"Running","[NULL]","[NULL]"
23104,"RenderThread",54823683450221,2771375,"Running","[NULL]","[NULL]"
23055,"MainThread",54823684145179,2212459,"R","[NULL]","[NULL]"
23104,"RenderThread",54823686221596,185375,"R","[NULL]","[NULL]"
23055,"MainThread",54823686357638,3724333,"Running","[NULL]","[NULL]"
23104,"RenderThread",54823686406971,7002583,"Running","[NULL]","[NULL]"
23055,"MainThread",54823690081971,7570667,"R","[NULL]","[NULL]"
23104,"RenderThread",54823693409554,216500,"R","[NULL]","[NULL]"
23104,"RenderThread",54823693626054,24250,"Running","[NULL]","[NULL]"
23104,"RenderThread",54823693650304,55792,"R+","[NULL]","[NULL]"
23104,"RenderThread",54823693706096,539000,"Running","[NULL]","[NULL]"
23104,"RenderThread",54823694245096,2902667,"R+","[NULL]","[NULL]"
23104,"RenderThread",54823697147763,467833,"Running","[NULL]","[NULL]"
23104,"RenderThread",54823697615596,589167,"S","[NULL]","[NULL]"
23055,"MainThread",54823697652638,329166,"Running","[NULL]","[NULL]"
23055,"MainThread",54823697981804,17375,"R","[NULL]","[NULL]"
23055,"MainThread",54823697999179,86917,"Running","[NULL]","[NULL]"
23055,"MainThread",54823698086096,28917,"R","[NULL]","[NULL]"
23055,"MainThread",54823698115013,92833,"Running","[NULL]","[NULL]"
23104,"RenderThread",54823698204763,3083,"R","[NULL]","[NULL]"
23055,"MainThread",54823698207846,665333,"R+","[NULL]","[NULL]"
23104,"RenderThread",54823698207846,665333,"Running","[NULL]","[NULL]"
23055,"MainThread",54823698873179,6709,"Running","[NULL]","[NULL]"
23104,"RenderThread",54823698873179,4625,"S","[NULL]","[NULL]"
23104,"RenderThread",54823698877804,9834,"R","[NULL]","[NULL]"
23055,"MainThread",54823698879888,9250,"S","[NULL]","[NULL]"
23104,"RenderThread",54823698887638,2458,"Running","[NULL]","[NULL]"
23055,"MainThread",54823698889138,958,"R","[NULL]","[NULL]"
23055,"MainThread",54823698890096,3250,"Running","[NULL]","[NULL]"
23104,"RenderThread",54823698890096,3250,"R+","[NULL]","[NULL]"
23055,"MainThread",54823698893346,2458,"S","[NULL]","[NULL]"
23104,"RenderThread",54823698893346,4417,"Running","[NULL]","[NULL]"
23055,"MainThread",54823698895804,1959,"R","[NULL]","[NULL]"
23055,"MainThread",54823698897763,281791,"Running","[NULL]","[NULL]"
23104,"RenderThread",54823698897763,1901833,"R+","[NULL]","[NULL]"
23055,"MainThread",54823699179554,48417,"R+","[NULL]","[NULL]"
23055,"MainThread",54823699227971,258042,"Running","[NULL]","[NULL]"
23055,"MainThread",54823699486013,136083,"R","[NULL]","[NULL]"
23055,"MainThread",54823699622096,1095625,"Running","[NULL]","[NULL]"
23055,"MainThread",54823700717721,8140292,"R","[NULL]","[NULL]"
23104,"RenderThread",54823700799596,375000,"Running","[NULL]","[NULL]"
23104,"RenderThread",54823701174596,2344792,"R","[NULL]","[NULL]"
23104,"RenderThread",54823703519388,4396083,"Running","[NULL]","[NULL]"
23104,"RenderThread",54823707915471,4999792,"R","[NULL]","[NULL]"
23055,"MainThread",54823708858013,1704333,"Running","[NULL]","[NULL]"
23055,"MainThread",54823710562346,9292,"R","[NULL]","[NULL]"
23055,"MainThread",54823710571638,690625,"Running","[NULL]","[NULL]"
23055,"MainThread",54823711262263,302833,"R","[NULL]","[NULL]"
23055,"MainThread",54823711565096,1350167,"Running","[NULL]","[NULL]"
23055,"MainThread",54823712915263,30305500,"S","[NULL]","[NULL]"
23104,"RenderThread",54823712915263,1087291,"Running","[NULL]","[NULL]"
23104,"RenderThread",54823714002554,224959,"R+","[NULL]","[NULL]"
23104,"RenderThread",54823714227513,17208,"Running","[NULL]","[NULL]"
23104,"RenderThread",54823714244721,317125,"R+","[NULL]","[NULL]"
23104,"RenderThread",54823714561846,1813667,"Running","[NULL]","[NULL]"
23104,"RenderThread",54823716375513,7125,"R","[NULL]","[NULL]"
23104,"RenderThread",54823716382638,4196333,"Running","[NULL]","[NULL]"
23104,"RenderThread",54823720578971,156250,"R","[NULL]","[NULL]"
23104,"RenderThread",54823720735221,1549750,"Running","[NULL]","[NULL]"
23104,"RenderThread",54823722284971,692125,"R+","[NULL]","[NULL]"
23104,"RenderThread",54823722977096,7777417,"Running","[NULL]","[NULL]"
23104,"RenderThread",54823730754513,625750,"R+","[NULL]","[NULL]"
23104,"RenderThread",54823731380263,2169541,"Running","[NULL]","[NULL]"
23104,"RenderThread",54823733549804,60167,"R","[NULL]","[NULL]"
23104,"RenderThread",54823733609971,6026083,"Running","[NULL]","[NULL]"
23104,"RenderThread",54823739636054,7584,"R+","[NULL]","[NULL]"
23104,"RenderThread",54823739643638,8041,"Running","[NULL]","[NULL]"
23104,"RenderThread",54823739651679,31792,"R+","[NULL]","[NULL]"
23104,"RenderThread",54823739683471,2211125,"Running","[NULL]","[NULL]"
23104,"RenderThread",54823741894596,210875,"R","[NULL]","[NULL]"
23104,"RenderThread",54823742105471,378958,"Running","[NULL]","[NULL]"
23104,"RenderThread",54823742484429,103792,"R","[NULL]","[NULL]"
23104,"RenderThread",54823742588221,636625,"Running","[NULL]","[NULL]"
23055,"MainThread",54823743220763,4083,"R","[NULL]","[NULL]"
23055,"MainThread",54823743224846,6833,"Running","[NULL]","[NULL]"
23104,"RenderThread",54823743224846,6833,"R+","[NULL]","[NULL]"
23055,"MainThread",54823743231679,2709,"S","[NULL]","[NULL]"
23104,"RenderThread",54823743231679,4875,"Running","[NULL]","[NULL]"
23055,"MainThread",54823743234388,2166,"R","[NULL]","[NULL]"
23055,"MainThread",54823743236554,1828584,"Running","[NULL]","[NULL]"
23104,"RenderThread",54823743236554,2528250,"R+","[NULL]","[NULL]"
23055,"MainThread",54823745065138,1730583,"R","[NULL]","[NULL]"
23104,"RenderThread",54823745764804,1010167,"Running","[NULL]","[NULL]"
23104,"RenderThread",54823746774971,2639042,"R","[NULL]","[NULL]"
23055,"MainThread",54823746795721,2611708,"Running","[NULL]","[NULL]"
23055,"MainThread",54823749407429,2974959,"R","[NULL]","[NULL]"
23104,"RenderThread",54823749414013,177458,"Running","[NULL]","[NULL]"
23104,"RenderThread",54823749591471,3208,"R","[NULL]","[NULL]"
23104,"RenderThread",54823749594679,2774834,"Running","[NULL]","[NULL]"
23104,"RenderThread",54823752369513,961000,"R","[NULL]","[NULL]"
23055,"MainThread",54823752382388,840750,"Running","[NULL]","[NULL]"
23055,"MainThread",54823753223138,2941875,"R","[NULL]","[NULL]"
23104,"RenderThread",54823753330513,2259041,"Running","[NULL]","[NULL]"
23104,"RenderThread",54823755589554,2788959,"R","[NULL]","[NULL]"
23055,"MainThread",54823756165013,2126750,"Running","[NULL]","[NULL]"
23055,"MainThread",54823758291763,786416,"R","[NULL]","[NULL]"
23104,"RenderThread",54823758378513,55208,"Running","[NULL]","[NULL]"
23104,"RenderThread",54823758433721,115000,"R","[NULL]","[NULL]"
23104,"RenderThread",54823758548721,463958,"Running","[NULL]","[NULL]"
23104,"RenderThread",54823759012679,1140292,"R","[NULL]","[NULL]"
23055,"MainThread",54823759078179,701834,"Running","[NULL]","[NULL]"
23055,"MainThread",54823759780013,4283125,"R","[NULL]","[NULL]"
23104,"RenderThread",54823760152971,3910167,"Running","[NULL]","[NULL]"
23055,"MainThread",54823764063138,734291,"Running","[NULL]","[NULL]"
23104,"RenderThread",54823764063138,734291,"R+","[NULL]","[NULL]"
23055,"MainThread",54823764797429,10813125,"S","[NULL]","[NULL]"
23104,"RenderThread",54823764797429,3615334,"Running","[NULL]","[NULL]"
23104,"RenderThread",54823768412763,30875,"R+","[NULL]","[NULL]"
23104,"RenderThread",54823768443638,1010500,"Running","[NULL]","[NULL]"
23104,"RenderThread",54823769454138,238250,"R+","[NULL]","[NULL]"
23104,"RenderThread",54823769692388,836000,"Running","[NULL]","[NULL]"
23104,"RenderThread",54823770528388,512291,"R","[NULL]","[NULL]"
23104,"RenderThread",54823771040679,553959,"Running","[NULL]","[NULL]"
23104,"RenderThread",54823771594638,841875,"R","[NULL]","[NULL]"
23104,"RenderThread",54823772436513,478625,"Running","[NULL]","[NULL]"
23104,"RenderThread",54823772915138,71333,"R","[NULL]","[NULL]"
23104,"RenderThread",54823772986471,466375,"Running","[NULL]","[NULL]"
23104,"RenderThread",54823773452846,70667,"R+","[NULL]","[NULL]"
23104,"RenderThread",54823773523513,875875,"Running","[NULL]","[NULL]"
23104,"RenderThread",54823774399388,164666,"R","[NULL]","[NULL]"
23104,"RenderThread",54823774564054,214084,"Running","[NULL]","[NULL]"
23104,"RenderThread",54823774778138,201708,"R+","[NULL]","[NULL]"
23104,"RenderThread",54823774979846,37250,"Running","[NULL]","[NULL]"
23104,"RenderThread",54823775017096,3125,"R+","[NULL]","[NULL]"
23104,"RenderThread",54823775020221,2375,"Running","[NULL]","[NULL]"
23104,"RenderThread",54823775022596,5792,"R+","[NULL]","[NULL]"
23104,"RenderThread",54823775028388,589375,"Running","[NULL]","[NULL]"
23055,"MainThread",54823775610554,171167,"R","[NULL]","[NULL]"
23104,"RenderThread",54823775617763,172291,"R+","[NULL]","[NULL]"
23055,"MainThread",54823775781721,8333,"Running","[NULL]","[NULL]"
23055,"MainThread",54823775790054,3250,"S","[NULL]","[NULL]"
23104,"RenderThread",54823775790054,6709,"Running","[NULL]","[NULL]"
23055,"MainThread",54823775793304,3459,"R","[NULL]","[NULL]"
23055,"MainThread",54823775796763,486625,"Running","[NULL]","[NULL]"
23104,"RenderThread",54823775796763,4578458,"R+","[NULL]","[NULL]"
23055,"MainThread",54823776283388,6625,"R+","[NULL]","[NULL]"
23055,"MainThread",54823776290013,322166,"Running","[NULL]","[NULL]"
23055,"MainThread",54823776612179,52875,"R+","[NULL]","[NULL]"
23055,"MainThread",54823776665054,486334,"Running","[NULL]","[NULL]"
23055,"MainThread",54823777151388,22208,"R","[NULL]","[NULL]"
23055,"MainThread",54823777173596,1519042,"Running","[NULL]","[NULL]"
23113,"mqt_v_js",54823777472054,1220584,"R","[NULL]","[NULL]"
23055,"MainThread",54823778692638,43200250,"S","[NULL]","[NULL]"
23113,"mqt_v_js",54823778692638,1682583,"Running","[NULL]","[NULL]"
23104,"RenderThread",54823780375221,2470708,"Running","[NULL]","[NULL]"
23113,"mqt_v_js",54823780375221,7841833,"R+","[NULL]","[NULL]"
23104,"RenderThread",54823782845929,1626917,"R","[NULL]","[NULL]"
23104,"RenderThread",54823784472846,3598958,"Running","[NULL]","[NULL]"
23104,"RenderThread",54823788071804,2259834,"R+","[NULL]","[NULL]"
23113,"mqt_v_js",54823788217054,1916125,"Running","[NULL]","[NULL]"
23113,"mqt_v_js",54823790133179,2677542,"R","[NULL]","[NULL]"
23104,"RenderThread",54823790331638,816958,"Running","[NULL]","[NULL]"
23104,"RenderThread",54823791148596,494667,"R","[NULL]","[NULL]"
23104,"RenderThread",54823791643263,224083,"Running","[NULL]","[NULL]"
23104,"RenderThread",54823791867346,129458,"R","[NULL]","[NULL]"
23104,"RenderThread",54823791996804,202750,"Running","[NULL]","[NULL]"
23104,"RenderThread",54823792199554,51667,"R","[NULL]","[NULL]"
23104,"RenderThread",54823792251221,2243000,"Running","[NULL]","[NULL]"
23113,"mqt_v_js",54823792810721,202333,"Running","[NULL]","[NULL]"
23113,"mqt_v_js",54823793013054,158209,"R+","[NULL]","[NULL]"
23113,"mqt_v_js",54823793171263,1685791,"Running","[NULL]","[NULL]"
23104,"RenderThread",54823794494221,14542,"R+","[NULL]","[NULL]"
23104,"RenderThread",54823794508763,156958,"Running","[NULL]","[NULL]"
23104,"RenderThread",54823794665721,676542,"R+","[NULL]","[NULL]"
23113,"mqt_v_js",54823794857054,80292,"R","[NULL]","[NULL]"
23113,"mqt_v_js",54823794937346,466292,"Running","[NULL]","[NULL]"
23104,"RenderThread",54823795342263,192791,"Running","[NULL]","[NULL]"
23113,"mqt_v_js",54823795403638,1318166,"R","[NULL]","[NULL]"
23104,"RenderThread",54823795535054,119834,"R+","[NULL]","[NULL]"
23104,"RenderThread",54823795654888,991666,"Running","[NULL]","[NULL]"
23104,"RenderThread",54823796646554,192417,"R","[NULL]","[NULL]"
23113,"mqt_v_js",54823796721804,143000,"Running","[NULL]","[NULL]"
23104,"RenderThread",54823796838971,4635708,"Running","[NULL]","[NULL]"
23113,"mqt_v_js",54823796864804,184625,"R","[NULL]","[NULL]"
23113,"mqt_v_js",54823797049429,10189125,"Running","[NULL]","[NULL]"
23104,"RenderThread",54823801474679,73459,"R+","[NULL]","[NULL]"
23104,"RenderThread",54823801548138,5356583,"Running","[NULL]","[NULL]"
23104,"RenderThread",54823806904721,98875,"R+","[NULL]","[NULL]"
23104,"RenderThread",54823807003596,639625,"Running","[NULL]","[NULL]"
23113,"mqt_v_js",54823807238554,4732167,"R","[NULL]","[NULL]"
23104,"RenderThread",54823807643221,74292,"R+","[NULL]","[NULL]"
23104,"RenderThread",54823807717513,3195583,"Running","[NULL]","[NULL]"
23104,"RenderThread",54823810913096,7292,"R+","[NULL]","[NULL]"
23104,"RenderThread",54823810920388,1071916,"Running","[NULL]","[NULL]"
23113,"mqt_v_js",54823811970721,473292,"Running","[NULL]","[NULL]"
23104,"RenderThread",54823811992304,167667,"R+","[NULL]","[NULL]"
23104,"RenderThread",54823812159971,4460417,"Running","[NULL]","[NULL]"
23113,"mqt_v_js",54823812444013,7458,"R","[NULL]","[NULL]"
23113,"mqt_v_js",54823812451471,7217250,"Running","[NULL]","[NULL]"
23104,"RenderThread",54823816620388,848916,"R","[NULL]","[NULL]"
23104,"RenderThread",54823817469304,353917,"Running","[NULL]","[NULL]"
23104,"RenderThread",54823817823221,2935333,"R+","[NULL]","[NULL]"
23113,"mqt_v_js",54823819668721,9125,"R","[NULL]","[NULL]"
23113,"mqt_v_js",54823819677846,2856792,"Running","[NULL]","[NULL]"
23104,"RenderThread",54823820758554,1960125,"Running","[NULL]","[NULL]"
23055,"MainThread",54823821892888,721708,"R","[NULL]","[NULL]"
23113,"mqt_v_js",54823822534638,396875,"R","[NULL]","[NULL]"
23055,"MainThread",54823822614596,237125,"Running","[NULL]","[NULL]"
23104,"RenderThread",54823822718679,333834,"R+","[NULL]","[NULL]"
23055,"MainThread",54823822851721,50458,"R+","[NULL]","[NULL]"
23055,"MainThread",54823822902179,29334,"Running","[NULL]","[NULL]"
23055,"MainThread",54823822931513,4810833,"S","[NULL]","[NULL]"
23113,"mqt_v_js",54823822931513,4682250,"Running","[NULL]","[NULL]"
23104,"RenderThread",54823823052513,206166,"Running","[NULL]","[NULL]"
23104,"RenderThread",54823823258679,250042,"R","[NULL]","[NULL]"
23104,"RenderThread",54823823508721,722667,"Running","[NULL]","[NULL]"
23104,"RenderThread",54823824231388,54250,"R+","[NULL]","[NULL]"
23104,"RenderThread",54823824285638,3964000,"Running","[NULL]","[NULL]"
23113,"mqt_v_js",54823827613763,350958,"R+","[NULL]","[NULL]"
23055,"MainThread",54823827742346,27167,"R","[NULL]","[NULL]"
23055,"MainThread",54823827769513,153583,"Running","[NULL]","[NULL]"
23055,"MainThread",54823827923096,11750,"R+","[NULL]","[NULL]"
23055,"MainThread",54823827934846,29875,"Running","[NULL]","[NULL]"
23055,"MainThread",54823827964721,20889292,"S","[NULL]","[NULL]"
23113,"mqt_v_js",54823827964721,91292,"Running","[NULL]","[NULL]"
23113,"mqt_v_js",54823828056013,3833,"R","[NULL]","[NULL]"
23113,"mqt_v_js",54823828059846,260625,"Running","[NULL]","[NULL]"
23104,"RenderThread",54823828249638,878500,"R+","[NULL]","[NULL]"
23113,"mqt_v_js",54823828320471,7167,"R","[NULL]","[NULL]"
23113,"mqt_v_js",54823828327638,406458,"Running","[NULL]","[NULL]"
23113,"mqt_v_js",54823828734096,69917,"R","[NULL]","[NULL]"
23113,"mqt_v_js",54823828804013,414083,"Running","[NULL]","[NULL]"
23104,"RenderThread",54823829128138,1249333,"Running","[NULL]","[NULL]"
23113,"mqt_v_js",54823829218096,260667,"R","[NULL]","[NULL]"
23113,"mqt_v_js",54823829478763,1330250,"Running","[NULL]","[NULL]"
23104,"RenderThread",54823830377471,157208,"R+","[NULL]","[NULL]"
23104,"RenderThread",54823830534679,1077625,"Running","[NULL]","[NULL]"
23113,"mqt_v_js",54823830809013,1296541,"R","[NULL]","[NULL]"
23104,"RenderThread",54823831612304,81792,"R+","[NULL]","[NULL]"
23104,"RenderThread",54823831694096,4203000,"Running","[NULL]","[NULL]"
23113,"mqt_v_js",54823832105554,3892667,"Running","[NULL]","[NULL]"
23104,"RenderThread",54823835897096,1188167,"R+","[NULL]","[NULL]"
23113,"mqt_v_js",54823835998221,9249333,"R","[NULL]","[NULL]"
23104,"RenderThread",54823837085263,3109416,"Running","[NULL]","[NULL]"
23104,"RenderThread",54823840194679,184500,"R+","[NULL]","[NULL]"
23104,"RenderThread",54823840379179,2418542,"Running","[NULL]","[NULL]"
23104,"RenderThread",54823842797721,76125,"R+","[NULL]","[NULL]"
23104,"RenderThread",54823842873846,5715792,"Running","[NULL]","[NULL]"
23113,"mqt_v_js",54823845247554,2893709,"Running","[NULL]","[NULL]"
23113,"mqt_v_js",54823848141263,4427958,"R","[NULL]","[NULL]"
23104,"RenderThread",54823848589638,275166,"R+","[NULL]","[NULL]"
23055,"MainThread",54823848854013,3360666,"R","[NULL]","[NULL]"
23104,"RenderThread",54823848864804,3204375,"Running","[NULL]","[NULL]"
23104,"RenderThread",54823852069179,14917,"R+","[NULL]","[NULL]"
23104,"RenderThread",54823852084096,1304167,"Running","[NULL]","[NULL]"
23055,"MainThread",54823852214679,237709,"Running","[NULL]","[NULL]"
23055,"MainThread",54823852452388,38750,"R+","[NULL]","[NULL]"
23055,"MainThread",54823852491138,78083,"Running","[NULL]","[NULL]"
23055,"MainThread",54823852569221,785833,"S","[NULL]","[NULL]"
23113,"mqt_v_js",54823852569221,694333,"Running","[NULL]","[NULL]"
23113,"mqt_v_js",54823853263554,261209,"R","[NULL]","[NULL]"
23055,"MainThread",54823853355054,125584,"R","[NULL]","[NULL]"
23104,"RenderThread",54823853388263,88775291,"S","[NULL]","[NULL]"
23055,"MainThread",54823853480638,27208,"Running","[NULL]","[NULL]"
23055,"MainThread",54823853507846,4180583,"S","[NULL]","[NULL]"
23113,"mqt_v_js",54823853524763,3357625,"Running","[NULL]","[NULL]"
23113,"mqt_v_js",54823856882388,64375,"R","[NULL]","[NULL]"
23113,"mqt_v_js",54823856946763,628291,"Running","[NULL]","[NULL]"
23113,"mqt_v_js",54823857575054,388834,"R","[NULL]","[NULL]"
23055,"MainThread",54823857688429,24334,"R","[NULL]","[NULL]"
23055,"MainThread",54823857712763,191291,"Running","[NULL]","[NULL]"
23055,"MainThread",54823857904054,20209,"R+","[NULL]","[NULL]"
23055,"MainThread",54823857924263,39625,"Running","[NULL]","[NULL]"
23055,"MainThread",54823857963888,17075541,"S","[NULL]","[NULL]"
23113,"mqt_v_js",54823857963888,833125,"Running","[NULL]","[NULL]"
23113,"mqt_v_js",54823858797013,47250,"R","[NULL]","[NULL]"
23113,"mqt_v_js",54823858844263,153666,"Running","[NULL]","[NULL]"
23113,"mqt_v_js",54823858997929,10709,"R","[NULL]","[NULL]"
23113,"mqt_v_js",54823859008638,3955291,"Running","[NULL]","[NULL]"
23113,"mqt_v_js",54823862963929,21125,"R","[NULL]","[NULL]"
23113,"mqt_v_js",54823862985054,808042,"Running","[NULL]","[NULL]"
23113,"mqt_v_js",54823863793096,173250,"R+","[NULL]","[NULL]"
23113,"mqt_v_js",54823863966346,10285125,"Running","[NULL]","[NULL]"
23113,"mqt_v_js",54823874251471,100875,"R","[NULL]","[NULL]"
23113,"mqt_v_js",54823874352346,826542,"Running","[NULL]","[NULL]"
23055,"MainThread",54823875039429,139459,"R","[NULL]","[NULL]"
23055,"MainThread",54823875178888,127833,"Running","[NULL]","[NULL]"
23113,"mqt_v_js",54823875178888,346083,"R","[NULL]","[NULL]"
23055,"MainThread",54823875306721,87167,"R","[NULL]","[NULL]"
23055,"MainThread",54823875393888,84750,"Running","[NULL]","[NULL]"
23055,"MainThread",54823875478638,11958,"R+","[NULL]","[NULL]"
23055,"MainThread",54823875490596,34375,"Running","[NULL]","[NULL]"
23055,"MainThread",54823875524971,15614750,"S","[NULL]","[NULL]"
23113,"mqt_v_js",54823875524971,730000,"Running","[NULL]","[NULL]"
23113,"mqt_v_js",54823876254971,6917,"R","[NULL]","[NULL]"
23113,"mqt_v_js",54823876261888,13775708,"Running","[NULL]","[NULL]"
23113,"mqt_v_js",54823890037596,197167,"R","[NULL]","[NULL]"
23113,"mqt_v_js",54823890234763,751583,"Running","[NULL]","[NULL]"
23113,"mqt_v_js",54823890986346,67875,"R","[NULL]","[NULL]"
23113,"mqt_v_js",54823891054221,152792,"Running","[NULL]","[NULL]"
23055,"MainThread",54823891139721,67292,"R","[NULL]","[NULL]"
23055,"MainThread",54823891207013,135875,"Running","[NULL]","[NULL]"
23113,"mqt_v_js",54823891207013,189666,"R","[NULL]","[NULL]"
23055,"MainThread",54823891342888,13250,"R+","[NULL]","[NULL]"
23055,"MainThread",54823891356138,40541,"Running","[NULL]","[NULL]"
23055,"MainThread",54823891396679,16399084,"S","[NULL]","[NULL]"
23113,"mqt_v_js",54823891396679,6829042,"Running","[NULL]","[NULL]"
23113,"mqt_v_js",54823898225721,6708,"R","[NULL]","[NULL]"
23113,"mqt_v_js",54823898232429,1935125,"Running","[NULL]","[NULL]"
23113,"mqt_v_js",54823900167554,10782500,"R","[NULL]","[NULL]"
23055,"MainThread",54823907795763,3306375,"R","[NULL]","[NULL]"
23113,"mqt_v_js",54823910950054,215875,"Running","[NULL]","[NULL]"
23055,"MainThread",54823911102138,114666,"Running","[NULL]","[NULL]"
23113,"mqt_v_js",54823911165929,9542,"R","[NULL]","[NULL]"
23113,"mqt_v_js",54823911175471,1007542,"Running","[NULL]","[NULL]"
23055,"MainThread",54823911216804,25167,"R+","[NULL]","[NULL]"
23055,"MainThread",54823911241971,28917,"Running","[NULL]","[NULL]"
23055,"MainThread",54823911270888,13294916,"S","[NULL]","[NULL]"
23113,"mqt_v_js",54823912183013,60000,"R","[NULL]","[NULL]"
23113,"mqt_v_js",54823912243013,1579708,"Running","[NULL]","[NULL]"
23113,"mqt_v_js",54823913822721,85417,"R","[NULL]","[NULL]"
23113,"mqt_v_js",54823913908138,9407208,"Running","[NULL]","[NULL]"
23113,"mqt_v_js",54823923315346,97208,"R","[NULL]","[NULL]"
23113,"mqt_v_js",54823923412554,925834,"Running","[NULL]","[NULL]"
23113,"mqt_v_js",54823924338388,126791,"R","[NULL]","[NULL]"
23113,"mqt_v_js",54823924465179,816792,"Running","[NULL]","[NULL]"
23055,"MainThread",54823924565804,59417,"R","[NULL]","[NULL]"
23055,"MainThread",54823924625221,2386458,"Running","[NULL]","[NULL]"
23113,"mqt_v_js",54823925281971,140917,"R","[NULL]","[NULL]"
23113,"mqt_v_js",54823925422888,6729541,"Running","[NULL]","[NULL]"
23055,"MainThread",54823927011679,5420875,"R+","[NULL]","[NULL]"
23113,"mqt_v_js",54823932152429,108375,"R","[NULL]","[NULL]"
23113,"mqt_v_js",54823932260804,548625,"Running","[NULL]","[NULL]"
23055,"MainThread",54823932432554,1114917,"Running","[NULL]","[NULL]"
23113,"mqt_v_js",54823932809429,25125584,"S","[NULL]","[NULL]"
23055,"MainThread",54823933547471,328708,"R","[NULL]","[NULL]"
23055,"MainThread",54823933876179,597750,"Running","[NULL]","[NULL]"
23055,"MainThread",54823934473929,7030250,"S","[NULL]","[NULL]"
23055,"MainThread",54823941504179,43750,"R","[NULL]","[NULL]"
23055,"MainThread",54823941547929,568792,"Running","[NULL]","[NULL]"
23055,"MainThread",54823942116721,23917,"R+","[NULL]","[NULL]"
23055,"MainThread",54823942140638,1960458,"Running","[NULL]","[NULL]"
23104,"RenderThread",54823942163554,1980459,"R","[NULL]","[NULL]"
23055,"MainThread",54823944101096,97333,"R","[NULL]","[NULL]"
23104,"RenderThread",54823944144013,56458,"Running","[NULL]","[NULL]"
23055,"MainThread",54823944198429,11484292,"Running","[NULL]","[NULL]"
23104,"RenderThread",54823944200471,24175583,"S","[NULL]","[NULL]"
23055,"MainThread",54823955682721,85750,"R","[NULL]","[NULL]"
23055,"MainThread",54823955768471,1032792,"Running","[NULL]","[NULL]"
23055,"MainThread",54823956801263,233958,"R","[NULL]","[NULL]"
23055,"MainThread",54823957035221,745667,"Running","[NULL]","[NULL]"
23055,"MainThread",54823957780888,143250,"R","[NULL]","[NULL]"
23055,"MainThread",54823957924138,2144083,"Running","[NULL]","[NULL]"
23113,"mqt_v_js",54823957935013,2133208,"R","[NULL]","[NULL]"
23055,"MainThread",54823960068221,2116667,"R","[NULL]","[NULL]"
23113,"mqt_v_js",54823960068221,2116667,"Running","[NULL]","[NULL]"
23055,"MainThread",54823962184888,969708,"Running","[NULL]","[NULL]"
23113,"mqt_v_js",54823962184888,192708,"S","[NULL]","[NULL]"
23113,"mqt_v_js",54823962377596,6006792,"R","[NULL]","[NULL]"
23055,"MainThread",54823963154596,2530167,"R","[NULL]","[NULL]"
23055,"MainThread",54823965684763,2699625,"Running","[NULL]","[NULL]"
23104,"RenderThread",54823968376054,2378125,"R","[NULL]","[NULL]"
23055,"MainThread",54823968384388,6248416,"S","[NULL]","[NULL]"
23113,"mqt_v_js",54823968384388,5031958,"Running","[NULL]","[NULL]"
23104,"RenderThread",54823970754179,1452250,"Running","[NULL]","[NULL]"
23104,"RenderThread",54823972206429,2161750,"R+","[NULL]","[NULL]"
23113,"mqt_v_js",54823973416346,1000875,"R","[NULL]","[NULL]"
23104,"RenderThread",54823974368179,1759042,"Running","[NULL]","[NULL]"
23113,"mqt_v_js",54823974417221,1662042,"Running","[NULL]","[NULL]"
23055,"MainThread",54823974632804,1446459,"R","[NULL]","[NULL]"
23055,"MainThread",54823976079263,606708,"Running","[NULL]","[NULL]"
23113,"mqt_v_js",54823976079263,6632041,"R","[NULL]","[NULL]"
23104,"RenderThread",54823976127221,3992667,"R","[NULL]","[NULL]"
23055,"MainThread",54823976685971,38208,"R","[NULL]","[NULL]"
23055,"MainThread",54823976724179,3384875,"Running","[NULL]","[NULL]"
23055,"MainThread",54823980109054,3792,"R","[NULL]","[NULL]"
23055,"MainThread",54823980112846,2598458,"Running","[NULL]","[NULL]"
23104,"RenderThread",54823980119888,714666,"Running","[NULL]","[NULL]"
23104,"RenderThread",54823980834554,4125,"R+","[NULL]","[NULL]"
23104,"RenderThread",54823980838679,1542,"Running","[NULL]","[NULL]"
23104,"RenderThread",54823980840221,1095833,"R+","[NULL]","[NULL]"
23104,"RenderThread",54823981936054,2151459,"Running","[NULL]","[NULL]"
23055,"MainThread",54823982711304,16812417,"S","[NULL]","[NULL]"
23113,"mqt_v_js",54823982711304,1429250,"Running","[NULL]","[NULL]"
23104,"RenderThread",54823984087513,4238416,"R+","[NULL]","[NULL]"
23113,"mqt_v_js",54823984140554,7917,"R","[NULL]","[NULL]"
23113,"mqt_v_js",54823984148471,6610542,"Running","[NULL]","[NULL]"
23104,"RenderThread",54823988325929,1384959,"Running","[NULL]","[NULL]"
23104,"RenderThread",54823989710888,72041,"R","[NULL]","[NULL]"
23104,"RenderThread",54823989782929,182750,"Running","[NULL]","[NULL]"
23104,"RenderThread",54823989965679,84667,"R","[NULL]","[NULL]"
23104,"RenderThread",54823990050346,256208,"Running","[NULL]","[NULL]"
23104,"RenderThread",54823990306554,1980459,"R+","[NULL]","[NULL]"
23113,"mqt_v_js",54823990759013,49791,"R","[NULL]","[NULL]"
23113,"mqt_v_js",54823990808804,3528000,"Running","[NULL]","[NULL]"
23104,"RenderThread",54823992287013,22166,"Running","[NULL]","[NULL]"
23104,"RenderThread",54823992309179,7375,"R+","[NULL]","[NULL]"
23104,"RenderThread",54823992316554,991084,"Running","[NULL]","[NULL]"
23104,"RenderThread",54823993307638,4954583,"R","[NULL]","[NULL]"
23113,"mqt_v_js",54823994336804,7218625,"R+","[NULL]","[NULL]"
23104,"RenderThread",54823998262221,1784542,"Running","[NULL]","[NULL]"
23055,"MainThread",54823999523721,837917,"R","[NULL]","[NULL]"
23104,"RenderThread",54824000046763,582875,"R+","[NULL]","[NULL]"
23055,"MainThread",54824000361638,323083,"Running","[NULL]","[NULL]"
23104,"RenderThread",54824000629638,871041,"Running","[NULL]","[NULL]"
23055,"MainThread",54824000684721,704167,"R","[NULL]","[NULL]"
23055,"MainThread",54824001388888,163083,"Running","[NULL]","[NULL]"
23104,"RenderThread",54824001500679,190042,"R","[NULL]","[NULL]"
23055,"MainThread",54824001551971,7665708,"S","[NULL]","[NULL]"
23113,"mqt_v_js",54824001555429,152875,"Running","[NULL]","[NULL]"
23104,"RenderThread",54824001690721,139833,"Running","[NULL]","[NULL]"
23113,"mqt_v_js",54824001708304,292459,"R","[NULL]","[NULL]"
23104,"RenderThread",54824001830554,2324792,"R+","[NULL]","[NULL]"
23113,"mqt_v_js",54824002000763,2117583,"Running","[NULL]","[NULL]"
23113,"mqt_v_js",54824004118346,578958,"R","[NULL]","[NULL]"
23104,"RenderThread",54824004155346,567333,"Running","[NULL]","[NULL]"
23113,"mqt_v_js",54824004697304,3447875,"Running","[NULL]","[NULL]"
23104,"RenderThread",54824004722679,72875,"R+","[NULL]","[NULL]"
23104,"RenderThread",54824004795554,1824500,"Running","[NULL]","[NULL]"
23104,"RenderThread",54824006620054,5499167,"R+","[NULL]","[NULL]"
23113,"mqt_v_js",54824008145179,7042,"R+","[NULL]","[NULL]"
23113,"mqt_v_js",54824008152221,288750,"Running","[NULL]","[NULL]"
23113,"mqt_v_js",54824008440971,3378292,"R","[NULL]","[NULL]"
23055,"MainThread",54824009217679,2382000,"R","[NULL]","[NULL]"
23055,"MainThread",54824011599679,208209,"Running","[NULL]","[NULL]"
23055,"MainThread",54824011807888,12560666,"S","[NULL]","[NULL]"
23113,"mqt_v_js",54824011819263,2288583,"Running","[NULL]","[NULL]"
23104,"RenderThread",54824012119221,3814875,"Running","[NULL]","[NULL]"
23113,"mqt_v_js",54824014107846,12542,"R","[NULL]","[NULL]"
23113,"mqt_v_js",54824014120388,3670791,"Running","[NULL]","[NULL]"
23104,"RenderThread",54824015934096,6615708,"R+","[NULL]","[NULL]"
23113,"mqt_v_js",54824017791179,3417,"R+","[NULL]","[NULL]"
23113,"mqt_v_js",54824017794596,2330083,"Running","[NULL]","[NULL]"
23113,"mqt_v_js",54824020124679,5917,"R","[NULL]","[NULL]"
23113,"mqt_v_js",54824020130596,2217000,"Running","[NULL]","[NULL]"
23113,"mqt_v_js",54824022347596,55500,"R","[NULL]","[NULL]"
23113,"mqt_v_js",54824022403096,1720958,"Running","[NULL]","[NULL]"
23104,"RenderThread",54824022549804,737375,"Running","[NULL]","[NULL]"
23104,"RenderThread",54824023287179,2236584,"R+","[NULL]","[NULL]"
23113,"mqt_v_js",54824024124054,30584,"R","[NULL]","[NULL]"
23113,"mqt_v_js",54824024154638,177500,"Running","[NULL]","[NULL]"
23113,"mqt_v_js",54824024332138,243916,"R","[NULL]","[NULL]"
23055,"MainThread",54824024368554,30084,"R","[NULL]","[NULL]"
23055,"MainThread",54824024398638,177416,"Running","[NULL]","[NULL]"
23055,"MainThread",54824024576054,16594542,"S","[NULL]","[NULL]"
23113,"mqt_v_js",54824024576054,3605626,"Running","[NULL]","[NULL]"
23104,"RenderThread",54824025523763,1690917,"Running","[NULL]","[NULL]"
23104,"RenderThread",54824027214680,5199791,"R+","[NULL]","[NULL]"
23113,"mqt_v_js",54824028181680,4583,"R","[NULL]","[NULL]"
23113,"mqt_v_js",54824028186263,4224208,"Running","[NULL]","[NULL]"
23113,"mqt_v_js",54824032410471,5042,"R","[NULL]","[NULL]"
23104,"RenderThread",54824032414471,3729084,"Running","[NULL]","[NULL]"
23113,"mqt_v_js",54824032415513,3853250,"Running","[NULL]","[NULL]"
23104,"RenderThread",54824036143555,5538000,"R+","[NULL]","[NULL]"
23113,"mqt_v_js",54824036268763,4875,"R","[NULL]","[NULL]"
23113,"mqt_v_js",54824036273638,4322167,"Running","[NULL]","[NULL]"
23113,"mqt_v_js",54824040595805,1060541,"R","[NULL]","[NULL]"
23055,"MainThread",54824041170596,310125,"R","[NULL]","[NULL]"
23055,"MainThread",54824041480721,175625,"Running","[NULL]","[NULL]"
23055,"MainThread",54824041656346,16772875,"S","[NULL]","[NULL]"
23113,"mqt_v_js",54824041656346,96375,"Running","[NULL]","[NULL]"
23104,"RenderThread",54824041681555,1042250,"Running","[NULL]","[NULL]"
23113,"mqt_v_js",54824041752721,993917,"R","[NULL]","[NULL]"
23104,"RenderThread",54824042723805,3118208,"R","[NULL]","[NULL]"
23113,"mqt_v_js",54824042746638,7429833,"Running","[NULL]","[NULL]"
23104,"RenderThread",54824045842013,2218792,"Running","[NULL]","[NULL]"
23104,"RenderThread",54824048060805,86375,"R+","[NULL]","[NULL]"
23104,"RenderThread",54824048147180,1775541,"Running","[NULL]","[NULL]"
23104,"RenderThread",54824049922721,2219625,"R","[NULL]","[NULL]"
23113,"mqt_v_js",54824050176471,90250,"R","[NULL]","[NULL]"
23113,"mqt_v_js",54824050266721,1875625,"Running","[NULL]","[NULL]"
23104,"RenderThread",54824052142346,566667,"Running","[NULL]","[NULL]"
23113,"mqt_v_js",54824052142346,572334,"R","[NULL]","[NULL]"
23104,"RenderThread",54824052709013,3386917,"R+","[NULL]","[NULL]"
23113,"mqt_v_js",54824052714680,3381250,"Running","[NULL]","[NULL]"
23104,"RenderThread",54824056095930,208958,"Running","[NULL]","[NULL]"
23113,"mqt_v_js",54824056095930,3840375,"R","[NULL]","[NULL]"
23104,"RenderThread",54824056304888,5458,"R+","[NULL]","[NULL]"
23104,"RenderThread",54824056310346,2070459,"Running","[NULL]","[NULL]"
23104,"RenderThread",54824058380805,123291,"R","[NULL]","[NULL]"
23055,"MainThread",54824058429221,1283792,"R","[NULL]","[NULL]"
23104,"RenderThread",54824058504096,1198000,"Running","[NULL]","[NULL]"
23104,"RenderThread",54824059702096,33218667,"S","[NULL]","[NULL]"
23055,"MainThread",54824059713013,223292,"Running","[NULL]","[NULL]"
23055,"MainThread",54824059936305,14784541,"S","[NULL]","[NULL]"
23113,"mqt_v_js",54824059936305,184250,"Running","[NULL]","[NULL]"
23113,"mqt_v_js",54824060120555,5458,"R","[NULL]","[NULL]"
23113,"mqt_v_js",54824060126013,4759542,"Running","[NULL]","[NULL]"
23113,"mqt_v_js",54824064885555,7458,"R","[NULL]","[NULL]"
23113,"mqt_v_js",54824064893013,7184250,"Running","[NULL]","[NULL]"
23113,"mqt_v_js",54824072077263,5542,"R","[NULL]","[NULL]"
23113,"mqt_v_js",54824072082805,143041,"Running","[NULL]","[NULL]"
23113,"mqt_v_js",54824072225846,31959,"R","[NULL]","[NULL]"
23113,"mqt_v_js",54824072257805,2224500,"Running","[NULL]","[NULL]"
23113,"mqt_v_js",54824074482305,3009583,"R","[NULL]","[NULL]"
23055,"MainThread",54824074720846,2601875,"R","[NULL]","[NULL]"
23055,"MainThread",54824077322721,169167,"Running","[NULL]","[NULL]"
23055,"MainThread",54824077491888,2035417,"S","[NULL]","[NULL]"
23113,"mqt_v_js",54824077491888,2040083,"Running","[NULL]","[NULL]"
23055,"MainThread",54824079527305,4666,"R","[NULL]","[NULL]"
23055,"MainThread",54824079531971,99625,"Running","[NULL]","[NULL]"
23113,"mqt_v_js",54824079531971,99625,"R+","[NULL]","[NULL]"
23055,"MainThread",54824079631596,3084,"S","[NULL]","[NULL]"
23113,"mqt_v_js",54824079631596,4250,"Running","[NULL]","[NULL]"
23055,"MainThread",54824079634680,1166,"R","[NULL]","[NULL]"
23055,"MainThread",54824079635846,496542,"Running","[NULL]","[NULL]"
23113,"mqt_v_js",54824079635846,496542,"R+","[NULL]","[NULL]"
23055,"MainThread",54824080132388,5256208,"S","[NULL]","[NULL]"
23113,"mqt_v_js",54824080132388,297250,"Running","[NULL]","[NULL]"
23113,"mqt_v_js",54824080429638,19917,"R","[NULL]","[NULL]"
23113,"mqt_v_js",54824080449555,782041,"Running","[NULL]","[NULL]"
23113,"mqt_v_js",54824081231596,44561042,"S","[NULL]","[NULL]"
23055,"MainThread",54824085388596,466500,"R","[NULL]","[NULL]"
23055,"MainThread",54824085855096,145000,"Running","[NULL]","[NULL]"
23055,"MainThread",54824086000096,5461542,"S","[NULL]","[NULL]"
23055,"MainThread",54824091461638,86958,"R","[NULL]","[NULL]"
23055,"MainThread",54824091548596,553292,"Running","[NULL]","[NULL]"
23055,"MainThread",54824092101888,3792,"R","[NULL]","[NULL]"
23055,"MainThread",54824092105680,115416,"Running","[NULL]","[NULL]"
23055,"MainThread",54824092221096,17250,"R","[NULL]","[NULL]"
23055,"MainThread",54824092238346,40000,"Running","[NULL]","[NULL]"
23055,"MainThread",54824092278346,3125,"R","[NULL]","[NULL]"
23055,"MainThread",54824092281471,597750,"Running","[NULL]","[NULL]"
23055,"MainThread",54824092879221,20125,"R+","[NULL]","[NULL]"
23055,"MainThread",54824092899346,3355875,"Running","[NULL]","[NULL]"
23104,"RenderThread",54824092920763,76417,"R","[NULL]","[NULL]"
23104,"RenderThread",54824092997180,37833,"Running","[NULL]","[NULL]"
23104,"RenderThread",54824093035013,5096292,"S","[NULL]","[NULL]"
23055,"MainThread",54824096255221,60417,"R","[NULL]","[NULL]"
23055,"MainThread",54824096315638,1896667,"Running","[NULL]","[NULL]"
23104,"RenderThread",54824098131305,91666,"R","[NULL]","[NULL]"
23055,"MainThread",54824098212305,1567291,"R+","[NULL]","[NULL]"
23104,"RenderThread",54824098222971,1556625,"Running","[NULL]","[NULL]"
23055,"MainThread",54824099779596,6167,"Running","[NULL]","[NULL]"
23104,"RenderThread",54824099779596,3917,"S","[NULL]","[NULL]"
23104,"RenderThread",54824099783513,2250,"R","[NULL]","[NULL]"
23055,"MainThread",54824099785763,792,"S","[NULL]","[NULL]"
23104,"RenderThread",54824099785763,1500,"Running","[NULL]","[NULL]"
23055,"MainThread",54824099786555,708,"R","[NULL]","[NULL]"
23055,"MainThread",54824099787263,9042,"Running","[NULL]","[NULL]"
23104,"RenderThread",54824099787263,9042,"R+","[NULL]","[NULL]"
23055,"MainThread",54824099796305,1291,"S","[NULL]","[NULL]"
23104,"RenderThread",54824099796305,2041,"Running","[NULL]","[NULL]"
23055,"MainThread",54824099797596,750,"R","[NULL]","[NULL]"
23055,"MainThread",54824099798346,96209,"Running","[NULL]","[NULL]"
23104,"RenderThread",54824099798346,96209,"R+","[NULL]","[NULL]"
23055,"MainThread",54824099894555,9642625,"S","[NULL]","[NULL]"
23104,"RenderThread",54824099894555,216541,"Running","[NULL]","[NULL]"
23104,"RenderThread",54824100111096,4000,"R","[NULL]","[NULL]"
23104,"RenderThread",54824100115096,102542,"Running","[NULL]","[NULL]"
23104,"RenderThread",54824100217638,3542,"R","[NULL]","[NULL]"
23104,"RenderThread",54824100221180,1507833,"Running","[NULL]","[NULL]"
23104,"RenderThread",54824101729013,4250,"R+","[NULL]","[NULL]"
23104,"RenderThread",54824101733263,1417,"Running","[NULL]","[NULL]"
23104,"RenderThread",54824101734680,76416,"R+","[NULL]","[NULL]"
23104,"RenderThread",54824101811096,2031834,"Running","[NULL]","[NULL]"
23104,"RenderThread",54824103842930,2932708,"R+","[NULL]","[NULL]"
23104,"RenderThread",54824106775638,489792,"Running","[NULL]","[NULL]"
23104,"RenderThread",54824107265430,143541,"R+","[NULL]","[NULL]"
23104,"RenderThread",54824107408971,1803959,"Running","[NULL]","[NULL]"
23104,"RenderThread",54824109212930,321666,"R","[NULL]","[NULL]"
23104,"RenderThread",54824109534596,4209,"Running","[NULL]","[NULL]"
23055,"MainThread",54824109537180,1625,"R","[NULL]","[NULL]"
23055,"MainThread",54824109538805,32750,"Running","[NULL]","[NULL]"
23104,"RenderThread",54824109538805,32750,"R+","[NULL]","[NULL]"
23055,"MainThread",54824109571555,1833,"S","[NULL]","[NULL]"
23104,"RenderThread",54824109571555,2708,"Running","[NULL]","[NULL]"
23055,"MainThread",54824109573388,875,"R","[NULL]","[NULL]"
23055,"MainThread",54824109574263,22458,"Running","[NULL]","[NULL]"
23104,"RenderThread",54824109574263,22458,"R+","[NULL]","[NULL]"
23055,"MainThread",54824109596721,390375,"S","[NULL]","[NULL]"
23104,"RenderThread",54824109596721,53084,"Running","[NULL]","[NULL]"
23104,"RenderThread",54824109649805,78291,"R","[NULL]","[NULL]"
23104,"RenderThread",54824109728096,23959,"Running","[NULL]","[NULL]"
23104,"RenderThread",54824109752055,599215958,"S","[NULL]","[NULL]"
23055,"MainThread",54824109987096,126959,"R","[NULL]","[NULL]"
23055,"MainThread",54824110114055,121791,"Running","[NULL]","[NULL]"
23055,"MainThread",54824110235846,19584,"R+","[NULL]","[NULL]"
23055,"MainThread",54824110255430,34041,"Running","[NULL]","[NULL]"
23055,"MainThread",54824110289471,14744292,"S","[NULL]","[NULL]"
23055,"MainThread",54824125033763,271708,"R","[NULL]","[NULL]"
23055,"MainThread",54824125305471,531834,"Running","[NULL]","[NULL]"
23113,"mqt_v_js",54824125792638,68542,"R","[NULL]","[NULL]"
23055,"MainThread",54824125837305,15330833,"S","[NULL]","[NULL]"
23113,"mqt_v_js",54824125861180,1434000,"Running","[NULL]","[NULL]"
23113,"mqt_v_js",54824127295180,549056500,"S","[NULL]","[NULL]"
23055,"MainThread",54824141168138,82417,"R","[NULL]","[NULL]"
23055,"MainThread",54824141250555,169708,"Running","[NULL]","[NULL]"
23055,"MainThread",54824141420263,19917,"R+","[NULL]","[NULL]"
23055,"MainThread",54824141440180,33083,"Running","[NULL]","[NULL]"
23055,"MainThread",54824141473263,16452958,"S","[NULL]","[NULL]"
23055,"MainThread",54824157926221,23084,"R","[NULL]","[NULL]"
23055,"MainThread",54824157949305,169208,"Running","[NULL]","[NULL]"
23055,"MainThread",54824158118513,124000,"R+","[NULL]","[NULL]"
23055,"MainThread",54824158242513,46875,"Running","[NULL]","[NULL]"
23055,"MainThread",54824158289388,19229125,"S","[NULL]","[NULL]"
23055,"MainThread",54824177518513,153708,"R","[NULL]","[NULL]"
23055,"MainThread",54824177672221,414542,"Running","[NULL]","[NULL]"
23055,"MainThread",54824178086763,22875,"R","[NULL]","[NULL]"
23055,"MainThread",54824178109638,116667,"Running","[NULL]","[NULL]"
23055,"MainThread",54824178226305,14625,"R+","[NULL]","[NULL]"
23055,"MainThread",54824178240930,30833,"Running","[NULL]","[NULL]"
23055,"MainThread",54824178271763,12869083,"S","[NULL]","[NULL]"
23055,"MainThread",54824191140846,1385417,"R","[NULL]","[NULL]"
23055,"MainThread",54824192526263,187792,"Running","[NULL]","[NULL]"
23055,"MainThread",54824192714055,22416,"R+","[NULL]","[NULL]"
23055,"MainThread",54824192736471,38292,"Running","[NULL]","[NULL]"
23055,"MainThread",54824192774763,15444250,"S","[NULL]","[NULL]"
23055,"MainThread",54824208219013,37292,"R","[NULL]","[NULL]"
23055,"MainThread",54824208256305,453291,"Running","[NULL]","[NULL]"
23055,"MainThread",54824208709596,15759084,"S","[NULL]","[NULL]"
23055,"MainThread",54824224468680,89416,"R","[NULL]","[NULL]"
23055,"MainThread",54824224558096,221209,"Running","[NULL]","[NULL]"
23055,"MainThread",54824224779305,16468375,"S","[NULL]","[NULL]"
23055,"MainThread",54824241247680,71458,"R","[NULL]","[NULL]"
23055,"MainThread",54824241319138,201917,"Running","[NULL]","[NULL]"
23055,"MainThread",54824241521055,16321500,"S","[NULL]","[NULL]"
23055,"MainThread",54824257842555,66583,"R","[NULL]","[NULL]"
23055,"MainThread",54824257909138,134250,"Running","[NULL]","[NULL]"
23055,"MainThread",54824258043388,2093583,"R","[NULL]","[NULL]"
23055,"MainThread",54824260136971,198667,"Running","[NULL]","[NULL]"
23055,"MainThread",54824260335638,14113500,"S","[NULL]","[NULL]"
23055,"MainThread",54824274449138,91042,"R","[NULL]","[NULL]"
23055,"MainThread",54824274540180,196833,"Running","[NULL]","[NULL]"
23055,"MainThread",54824274737013,16402500,"S","[NULL]","[NULL]"
23055,"MainThread",54824291139513,64667,"R","[NULL]","[NULL]"
23055,"MainThread",54824291204180,233375,"Running","[NULL]","[NULL]"
23055,"MainThread",54824291437555,16373583,"S","[NULL]","[NULL]"
23055,"MainThread",54824307811138,73583,"R","[NULL]","[NULL]"
23055,"MainThread",54824307884721,273959,"Running","[NULL]","[NULL]"
23055,"MainThread",54824308158680,256375,"R","[NULL]","[NULL]"
23055,"MainThread",54824308415055,73250,"Running","[NULL]","[NULL]"
23055,"MainThread",54824308488305,17625,"R+","[NULL]","[NULL]"
23055,"MainThread",54824308505930,28083,"Running","[NULL]","[NULL]"
23055,"MainThread",54824308534013,16004542,"S","[NULL]","[NULL]"
23055,"MainThread",54824324538555,91166,"R","[NULL]","[NULL]"
23055,"MainThread",54824324629721,339250,"Running","[NULL]","[NULL]"
23055,"MainThread",54824324968971,17959,"R+","[NULL]","[NULL]"
23055,"MainThread",54824324986930,48708,"Running","[NULL]","[NULL]"
23055,"MainThread",54824325035638,16103333,"S","[NULL]","[NULL]"
23055,"MainThread",54824341138971,116375,"R","[NULL]","[NULL]"
23055,"MainThread",54824341255346,170584,"Running","[NULL]","[NULL]"
23055,"MainThread",54824341425930,16330416,"S","[NULL]","[NULL]"
23055,"MainThread",54824357756346,71917,"R","[NULL]","[NULL]"
23055,"MainThread",54824357828263,82667,"Running","[NULL]","[NULL]"
23055,"MainThread",54824357910930,16754166,"S","[NULL]","[NULL]"
23055,"MainThread",54824374665096,1290042,"R","[NULL]","[NULL]"
23055,"MainThread",54824375955138,579875,"Running","[NULL]","[NULL]"
23055,"MainThread",54824376535013,14541042,"S","[NULL]","[NULL]"
23055,"MainThread",54824391076055,70458,"R","[NULL]","[NULL]"
23055,"MainThread",54824391146513,123083,"Running","[NULL]","[NULL]"
23055,"MainThread",54824391269596,16815875,"S","[NULL]","[NULL]"
23055,"MainThread",54824408085471,160500,"R","[NULL]","[NULL]"
23055,"MainThread",54824408245971,161625,"Running","[NULL]","[NULL]"
23055,"MainThread",54824408407596,16181959,"S","[NULL]","[NULL]"
23055,"MainThread",54824424589555,93333,"R","[NULL]","[NULL]"
23055,"MainThread",54824424682888,94542,"Running","[NULL]","[NULL]"
23055,"MainThread",54824424777430,16318750,"S","[NULL]","[NULL]"
23055,"MainThread",54824441096180,73208,"R","[NULL]","[NULL]"
23055,"MainThread",54824441169388,94500,"Running","[NULL]","[NULL]"
23055,"MainThread",54824441263888,8413458,"S","[NULL]","[NULL]"
23055,"MainThread",54824449677346,69542,"R","[NULL]","[NULL]"
23055,"MainThread",54824449746888,28750,"Running","[NULL]","[NULL]"
23055,"MainThread",54824449775638,8123125,"S","[NULL]","[NULL]"
23055,"MainThread",54824457898763,73917,"R","[NULL]","[NULL]"
23055,"MainThread",54824457972680,69791,"Running","[NULL]","[NULL]"
23055,"MainThread",54824458042471,16573959,"S","[NULL]","[NULL]"
23055,"MainThread",54824474616430,77916,"R","[NULL]","[NULL]"
23055,"MainThread",54824474694346,68500,"Running","[NULL]","[NULL]"
23055,"MainThread",54824474762846,16601417,"S","[NULL]","[NULL]"
23055,"MainThread",54824491364263,86083,"R","[NULL]","[NULL]"
23055,"MainThread",54824491450346,67875,"Running","[NULL]","[NULL]"
23055,"MainThread",54824491518221,16827375,"S","[NULL]","[NULL]"
23055,"MainThread",54824508345596,81084,"R","[NULL]","[NULL]"
23055,"MainThread",54824508426680,88208,"Running","[NULL]","[NULL]"
23055,"MainThread",54824508514888,18153750,"S","[NULL]","[NULL]"
23055,"MainThread",54824526668638,93000,"R","[NULL]","[NULL]"
23055,"MainThread",54824526761638,78750,"Running","[NULL]","[NULL]"
23055,"MainThread",54824526840388,12917,"R+","[NULL]","[NULL]"
23055,"MainThread",54824526853305,16041,"Running","[NULL]","[NULL]"
23055,"MainThread",54824526869346,14698250,"S","[NULL]","[NULL]"
23055,"MainThread",54824541567596,125959,"R","[NULL]","[NULL]"
23055,"MainThread",54824541693555,193833,"Running","[NULL]","[NULL]"
23055,"MainThread",54824541887388,14958,"R+","[NULL]","[NULL]"
23055,"MainThread",54824541902346,89959,"Running","[NULL]","[NULL]"
23055,"MainThread",54824541992305,16002208,"S","[NULL]","[NULL]"
23055,"MainThread",54824557994513,590625,"R","[NULL]","[NULL]"
23055,"MainThread",54824558585138,233083,"Running","[NULL]","[NULL]"
23055,"MainThread",54824558818221,25625,"R+","[NULL]","[NULL]"
23055,"MainThread",54824558843846,80709,"Running","[NULL]","[NULL]"
23055,"MainThread",54824558924555,16584958,"S","[NULL]","[NULL]"
23055,"MainThread",54824575509513,59792,"R","[NULL]","[NULL]"
23055,"MainThread",54824575569305,245958,"Running","[NULL]","[NULL]"
23055,"MainThread",54824575815263,27083,"R+","[NULL]","[NULL]"
23055,"MainThread",54824575842346,59125,"Running","[NULL]","[NULL]"
23055,"MainThread",54824575901471,15785750,"S","[NULL]","[NULL]"
23055,"MainThread",54824591687221,129334,"R","[NULL]","[NULL]"
23055,"MainThread",54824591816555,306000,"Running","[NULL]","[NULL]"
23055,"MainThread",54824592122555,15972375,"S","[NULL]","[NULL]"
23055,"MainThread",54824608094930,50500,"R","[NULL]","[NULL]"
23055,"MainThread",54824608145430,242250,"Running","[NULL]","[NULL]"
23055,"MainThread",54824608387680,16380458,"S","[NULL]","[NULL]"
23055,"MainThread",54824624768138,90833,"R","[NULL]","[NULL]"
23055,"MainThread",54824624858971,177375,"Running","[NULL]","[NULL]"
23055,"MainThread",54824625036346,16238084,"S","[NULL]","[NULL]"
23055,"MainThread",54824641274430,80750,"R","[NULL]","[NULL]"
23055,"MainThread",54824641355180,147916,"Running","[NULL]","[NULL]"
23055,"MainThread",54824641503096,16588209,"S","[NULL]","[NULL]"
23055,"MainThread",54824658091305,81958,"R","[NULL]","[NULL]"
23055,"MainThread",54824658173263,116667,"Running","[NULL]","[NULL]"
23055,"MainThread",54824658289930,9340916,"S","[NULL]","[NULL]"
23055,"MainThread",54824667630846,84584,"R","[NULL]","[NULL]"
23055,"MainThread",54824667715430,840500,"Running","[NULL]","[NULL]"
23055,"MainThread",54824668555930,402166,"R","[NULL]","[NULL]"
23055,"MainThread",54824668958096,375459,"Running","[NULL]","[NULL]"
23055,"MainThread",54824669333555,3799791,"S","[NULL]","[NULL]"
23055,"MainThread",54824673133346,27459,"R","[NULL]","[NULL]"
23055,"MainThread",54824673160805,352500,"Running","[NULL]","[NULL]"
23055,"MainThread",54824673513305,38916,"R","[NULL]","[NULL]"
23055,"MainThread",54824673552221,806125,"Running","[NULL]","[NULL]"
23055,"MainThread",54824674358346,98334,"R","[NULL]","[NULL]"
23055,"MainThread",54824674456680,368083,"Running","[NULL]","[NULL]"
23055,"MainThread",54824674824763,26167,"R+","[NULL]","[NULL]"
23055,"MainThread",54824674850930,35416,"Running","[NULL]","[NULL]"
23055,"MainThread",54824674886346,49875,"R","[NULL]","[NULL]"
23055,"MainThread",54824674936221,132417,"Running","[NULL]","[NULL]"
23055,"MainThread",54824675068638,143292,"S","[NULL]","[NULL]"
23055,"MainThread",54824675211930,75875,"R","[NULL]","[NULL]"
23055,"MainThread",54824675287805,990416,"Running","[NULL]","[NULL]"
23055,"MainThread",54824676278221,3959,"R","[NULL]","[NULL]"
23055,"MainThread",54824676282180,138375,"Running","[NULL]","[NULL]"
23113,"mqt_v_js",54824676351680,105250,"R","[NULL]","[NULL]"
23055,"MainThread",54824676420555,3518500,"S","[NULL]","[NULL]"
23113,"mqt_v_js",54824676456930,1705375,"Running","[NULL]","[NULL]"
23113,"mqt_v_js",54824678162305,66333,"R","[NULL]","[NULL]"
23113,"mqt_v_js",54824678228638,4078625,"Running","[NULL]","[NULL]"
23055,"MainThread",54824679939055,127375,"R","[NULL]","[NULL]"
23055,"MainThread",54824680066430,300708,"Running","[NULL]","[NULL]"
23055,"MainThread",54824680367138,11116083,"S","[NULL]","[NULL]"
23113,"mqt_v_js",54824682307263,82417,"R","[NULL]","[NULL]"
23113,"mqt_v_js",54824682389680,1690041,"Running","[NULL]","[NULL]"
23113,"mqt_v_js",54824684079721,6459,"R","[NULL]","[NULL]"
23113,"mqt_v_js",54824684086180,4005291,"Running","[NULL]","[NULL]"
23113,"mqt_v_js",54824688091471,75125,"R","[NULL]","[NULL]"
23113,"mqt_v_js",54824688166596,1430667,"Running","[NULL]","[NULL]"
23113,"mqt_v_js",54824689597263,51917,"R","[NULL]","[NULL]"
23113,"mqt_v_js",54824689649180,1669750,"Running","[NULL]","[NULL]"
23113,"mqt_v_js",54824691318930,82416,"R","[NULL]","[NULL]"
23113,"mqt_v_js",54824691401346,8668125,"Running","[NULL]","[NULL]"
23055,"MainThread",54824691483221,21459,"R","[NULL]","[NULL]"
23055,"MainThread",54824691504680,106041,"Running","[NULL]","[NULL]"
23055,"MainThread",54824691610721,16959,"R+","[NULL]","[NULL]"
23055,"MainThread",54824691627680,36750,"Running","[NULL]","[NULL]"
23055,"MainThread",54824691664430,9512083,"S","[NULL]","[NULL]"
23113,"mqt_v_js",54824700069471,4250,"R","[NULL]","[NULL]"
23113,"mqt_v_js",54824700073721,2418167,"Running","[NULL]","[NULL]"
23055,"MainThread",54824701176513,76375,"R","[NULL]","[NULL]"
23055,"MainThread",54824701252888,148292,"Running","[NULL]","[NULL]"
23055,"MainThread",54824701401180,1022500,"S","[NULL]","[NULL]"
23055,"MainThread",54824702423680,137166,"R","[NULL]","[NULL]"
23113,"mqt_v_js",54824702491888,12581500,"S","[NULL]","[NULL]"
23055,"MainThread",54824702560846,1155209,"Running","[NULL]","[NULL]"
23055,"MainThread",54824703716055,4747541,"S","[NULL]","[NULL]"
23055,"MainThread",54824708463596,159542,"R","[NULL]","[NULL]"
23055,"MainThread",54824708623138,318333,"Running","[NULL]","[NULL]"
23055,"MainThread",54824708941471,18042,"R+","[NULL]","[NULL]"
23055,"MainThread",54824708959513,3140875,"Running","[NULL]","[NULL]"
23104,"RenderThread",54824708968013,74542,"R","[NULL]","[NULL]"
23104,"RenderThread",54824709042555,63500,"Running","[NULL]","[NULL]"
23104,"RenderThread",54824709106055,7039083,"S","[NULL]","[NULL]"
23055,"MainThread",54824712100388,5708,"R","[NULL]","[NULL]"
23055,"MainThread",54824712106096,2348000,"Running","[NULL]","[NULL]"
23055,"MainThread",54824714454096,114500,"R","[NULL]","[NULL]"
23055,"MainThread",54824714568596,1694459,"Running","[NULL]","[NULL]"
23113,"mqt_v_js",54824715073388,88125,"R","[NULL]","[NULL]"
23113,"mqt_v_js",54824715161513,159375,"Running","[NULL]","[NULL]"
23113,"mqt_v_js",54824715320888,20042042,"S","[NULL]","[NULL]"
23104,"RenderThread",54824716145138,121250,"R","[NULL]","[NULL]"
23055,"MainThread",54824716263055,622458,"R+","[NULL]","[NULL]"
23104,"RenderThread",54824716266388,619125,"Running","[NULL]","[NULL]"
23055,"MainThread",54824716885513,25083,"Running","[NULL]","[NULL]"
23104,"RenderThread",54824716885513,2667,"S","[NULL]","[NULL]"
23104,"RenderThread",54824716888180,82875,"R","[NULL]","[NULL]"
23055,"MainThread",54824716910596,63417,"S","[NULL]","[NULL]"
23104,"RenderThread",54824716971055,1103666,"Running","[NULL]","[NULL]"
23055,"MainThread",54824716974013,90333,"R","[NULL]","[NULL]"
23055,"MainThread",54824717064346,926250,"Running","[NULL]","[NULL]"
23055,"MainThread",54824717990596,8441084,"S","[NULL]","[NULL]"
23104,"RenderThread",54824718074721,204000,"S","[NULL]","[NULL]"
23104,"RenderThread",54824718278721,1186959,"Running","[NULL]","[NULL]"
23104,"RenderThread",54824719465680,16177417,"S","[NULL]","[NULL]"
23055,"MainThread",54824726431680,90125,"R","[NULL]","[NULL]"
23055,"MainThread",54824726521805,126333,"Running","[NULL]","[NULL]"
23055,"MainThread",54824726648138,41584,"R+","[NULL]","[NULL]"
23055,"MainThread",54824726689722,31458,"Running","[NULL]","[NULL]"
23055,"MainThread",54824726721180,51250,"R","[NULL]","[NULL]"
23055,"MainThread",54824726772430,1324625,"Running","[NULL]","[NULL]"
23055,"MainThread",54824728097055,3625,"R","[NULL]","[NULL]"
23055,"MainThread",54824728100680,605958,"Running","[NULL]","[NULL]"
23055,"MainThread",54824728706638,84750,"R","[NULL]","[NULL]"
23055,"MainThread",54824728791388,6077167,"Running","[NULL]","[NULL]"
23055,"MainThread",54824734868555,3667,"R","[NULL]","[NULL]"
23055,"MainThread",54824734872222,774458,"Running","[NULL]","[NULL]"
23113,"mqt_v_js",54824735362930,623417,"R","[NULL]","[NULL]"
23104,"RenderThread",54824735643097,3583,"R","[NULL]","[NULL]"
23055,"MainThread",54824735646680,4777417,"R+","[NULL]","[NULL]"
23104,"RenderThread",54824735646680,339667,"Running","[NULL]","[NULL]"
23104,"RenderThread",54824735986347,4445958,"S","[NULL]","[NULL]"
23113,"mqt_v_js",54824735986347,4192666,"Running","[NULL]","[NULL]"
23113,"mqt_v_js",54824740179013,2513625,"R","[NULL]","[NULL]"
23055,"MainThread",54824740424097,10333,"Running","[NULL]","[NULL]"
23104,"RenderThread",54824740432305,2125,"R","[NULL]","[NULL]"
23055,"MainThread",54824740434430,1458,"S","[NULL]","[NULL]"
23104,"RenderThread",54824740434430,2417,"Running","[NULL]","[NULL]"
23055,"MainThread",54824740435888,959,"R","[NULL]","[NULL]"
23055,"MainThread",54824740436847,1458,"Running","[NULL]","[NULL]"
23104,"RenderThread",54824740436847,1458,"R+","[NULL]","[NULL]"
23055,"MainThread",54824740438305,708,"S","[NULL]","[NULL]"
23104,"RenderThread",54824740438305,1292,"Running","[NULL]","[NULL]"
23055,"MainThread",54824740439013,584,"R","[NULL]","[NULL]"
23055,"MainThread",54824740439597,65250,"Running","[NULL]","[NULL]"
23104,"RenderThread",54824740439597,65250,"R+","[NULL]","[NULL]"
23055,"MainThread",54824740504847,762041,"S","[NULL]","[NULL]"
23104,"RenderThread",54824740504847,532375,"Running","[NULL]","[NULL]"
23104,"RenderThread",54824741037222,48708,"R","[NULL]","[NULL]"
23104,"RenderThread",54824741085930,213667,"Running","[NULL]","[NULL]"
23055,"MainThread",54824741266888,32709,"R","[NULL]","[NULL]"
23055,"MainThread",54824741299597,125541,"Running","[NULL]","[NULL]"
23104,"RenderThread",54824741299597,158416,"R","[NULL]","[NULL]"
23055,"MainThread",54824741425138,13375,"R+","[NULL]","[NULL]"
23055,"MainThread",54824741438513,19500,"Running","[NULL]","[NULL]"
23055,"MainThread",54824741458013,1188834,"S","[NULL]","[NULL]"
23104,"RenderThread",54824741458013,969792,"Running","[NULL]","[NULL]"
23104,"RenderThread",54824742427805,84958,"R+","[NULL]","[NULL]"
23104,"RenderThread",54824742512763,178042,"Running","[NULL]","[NULL]"
23055,"MainThread",54824742646847,68375,"R","[NULL]","[NULL]"
23104,"RenderThread",54824742690805,31977542,"S","[NULL]","[NULL]"
23113,"mqt_v_js",54824742692638,1933875,"Running","[NULL]","[NULL]"
23055,"MainThread",54824742715222,15000,"Running","[NULL]","[NULL]"
23055,"MainThread",54824742730222,15402750,"S","[NULL]","[NULL]"
23113,"mqt_v_js",54824744626513,44875,"R","[NULL]","[NULL]"
23113,"mqt_v_js",54824744671388,5962500,"Running","[NULL]","[NULL]"
23113,"mqt_v_js",54824750633888,78209,"R","[NULL]","[NULL]"
23113,"mqt_v_js",54824750712097,5465166,"Running","[NULL]","[NULL]"
23113,"mqt_v_js",54824756177263,53792,"R","[NULL]","[NULL]"
23113,"mqt_v_js",54824756231055,756792,"Running","[NULL]","[NULL]"
23113,"mqt_v_js",54824756987847,202833,"R","[NULL]","[NULL]"
23113,"mqt_v_js",54824757190680,575000,"Running","[NULL]","[NULL]"
23113,"mqt_v_js",54824757765680,79250,"R","[NULL]","[NULL]"
23113,"mqt_v_js",54824757844930,262667,"Running","[NULL]","[NULL]"
23113,"mqt_v_js",54824758107597,70833,"R","[NULL]","[NULL]"
23055,"MainThread",54824758132972,1105791,"R","[NULL]","[NULL]"
23113,"mqt_v_js",54824758178430,131167,"Running","[NULL]","[NULL]"
23113,"mqt_v_js",54824758309597,9041,"R","[NULL]","[NULL]"
23113,"mqt_v_js",54824758318638,861042,"Running","[NULL]","[NULL]"
23113,"mqt_v_js",54824759179680,32917,"R","[NULL]","[NULL]"
23113,"mqt_v_js",54824759212597,193291,"Running","[NULL]","[NULL]"
23055,"MainThread",54824759238763,126875,"Running","[NULL]","[NULL]"
23055,"MainThread",54824759365638,36167,"R+","[NULL]","[NULL]"
23055,"MainThread",54824759401805,118917,"Running","[NULL]","[NULL]"
23113,"mqt_v_js",54824759405888,91834,"R","[NULL]","[NULL]"
23113,"mqt_v_js",54824759497722,121083,"Running","[NULL]","[NULL]"
23055,"MainThread",54824759520722,5833,"R","[NULL]","[NULL]"
23055,"MainThread",54824759526555,1031208,"Running","[NULL]","[NULL]"
23113,"mqt_v_js",54824759618805,16782542,"S","[NULL]","[NULL]"
23055,"MainThread",54824760557763,13835959,"S","[NULL]","[NULL]"
23055,"MainThread",54824774393722,78333,"R","[NULL]","[NULL]"
23055,"MainThread",54824774472055,177958,"Running","[NULL]","[NULL]"
23055,"MainThread",54824774650013,10542,"R+","[NULL]","[NULL]"
23055,"MainThread",54824774660555,1399000,"Running","[NULL]","[NULL]"
23104,"RenderThread",54824774668347,72708,"R","[NULL]","[NULL]"
23104,"RenderThread",54824774741055,17042,"Running","[NULL]","[NULL]"
23104,"RenderThread",54824774758097,2066041,"S","[NULL]","[NULL]"
23055,"MainThread",54824776059555,2042,"R","[NULL]","[NULL]"
23055,"MainThread",54824776061597,768000,"Running","[NULL]","[NULL]"
23113,"mqt_v_js",54824776401347,428250,"R","[NULL]","[NULL]"
23104,"RenderThread",54824776824138,77917,"R","[NULL]","[NULL]"
23055,"MainThread",54824776829597,404875,"S","[NULL]","[NULL]"
23113,"mqt_v_js",54824776829597,72458,"Running","[NULL]","[NULL]"
23104,"RenderThread",54824776902055,926333,"Running","[NULL]","[NULL]"
23113,"mqt_v_js",54824776902055,404351625,"S","[NULL]","[NULL]"
23055,"MainThread",54824777234472,745541,"R","[NULL]","[NULL]"
23104,"RenderThread",54824777828388,204750,"R+","[NULL]","[NULL]"
23055,"MainThread",54824777980013,53125,"Running","[NULL]","[NULL]"
23055,"MainThread",54824778033138,1686292,"S","[NULL]","[NULL]"
23104,"RenderThread",54824778033138,302959,"Running","[NULL]","[NULL]"
23104,"RenderThread",54824778336097,42833,"R+","[NULL]","[NULL]"
23104,"RenderThread",54824778378930,1121333,"Running","[NULL]","[NULL]"
23104,"RenderThread",54824779500263,92792,"R+","[NULL]","[NULL]"
23104,"RenderThread",54824779593055,129583,"Running","[NULL]","[NULL]"
23055,"MainThread",54824779719430,3208,"R","[NULL]","[NULL]"
23055,"MainThread",54824779722638,29167,"Running","[NULL]","[NULL]"
23104,"RenderThread",54824779722638,29167,"R+","[NULL]","[NULL]"
23055,"MainThread",54824779751805,1667,"S","[NULL]","[NULL]"
23104,"RenderThread",54824779751805,2542,"Running","[NULL]","[NULL]"
23055,"MainThread",54824779753472,875,"R","[NULL]","[NULL]"
23055,"MainThread",54824779754347,11375,"Running","[NULL]","[NULL]"
23104,"RenderThread",54824779754347,11375,"R+","[NULL]","[NULL]"
23055,"MainThread",54824779765722,11487416,"S","[NULL]","[NULL]"
23104,"RenderThread",54824779765722,18291,"Running","[NULL]","[NULL]"
23104,"RenderThread",54824779784013,14082750,"S","[NULL]","[NULL]"
23055,"MainThread",54824791253138,19875,"R","[NULL]","[NULL]"
23055,"MainThread",54824791273013,69167,"Running","[NULL]","[NULL]"
23055,"MainThread",54824791342180,106917,"R","[NULL]","[NULL]"
23055,"MainThread",54824791449097,83750,"Running","[NULL]","[NULL]"
23055,"MainThread",54824791532847,10166,"R+","[NULL]","[NULL]"
23055,"MainThread",54824791543013,712792,"Running","[NULL]","[NULL]"
23055,"MainThread",54824792255805,4625,"R","[NULL]","[NULL]"
23055,"MainThread",54824792260430,97958,"Running","[NULL]","[NULL]"
23055,"MainThread",54824792358388,50584,"R","[NULL]","[NULL]"
23055,"MainThread",54824792408972,2682416,"Running","[NULL]","[NULL]"
23104,"RenderThread",54824793866763,131459,"R","[NULL]","[NULL]"
23104,"RenderThread",54824793998222,16666,"Running","[NULL]","[NULL]"
23104,"RenderThread",54824794014888,1042500,"S","[NULL]","[NULL]"
23104,"RenderThread",54824795057388,853125,"R","[NULL]","[NULL]"
23055,"MainThread",54824795091388,1297417,"S","[NULL]","[NULL]"
23104,"RenderThread",54824795910513,211667,"Running","[NULL]","[NULL]"
23104,"RenderThread",54824796122180,5708,"R","[NULL]","[NULL]"
23104,"RenderThread",54824796127888,7943167,"Running","[NULL]","[NULL]"
23055,"MainThread",54824796388805,1293625,"R","[NULL]","[NULL]"
23055,"MainThread",54824797682430,50542,"Running","[NULL]","[NULL]"
23055,"MainThread",54824797732972,10351958,"S","[NULL]","[NULL]"
23104,"RenderThread",54824804071055,94708,"R+","[NULL]","[NULL]"
23104,"RenderThread",54824804165763,3819209,"Running","[NULL]","[NULL]"
23104,"RenderThread",54824807984972,120750,"R+","[NULL]","[NULL]"
23055,"MainThread",54824808084930,120292,"R","[NULL]","[NULL]"
23104,"RenderThread",54824808105722,171041,"Running","[NULL]","[NULL]"
23055,"MainThread",54824808205222,96041,"Running","[NULL]","[NULL]"
23104,"RenderThread",54824808276763,2709,"R+","[NULL]","[NULL]"
23104,"RenderThread",54824808279472,156916,"Running","[NULL]","[NULL]"
23055,"MainThread",54824808301263,254209,"R","[NULL]","[NULL]"
23104,"RenderThread",54824808436388,123167,"S","[NULL]","[NULL]"
23055,"MainThread",54824808555472,930916,"Running","[NULL]","[NULL]"
23104,"RenderThread",54824808559555,334792,"R","[NULL]","[NULL]"
23104,"RenderThread",54824808894347,29541,"Running","[NULL]","[NULL]"
23104,"RenderThread",54824808923888,432375,"S","[NULL]","[NULL]"
23104,"RenderThread",54824809356263,75584,"R","[NULL]","[NULL]"
23104,"RenderThread",54824809431847,8791,"Running","[NULL]","[NULL]"
23104,"RenderThread",54824809440638,421042,"S","[NULL]","[NULL]"
23055,"MainThread",54824809486388,45250,"R","[NULL]","[NULL]"
23055,"MainThread",54824809531638,335959,"Running","[NULL]","[NULL]"
23104,"RenderThread",54824809861680,126583,"R","[NULL]","[NULL]"
23055,"MainThread",54824809867597,427541,"S","[NULL]","[NULL]"
23104,"RenderThread",54824809988263,2119417,"Running","[NULL]","[NULL]"
23055,"MainThread",54824810295138,70875,"R","[NULL]","[NULL]"
23055,"MainThread",54824810366013,46084,"Running","[NULL]","[NULL]"
23055,"MainThread",54824810412097,24608708,"S","[NULL]","[NULL]"
23104,"RenderThread",54824812107680,7417,"R+","[NULL]","[NULL]"
23104,"RenderThread",54824812115097,7352833,"Running","[NULL]","[NULL]"
23104,"RenderThread",54824819467930,40667,"R+","[NULL]","[NULL]"
23104,"RenderThread",54824819508597,542250,"Running","[NULL]","[NULL]"
23104,"RenderThread",54824820050847,2458,"R+","[NULL]","[NULL]"
23104,"RenderThread",54824820053305,2432583,"Running","[NULL]","[NULL]"
23104,"RenderThread",54824822485888,102084,"R","[NULL]","[NULL]"
23104,"RenderThread",54824822587972,3130000,"Running","[NULL]","[NULL]"
23104,"RenderThread",54824825717972,371916,"R+","[NULL]","[NULL]"
23104,"RenderThread",54824826089888,8102459,"Running","[NULL]","[NULL]"
23104,"RenderThread",54824834192347,3416,"R+","[NULL]","[NULL]"
23104,"RenderThread",54824834195763,759459,"Running","[NULL]","[NULL]"
23104,"RenderThread",54824834955222,85291,"R","[NULL]","[NULL]"
23055,"MainThread",54824835020805,255583,"R","[NULL]","[NULL]"
23104,"RenderThread",54824835040513,5982625,"Running","[NULL]","[NULL]"
23055,"MainThread",54824835276388,197375,"Running","[NULL]","[NULL]"
23055,"MainThread",54824835473763,27584,"R+","[NULL]","[NULL]"
23055,"MainThread",54824835501347,628000,"Running","[NULL]","[NULL]"
23055,"MainThread",54824836129347,6416,"R","[NULL]","[NULL]"
23055,"MainThread",54824836135763,1007042,"Running","[NULL]","[NULL]"
23055,"MainThread",54824837142805,27756500,"S","[NULL]","[NULL]"
23104,"RenderThread",54824841023138,38709,"R+","[NULL]","[NULL]"
23104,"RenderThread",54824841061847,11066041,"Running","[NULL]","[NULL]"
23104,"RenderThread",54824852127888,744917,"R+","[NULL]","[NULL]"
23104,"RenderThread",54824852872805,3221750,"Running","[NULL]","[NULL]"
23104,"RenderThread",54824856094555,5125,"R+","[NULL]","[NULL]"
23104,"RenderThread",54824856099680,4447417,"Running","[NULL]","[NULL]"
23104,"RenderThread",54824860547097,11541,"R+","[NULL]","[NULL]"
23104,"RenderThread",54824860558638,2749709,"Running","[NULL]","[NULL]"
23104,"RenderThread",54824863308347,3916,"R+","[NULL]","[NULL]"
23104,"RenderThread",54824863312263,831500,"Running","[NULL]","[NULL]"
23104,"RenderThread",54824864143763,4459,"R+","[NULL]","[NULL]"
23104,"RenderThread",54824864148222,3190333,"Running","[NULL]","[NULL]"
23055,"MainThread",54824864899305,1927875,"R","[NULL]","[NULL]"
23055,"MainThread",54824866827180,244875,"Running","[NULL]","[NULL]"
23055,"MainThread",54824867072055,45375,"R+","[NULL]","[NULL]"
23055,"MainThread",54824867117430,1473000,"Running","[NULL]","[NULL]"
23104,"RenderThread",54824867338555,65292,"R+","[NULL]","[NULL]"
23104,"RenderThread",54824867403847,670750,"Running","[NULL]","[NULL]"
23104,"RenderThread",54824868074597,1441666,"R+","[NULL]","[NULL]"
23055,"MainThread",54824868590430,18395708,"S","[NULL]","[NULL]"
23104,"RenderThread",54824869516263,5021000,"Running","[NULL]","[NULL]"
23104,"RenderThread",54824874537263,1058167,"R+","[NULL]","[NULL]"
23104,"RenderThread",54824875595430,464833,"Running","[NULL]","[NULL]"
23104,"RenderThread",54824876060263,4709,"R+","[NULL]","[NULL]"
23104,"RenderThread",54824876064972,8028166,"Running","[NULL]","[NULL]"
23104,"RenderThread",54824884093138,4250,"R+","[NULL]","[NULL]"
23104,"RenderThread",54824884097388,1059750,"Running","[NULL]","[NULL]"
23104,"RenderThread",54824885157138,73209,"R+","[NULL]","[NULL]"
23104,"RenderThread",54824885230347,178375,"Running","[NULL]","[NULL]"
23104,"RenderThread",54824885408722,2333,"R+","[NULL]","[NULL]"
23104,"RenderThread",54824885411055,90250,"Running","[NULL]","[NULL]"
23104,"RenderThread",54824885501305,2500,"R+","[NULL]","[NULL]"
23104,"RenderThread",54824885503805,949208,"Running","[NULL]","[NULL]"
23104,"RenderThread",54824886453013,1709,"R+","[NULL]","[NULL]"
23104,"RenderThread",54824886454722,1605750,"Running","[NULL]","[NULL]"
23055,"MainThread",54824886986138,863000,"R","[NULL]","[NULL]"
23055,"MainThread",54824887849138,142667,"Running","[NULL]","[NULL]"
23055,"MainThread",54824887991805,2634333,"R+","[NULL]","[NULL]"
23104,"RenderThread",54824888060472,2541,"R","[NULL]","[NULL]"
23104,"RenderThread",54824888063013,2590750,"Running","[NULL]","[NULL]"
23055,"MainThread",54824890626138,162792,"Running","[NULL]","[NULL]"
23104,"RenderThread",54824890653763,87125,"R+","[NULL]","[NULL]"
23104,"RenderThread",54824890740888,307250,"Running","[NULL]","[NULL]"
23055,"MainThread",54824890788930,41042,"R","[NULL]","[NULL]"
23055,"MainThread",54824890829972,78541,"Running","[NULL]","[NULL]"
23055,"MainThread",54824890908513,81750,"R","[NULL]","[NULL]"
23055,"MainThread",54824890990263,197292,"Running","[NULL]","[NULL]"
23104,"RenderThread",54824891048138,391042,"R+","[NULL]","[NULL]"
23055,"MainThread",54824891187555,137542,"R","[NULL]","[NULL]"
23055,"MainThread",54824891325097,920916,"Running","[NULL]","[NULL]"
23104,"RenderThread",54824891439180,931792,"Running","[NULL]","[NULL]"
23055,"MainThread",54824892246013,16561125,"S","[NULL]","[NULL]"
23104,"RenderThread",54824892370972,3625,"R+","[NULL]","[NULL]"
23104,"RenderThread",54824892374597,2788500,"Running","[NULL]","[NULL]"
23104,"RenderThread",54824895163097,695833,"R+","[NULL]","[NULL]"
23104,"RenderThread",54824895858930,216917,"Running","[NULL]","[NULL]"
23104,"RenderThread",54824896075847,2333,"R+","[NULL]","[NULL]"
23104,"RenderThread",54824896078180,7978750,"Running","[NULL]","[NULL]"
23104,"RenderThread",54824904056930,3625,"R+","[NULL]","[NULL]"
23104,"RenderThread",54824904060555,2224083,"Running","[NULL]","[NULL]"
23104,"RenderThread",54824906284638,3875,"R+","[NULL]","[NULL]"
23104,"RenderThread",54824906288513,2072542,"Running","[NULL]","[NULL]"
23104,"RenderThread",54824908361055,218708,"R","[NULL]","[NULL]"
23104,"RenderThread",54824908579763,745750,"Running","[NULL]","[NULL]"
23055,"MainThread",54824908807138,141167,"R","[NULL]","[NULL]"
23055,"MainThread",54824908948305,456667,"Running","[NULL]","[NULL]"
23104,"RenderThread",54824909325513,36875,"R","[NULL]","[NULL]"
23104,"RenderThread",54824909362388,213250,"Running","[NULL]","[NULL]"
23055,"MainThread",54824909404972,43958,"R","[NULL]","[NULL]"
23055,"MainThread",54824909448930,1106000,"Running","[NULL]","[NULL]"
23104,"RenderThread",54824909575638,117334,"R","[NULL]","[NULL]"
23104,"RenderThread",54824909692972,6371541,"Running","[NULL]","[NULL]"
23055,"MainThread",54824910554930,16377458,"S","[NULL]","[NULL]"
23104,"RenderThread",54824916064513,4750,"R+","[NULL]","[NULL]"
23104,"RenderThread",54824916069263,1202834,"Running","[NULL]","[NULL]"
23104,"RenderThread",54824917272097,25375,"R+","[NULL]","[NULL]"
23104,"RenderThread",54824917297472,1156000,"Running","[NULL]","[NULL]"
23104,"RenderThread",54824918453472,7754875,"S","[NULL]","[NULL]"
23104,"RenderThread",54824926208347,110166,"R","[NULL]","[NULL]"
23104,"RenderThread",54824926318513,3825209,"Running","[NULL]","[NULL]"
23055,"MainThread",54824926932388,2785542,"R","[NULL]","[NULL]"
23055,"MainThread",54824929717930,1727667,"Running","[NULL]","[NULL]"
23104,"RenderThread",54824930143722,41541,"R+","[NULL]","[NULL]"
23104,"RenderThread",54824930185263,1933167,"Running","[NULL]","[NULL]"
23055,"MainThread",54824931445597,1403541,"R","[NULL]","[NULL]"
23104,"RenderThread",54824932118430,5833,"R+","[NULL]","[NULL]"
23104,"RenderThread",54824932124263,4024125,"Running","[NULL]","[NULL]"
23055,"MainThread",54824932849138,1100167,"Running","[NULL]","[NULL]"
23055,"MainThread",54824933949305,10131583,"S","[NULL]","[NULL]"
23104,"RenderThread",54824936148388,30209,"R","[NULL]","[NULL]"
23104,"RenderThread",54824936178597,161041,"Running","[NULL]","[NULL]"
23104,"RenderThread",54824936339638,7292,"R","[NULL]","[NULL]"
23104,"RenderThread",54824936346930,359625,"Running","[NULL]","[NULL]"
23104,"RenderThread",54824936706555,120625,"R+","[NULL]","[NULL]"
23104,"RenderThread",54824936827180,78542,"Running","[NULL]","[NULL]"
23104,"RenderThread",54824936905722,6529666,"S","[NULL]","[NULL]"
23104,"RenderThread",54824943435388,75250,"R","[NULL]","[NULL]"
23104,"RenderThread",54824943510638,7165875,"Running","[NULL]","[NULL]"
23055,"MainThread",54824944080888,4956167,"R","[NULL]","[NULL]"
23055,"MainThread",54824949037055,433333,"Running","[NULL]","[NULL]"
23055,"MainThread",54824949470388,48167,"R+","[NULL]","[NULL]"
23055,"MainThread",54824949518555,1967708,"Running","[NULL]","[NULL]"
23104,"RenderThread",54824950676513,157209,"R+","[NULL]","[NULL]"
23104,"RenderThread",54824950833722,853708,"Running","[NULL]","[NULL]"
23055,"MainThread",54824951486263,154834,"R","[NULL]","[NULL]"
23055,"MainThread",54824951641097,619958,"Running","[NULL]","[NULL]"
23104,"RenderThread",54824951687430,23792,"R+","[NULL]","[NULL]"
23104,"RenderThread",54824951711222,457583,"Running","[NULL]","[NULL]"
23104,"RenderThread",54824952168805,5042,"R+","[NULL]","[NULL]"
23104,"RenderThread",54824952173847,1484083,"Running","[NULL]","[NULL]"
23055,"MainThread",54824952261055,8409583,"S","[NULL]","[NULL]"
23104,"RenderThread",54824953657930,5708,"R+","[NULL]","[NULL]"
23104,"RenderThread",54824953663638,554042,"Running","[NULL]","[NULL]"
23104,"RenderThread",54824954217680,5714958,"S","[NULL]","[NULL]"
23104,"RenderThread",54824959932638,130875,"R","[NULL]","[NULL]"
23104,"RenderThread",54824960063513,2741334,"Running","[NULL]","[NULL]"
23055,"MainThread",54824960670638,5968417,"R","[NULL]","[NULL]"
23104,"RenderThread",54824962804847,24166,"R+","[NULL]","[NULL]"
23104,"RenderThread",54824962829013,4816625,"Running","[NULL]","[NULL]"
23055,"MainThread",54824966639055,259167,"Running","[NULL]","[NULL]"
23055,"MainThread",54824966898222,23083,"R+","[NULL]","[NULL]"
23055,"MainThread",54824966921305,1015458,"Running","[NULL]","[NULL]"
23104,"RenderThread",54824967645638,47875,"R+","[NULL]","[NULL]"
23104,"RenderThread",54824967693513,3224667,"Running","[NULL]","[NULL]"
23055,"MainThread",54824967936763,11745167,"S","[NULL]","[NULL]"
23104,"RenderThread",54824970918180,25292,"R+","[NULL]","[NULL]"
23104,"RenderThread",54824970943472,270500,"Running","[NULL]","[NULL]"
23104,"RenderThread",54824971213972,84541,"R","[NULL]","[NULL]"
23104,"RenderThread",54824971298513,219084,"Running","[NULL]","[NULL]"
23104,"RenderThread",54824971517597,61166,"R","[NULL]","[NULL]"
23104,"RenderThread",54824971578763,208542,"Running","[NULL]","[NULL]"
23104,"RenderThread",54824971787305,7222542,"S","[NULL]","[NULL]"
23104,"RenderThread",54824979009847,88291,"R","[NULL]","[NULL]"
23104,"RenderThread",54824979098138,963292,"Running","[NULL]","[NULL]"
23055,"MainThread",54824979681930,6160792,"R","[NULL]","[NULL]"
23104,"RenderThread",54824980061430,4083,"R+","[NULL]","[NULL]"
23104,"RenderThread",54824980065513,5979459,"Running","[NULL]","[NULL]"
23055,"MainThread",54824985842722,302666,"Running","[NULL]","[NULL]"
23104,"RenderThread",54824986044972,57166,"R+","[NULL]","[NULL]"
23104,"RenderThread",54824986102138,3791084,"Running","[NULL]","[NULL]"
23055,"MainThread",54824986145388,22792,"R+","[NULL]","[NULL]"
23055,"MainThread",54824986168180,994292,"Running","[NULL]","[NULL]"
23055,"MainThread",54824987162472,14627541,"S","[NULL]","[NULL]"
23104,"RenderThread",54824989893222,8500,"R+","[NULL]","[NULL]"
23104,"RenderThread",54824989901722,9625,"Running","[NULL]","[NULL]"
23104,"RenderThread",54824989911347,6858541,"S","[NULL]","[NULL]"
23104,"RenderThread",54824996769888,80125,"R","[NULL]","[NULL]"
23104,"RenderThread",54824996850013,3988459,"Running","[NULL]","[NULL]"
23104,"RenderThread",54825000838472,12875,"R+","[NULL]","[NULL]"
23104,"RenderThread",54825000851347,6529083,"Running","[NULL]","[NULL]"
23055,"MainThread",54825001790013,2883209,"R","[NULL]","[NULL]"
23055,"MainThread",54825004673222,178916,"Running","[NULL]","[NULL]"
23055,"MainThread",54825004852138,21292,"R+","[NULL]","[NULL]"
23055,"MainThread",54825004873430,1188792,"Running","[NULL]","[NULL]"
23055,"MainThread",54825006062222,14797166,"S","[NULL]","[NULL]"
23104,"RenderThread",54825007380430,8750,"R+","[NULL]","[NULL]"
23104,"RenderThread",54825007389180,18875,"Running","[NULL]","[NULL]"
23104,"RenderThread",54825007408055,6755833,"S","[NULL]","[NULL]"
23104,"RenderThread",54825014163888,142875,"R","[NULL]","[NULL]"
23104,"RenderThread",54825014306763,3182334,"Running","[NULL]","[NULL]"
23104,"RenderThread",54825017489097,89375,"R+","[NULL]","[NULL]"
23104,"RenderThread",54825017578472,2697875,"Running","[NULL]","[NULL]"
23104,"RenderThread",54825020276347,11250,"R","[NULL]","[NULL]"
23104,"RenderThread",54825020287597,2192250,"Running","[NULL]","[NULL]"
23055,"MainThread",54825020859388,444000,"R","[NULL]","[NULL]"
23055,"MainThread",54825021303388,673917,"Running","[NULL]","[NULL]"
23055,"MainThread",54825021977305,60583,"R+","[NULL]","[NULL]"
23055,"MainThread",54825022037888,375042,"Running","[NULL]","[NULL]"
23055,"MainThread",54825022412930,65208,"R","[NULL]","[NULL]"
23055,"MainThread",54825022478138,178292,"Running","[NULL]","[NULL]"
23104,"RenderThread",54825022479847,129583,"R","[NULL]","[NULL]"
23104,"RenderThread",54825022609430,1774375,"Running","[NULL]","[NULL]"
23055,"MainThread",54825022656430,82542,"R","[NULL]","[NULL]"
23055,"MainThread",54825022738972,1621208,"Running","[NULL]","[NULL]"
23055,"MainThread",54825024360180,503750,"R","[NULL]","[NULL]"
23104,"RenderThread",54825024383805,513708,"R+","[NULL]","[NULL]"
23055,"MainThread",54825024863930,100167,"Running","[NULL]","[NULL]"
23104,"RenderThread",54825024897513,543167,"Running","[NULL]","[NULL]"
23055,"MainThread",54825024964097,21658083,"S","[NULL]","[NULL]"
23104,"RenderThread",54825025440680,1250,"S","[NULL]","[NULL]"
23104,"RenderThread",54825025441930,2167,"R","[NULL]","[NULL]"
23104,"RenderThread",54825025444097,239958,"Running","[NULL]","[NULL]"
23104,"RenderThread",54825025684055,17619292,"S","[NULL]","[NULL]"
23104,"RenderThread",54825043303347,1204583,"R","[NULL]","[NULL]"
23104,"RenderThread",54825044507930,625667,"Running","[NULL]","[NULL]"
23104,"RenderThread",54825045133597,6750,"R","[NULL]","[NULL]"
23104,"RenderThread",54825045140347,5389625,"Running","[NULL]","[NULL]"
23055,"MainThread",54825046622180,270958,"R","[NULL]","[NULL]"
23055,"MainThread",54825046893138,909834,"Running","[NULL]","[NULL]"
23055,"MainThread",54825047802972,3421791,"R+","[NULL]","[NULL]"
23104,"RenderThread",54825050529972,247291,"R","[NULL]","[NULL]"
23104,"RenderThread",54825050777263,584959,"Running","[NULL]","[NULL]"
23055,"MainThread",54825051224763,2088917,"Running","[NULL]","[NULL]"
23104,"RenderThread",54825051362222,38375,"R+","[NULL]","[NULL]"
23104,"RenderThread",54825051400597,780083,"Running","[NULL]","[NULL]"
23104,"RenderThread",54825052180680,4208,"R+","[NULL]","[NULL]"
23104,"RenderThread",54825052184888,1208792,"Running","[NULL]","[NULL]"
23055,"MainThread",54825053313680,9505375,"S","[NULL]","[NULL]"
23104,"RenderThread",54825053393680,109542,"R","[NULL]","[NULL]"
23104,"RenderThread",54825053503222,2200583,"Running","[NULL]","[NULL]"
23104,"RenderThread",54825055703805,12208,"R+","[NULL]","[NULL]"
23104,"RenderThread",54825055716013,18834,"Running","[NULL]","[NULL]"
23104,"RenderThread",54825055734847,6225750,"S","[NULL]","[NULL]"
23104,"RenderThread",54825061960597,88750,"R","[NULL]","[NULL]"
23104,"RenderThread",54825062049347,1121166,"Running","[NULL]","[NULL]"
23055,"MainThread",54825062819055,86042,"R","[NULL]","[NULL]"
23055,"MainThread",54825062905097,3515125,"Running","[NULL]","[NULL]"
23104,"RenderThread",54825063170513,1109334,"R","[NULL]","[NULL]"
23104,"RenderThread",54825064279847,7809375,"Running","[NULL]","[NULL]"
23055,"MainThread",54825066420222,10791,"R","[NULL]","[NULL]"
23055,"MainThread",54825066431013,758709,"Running","[NULL]","[NULL]"
23055,"MainThread",54825067189722,21575666,"S","[NULL]","[NULL]"
23104,"RenderThread",54825072089222,5125,"R+","[NULL]","[NULL]"
23104,"RenderThread",54825072094347,300791,"Running","[NULL]","[NULL]"
23104,"RenderThread",54825072395138,83709,"R","[NULL]","[NULL]"
23104,"RenderThread",54825072478847,160541,"Running","[NULL]","[NULL]"
23104,"RenderThread",54825072639388,8000,"R+","[NULL]","[NULL]"
23104,"RenderThread",54825072647388,1351250,"Running","[NULL]","[NULL]"
23104,"RenderThread",54825073998638,80167,"R","[NULL]","[NULL]"
23104,"RenderThread",54825074078805,290708,"Running","[NULL]","[NULL]"
23104,"RenderThread",54825074369513,1035750,"R","[NULL]","[NULL]"
23104,"RenderThread",54825075405263,192667,"Running","[NULL]","[NULL]"
23104,"RenderThread",54825075597930,51333,"R","[NULL]","[NULL]"
23104,"RenderThread",54825075649263,7325959,"Running","[NULL]","[NULL]"
23104,"RenderThread",54825082975222,347916,"R+","[NULL]","[NULL]"
23104,"RenderThread",54825083323138,1204084,"Running","[NULL]","[NULL]"
23104,"RenderThread",54825084527222,40833,"R+","[NULL]","[NULL]"
23104,"RenderThread",54825084568055,3234292,"Running","[NULL]","[NULL]"
23104,"RenderThread",54825087802347,108458,"R+","[NULL]","[NULL]"
23104,"RenderThread",54825087910805,1281042,"Running","[NULL]","[NULL]"
23055,"MainThread",54825088765388,197917,"R","[NULL]","[NULL]"
23055,"MainThread",54825088963305,417208,"Running","[NULL]","[NULL]"
23104,"RenderThread",54825089191847,138083,"R","[NULL]","[NULL]"
23104,"RenderThread",54825089329930,134208,"Running","[NULL]","[NULL]"
23055,"MainThread",54825089380513,72292,"R","[NULL]","[NULL]"
23055,"MainThread",54825089452805,2840375,"Running","[NULL]","[NULL]"
23104,"RenderThread",54825089464138,137084,"R","[NULL]","[NULL]"
23104,"RenderThread",54825089601222,2790583,"Running","[NULL]","[NULL]"
23055,"MainThread",54825092293180,217292,"R","[NULL]","[NULL]"
23104,"RenderThread",54825092391805,54375,"R","[NULL]","[NULL]"
23104,"RenderThread",54825092446180,98458,"Running","[NULL]","[NULL]"
23055,"MainThread",54825092510472,125666,"Running","[NULL]","[NULL]"
23104,"RenderThread",54825092544638,453375,"R+","[NULL]","[NULL]"
23055,"MainThread",54825092636138,14584,"R","[NULL]","[NULL]"
23055,"MainThread",54825092650722,150666,"Running","[NULL]","[NULL]"
23055,"MainThread",54825092801388,10917,"R","[NULL]","[NULL]"
23055,"MainThread",54825092812305,162875,"Running","[NULL]","[NULL]"
23055,"MainThread",54825092975180,88750,"R","[NULL]","[NULL]"
23104,"RenderThread",54825092998013,69500,"Running","[NULL]","[NULL]"
23055,"MainThread",54825093063930,13875,"Running","[NULL]","[NULL]"
23104,"RenderThread",54825093067513,590084,"R","[NULL]","[NULL]"
23055,"MainThread",54825093077805,12189417,"S","[NULL]","[NULL]"
23104,"RenderThread",54825093657597,185333,"Running","[NULL]","[NULL]"
23104,"RenderThread",54825093842930,74375,"R","[NULL]","[NULL]"
23104,"RenderThread",54825093917305,2157792,"Running","[NULL]","[NULL]"
23104,"RenderThread",54825096075097,86291,"R+","[NULL]","[NULL]"
23104,"RenderThread",54825096161388,2876125,"Running","[NULL]","[NULL]"
23104,"RenderThread",54825099037513,55167,"R+","[NULL]","[NULL]"
23104,"RenderThread",54825099092680,905792,"Running","[NULL]","[NULL]"
23104,"RenderThread",54825099998472,121625,"R+","[NULL]","[NULL]"
23104,"RenderThread",54825100120097,8081708,"Running","[NULL]","[NULL]"
23055,"MainThread",54825105267222,74583,"R","[NULL]","[NULL]"
23055,"MainThread",54825105341805,231833,"Running","[NULL]","[NULL]"
23055,"MainThread",54825105573638,23750,"R+","[NULL]","[NULL]"
23055,"MainThread",54825105597388,1166292,"Running","[NULL]","[NULL]"
23055,"MainThread",54825106763680,61458,"R","[NULL]","[NULL]"
23055,"MainThread",54825106825138,79250,"Running","[NULL]","[NULL]"
23055,"MainThread",54825106904388,22604750,"S","[NULL]","[NULL]"
23104,"RenderThread",54825108201805,488625,"R+","[NULL]","[NULL]"
23104,"RenderThread",54825108690430,2284083,"Running","[NULL]","[NULL]"
23104,"RenderThread",54825110974513,590167,"R","[NULL]","[NULL]"
23104,"RenderThread",54825111564680,307250,"Running","[NULL]","[NULL]"
23104,"RenderThread",54825111871930,50333,"R","[NULL]","[NULL]"
23104,"RenderThread",54825111922263,12463584,"Running","[NULL]","[NULL]"
23104,"RenderThread",54825124385847,63333,"R","[NULL]","[NULL]"
23104,"RenderThread",54825124449180,5391167,"Running","[NULL]","[NULL]"
23055,"MainThread",54825129509138,78459,"R","[NULL]","[NULL]"
23055,"MainThread",54825129587597,208083,"Running","[NULL]","[NULL]"
23055,"MainThread",54825129795680,41708,"R+","[NULL]","[NULL]"
23055,"MainThread",54825129837388,1822042,"Running","[NULL]","[NULL]"
23104,"RenderThread",54825129840347,63125,"R","[NULL]","[NULL]"
23104,"RenderThread",54825129903472,5480250,"Running","[NULL]","[NULL]"
23055,"MainThread",54825131659430,12167417,"S","[NULL]","[NULL]"
23104,"RenderThread",54825135383722,7694958,"S","[NULL]","[NULL]"
23104,"RenderThread",54825143078680,117250,"R","[NULL]","[NULL]"
23104,"RenderThread",54825143195930,7483708,"Running","[NULL]","[NULL]"
23055,"MainThread",54825143826847,1656833,"R","[NULL]","[NULL]"
23055,"MainThread",54825145483680,3815875,"Running","[NULL]","[NULL]"
23055,"MainThread",54825149299555,22833,"R","[NULL]","[NULL]"
23055,"MainThread",54825149322388,965875,"Running","[NULL]","[NULL]"
23055,"MainThread",54825150288263,11679000,"S","[NULL]","[NULL]"
23104,"RenderThread",54825150679638,92500,"R+","[NULL]","[NULL]"
23104,"RenderThread",54825150772138,385542,"Running","[NULL]","[NULL]"
23104,"RenderThread",54825151157680,3625,"R+","[NULL]","[NULL]"
23104,"RenderThread",54825151161305,2971083,"Running","[NULL]","[NULL]"
23104,"RenderThread",54825154132388,25375,"R+","[NULL]","[NULL]"
23104,"RenderThread",54825154157763,985875,"Running","[NULL]","[NULL]"
23104,"RenderThread",54825155143638,79625,"R+","[NULL]","[NULL]"
23104,"RenderThread",54825155223263,72750,"Running","[NULL]","[NULL]"
23104,"RenderThread",54825155296013,5840167,"S","[NULL]","[NULL]"
23104,"RenderThread",54825161136180,93500,"R","[NULL]","[NULL]"
23104,"RenderThread",54825161229680,9820833,"Running","[NULL]","[NULL]"
23055,"MainThread",54825161967263,8788334,"R","[NULL]","[NULL]"
23055,"MainThread",54825170755597,2072083,"Running","[NULL]","[NULL]"
23104,"RenderThread",54825171050513,76000,"R","[NULL]","[NULL]"
23104,"RenderThread",54825171126513,1175959,"Running","[NULL]","[NULL]"
23104,"RenderThread",54825172302472,15416,"R+","[NULL]","[NULL]"
23104,"RenderThread",54825172317888,889667,"Running","[NULL]","[NULL]"
23055,"MainThread",54825172827680,7171375,"S","[NULL]","[NULL]"
23104,"RenderThread",54825173207555,239292,"R+","[NULL]","[NULL]"
23104,"RenderThread",54825173446847,84833,"Running","[NULL]","[NULL]"
23104,"RenderThread",54825173531680,5791583,"S","[NULL]","[NULL]"
23104,"RenderThread",54825179323263,73625,"R","[NULL]","[NULL]"
23104,"RenderThread",54825179396888,926417,"Running","[NULL]","[NULL]"
23055,"MainThread",54825179999055,442500,"R","[NULL]","[NULL]"
23104,"RenderThread",54825180323305,57417,"R+","[NULL]","[NULL]"
23104,"RenderThread",54825180380722,467125,"Running","[NULL]","[NULL]"
23055,"MainThread",54825180441555,922875,"Running","[NULL]","[NULL]"
23104,"RenderThread",54825180847847,43333,"R","[NULL]","[NULL]"
23104,"RenderThread",54825180891180,2172792,"Running","[NULL]","[NULL]"
23113,"mqt_v_js",54825181253680,118208,"R","[NULL]","[NULL]"
23055,"MainThread",54825181364430,334750,"R+","[NULL]","[NULL]"
23113,"mqt_v_js",54825181371888,327292,"Running","[NULL]","[NULL]"
23055,"MainThread",54825181699180,1154833,"Running","[NULL]","[NULL]"
23113,"mqt_v_js",54825181699180,9792,"S","[NULL]","[NULL]"
23113,"mqt_v_js",54825181708972,1145041,"R","[NULL]","[NULL]"
23055,"MainThread",54825182854013,18115834,"S","[NULL]","[NULL]"
23113,"mqt_v_js",54825182854013,71792,"Running","[NULL]","[NULL]"
23113,"mqt_v_js",54825182925805,149583,"R+","[NULL]","[NULL]"
23104,"RenderThread",54825183063972,663416,"R","[NULL]","[NULL]"
23113,"mqt_v_js",54825183075388,63500,"Running","[NULL]","[NULL]"
23113,"mqt_v_js",54825183138888,18709,"R+","[NULL]","[NULL]"
23113,"mqt_v_js",54825183157597,53916,"Running","[NULL]","[NULL]"
23113,"mqt_v_js",54825183211513,9334,"R+","[NULL]","[NULL]"
23113,"mqt_v_js",54825183220847,724083,"Running","[NULL]","[NULL]"
23104,"RenderThread",54825183727388,439667,"Running","[NULL]","[NULL]"
23113,"mqt_v_js",54825183944930,1073500,"R","[NULL]","[NULL]"
23104,"RenderThread",54825184167055,119708,"R+","[NULL]","[NULL]"
23104,"RenderThread",54825184286763,1120500,"Running","[NULL]","[NULL]"
23113,"mqt_v_js",54825185018430,3248292,"Running","[NULL]","[NULL]"
23104,"RenderThread",54825185407263,45250,"R+","[NULL]","[NULL]"
23104,"RenderThread",54825185452513,2930209,"Running","[NULL]","[NULL]"
23113,"mqt_v_js",54825188266722,419791,"R","[NULL]","[NULL]"
23104,"RenderThread",54825188382722,207291,"R","[NULL]","[NULL]"
23104,"RenderThread",54825188590013,2514792,"Running","[NULL]","[NULL]"
23113,"mqt_v_js",54825188686513,1590667,"Running","[NULL]","[NULL]"
23113,"mqt_v_js",54825190277180,34833,"R","[NULL]","[NULL]"
23113,"mqt_v_js",54825190312013,710917,"Running","[NULL]","[NULL]"
23113,"mqt_v_js",54825191022930,163250,"R","[NULL]","[NULL]"
23104,"RenderThread",54825191104805,5610667,"R","[NULL]","[NULL]"
23113,"mqt_v_js",54825191186180,161792,"Running","[NULL]","[NULL]"
23113,"mqt_v_js",54825191347972,58791,"R","[NULL]","[NULL]"
23113,"mqt_v_js",54825191406763,851667,"Running","[NULL]","[NULL]"
23113,"mqt_v_js",54825192258430,27333,"R","[NULL]","[NULL]"
23113,"mqt_v_js",54825192285763,3896250,"Running","[NULL]","[NULL]"
23113,"mqt_v_js",54825196182013,8917,"R","[NULL]","[NULL]"
23113,"mqt_v_js",54825196190930,428500,"Running","[NULL]","[NULL]"
23113,"mqt_v_js",54825196619430,55625,"R","[NULL]","[NULL]"
23113,"mqt_v_js",54825196675055,3409375,"Running","[NULL]","[NULL]"
23104,"RenderThread",54825196715472,78583,"Running","[NULL]","[NULL]"
23104,"RenderThread",54825196794055,95792,"R+","[NULL]","[NULL]"
23104,"RenderThread",54825196889847,41583,"Running","[NULL]","[NULL]"
23104,"RenderThread",54825196931430,3205000,"S","[NULL]","[NULL]"
23113,"mqt_v_js",54825200084430,118125,"R","[NULL]","[NULL]"
23104,"RenderThread",54825200136430,189042,"R","[NULL]","[NULL]"
23113,"mqt_v_js",54825200202555,260750,"Running","[NULL]","[NULL]"
23104,"RenderThread",54825200325472,6369166,"Running","[NULL]","[NULL]"
23113,"mqt_v_js",54825200463305,12250,"R","[NULL]","[NULL]"
23113,"mqt_v_js",54825200475555,780625,"Running","[NULL]","[NULL]"
23055,"MainThread",54825200969847,1137375,"R","[NULL]","[NULL]"
23113,"mqt_v_js",54825201256180,1004917,"R","[NULL]","[NULL]"
23055,"MainThread",54825202107222,153875,"Running","[NULL]","[NULL]"
23055,"MainThread",54825202261097,1570625,"S","[NULL]","[NULL]"
23113,"mqt_v_js",54825202261097,1575375,"Running","[NULL]","[NULL]"
23055,"MainThread",54825203831722,3212916,"R","[NULL]","[NULL]"
23113,"mqt_v_js",54825203836472,3461416,"R+","[NULL]","[NULL]"
23104,"RenderThread",54825206694638,128084,"R+","[NULL]","[NULL]"
23104,"RenderThread",54825206822722,430666,"Running","[NULL]","[NULL]"
23055,"MainThread",54825207044638,253250,"Running","[NULL]","[NULL]"
23104,"RenderThread",54825207253388,62375,"R","[NULL]","[NULL]"
23055,"MainThread",54825207297888,463834,"S","[NULL]","[NULL]"
23113,"mqt_v_js",54825207297888,346459,"Running","[NULL]","[NULL]"
23104,"RenderThread",54825207315763,405459,"Running","[NULL]","[NULL]"
23113,"mqt_v_js",54825207644347,220541,"R","[NULL]","[NULL]"
23104,"RenderThread",54825207721222,221416,"R","[NULL]","[NULL]"
23055,"MainThread",54825207761722,21416,"R","[NULL]","[NULL]"
23055,"MainThread",54825207783138,46750,"Running","[NULL]","[NULL]"
23055,"MainThread",54825207829888,12625,"R+","[NULL]","[NULL]"
23055,"MainThread",54825207842513,22375,"Running","[NULL]","[NULL]"
23055,"MainThread",54825207864888,726500,"S","[NULL]","[NULL]"
23113,"mqt_v_js",54825207864888,730417,"Running","[NULL]","[NULL]"
23104,"RenderThread",54825207942638,2106667,"Running","[NULL]","[NULL]"
23055,"MainThread",54825208591388,3917,"R","[NULL]","[NULL]"
23055,"MainThread",54825208595305,40208,"Running","[NULL]","[NULL]"
23113,"mqt_v_js",54825208595305,88000,"R+","[NULL]","[NULL]"
23055,"MainThread",54825208635513,50584,"S","[NULL]","[NULL]"
23113,"mqt_v_js",54825208683305,9292,"Running","[NULL]","[NULL]"
23055,"MainThread",54825208686097,6500,"R","[NULL]","[NULL]"
23055,"MainThread",54825208692597,40208,"Running","[NULL]","[NULL]"
23113,"mqt_v_js",54825208692597,40208,"R+","[NULL]","[NULL]"
23055,"MainThread",54825208732805,342458,"S","[NULL]","[NULL]"
23113,"mqt_v_js",54825208732805,240917,"Running","[NULL]","[NULL]"
23113,"mqt_v_js",54825208973722,34083,"R+","[NULL]","[NULL]"
23113,"mqt_v_js",54825209007805,4250,"Running","[NULL]","[NULL]"
23113,"mqt_v_js",54825209012055,14500,"R+","[NULL]","[NULL]"
23113,"mqt_v_js",54825209026555,51917,"Running","[NULL]","[NULL]"
23055,"MainThread",54825209075263,3209,"R","[NULL]","[NULL]"
23055,"MainThread",54825209078472,12375,"Running","[NULL]","[NULL]"
23113,"mqt_v_js",54825209078472,12375,"R+","[NULL]","[NULL]"
23055,"MainThread",54825209090847,1333,"S","[NULL]","[NULL]"
23113,"mqt_v_js",54825209090847,2000,"Running","[NULL]","[NULL]"
23055,"MainThread",54825209092180,667,"R","[NULL]","[NULL]"
23055,"MainThread",54825209092847,9875,"Running","[NULL]","[NULL]"
23113,"mqt_v_js",54825209092847,9875,"R+","[NULL]","[NULL]"
23055,"MainThread",54825209102722,5000,"S","[NULL]","[NULL]"
23113,"mqt_v_js",54825209102722,6041,"Running","[NULL]","[NULL]"
23055,"MainThread",54825209107722,1041,"R","[NULL]","[NULL]"
23055,"MainThread",54825209108763,8042,"Running","[NULL]","[NULL]"
23113,"mqt_v_js",54825209108763,8042,"R+","[NULL]","[NULL]"
23055,"MainThread",54825209116805,3750,"S","[NULL]","[NULL]"
23113,"mqt_v_js",54825209116805,4500,"Running","[NULL]","[NULL]"
23055,"MainThread",54825209120555,750,"R","[NULL]","[NULL]"
23055,"MainThread",54825209121305,368667,"Running","[NULL]","[NULL]"
23113,"mqt_v_js",54825209121305,394167,"R+","[NULL]","[NULL]"
23055,"MainThread",54825209489972,16000,"R","[NULL]","[NULL]"
23055,"MainThread",54825209505972,9500,"Running","[NULL]","[NULL]"
23055,"MainThread",54825209515472,4534833,"S","[NULL]","[NULL]"
23113,"mqt_v_js",54825209515472,318500,"Running","[NULL]","[NULL]"
23113,"mqt_v_js",54825209833972,14250,"R+","[NULL]","[NULL]"
23113,"mqt_v_js",54825209848222,2000,"Running","[NULL]","[NULL]"
23113,"mqt_v_js",54825209850222,22875,"R+","[NULL]","[NULL]"
23113,"mqt_v_js",54825209873097,25583,"Running","[NULL]","[NULL]"
23113,"mqt_v_js",54825209898680,12375,"R+","[NULL]","[NULL]"
23113,"mqt_v_js",54825209911055,1833,"Running","[NULL]","[NULL]"
23113,"mqt_v_js",54825209912888,7125,"R+","[NULL]","[NULL]"
23113,"mqt_v_js",54825209920013,66959,"Running","[NULL]","[NULL]"
23113,"mqt_v_js",54825209986972,188291,"R+","[NULL]","[NULL]"
23104,"RenderThread",54825210049305,3083,"R+","[NULL]","[NULL]"
23104,"RenderThread",54825210052388,9167,"Running","[NULL]","[NULL]"
23104,"RenderThread",54825210061555,16239208,"S","[NULL]","[NULL]"
23113,"mqt_v_js",54825210175263,4167,"Running","[NULL]","[NULL]"
23113,"mqt_v_js",54825210179430,16458,"R+","[NULL]","[NULL]"
23113,"mqt_v_js",54825210195888,16292,"Running","[NULL]","[NULL]"
23113,"mqt_v_js",54825210212180,14083,"R+","[NULL]","[NULL]"
23113,"mqt_v_js",54825210226263,1076417,"Running","[NULL]","[NULL]"
23113,"mqt_v_js",54825211302680,102875,"R+","[NULL]","[NULL]"
23113,"mqt_v_js",54825211405555,16458,"Running","[NULL]","[NULL]"
23113,"mqt_v_js",54825211422013,4084,"R+","[NULL]","[NULL]"
23113,"mqt_v_js",54825211426097,638958,"Running","[NULL]","[NULL]"
23113,"mqt_v_js",54825212065055,12125,"R","[NULL]","[NULL]"
23113,"mqt_v_js",54825212077180,270625,"Running","[NULL]","[NULL]"
23113,"mqt_v_js",54825212347805,251667,"R","[NULL]","[NULL]"
23113,"mqt_v_js",54825212599472,4611041,"Running","[NULL]","[NULL]"
23055,"MainThread",54825214050305,65250,"R","[NULL]","[NULL]"
23055,"MainThread",54825214115555,288375,"Running","[NULL]","[NULL]"
23055,"MainThread",54825214403930,10314417,"S","[NULL]","[NULL]"
23113,"mqt_v_js",54825217210513,19417,"R","[NULL]","[NULL]"
23113,"mqt_v_js",54825217229930,290125,"Running","[NULL]","[NULL]"
23113,"mqt_v_js",54825217520055,5208,"R","[NULL]","[NULL]"
23113,"mqt_v_js",54825217525263,501250,"Running","[NULL]","[NULL]"
23113,"mqt_v_js",54825218026513,7375,"R","[NULL]","[NULL]"
23113,"mqt_v_js",54825218033888,2203500,"Running","[NULL]","[NULL]"
23113,"mqt_v_js",54825220237388,6750,"R","[NULL]","[NULL]"
23113,"mqt_v_js",54825220244138,2239459,"Running","[NULL]","[NULL]"
23113,"mqt_v_js",54825222483597,265041,"R","[NULL]","[NULL]"
23113,"mqt_v_js",54825222748638,654250,"Running","[NULL]","[NULL]"
23113,"mqt_v_js",54825223402888,75917,"R","[NULL]","[NULL]"
23113,"mqt_v_js",54825223478805,808125,"Running","[NULL]","[NULL]"
23113,"mqt_v_js",54825224286930,44750,"R","[NULL]","[NULL]"
23113,"mqt_v_js",54825224331680,272083,"Running","[NULL]","[NULL]"
23113,"mqt_v_js",54825224603763,1751250,"R","[NULL]","[NULL]"
23055,"MainThread",54825224718347,47708,"R","[NULL]","[NULL]"
23055,"MainThread",54825224766055,40958,"Running","[NULL]","[NULL]"
23055,"MainThread",54825224807013,69417,"R","[NULL]","[NULL]"
23055,"MainThread",54825224876430,162292,"Running","[NULL]","[NULL]"
23055,"MainThread",54825225038722,11208,"R","[NULL]","[NULL]"
23055,"MainThread",54825225049930,492292,"Running","[NULL]","[NULL]"
23055,"MainThread",54825225542222,14833,"R+","[NULL]","[NULL]"
23055,"MainThread",54825225557055,428625,"Running","[NULL]","[NULL]"
23055,"MainThread",54825225985680,189000,"R","[NULL]","[NULL]"
23055,"MainThread",54825226174680,13237917,"Running","[NULL]","[NULL]"
23104,"RenderThread",54825226300763,13586917,"R","[NULL]","[NULL]"
23113,"mqt_v_js",54825226355013,4079125,"Running","[NULL]","[NULL]"
23113,"mqt_v_js",54825230434138,124125,"R","[NULL]","[NULL]"
23113,"mqt_v_js",54825230558263,9039792,"Running","[NULL]","[NULL]"
23055,"MainThread",54825239412597,2117708,"R","[NULL]","[NULL]"
23113,"mqt_v_js",54825239598055,5419625,"R","[NULL]","[NULL]"
23104,"RenderThread",54825239887680,67333,"Running","[NULL]","[NULL]"
23104,"RenderThread",54825239955013,153500,"R+","[NULL]","[NULL]"
23104,"RenderThread",54825240108513,336959,"Running","[NULL]","[NULL]"
23104,"RenderThread",54825240445472,35357250,"S","[NULL]","[NULL]"
23055,"MainThread",54825241530305,1286458,"Running","[NULL]","[NULL]"
23055,"MainThread",54825242816763,27250,"R+","[NULL]","[NULL]"
23055,"MainThread",54825242844013,44000,"Running","[NULL]","[NULL]"
23055,"MainThread",54825242888013,14880250,"S","[NULL]","[NULL]"
23113,"mqt_v_js",54825245017680,494958,"Running","[NULL]","[NULL]"
23113,"mqt_v_js",54825245512638,131292,"R","[NULL]","[NULL]"
23113,"mqt_v_js",54825245643930,161875,"Running","[NULL]","[NULL]"
23113,"mqt_v_js",54825245805805,51542,"R","[NULL]","[NULL]"
23113,"mqt_v_js",54825245857347,198333,"Running","[NULL]","[NULL]"
23113,"mqt_v_js",54825246055680,361333,"R","[NULL]","[NULL]"
23113,"mqt_v_js",54825246417013,5963000,"Running","[NULL]","[NULL]"
23113,"mqt_v_js",54825252380013,27917,"R","[NULL]","[NULL]"
23113,"mqt_v_js",54825252407930,3776167,"Running","[NULL]","[NULL]"
23113,"mqt_v_js",54825256184097,1598250,"R","[NULL]","[NULL]"
23055,"MainThread",54825257768263,2121375,"R","[NULL]","[NULL]"
23113,"mqt_v_js",54825257782347,103208,"Running","[NULL]","[NULL]"
23113,"mqt_v_js",54825257885555,1283167,"R","[NULL]","[NULL]"
23113,"mqt_v_js",54825259168722,499333,"Running","[NULL]","[NULL]"
23113,"mqt_v_js",54825259668055,10391000,"R","[NULL]","[NULL]"
23055,"MainThread",54825259889638,8249125,"Running","[NULL]","[NULL]"
23055,"MainThread",54825268138763,267042,"R","[NULL]","[NULL]"
23055,"MainThread",54825268405805,170917,"Running","[NULL]","[NULL]"
23055,"MainThread",54825268576722,26583,"R+","[NULL]","[NULL]"
23055,"MainThread",54825268603305,125417,"Running","[NULL]","[NULL]"
23055,"MainThread",54825268728722,2412000,"S","[NULL]","[NULL]"
23113,"mqt_v_js",54825270059055,1809958,"Running","[NULL]","[NULL]"
23055,"MainThread",54825271140722,60625,"R","[NULL]","[NULL]"
23055,"MainThread",54825271201347,2757958,"Running","[NULL]","[NULL]"
23113,"mqt_v_js",54825271869013,9755667,"R","[NULL]","[NULL]"
23055,"MainThread",54825273959305,495208,"R","[NULL]","[NULL]"
23055,"MainThread",54825274454513,1352959,"Running","[NULL]","[NULL]"
23104,"RenderThread",54825275802722,4750,"R","[NULL]","[NULL]"
23055,"MainThread",54825275807472,19791,"R+","[NULL]","[NULL]"
23104,"RenderThread",54825275807472,19791,"Running","[NULL]","[NULL]"
23055,"MainThread",54825275827263,144000,"Running","[NULL]","[NULL]"
23104,"RenderThread",54825275827263,21115084,"S","[NULL]","[NULL]"
23055,"MainThread",54825275971263,13084,"R+","[NULL]","[NULL]"
23055,"MainThread",54825275984347,145958,"Running","[NULL]","[NULL]"
23055,"MainThread",54825276130305,5542,"R","[NULL]","[NULL]"
23055,"MainThread",54825276135847,105833,"Running","[NULL]","[NULL]"
23055,"MainThread",54825276241680,4083,"R+","[NULL]","[NULL]"
23055,"MainThread",54825276245763,782625,"Running","[NULL]","[NULL]"
23055,"MainThread",54825277028388,2336250,"R+","[NULL]","[NULL]"
23055,"MainThread",54825279364638,3875,"Running","[NULL]","[NULL]"
23055,"MainThread",54825279368513,6125709,"S","[NULL]","[NULL]"
23113,"mqt_v_js",54825281624680,3421917,"Running","[NULL]","[NULL]"
23113,"mqt_v_js",54825285046597,21698750,"R","[NULL]","[NULL]"
23055,"MainThread",54825285494222,10625,"R","[NULL]","[NULL]"
23055,"MainThread",54825285504847,343083,"Running","[NULL]","[NULL]"
23055,"MainThread",54825285847930,4365708,"R+","[NULL]","[NULL]"
23055,"MainThread",54825290213638,2503500,"Running","[NULL]","[NULL]"
23055,"MainThread",54825292717138,4212584,"R","[NULL]","[NULL]"
23055,"MainThread",54825296929722,15625,"Running","[NULL]","[NULL]"
23104,"RenderThread",54825296942347,3000,"R","[NULL]","[NULL]"
23055,"MainThread",54825296945347,16791,"R+","[NULL]","[NULL]"
23104,"RenderThread",54825296945347,16791,"Running","[NULL]","[NULL]"
23055,"MainThread",54825296962138,1725584,"Running","[NULL]","[NULL]"
23104,"RenderThread",54825296962138,3282334,"S","[NULL]","[NULL]"
23055,"MainThread",54825298687722,773291,"R+","[NULL]","[NULL]"
23055,"MainThread",54825299461013,197375,"Running","[NULL]","[NULL]"
23055,"MainThread",54825299658388,98542,"R","[NULL]","[NULL]"
23055,"MainThread",54825299756930,309375,"Running","[NULL]","[NULL]"
23055,"MainThread",54825300066305,3500,"R","[NULL]","[NULL]"
23055,"MainThread",54825300069805,131667,"Running","[NULL]","[NULL]"
23055,"MainThread",54825300201472,3375,"R","[NULL]","[NULL]"
23055,"MainThread",54825300204847,41500,"Running","[NULL]","[NULL]"
23104,"RenderThread",54825300244472,1875,"R","[NULL]","[NULL]"
23055,"MainThread",54825300246347,12416,"R+","[NULL]","[NULL]"
23104,"RenderThread",54825300246347,12416,"Running","[NULL]","[NULL]"
23055,"MainThread",54825300258763,560125,"Running","[NULL]","[NULL]"
23104,"RenderThread",54825300258763,9173667,"S","[NULL]","[NULL]"
23055,"MainThread",54825300818888,2046250,"R+","[NULL]","[NULL]"
23055,"MainThread",54825302865138,469542,"Running","[NULL]","[NULL]"
23055,"MainThread",54825303334680,19125,"R+","[NULL]","[NULL]"
23055,"MainThread",54825303353805,166583,"Running","[NULL]","[NULL]"
23055,"MainThread",54825303520388,3358709,"S","[NULL]","[NULL]"
23113,"mqt_v_js",54825306745347,1186708,"Running","[NULL]","[NULL]"
23055,"MainThread",54825306879097,934250,"R","[NULL]","[NULL]"
23055,"MainThread",54825307813347,313500,"Running","[NULL]","[NULL]"
23113,"mqt_v_js",54825307932055,4283333,"R+","[NULL]","[NULL]"
23055,"MainThread",54825308126847,844250,"R","[NULL]","[NULL]"
23055,"MainThread",54825308971097,464958,"Running","[NULL]","[NULL]"
23104,"RenderThread",54825309432430,2779000,"R","[NULL]","[NULL]"
23055,"MainThread",54825309436055,2878042,"R+","[NULL]","[NULL]"
23104,"RenderThread",54825312211430,47792,"Running","[NULL]","[NULL]"
23113,"mqt_v_js",54825312215388,233334,"Running","[NULL]","[NULL]"
23104,"RenderThread",54825312259222,27345125,"S","[NULL]","[NULL]"
23055,"MainThread",54825312314097,3865666,"Running","[NULL]","[NULL]"
23113,"mqt_v_js",54825312448722,33416,"R+","[NULL]","[NULL]"
23113,"mqt_v_js",54825312482138,3642250,"Running","[NULL]","[NULL]"
23113,"mqt_v_js",54825316124388,20006584,"R","[NULL]","[NULL]"
23055,"MainThread",54825316179763,4912625,"R","[NULL]","[NULL]"
23055,"MainThread",54825321092388,159500,"Running","[NULL]","[NULL]"
23055,"MainThread",54825321251888,88917,"R","[NULL]","[NULL]"
23055,"MainThread",54825321340805,1959792,"Running","[NULL]","[NULL]"
23055,"MainThread",54825323300597,2987375,"R","[NULL]","[NULL]"
23055,"MainThread",54825326287972,1945208,"Running","[NULL]","[NULL]"
23055,"MainThread",54825328233180,4664292,"R","[NULL]","[NULL]"
23055,"MainThread",54825332897472,3323208,"Running","[NULL]","[NULL]"
23113,"mqt_v_js",54825336130972,4032166,"Running","[NULL]","[NULL]"
23055,"MainThread",54825336220680,3024792,"R","[NULL]","[NULL]"
23055,"MainThread",54825339245472,364291,"Running","[NULL]","[NULL]"
23104,"RenderThread",54825339604347,5416,"R","[NULL]","[NULL]"
23055,"MainThread",54825339609763,5608250,"R+","[NULL]","[NULL]"
23104,"RenderThread",54825339609763,355875,"Running","[NULL]","[NULL]"
23104,"RenderThread",54825339965638,208000,"R","[NULL]","[NULL]"
23113,"mqt_v_js",54825340163138,33579584,"R","[NULL]","[NULL]"
23104,"RenderThread",54825340173638,734750,"Running","[NULL]","[NULL]"
23104,"RenderThread",54825340908388,243459,"R","[NULL]","[NULL]"
23104,"RenderThread",54825341151847,123041,"Running","[NULL]","[NULL]"
23104,"RenderThread",54825341274888,1487084,"R","[NULL]","[NULL]"
23104,"RenderThread",54825342761972,1441500,"Running","[NULL]","[NULL]"
23104,"RenderThread",54825344203472,118291,"R","[NULL]","[NULL]"
23104,"RenderThread",54825344321763,896250,"Running","[NULL]","[NULL]"
23055,"MainThread",54825345218013,9084,"Running","[NULL]","[NULL]"
23104,"RenderThread",54825345218013,7292,"S","[NULL]","[NULL]"
23104,"RenderThread",54825345225305,1792,"R","[NULL]","[NULL]"
23055,"MainThread",54825345227097,1186458,"R+","[NULL]","[NULL]"
23104,"RenderThread",54825345227097,863291,"Running","[NULL]","[NULL]"
23104,"RenderThread",54825346090388,316709,"S","[NULL]","[NULL]"
23104,"RenderThread",54825346407097,3708,"R","[NULL]","[NULL]"
23104,"RenderThread",54825346410805,2750,"Running","[NULL]","[NULL]"
23055,"MainThread",54825346413555,1761083,"Running","[NULL]","[NULL]"
23104,"RenderThread",54825346413555,1765750,"S","[NULL]","[NULL]"
23055,"MainThread",54825348174638,2915500,"R","[NULL]","[NULL]"
23104,"RenderThread",54825348179305,9042,"R","[NULL]","[NULL]"
23104,"RenderThread",54825348188347,654166,"Running","[NULL]","[NULL]"
23104,"RenderThread",54825348842513,3167,"R+","[NULL]","[NULL]"
23104,"RenderThread",54825348845680,2917,"Running","[NULL]","[NULL]"
23104,"RenderThread",54825348848597,7250,"R+","[NULL]","[NULL]"
23104,"RenderThread",54825348855847,1803708,"Running","[NULL]","[NULL]"
23104,"RenderThread",54825350659555,116417,"R","[NULL]","[NULL]"
23104,"RenderThread",54825350775972,314166,"Running","[NULL]","[NULL]"
23055,"MainThread",54825351090138,2764292,"Running","[NULL]","[NULL]"
23104,"RenderThread",54825351090138,3326959,"S","[NULL]","[NULL]"
23055,"MainThread",54825353854430,99667,"R","[NULL]","[NULL]"
23055,"MainThread",54825353954097,903666,"Running","[NULL]","[NULL]"
23104,"RenderThread",54825354417097,489458,"R","[NULL]","[NULL]"
23055,"MainThread",54825354857763,76875,"R","[NULL]","[NULL]"
23104,"RenderThread",54825354906555,28083,"Running","[NULL]","[NULL]"
23055,"MainThread",54825354934638,754417,"Running","[NULL]","[NULL]"
23104,"RenderThread",54825354934638,6531292,"S","[NULL]","[NULL]"
23055,"MainThread",54825355689055,60500,"R","[NULL]","[NULL]"
23055,"MainThread",54825355749555,133792,"Running","[NULL]","[NULL]"
23055,"MainThread",54825355883347,315833,"R","[NULL]","[NULL]"
23055,"MainThread",54825356199180,513000,"Running","[NULL]","[NULL]"
23055,"MainThread",54825356712180,92750,"R","[NULL]","[NULL]"
23055,"MainThread",54825356804930,767542,"Running","[NULL]","[NULL]"
23055,"MainThread",54825357572472,141833,"R","[NULL]","[NULL]"
23055,"MainThread",54825357714305,294958,"Running","[NULL]","[NULL]"
23055,"MainThread",54825358009263,15459,"R+","[NULL]","[NULL]"
23055,"MainThread",54825358024722,1084208,"Running","[NULL]","[NULL]"
23055,"MainThread",54825359108930,595958,"R","[NULL]","[NULL]"
23055,"MainThread",54825359704888,1765125,"Running","[NULL]","[NULL]"
23104,"RenderThread",54825361465930,4083,"R","[NULL]","[NULL]"
23055,"MainThread",54825361470013,347667,"R+","[NULL]","[NULL]"
23104,"RenderThread",54825361470013,347667,"Running","[NULL]","[NULL]"
23055,"MainThread",54825361817680,3750,"Running","[NULL]","[NULL]"
23104,"RenderThread",54825361817680,1917,"S","[NULL]","[NULL]"
23104,"RenderThread",54825361819597,1833,"R","[NULL]","[NULL]"
23055,"MainThread",54825361821430,750,"S","[NULL]","[NULL]"
23104,"RenderThread",54825361821430,1458,"Running","[NULL]","[NULL]"
23055,"MainThread",54825361822180,708,"R","[NULL]","[NULL]"
23055,"MainThread",54825361822888,1250,"Running","[NULL]","[NULL]"
23104,"RenderThread",54825361822888,1250,"R+","[NULL]","[NULL]"
23055,"MainThread",54825361824138,625,"S","[NULL]","[NULL]"
23104,"RenderThread",54825361824138,1209,"Running","[NULL]","[NULL]"
23055,"MainThread",54825361824763,584,"R","[NULL]","[NULL]"
23055,"MainThread",54825361825347,61250,"Running","[NULL]","[NULL]"
23104,"RenderThread",54825361825347,61250,"R+","[NULL]","[NULL]"
23055,"MainThread",54825361886597,12754000,"S","[NULL]","[NULL]"
23104,"RenderThread",54825361886597,6691541,"Running","[NULL]","[NULL]"
23104,"RenderThread",54825368578138,188209,"R+","[NULL]","[NULL]"
23104,"RenderThread",54825368766347,2887333,"Running","[NULL]","[NULL]"
23104,"RenderThread",54825371653680,566333,"R","[NULL]","[NULL]"
23104,"RenderThread",54825372220013,1083917,"Running","[NULL]","[NULL]"
23104,"RenderThread",54825373303930,71667,"R+","[NULL]","[NULL]"
23104,"RenderThread",54825373375597,226208,"Running","[NULL]","[NULL]"
23104,"RenderThread",54825373601805,1832167,"R+","[NULL]","[NULL]"
23113,"mqt_v_js",54825373742722,745083,"Running","[NULL]","[NULL]"
23113,"mqt_v_js",54825374487805,193167,"R","[NULL]","[NULL]"
23055,"MainThread",54825374640597,153875,"R","[NULL]","[NULL]"
23113,"mqt_v_js",54825374680972,328291,"Running","[NULL]","[NULL]"
23055,"MainThread",54825374794472,215833,"Running","[NULL]","[NULL]"
23113,"mqt_v_js",54825375009263,15334,"R","[NULL]","[NULL]"
23055,"MainThread",54825375010305,250875,"S","[NULL]","[NULL]"
23113,"mqt_v_js",54825375024597,296333,"Running","[NULL]","[NULL]"
23055,"MainThread",54825375261180,808125,"R","[NULL]","[NULL]"
23113,"mqt_v_js",54825375320930,1005612751,"S","[NULL]","[NULL]"
23104,"RenderThread",54825375433972,510708,"Running","[NULL]","[NULL]"
23104,"RenderThread",54825375944680,353625,"R+","[NULL]","[NULL]"
23055,"MainThread",54825376069305,229000,"Running","[NULL]","[NULL]"
23055,"MainThread",54825376298305,851542,"S","[NULL]","[NULL]"
23104,"RenderThread",54825376298305,571583,"Running","[NULL]","[NULL]"
23104,"RenderThread",54825376869888,1709,"R+","[NULL]","[NULL]"
23104,"RenderThread",54825376871597,1125,"Running","[NULL]","[NULL]"
23104,"RenderThread",54825376872722,8750,"R+","[NULL]","[NULL]"
23104,"RenderThread",54825376881472,1583,"Running","[NULL]","[NULL]"
23104,"RenderThread",54825376883055,1458,"R+","[NULL]","[NULL]"
23104,"RenderThread",54825376884513,67334,"Running","[NULL]","[NULL]"
23104,"RenderThread",54825376951847,2958,"R+","[NULL]","[NULL]"
23104,"RenderThread",54825376954805,2542,"Running","[NULL]","[NULL]"
23104,"RenderThread",54825376957347,13583,"R+","[NULL]","[NULL]"
23104,"RenderThread",54825376970930,183208,"Running","[NULL]","[NULL]"
23055,"MainThread",54825377149847,4291,"R","[NULL]","[NULL]"
23055,"MainThread",54825377154138,139959,"Running","[NULL]","[NULL]"
23104,"RenderThread",54825377154138,1012917,"R+","[NULL]","[NULL]"
23055,"MainThread",54825377294097,877916,"S","[NULL]","[NULL]"
23104,"RenderThread",54825378167055,47875,"Running","[NULL]","[NULL]"
23055,"MainThread",54825378172013,42917,"R","[NULL]","[NULL]"
23055,"MainThread",54825378214930,15458,"Running","[NULL]","[NULL]"
23104,"RenderThread",54825378214930,1064452001,"S","[NULL]","[NULL]"
23055,"MainThread",54825378230388,13070625,"S","[NULL]","[NULL]"
23055,"MainThread",54825391301013,337292,"R","[NULL]","[NULL]"
23055,"MainThread",54825391638305,191125,"Running","[NULL]","[NULL]"
23055,"MainThread",54825391829430,49208,"R+","[NULL]","[NULL]"
23055,"MainThread",54825391878638,71584,"Running","[NULL]","[NULL]"
23055,"MainThread",54825391950222,16530583,"S","[NULL]","[NULL]"
23055,"MainThread",54825408480805,1921542,"R","[NULL]","[NULL]"
23055,"MainThread",54825410402347,159791,"Running","[NULL]","[NULL]"
23055,"MainThread",54825410562138,14126584,"S","[NULL]","[NULL]"
23055,"MainThread",54825424688722,491167,"R","[NULL]","[NULL]"
23055,"MainThread",54825425179889,132333,"Running","[NULL]","[NULL]"
23055,"MainThread",54825425312222,1892917,"R+","[NULL]","[NULL]"
23055,"MainThread",54825427205139,90041,"Running","[NULL]","[NULL]"
23055,"MainThread",54825427295180,14046042,"S","[NULL]","[NULL]"
23055,"MainThread",54825441341222,6733083,"R","[NULL]","[NULL]"
23055,"MainThread",54825448074305,141834,"Running","[NULL]","[NULL]"
23055,"MainThread",54825448216139,5041,"R+","[NULL]","[NULL]"
23055,"MainThread",54825448221180,51042,"Running","[NULL]","[NULL]"
23055,"MainThread",54825448272222,115792,"R","[NULL]","[NULL]"
23055,"MainThread",54825448388014,219500,"Running","[NULL]","[NULL]"
23055,"MainThread",54825448607514,33083,"R+","[NULL]","[NULL]"
23055,"MainThread",54825448640597,72125,"Running","[NULL]","[NULL]"
23055,"MainThread",54825448712722,9498542,"S","[NULL]","[NULL]"
23055,"MainThread",54825458211264,39958,"R","[NULL]","[NULL]"
23055,"MainThread",54825458251222,186208,"Running","[NULL]","[NULL]"
23055,"MainThread",54825458437430,504959,"R+","[NULL]","[NULL]"
23055,"MainThread",54825458942389,61875,"Running","[NULL]","[NULL]"
23055,"MainThread",54825459004264,15541458,"S","[NULL]","[NULL]"
23055,"MainThread",54825474545722,36958,"R","[NULL]","[NULL]"
23055,"MainThread",54825474582680,153917,"Running","[NULL]","[NULL]"
23055,"MainThread",54825474736597,20667,"R+","[NULL]","[NULL]"
23055,"MainThread",54825474757264,54375,"Running","[NULL]","[NULL]"
23055,"MainThread",54825474811639,16224750,"S","[NULL]","[NULL]"
23055,"MainThread",54825491036389,25250,"R","[NULL]","[NULL]"
23055,"MainThread",54825491061639,245500,"Running","[NULL]","[NULL]"
23055,"MainThread",54825491307139,29250,"R+","[NULL]","[NULL]"
23055,"MainThread",54825491336389,109791,"Running","[NULL]","[NULL]"
23055,"MainThread",54825491446180,16314334,"S","[NULL]","[NULL]"
23055,"MainThread",54825507760514,55291,"R","[NULL]","[NULL]"
23055,"MainThread",54825507815805,330542,"Running","[NULL]","[NULL]"
23055,"MainThread",54825508146347,193042,"R+","[NULL]","[NULL]"
23055,"MainThread",54825508339389,155208,"Running","[NULL]","[NULL]"
23055,"MainThread",54825508494597,64250,"R","[NULL]","[NULL]"
23055,"MainThread",54825508558847,9667,"Running","[NULL]","[NULL]"
23055,"MainThread",54825508568514,15960500,"S","[NULL]","[NULL]"
23055,"MainThread",54825524529014,88708,"R","[NULL]","[NULL]"
23055,"MainThread",54825524617722,205667,"Running","[NULL]","[NULL]"
23055,"MainThread",54825524823389,21541,"R+","[NULL]","[NULL]"
23055,"MainThread",54825524844930,93417,"Running","[NULL]","[NULL]"
23055,"MainThread",54825524938347,16463083,"S","[NULL]","[NULL]"
23055,"MainThread",54825541401430,57417,"R","[NULL]","[NULL]"
23055,"MainThread",54825541458847,148875,"Running","[NULL]","[NULL]"
23055,"MainThread",54825541607722,21625,"R+","[NULL]","[NULL]"
23055,"MainThread",54825541629347,56125,"Running","[NULL]","[NULL]"
23055,"MainThread",54825541685472,16095875,"S","[NULL]","[NULL]"
23055,"MainThread",54825557781347,97583,"R","[NULL]","[NULL]"
23055,"MainThread",54825557878930,175250,"Running","[NULL]","[NULL]"
23055,"MainThread",54825558054180,1676750,"R+","[NULL]","[NULL]"
23055,"MainThread",54825559730930,111125,"Running","[NULL]","[NULL]"
23055,"MainThread",54825559842055,14732875,"S","[NULL]","[NULL]"
23055,"MainThread",54825574574930,162250,"R","[NULL]","[NULL]"
23055,"MainThread",54825574737180,283375,"Running","[NULL]","[NULL]"
23055,"MainThread",54825575020555,28417,"R+","[NULL]","[NULL]"
23055,"MainThread",54825575048972,70125,"Running","[NULL]","[NULL]"
23055,"MainThread",54825575119097,16480333,"S","[NULL]","[NULL]"
23055,"MainThread",54825591599430,92792,"R","[NULL]","[NULL]"
23055,"MainThread",54825591692222,193000,"Running","[NULL]","[NULL]"
23055,"MainThread",54825591885222,17167,"R+","[NULL]","[NULL]"
23055,"MainThread",54825591902389,40750,"Running","[NULL]","[NULL]"
23055,"MainThread",54825591943139,16056875,"S","[NULL]","[NULL]"
23055,"MainThread",54825608000014,2985458,"R","[NULL]","[NULL]"
23055,"MainThread",54825610985472,143208,"Running","[NULL]","[NULL]"
23055,"MainThread",54825611128680,20917,"R+","[NULL]","[NULL]"
23055,"MainThread",54825611149597,41792,"Running","[NULL]","[NULL]"
23055,"MainThread",54825611191389,13393666,"S","[NULL]","[NULL]"
23055,"MainThread",54825624585055,21209,"R","[NULL]","[NULL]"
23055,"MainThread",54825624606264,204250,"Running","[NULL]","[NULL]"
23055,"MainThread",54825624810514,16508208,"S","[NULL]","[NULL]"
23055,"MainThread",54825641318722,29167,"R","[NULL]","[NULL]"
23055,"MainThread",54825641347889,117458,"Running","[NULL]","[NULL]"
23055,"MainThread",54825641465347,16042,"R+","[NULL]","[NULL]"
23055,"MainThread",54825641481389,28583,"Running","[NULL]","[NULL]"
23055,"MainThread",54825641509972,16331250,"S","[NULL]","[NULL]"
23055,"MainThread",54825657841222,120292,"R","[NULL]","[NULL]"
23055,"MainThread",54825657961514,189958,"Running","[NULL]","[NULL]"
23055,"MainThread",54825658151472,16324583,"S","[NULL]","[NULL]"
23055,"MainThread",54825674476055,75334,"R","[NULL]","[NULL]"
23055,"MainThread",54825674551389,183875,"Running","[NULL]","[NULL]"
23055,"MainThread",54825674735264,16827666,"S","[NULL]","[NULL]"
23055,"MainThread",54825691562930,35250,"R","[NULL]","[NULL]"
23055,"MainThread",54825691598180,345167,"Running","[NULL]","[NULL]"
23055,"MainThread",54825691943347,16185250,"S","[NULL]","[NULL]"
23055,"MainThread",54825708128597,90458,"R","[NULL]","[NULL]"
23055,"MainThread",54825708219055,268042,"Running","[NULL]","[NULL]"
23055,"MainThread",54825708487097,15976333,"S","[NULL]","[NULL]"
23055,"MainThread",54825724463430,78667,"R","[NULL]","[NULL]"
23055,"MainThread",54825724542097,481167,"Running","[NULL]","[NULL]"
23055,"MainThread",54825725023264,16377291,"S","[NULL]","[NULL]"
23055,"MainThread",54825741400555,131667,"R","[NULL]","[NULL]"
23055,"MainThread",54825741532222,134000,"Running","[NULL]","[NULL]"
23055,"MainThread",54825741666222,37167,"R","[NULL]","[NULL]"
23055,"MainThread",54825741703389,190208,"Running","[NULL]","[NULL]"
23055,"MainThread",54825741893597,1331042,"R","[NULL]","[NULL]"
23055,"MainThread",54825743224639,112750,"Running","[NULL]","[NULL]"
23055,"MainThread",54825743337389,115416,"R","[NULL]","[NULL]"
23055,"MainThread",54825743452805,128459,"Running","[NULL]","[NULL]"
23055,"MainThread",54825743581264,1477500,"R","[NULL]","[NULL]"
23055,"MainThread",54825745058764,120500,"Running","[NULL]","[NULL]"
23055,"MainThread",54825745179264,180875,"R+","[NULL]","[NULL]"
23055,"MainThread",54825745360139,132166,"Running","[NULL]","[NULL]"
23055,"MainThread",54825745492305,177792,"R+","[NULL]","[NULL]"
23055,"MainThread",54825745670097,131167,"Running","[NULL]","[NULL]"
23055,"MainThread",54825745801264,1337000,"R","[NULL]","[NULL]"
23055,"MainThread",54825747138264,310250,"Running","[NULL]","[NULL]"
23055,"MainThread",54825747448514,10584958,"S","[NULL]","[NULL]"
23055,"MainThread",54825758033472,927542,"R","[NULL]","[NULL]"
23055,"MainThread",54825758961014,350625,"Running","[NULL]","[NULL]"
23055,"MainThread",54825759311639,15563000,"S","[NULL]","[NULL]"
23055,"MainThread",54825774874639,93625,"R","[NULL]","[NULL]"
23055,"MainThread",54825774968264,274666,"Running","[NULL]","[NULL]"
23055,"MainThread",54825775242930,16114417,"S","[NULL]","[NULL]"
23055,"MainThread",54825791357347,96458,"R","[NULL]","[NULL]"
23055,"MainThread",54825791453805,124667,"Running","[NULL]","[NULL]"
23055,"MainThread",54825791578472,19333,"R+","[NULL]","[NULL]"
23055,"MainThread",54825791597805,46792,"Running","[NULL]","[NULL]"
23055,"MainThread",54825791644597,16486750,"S","[NULL]","[NULL]"
23055,"MainThread",54825808131347,340625,"R","[NULL]","[NULL]"
23055,"MainThread",54825808471972,28542,"Running","[NULL]","[NULL]"
23055,"MainThread",54825808500514,93166,"R","[NULL]","[NULL]"
23055,"MainThread",54825808593680,455709,"Running","[NULL]","[NULL]"
23055,"MainThread",54825809049389,15409583,"S","[NULL]","[NULL]"
23055,"MainThread",54825824458972,121167,"R","[NULL]","[NULL]"
23055,"MainThread",54825824580139,120416,"Running","[NULL]","[NULL]"
23055,"MainThread",54825824700555,10375,"R+","[NULL]","[NULL]"
23055,"MainThread",54825824710930,26917,"Running","[NULL]","[NULL]"
23055,"MainThread",54825824737847,16676333,"S","[NULL]","[NULL]"
23055,"MainThread",54825841414180,118250,"R","[NULL]","[NULL]"
23055,"MainThread",54825841532430,122584,"Running","[NULL]","[NULL]"
23055,"MainThread",54825841655014,11500,"R+","[NULL]","[NULL]"
23055,"MainThread",54825841666514,44625,"Running","[NULL]","[NULL]"
23055,"MainThread",54825841711139,16178583,"S","[NULL]","[NULL]"
23055,"MainThread",54825857889722,85125,"R","[NULL]","[NULL]"
23055,"MainThread",54825857974847,218458,"Running","[NULL]","[NULL]"
23055,"MainThread",54825858193305,16295959,"S","[NULL]","[NULL]"
23055,"MainThread",54825874489264,123375,"R","[NULL]","[NULL]"
23055,"MainThread",54825874612639,185291,"Running","[NULL]","[NULL]"
23055,"MainThread",54825874797930,16683542,"S","[NULL]","[NULL]"
23055,"MainThread",54825891481472,129708,"R","[NULL]","[NULL]"
23055,"MainThread",54825891611180,140584,"Running","[NULL]","[NULL]"
23055,"MainThread",54825891751764,16328250,"S","[NULL]","[NULL]"
23055,"MainThread",54825908080014,23625,"R","[NULL]","[NULL]"
23055,"MainThread",54825908103639,124208,"Running","[NULL]","[NULL]"
23055,"MainThread",54825908227847,17385625,"S","[NULL]","[NULL]"
23055,"MainThread",54825925613472,134542,"R","[NULL]","[NULL]"
23055,"MainThread",54825925748014,328916,"Running","[NULL]","[NULL]"
23055,"MainThread",54825926076930,40375,"R+","[NULL]","[NULL]"
23055,"MainThread",54825926117305,29584,"Running","[NULL]","[NULL]"
23055,"MainThread",54825926146889,15269166,"S","[NULL]","[NULL]"
23055,"MainThread",54825941416055,85334,"R","[NULL]","[NULL]"
23055,"MainThread",54825941501389,154750,"Running","[NULL]","[NULL]"
23055,"MainThread",54825941656139,12000,"R+","[NULL]","[NULL]"
23055,"MainThread",54825941668139,31833,"Running","[NULL]","[NULL]"
23055,"MainThread",54825941699972,16237625,"S","[NULL]","[NULL]"
23055,"MainThread",54825957937597,75500,"R","[NULL]","[NULL]"
23055,"MainThread",54825958013097,136333,"Running","[NULL]","[NULL]"
23055,"MainThread",54825958149430,48292,"R","[NULL]","[NULL]"
23055,"MainThread",54825958197722,167625,"Running","[NULL]","[NULL]"
23055,"MainThread",54825958365347,13417,"R+","[NULL]","[NULL]"
23055,"MainThread",54825958378764,29958,"Running","[NULL]","[NULL]"
23055,"MainThread",54825958408722,17476417,"S","[NULL]","[NULL]"
23055,"MainThread",54825975885139,89791,"R","[NULL]","[NULL]"
23055,"MainThread",54825975974930,249667,"Running","[NULL]","[NULL]"
23055,"MainThread",54825976224597,15073792,"S","[NULL]","[NULL]"
23055,"MainThread",54825991298389,110875,"R","[NULL]","[NULL]"
23055,"MainThread",54825991409264,131041,"Running","[NULL]","[NULL]"
23055,"MainThread",54825991540305,16455334,"S","[NULL]","[NULL]"
23055,"MainThread",54826007995639,156041,"R","[NULL]","[NULL]"
23055,"MainThread",54826008151680,207209,"Running","[NULL]","[NULL]"
23055,"MainThread",54826008358889,16179291,"S","[NULL]","[NULL]"
23055,"MainThread",54826024538180,121042,"R","[NULL]","[NULL]"
23055,"MainThread",54826024659222,176625,"Running","[NULL]","[NULL]"
23055,"MainThread",54826024835847,17317375,"S","[NULL]","[NULL]"
23055,"MainThread",54826042153222,87542,"R","[NULL]","[NULL]"
23055,"MainThread",54826042240764,107291,"Running","[NULL]","[NULL]"
23055,"MainThread",54826042348055,15905167,"S","[NULL]","[NULL]"
23055,"MainThread",54826058253222,174667,"R","[NULL]","[NULL]"
23055,"MainThread",54826058427889,68583,"Running","[NULL]","[NULL]"
23055,"MainThread",54826058496472,15458,"R+","[NULL]","[NULL]"
23055,"MainThread",54826058511930,23500,"Running","[NULL]","[NULL]"
23055,"MainThread",54826058535430,13852750,"S","[NULL]","[NULL]"
23055,"MainThread",54826072388180,205417,"R","[NULL]","[NULL]"
23055,"MainThread",54826072593597,444333,"Running","[NULL]","[NULL]"
23055,"MainThread",54826073037930,1772750,"S","[NULL]","[NULL]"
23055,"MainThread",54826074810680,635375,"R","[NULL]","[NULL]"
23055,"MainThread",54826075446055,121375,"Running","[NULL]","[NULL]"
23055,"MainThread",54826075567430,14750,"R+","[NULL]","[NULL]"
23055,"MainThread",54826075582180,31000,"Running","[NULL]","[NULL]"
23055,"MainThread",54826075613180,15701750,"S","[NULL]","[NULL]"
23055,"MainThread",54826091314930,208084,"R","[NULL]","[NULL]"
23055,"MainThread",54826091523014,125208,"Running","[NULL]","[NULL]"
23055,"MainThread",54826091648222,17600708,"S","[NULL]","[NULL]"
23055,"MainThread",54826109248930,249500,"R","[NULL]","[NULL]"
23055,"MainThread",54826109498430,79667,"Running","[NULL]","[NULL]"
23055,"MainThread",54826109578097,17125,"R+","[NULL]","[NULL]"
23055,"MainThread",54826109595222,38458,"Running","[NULL]","[NULL]"
23055,"MainThread",54826109633680,17046542,"S","[NULL]","[NULL]"
23055,"MainThread",54826126680222,219542,"R","[NULL]","[NULL]"
23055,"MainThread",54826126899764,162000,"Running","[NULL]","[NULL]"
23055,"MainThread",54826127061764,15298042,"S","[NULL]","[NULL]"
23055,"MainThread",54826142359806,164416,"R","[NULL]","[NULL]"
23055,"MainThread",54826142524222,229250,"Running","[NULL]","[NULL]"
23055,"MainThread",54826142753472,21292,"R+","[NULL]","[NULL]"
23055,"MainThread",54826142774764,36542,"Running","[NULL]","[NULL]"
23055,"MainThread",54826142811306,15265500,"S","[NULL]","[NULL]"
23055,"MainThread",54826158076806,163583,"R","[NULL]","[NULL]"
23055,"MainThread",54826158240389,190417,"Running","[NULL]","[NULL]"
23055,"MainThread",54826158430806,16432500,"S","[NULL]","[NULL]"
23055,"MainThread",54826174863306,153708,"R","[NULL]","[NULL]"
23055,"MainThread",54826175017014,159917,"Running","[NULL]","[NULL]"
23055,"MainThread",54826175176931,16427916,"S","[NULL]","[NULL]"
23055,"MainThread",54826191604847,222125,"R","[NULL]","[NULL]"
23055,"MainThread",54826191826972,388542,"Running","[NULL]","[NULL]"
23055,"MainThread",54826192215514,36833,"R+","[NULL]","[NULL]"
23055,"MainThread",54826192252347,81000,"Running","[NULL]","[NULL]"
23055,"MainThread",54826192333347,16268459,"S","[NULL]","[NULL]"
23055,"MainThread",54826208601806,157083,"R","[NULL]","[NULL]"
23055,"MainThread",54826208758889,335500,"Running","[NULL]","[NULL]"
23055,"MainThread",54826209094389,28284375,"S","[NULL]","[NULL]"
23055,"MainThread",54826237378764,122708,"R","[NULL]","[NULL]"
23055,"MainThread",54826237501472,769125,"Running","[NULL]","[NULL]"
23055,"MainThread",54826238270597,2855042,"S","[NULL]","[NULL]"
23055,"MainThread",54826241125639,92417,"R","[NULL]","[NULL]"
23055,"MainThread",54826241218056,224500,"Running","[NULL]","[NULL]"
23055,"MainThread",54826241442556,20694333,"S","[NULL]","[NULL]"
23055,"MainThread",54826262136889,233833,"R","[NULL]","[NULL]"
23055,"MainThread",54826262370722,503834,"Running","[NULL]","[NULL]"
23055,"MainThread",54826262874556,15546833,"S","[NULL]","[NULL]"
23055,"MainThread",54826278421389,1083458,"R","[NULL]","[NULL]"
23055,"MainThread",54826279504847,488250,"Running","[NULL]","[NULL]"
23055,"MainThread",54826279993097,20259875,"S","[NULL]","[NULL]"
23055,"MainThread",54826300252972,209375,"R","[NULL]","[NULL]"
23055,"MainThread",54826300462347,484292,"Running","[NULL]","[NULL]"
23055,"MainThread",54826300946639,8211750,"S","[NULL]","[NULL]"
23055,"MainThread",54826309158389,157125,"R","[NULL]","[NULL]"
23055,"MainThread",54826309315514,262208,"Running","[NULL]","[NULL]"
23055,"MainThread",54826309577722,147084,"R+","[NULL]","[NULL]"
23055,"MainThread",54826309724806,62666,"Running","[NULL]","[NULL]"
23055,"MainThread",54826309787472,19695250,"S","[NULL]","[NULL]"
23055,"MainThread",54826329482722,1429042,"R","[NULL]","[NULL]"
23055,"MainThread",54826330911764,515167,"Running","[NULL]","[NULL]"
23055,"MainThread",54826331426931,11663041,"S","[NULL]","[NULL]"
23055,"MainThread",54826343089972,39209,"R","[NULL]","[NULL]"
23055,"MainThread",54826343129181,237000,"Running","[NULL]","[NULL]"
23055,"MainThread",54826343366181,14812333,"S","[NULL]","[NULL]"
23055,"MainThread",54826358178514,26000,"R","[NULL]","[NULL]"
23055,"MainThread",54826358204514,220625,"Running","[NULL]","[NULL]"
23055,"MainThread",54826358425139,16078375,"S","[NULL]","[NULL]"
23055,"MainThread",54826374503514,29417,"R","[NULL]","[NULL]"
23055,"MainThread",54826374532931,125375,"Running","[NULL]","[NULL]"
23055,"MainThread",54826374658306,15000,"R+","[NULL]","[NULL]"
23055,"MainThread",54826374673306,26250,"Running","[NULL]","[NULL]"
23055,"MainThread",54826374699556,16782208,"S","[NULL]","[NULL]"
23113,"mqt_v_js",54826380933681,74708,"R","[NULL]","[NULL]"
23113,"mqt_v_js",54826381008389,2492000,"Running","[NULL]","[NULL]"
23113,"mqt_v_js",54826383500389,8404708,"S","[NULL]","[NULL]"
23055,"MainThread",54826391481764,167583,"R","[NULL]","[NULL]"
23055,"MainThread",54826391649347,149959,"Running","[NULL]","[NULL]"
23055,"MainThread",54826391799306,15833,"R+","[NULL]","[NULL]"
23055,"MainThread",54826391815139,369000,"Running","[NULL]","[NULL]"
23113,"mqt_v_js",54826391905097,177542,"R","[NULL]","[NULL]"
23113,"mqt_v_js",54826392082639,182375,"Running","[NULL]","[NULL]"
23055,"MainThread",54826392184139,15645042,"S","[NULL]","[NULL]"
23113,"mqt_v_js",54826392265014,3875,"R","[NULL]","[NULL]"
23113,"mqt_v_js",54826392268889,907333,"Running","[NULL]","[NULL]"
23113,"mqt_v_js",54826393176222,458459,"S","[NULL]","[NULL]"
23113,"mqt_v_js",54826393634681,110125,"R","[NULL]","[NULL]"
23113,"mqt_v_js",54826393744806,6443166,"Running","[NULL]","[NULL]"
23113,"mqt_v_js",54826400187972,12000,"R","[NULL]","[NULL]"
23113,"mqt_v_js",54826400199972,7574334,"Running","[NULL]","[NULL]"
23113,"mqt_v_js",54826407774306,103333,"R","[NULL]","[NULL]"
23055,"MainThread",54826407829181,74041,"R","[NULL]","[NULL]"
23113,"mqt_v_js",54826407877639,15743625,"Running","[NULL]","[NULL]"
23055,"MainThread",54826407903222,220334,"Running","[NULL]","[NULL]"
23055,"MainThread",54826408123556,11625,"R+","[NULL]","[NULL]"
23055,"MainThread",54826408135181,34458,"Running","[NULL]","[NULL]"
23055,"MainThread",54826408169639,16307500,"S","[NULL]","[NULL]"
23113,"mqt_v_js",54826423621264,286417,"R","[NULL]","[NULL]"
23113,"mqt_v_js",54826423907681,516833,"Running","[NULL]","[NULL]"
23113,"mqt_v_js",54826424424514,132792,"R","[NULL]","[NULL]"
23055,"MainThread",54826424477139,84042,"R","[NULL]","[NULL]"
23113,"mqt_v_js",54826424557306,16634958,"Running","[NULL]","[NULL]"
23055,"MainThread",54826424561181,227375,"Running","[NULL]","[NULL]"
23055,"MainThread",54826424788556,21208,"R+","[NULL]","[NULL]"
23055,"MainThread",54826424809764,51375,"Running","[NULL]","[NULL]"
23055,"MainThread",54826424861139,16435083,"S","[NULL]","[NULL]"
23113,"mqt_v_js",54826441192264,54417,"R","[NULL]","[NULL]"
23113,"mqt_v_js",54826441246681,1033208,"Running","[NULL]","[NULL]"
23055,"MainThread",54826441296222,36667,"R","[NULL]","[NULL]"
23055,"MainThread",54826441332889,1341542,"Running","[NULL]","[NULL]"
23113,"mqt_v_js",54826442279889,49326458,"S","[NULL]","[NULL]"
23104,"RenderThread",54826442666931,7500,"R","[NULL]","[NULL]"
23055,"MainThread",54826442674431,286333,"R+","[NULL]","[NULL]"
23104,"RenderThread",54826442674431,188500,"Running","[NULL]","[NULL]"
23104,"RenderThread",54826442862931,2258250,"S","[NULL]","[NULL]"
23055,"MainThread",54826442960764,2184958,"Running","[NULL]","[NULL]"
23104,"RenderThread",54826445121181,146416,"R","[NULL]","[NULL]"
23055,"MainThread",54826445145722,4214334,"S","[NULL]","[NULL]"
23104,"RenderThread",54826445267597,4378584,"Running","[NULL]","[NULL]"
23055,"MainThread",54826449360056,126541,"R","[NULL]","[NULL]"
23055,"MainThread",54826449486597,902417,"Running","[NULL]","[NULL]"
23104,"RenderThread",54826449646181,121583,"R","[NULL]","[NULL]"
23104,"RenderThread",54826449767764,3563542,"Running","[NULL]","[NULL]"
23055,"MainThread",54826450389014,3154542,"S","[NULL]","[NULL]"
23104,"RenderThread",54826453331306,1958,"R+","[NULL]","[NULL]"
23104,"RenderThread",54826453333264,299667,"Running","[NULL]","[NULL]"
23055,"MainThread",54826453543556,3750,"R","[NULL]","[NULL]"
23055,"MainThread",54826453547306,19125,"Running","[NULL]","[NULL]"
23055,"MainThread",54826453566431,4432500,"S","[NULL]","[NULL]"
23055,"MainThread",54826457998931,21833,"R","[NULL]","[NULL]"
23055,"MainThread",54826458020764,170125,"Running","[NULL]","[NULL]"
23055,"MainThread",54826458190889,20583,"R","[NULL]","[NULL]"
23055,"MainThread",54826458211472,93875,"Running","[NULL]","[NULL]"
23055,"MainThread",54826458305347,14167,"R+","[NULL]","[NULL]"
23055,"MainThread",54826458319514,54042,"Running","[NULL]","[NULL]"
23055,"MainThread",54826458373556,18444791,"S","[NULL]","[NULL]"
23055,"MainThread",54826476818347,28292,"R","[NULL]","[NULL]"
23055,"MainThread",54826476846639,102958,"Running","[NULL]","[NULL]"
23055,"MainThread",54826476949597,96459,"R+","[NULL]","[NULL]"
23055,"MainThread",54826477046056,56416,"Running","[NULL]","[NULL]"
23055,"MainThread",54826477102472,14224959,"S","[NULL]","[NULL]"
23055,"MainThread",54826491327431,122458,"R","[NULL]","[NULL]"
23055,"MainThread",54826491449889,88750,"Running","[NULL]","[NULL]"
23055,"MainThread",54826491538639,10708,"R+","[NULL]","[NULL]"
23055,"MainThread",54826491549347,95459,"Running","[NULL]","[NULL]"
23113,"mqt_v_js",54826491606347,128334,"R","[NULL]","[NULL]"
23055,"MainThread",54826491644806,19271375,"S","[NULL]","[NULL]"
23113,"mqt_v_js",54826491734681,996083,"Running","[NULL]","[NULL]"
23055,"MainThread",54826510916181,121250,"R","[NULL]","[NULL]"
23055,"MainThread",54826511037431,62250,"Running","[NULL]","[NULL]"
23055,"MainThread",54826511099681,9541,"R+","[NULL]","[NULL]"
23055,"MainThread",54826511109222,16792,"Running","[NULL]","[NULL]"
23055,"MainThread",54826511126014,16018542,"S","[NULL]","[NULL]"
23055,"MainThread",54826527144556,85500,"R","[NULL]","[NULL]"
23055,"MainThread",54826527230056,51791,"Running","[NULL]","[NULL]"
23055,"MainThread",54826527281847,9500,"R+","[NULL]","[NULL]"
23055,"MainThread",54826527291347,16792,"Running","[NULL]","[NULL]"
23055,"MainThread",54826527308139,15042917,"S","[NULL]","[NULL]"
23055,"MainThread",54826542351056,103250,"R","[NULL]","[NULL]"
23055,"MainThread",54826542454306,51541,"Running","[NULL]","[NULL]"
23055,"MainThread",54826542505847,10875,"R+","[NULL]","[NULL]"
23055,"MainThread",54826542516722,26042,"Running","[NULL]","[NULL]"
23055,"MainThread",54826542542764,15145458,"S","[NULL]","[NULL]"
23055,"MainThread",54826557688222,83334,"R","[NULL]","[NULL]"
23055,"MainThread",54826557771556,79541,"Running","[NULL]","[NULL]"
23055,"MainThread",54826557851097,23442250,"S","[NULL]","[NULL]"
23055,"MainThread",54826581293347,94209,"R","[NULL]","[NULL]"
23055,"MainThread",54826581387556,48000,"Running","[NULL]","[NULL]"
23055,"MainThread",54826581435556,10958,"R+","[NULL]","[NULL]"
23055,"MainThread",54826581446514,27333,"Running","[NULL]","[NULL]"
23055,"MainThread",54826581473847,10283875,"S","[NULL]","[NULL]"
23055,"MainThread",54826591757722,143417,"R","[NULL]","[NULL]"
23055,"MainThread",54826591901139,81625,"Running","[NULL]","[NULL]"
23055,"MainThread",54826591982764,16404000,"S","[NULL]","[NULL]"
23055,"MainThread",54826608386764,92708,"R","[NULL]","[NULL]"
23055,"MainThread",54826608479472,87792,"Running","[NULL]","[NULL]"
23055,"MainThread",54826608567264,17531458,"S","[NULL]","[NULL]"
23055,"MainThread",54826626098722,31250,"R","[NULL]","[NULL]"
23055,"MainThread",54826626129972,103875,"Running","[NULL]","[NULL]"
23055,"MainThread",54826626233847,15775584,"S","[NULL]","[NULL]"
23055,"MainThread",54826642009431,148500,"R","[NULL]","[NULL]"
23055,"MainThread",54826642157931,97125,"Running","[NULL]","[NULL]"
23055,"MainThread",54826642255056,12875,"R+","[NULL]","[NULL]"
23055,"MainThread",54826642267931,24125,"Running","[NULL]","[NULL]"
23055,"MainThread",54826642292056,16772833,"S","[NULL]","[NULL]"
23055,"MainThread",54826659064889,188458,"R","[NULL]","[NULL]"
23055,"MainThread",54826659253347,127459,"Running","[NULL]","[NULL]"
23055,"MainThread",54826659380806,15702416,"S","[NULL]","[NULL]"
23055,"MainThread",54826675083222,132375,"R","[NULL]","[NULL]"
23055,"MainThread",54826675215597,168250,"Running","[NULL]","[NULL]"
23055,"MainThread",54826675383847,17322459,"S","[NULL]","[NULL]"
23055,"MainThread",54826692706306,56458,"R","[NULL]","[NULL]"
23055,"MainThread",54826692762764,122542,"Running","[NULL]","[NULL]"
23055,"MainThread",54826692885306,20500,"R+","[NULL]","[NULL]"
23055,"MainThread",54826692905806,59125,"Running","[NULL]","[NULL]"
23055,"MainThread",54826692964931,15131333,"S","[NULL]","[NULL]"
23055,"MainThread",54826708096264,154375,"R","[NULL]","[NULL]"
23055,"MainThread",54826708250639,223208,"Running","[NULL]","[NULL]"
23055,"MainThread",54826708473847,16180375,"S","[NULL]","[NULL]"
23055,"MainThread",54826724654222,248459,"R","[NULL]","[NULL]"
23055,"MainThread",54826724902681,153500,"Running","[NULL]","[NULL]"
23055,"MainThread",54826725056181,16610458,"S","[NULL]","[NULL]"
23055,"MainThread",54826741666639,167042,"R","[NULL]","[NULL]"
23055,"MainThread",54826741833681,222833,"Running","[NULL]","[NULL]"
23055,"MainThread",54826742056514,18204208,"S","[NULL]","[NULL]"
23055,"MainThread",54826760260722,639500,"R","[NULL]","[NULL]"
23055,"MainThread",54826760900222,182667,"Running","[NULL]","[NULL]"
23055,"MainThread",54826761082889,13848917,"S","[NULL]","[NULL]"
23055,"MainThread",54826774931806,218875,"R","[NULL]","[NULL]"
23055,"MainThread",54826775150681,211166,"Running","[NULL]","[NULL]"
23055,"MainThread",54826775361847,6375,"R","[NULL]","[NULL]"
23055,"MainThread",54826775368222,558750,"Running","[NULL]","[NULL]"
23055,"MainThread",54826775926972,31959,"R+","[NULL]","[NULL]"
23055,"MainThread",54826775958931,189333,"Running","[NULL]","[NULL]"
23055,"MainThread",54826776148264,15414542,"S","[NULL]","[NULL]"
23055,"MainThread",54826791562806,133916,"R","[NULL]","[NULL]"
23055,"MainThread",54826791696722,254042,"Running","[NULL]","[NULL]"
23055,"MainThread",54826791950764,16980083,"S","[NULL]","[NULL]"
23055,"MainThread",54826808930847,171084,"R","[NULL]","[NULL]"
23055,"MainThread",54826809101931,383416,"Running","[NULL]","[NULL]"
23055,"MainThread",54826809485347,20108084,"S","[NULL]","[NULL]"
23055,"MainThread",54826829593431,51667,"R","[NULL]","[NULL]"
23055,"MainThread",54826829645098,445583,"Running","[NULL]","[NULL]"
23055,"MainThread",54826830090681,11771917,"S","[NULL]","[NULL]"
23055,"MainThread",54826841862598,63000,"R","[NULL]","[NULL]"
23055,"MainThread",54826841925598,219083,"Running","[NULL]","[NULL]"
23055,"MainThread",54826842144681,24107250,"S","[NULL]","[NULL]"
23055,"MainThread",54826866251931,123167,"R","[NULL]","[NULL]"
23055,"MainThread",54826866375098,333458,"Running","[NULL]","[NULL]"
23055,"MainThread",54826866708556,18542,"R+","[NULL]","[NULL]"
23055,"MainThread",54826866727098,55625,"Running","[NULL]","[NULL]"
23055,"MainThread",54826866782723,8413166,"S","[NULL]","[NULL]"
23055,"MainThread",54826875195889,66375,"R","[NULL]","[NULL]"
23055,"MainThread",54826875262264,438125,"Running","[NULL]","[NULL]"
23055,"MainThread",54826875700389,21049542,"S","[NULL]","[NULL]"
23055,"MainThread",54826896749931,279875,"R","[NULL]","[NULL]"
23055,"MainThread",54826897029806,993208,"Running","[NULL]","[NULL]"
23055,"MainThread",54826898023014,9825167,"S","[NULL]","[NULL]"
23055,"MainThread",54826907848181,81958,"R","[NULL]","[NULL]"
23055,"MainThread",54826907930139,395375,"Running","[NULL]","[NULL]"
23055,"MainThread",54826908325514,23284917,"S","[NULL]","[NULL]"
23055,"MainThread",54826931610431,96708,"R","[NULL]","[NULL]"
23055,"MainThread",54826931707139,446250,"Running","[NULL]","[NULL]"
23055,"MainThread",54826932153389,13707042,"S","[NULL]","[NULL]"
23055,"MainThread",54826945860431,271958,"R","[NULL]","[NULL]"
23055,"MainThread",54826946132389,329709,"Running","[NULL]","[NULL]"
23055,"MainThread",54826946462098,24250,"R+","[NULL]","[NULL]"
23055,"MainThread",54826946486348,96541,"Running","[NULL]","[NULL]"
23055,"MainThread",54826946582889,14959167,"S","[NULL]","[NULL]"
23055,"MainThread",54826961542056,17708,"R","[NULL]","[NULL]"
23055,"MainThread",54826961559764,344167,"Running","[NULL]","[NULL]"
23055,"MainThread",54826961903931,24000,"R+","[NULL]","[NULL]"
23055,"MainThread",54826961927931,70458,"Running","[NULL]","[NULL]"
23055,"MainThread",54826961998389,15624375,"S","[NULL]","[NULL]"
23055,"MainThread",54826977622764,137834,"R","[NULL]","[NULL]"
23055,"MainThread",54826977760598,191541,"Running","[NULL]","[NULL]"
23055,"MainThread",54826977952139,17792,"R+","[NULL]","[NULL]"
23055,"MainThread",54826977969931,42417,"Running","[NULL]","[NULL]"
23055,"MainThread",54826978012348,19983791,"S","[NULL]","[NULL]"
23055,"MainThread",54826997996139,281167,"R","[NULL]","[NULL]"
23055,"MainThread",54826998277306,741417,"Running","[NULL]","[NULL]"
23055,"MainThread",54826999018723,39458,"R+","[NULL]","[NULL]"
23055,"MainThread",54826999058181,102083,"Running","[NULL]","[NULL]"
23055,"MainThread",54826999160264,9558584,"S","[NULL]","[NULL]"
23055,"MainThread",54827008718848,113041,"R","[NULL]","[NULL]"
23055,"MainThread",54827008831889,345250,"Running","[NULL]","[NULL]"
23055,"MainThread",54827009177139,31459,"R+","[NULL]","[NULL]"
23055,"MainThread",54827009208598,66791,"Running","[NULL]","[NULL]"
23055,"MainThread",54827009275389,18328917,"S","[NULL]","[NULL]"
23055,"MainThread",54827027604306,132333,"R","[NULL]","[NULL]"
23055,"MainThread",54827027736639,218500,"Running","[NULL]","[NULL]"
23055,"MainThread",54827027955139,20792,"R+","[NULL]","[NULL]"
23055,"MainThread",54827027975931,206333,"Running","[NULL]","[NULL]"
23055,"MainThread",54827028182264,17331542,"S","[NULL]","[NULL]"
23055,"MainThread",54827045513806,99000,"R","[NULL]","[NULL]"
23055,"MainThread",54827045612806,297125,"Running","[NULL]","[NULL]"
23055,"MainThread",54827045909931,23917,"R+","[NULL]","[NULL]"
23055,"MainThread",54827045933848,71708,"Running","[NULL]","[NULL]"
23055,"MainThread",54827046005556,13221375,"S","[NULL]","[NULL]"
23055,"MainThread",54827059226931,301625,"R","[NULL]","[NULL]"
23055,"MainThread",54827059528556,266000,"Running","[NULL]","[NULL]"
23055,"MainThread",54827059794556,55083,"R+","[NULL]","[NULL]"
23055,"MainThread",54827059849639,74000,"Running","[NULL]","[NULL]"
23055,"MainThread",54827059923639,19192834,"S","[NULL]","[NULL]"
23055,"MainThread",54827079116473,64583,"R","[NULL]","[NULL]"
23055,"MainThread",54827079181056,254208,"Running","[NULL]","[NULL]"
23055,"MainThread",54827079435264,49542,"R","[NULL]","[NULL]"
23055,"MainThread",54827079484806,351875,"Running","[NULL]","[NULL]"
23055,"MainThread",54827079836681,12547792,"S","[NULL]","[NULL]"
23055,"MainThread",54827092384473,224833,"R","[NULL]","[NULL]"
23055,"MainThread",54827092609306,397958,"Running","[NULL]","[NULL]"
23055,"MainThread",54827093007264,39084,"R+","[NULL]","[NULL]"
23055,"MainThread",54827093046348,76041,"Running","[NULL]","[NULL]"
23055,"MainThread",54827093122389,17533500,"S","[NULL]","[NULL]"
23055,"MainThread",54827110655889,315542,"R","[NULL]","[NULL]"
23055,"MainThread",54827110971431,366042,"Running","[NULL]","[NULL]"
23055,"MainThread",54827111337473,32416,"R+","[NULL]","[NULL]"
23055,"MainThread",54827111369889,149584,"Running","[NULL]","[NULL]"
23055,"MainThread",54827111519473,14773583,"S","[NULL]","[NULL]"
23055,"MainThread",54827126293056,110125,"R","[NULL]","[NULL]"
23055,"MainThread",54827126403181,121625,"Running","[NULL]","[NULL]"
23055,"MainThread",54827126524806,60958,"R+","[NULL]","[NULL]"
23055,"MainThread",54827126585764,648334,"Running","[NULL]","[NULL]"
23055,"MainThread",54827127234098,14886791,"S","[NULL]","[NULL]"
23055,"MainThread",54827142120889,336500,"R","[NULL]","[NULL]"
23055,"MainThread",54827142457389,436042,"Running","[NULL]","[NULL]"
23055,"MainThread",54827142893431,19862667,"S","[NULL]","[NULL]"
23055,"MainThread",54827162756098,28833,"R","[NULL]","[NULL]"
23055,"MainThread",54827162784931,133167,"Running","[NULL]","[NULL]"
23055,"MainThread",54827162918098,35625,"R+","[NULL]","[NULL]"
23055,"MainThread",54827162953723,215791,"Running","[NULL]","[NULL]"
23055,"MainThread",54827163169514,29875,"R+","[NULL]","[NULL]"
23055,"MainThread",54827163199389,62042,"Running","[NULL]","[NULL]"
23055,"MainThread",54827163261431,16655875,"S","[NULL]","[NULL]"
23055,"MainThread",54827179917306,107333,"R","[NULL]","[NULL]"
23055,"MainThread",54827180024639,165500,"Running","[NULL]","[NULL]"
23055,"MainThread",54827180190139,15792,"R+","[NULL]","[NULL]"
23055,"MainThread",54827180205931,41583,"Running","[NULL]","[NULL]"
23055,"MainThread",54827180247514,11202792,"S","[NULL]","[NULL]"
23055,"MainThread",54827191450306,164375,"R","[NULL]","[NULL]"
23055,"MainThread",54827191614681,301375,"Running","[NULL]","[NULL]"
23055,"MainThread",54827191916056,49542,"R","[NULL]","[NULL]"
23055,"MainThread",54827191965598,270083,"Running","[NULL]","[NULL]"
23055,"MainThread",54827192235681,237875,"R+","[NULL]","[NULL]"
23055,"MainThread",54827192473556,152458,"Running","[NULL]","[NULL]"
23055,"MainThread",54827192626014,10667,"R+","[NULL]","[NULL]"
23055,"MainThread",54827192636681,23000,"Running","[NULL]","[NULL]"
23055,"MainThread",54827192659681,15948125,"S","[NULL]","[NULL]"
23055,"MainThread",54827208607806,42417,"R","[NULL]","[NULL]"
23055,"MainThread",54827208650223,100541,"Running","[NULL]","[NULL]"
23055,"MainThread",54827208750764,78292,"R","[NULL]","[NULL]"
23055,"MainThread",54827208829056,169667,"Running","[NULL]","[NULL]"
23055,"MainThread",54827208998723,27666,"R+","[NULL]","[NULL]"
23055,"MainThread",54827209026389,97209,"Running","[NULL]","[NULL]"
23055,"MainThread",54827209123598,56291,"R","[NULL]","[NULL]"
23055,"MainThread",54827209179889,42917,"Running","[NULL]","[NULL]"
23055,"MainThread",54827209222806,17494042,"S","[NULL]","[NULL]"
23055,"MainThread",54827226716848,50375,"R","[NULL]","[NULL]"
23055,"MainThread",54827226767223,317291,"Running","[NULL]","[NULL]"
23055,"MainThread",54827227084514,14532875,"S","[NULL]","[NULL]"
23055,"MainThread",54827241617389,160417,"R","[NULL]","[NULL]"
23055,"MainThread",54827241777806,298500,"Running","[NULL]","[NULL]"
23055,"MainThread",54827242076306,16506333,"S","[NULL]","[NULL]"
23055,"MainThread",54827258582639,57125,"R","[NULL]","[NULL]"
23055,"MainThread",54827258639764,270750,"Running","[NULL]","[NULL]"
23055,"MainThread",54827258910514,18322625,"S","[NULL]","[NULL]"
23055,"MainThread",54827277233139,82334,"R","[NULL]","[NULL]"
23055,"MainThread",54827277315473,460541,"Running","[NULL]","[NULL]"
23055,"MainThread",54827277776014,16821250,"S","[NULL]","[NULL]"
23055,"MainThread",54827294597264,118042,"R","[NULL]","[NULL]"
23055,"MainThread",54827294715306,91583,"Running","[NULL]","[NULL]"
23055,"MainThread",54827294806889,13334,"R","[NULL]","[NULL]"
23055,"MainThread",54827294820223,473166,"Running","[NULL]","[NULL]"
23055,"MainThread",54827295293389,14278750,"S","[NULL]","[NULL]"
23055,"MainThread",54827309572139,491042,"R","[NULL]","[NULL]"
23055,"MainThread",54827310063181,1249542,"Running","[NULL]","[NULL]"
23055,"MainThread",54827311312723,80708,"R+","[NULL]","[NULL]"
23055,"MainThread",54827311393431,108625,"Running","[NULL]","[NULL]"
23055,"MainThread",54827311502056,13757625,"S","[NULL]","[NULL]"
23055,"MainThread",54827325259681,173042,"R","[NULL]","[NULL]"
23055,"MainThread",54827325432723,212791,"Running","[NULL]","[NULL]"
23055,"MainThread",54827325645514,17292,"R+","[NULL]","[NULL]"
23055,"MainThread",54827325662806,54458,"Running","[NULL]","[NULL]"
23055,"MainThread",54827325717264,15576625,"S","[NULL]","[NULL]"
23055,"MainThread",54827341293889,153209,"R","[NULL]","[NULL]"
23055,"MainThread",54827341447098,473208,"Running","[NULL]","[NULL]"
23055,"MainThread",54827341920306,134125,"R+","[NULL]","[NULL]"
23055,"MainThread",54827342054431,106208,"Running","[NULL]","[NULL]"
23055,"MainThread",54827342160639,16133250,"S","[NULL]","[NULL]"
23055,"MainThread",54827358293889,1125875,"R","[NULL]","[NULL]"
23055,"MainThread",54827359419764,170334,"Running","[NULL]","[NULL]"
23055,"MainThread",54827359590098,14041,"R+","[NULL]","[NULL]"
23055,"MainThread",54827359604139,39667,"Running","[NULL]","[NULL]"
23055,"MainThread",54827359643806,15952083,"S","[NULL]","[NULL]"
23055,"MainThread",54827375595889,145709,"R","[NULL]","[NULL]"
23055,"MainThread",54827375741598,174250,"Running","[NULL]","[NULL]"
23055,"MainThread",54827375915848,25958,"R+","[NULL]","[NULL]"
23055,"MainThread",54827375941806,36000,"Running","[NULL]","[NULL]"
23055,"MainThread",54827375977806,16916875,"S","[NULL]","[NULL]"
23055,"MainThread",54827392894681,85875,"R","[NULL]","[NULL]"
23055,"MainThread",54827392980556,247333,"Running","[NULL]","[NULL]"
23055,"MainThread",54827393227889,84000,"R+","[NULL]","[NULL]"
23055,"MainThread",54827393311889,93000,"Running","[NULL]","[NULL]"
23055,"MainThread",54827393404889,120917,"R","[NULL]","[NULL]"
23055,"MainThread",54827393525806,113708,"Running","[NULL]","[NULL]"
23055,"MainThread",54827393639514,15200042,"S","[NULL]","[NULL]"
23055,"MainThread",54827408839556,139250,"R","[NULL]","[NULL]"
23055,"MainThread",54827408978806,182500,"Running","[NULL]","[NULL]"
23055,"MainThread",54827409161306,15583,"R+","[NULL]","[NULL]"
23055,"MainThread",54827409176889,48750,"Running","[NULL]","[NULL]"
23055,"MainThread",54827409225639,17563000,"S","[NULL]","[NULL]"
23055,"MainThread",54827426788639,64959,"R","[NULL]","[NULL]"
23055,"MainThread",54827426853598,242416,"Running","[NULL]","[NULL]"
23055,"MainThread",54827427096014,22250,"R+","[NULL]","[NULL]"
23055,"MainThread",54827427118264,67875,"Running","[NULL]","[NULL]"
23055,"MainThread",54827427186139,14193792,"S","[NULL]","[NULL]"
23055,"MainThread",54827441379931,103083,"R","[NULL]","[NULL]"
23055,"MainThread",54827441483014,159709,"Running","[NULL]","[NULL]"
23055,"MainThread",54827441642723,20208,"R+","[NULL]","[NULL]"
23055,"MainThread",54827441662931,50583,"Running","[NULL]","[NULL]"
23055,"MainThread",54827441713514,16433625,"S","[NULL]","[NULL]"
23055,"MainThread",54827458147139,85959,"R","[NULL]","[NULL]"
23055,"MainThread",54827458233098,274541,"Running","[NULL]","[NULL]"
23055,"MainThread",54827458507639,31375,"R+","[NULL]","[NULL]"
23055,"MainThread",54827458539014,57334,"Running","[NULL]","[NULL]"
23055,"MainThread",54827458596348,18046458,"S","[NULL]","[NULL]"
23055,"MainThread",54827476642806,103583,"R","[NULL]","[NULL]"
23055,"MainThread",54827476746389,851750,"Running","[NULL]","[NULL]"
23055,"MainThread",54827477598139,61042,"R+","[NULL]","[NULL]"
23055,"MainThread",54827477659181,81667,"Running","[NULL]","[NULL]"
23055,"MainThread",54827477740848,13435916,"S","[NULL]","[NULL]"
23055,"MainThread",54827491176764,98084,"R","[NULL]","[NULL]"
23055,"MainThread",54827491274848,421208,"Running","[NULL]","[NULL]"
23055,"MainThread",54827491696056,18678208,"S","[NULL]","[NULL]"
23055,"MainThread",54827510374264,158417,"R","[NULL]","[NULL]"
23055,"MainThread",54827510532681,689667,"Running","[NULL]","[NULL]"
23055,"MainThread",54827511222348,33083,"R+","[NULL]","[NULL]"
23055,"MainThread",54827511255431,137583,"Running","[NULL]","[NULL]"
23055,"MainThread",54827511393014,17478917,"S","[NULL]","[NULL]"
23055,"MainThread",54827528871931,115250,"R","[NULL]","[NULL]"
23055,"MainThread",54827528987181,68417,"Running","[NULL]","[NULL]"
23055,"MainThread",54827529055598,88333,"R","[NULL]","[NULL]"
23055,"MainThread",54827529143931,248292,"Running","[NULL]","[NULL]"
23055,"MainThread",54827529392223,12524875,"S","[NULL]","[NULL]"
23055,"MainThread",54827541917098,86083,"R","[NULL]","[NULL]"
23055,"MainThread",54827542003181,163167,"Running","[NULL]","[NULL]"
23055,"MainThread",54827542166348,12583,"R+","[NULL]","[NULL]"
23055,"MainThread",54827542178931,32167,"Running","[NULL]","[NULL]"
23055,"MainThread",54827542211098,15859375,"S","[NULL]","[NULL]"
23055,"MainThread",54827558070473,125625,"R","[NULL]","[NULL]"
23055,"MainThread",54827558196098,265167,"Running","[NULL]","[NULL]"
23055,"MainThread",54827558461265,22617208,"S","[NULL]","[NULL]"
23055,"MainThread",54827581078473,73792,"R","[NULL]","[NULL]"
23055,"MainThread",54827581152265,208333,"Running","[NULL]","[NULL]"
23055,"MainThread",54827581360598,13318208,"S","[NULL]","[NULL]"
23055,"MainThread",54827594678806,86084,"R","[NULL]","[NULL]"
23055,"MainThread",54827594764890,193916,"Running","[NULL]","[NULL]"
23055,"MainThread",54827594958806,11459,"R+","[NULL]","[NULL]"
23055,"MainThread",54827594970265,29833,"Running","[NULL]","[NULL]"
23055,"MainThread",54827595000098,13897500,"S","[NULL]","[NULL]"
23055,"MainThread",54827608897598,86667,"R","[NULL]","[NULL]"
23055,"MainThread",54827608984265,171458,"Running","[NULL]","[NULL]"
23055,"MainThread",54827609155723,20265458,"S","[NULL]","[NULL]"
23055,"MainThread",54827629421181,128375,"R","[NULL]","[NULL]"
23055,"MainThread",54827629549556,214959,"Running","[NULL]","[NULL]"
23055,"MainThread",54827629764515,12340166,"S","[NULL]","[NULL]"
23055,"MainThread",54827642104681,81500,"R","[NULL]","[NULL]"
23055,"MainThread",54827642186181,163959,"Running","[NULL]","[NULL]"
23055,"MainThread",54827642350140,11500,"R+","[NULL]","[NULL]"
23055,"MainThread",54827642361640,29833,"Running","[NULL]","[NULL]"
23055,"MainThread",54827642391473,18893875,"S","[NULL]","[NULL]"
23055,"MainThread",54827661285348,123750,"R","[NULL]","[NULL]"
23055,"MainThread",54827661409098,197333,"Running","[NULL]","[NULL]"
23055,"MainThread",54827661606431,13549834,"S","[NULL]","[NULL]"
23055,"MainThread",54827675156265,80000,"R","[NULL]","[NULL]"
23055,"MainThread",54827675236265,72291,"Running","[NULL]","[NULL]"
23055,"MainThread",54827675308556,16297959,"S","[NULL]","[NULL]"
23055,"MainThread",54827691606515,30833,"R","[NULL]","[NULL]"
23055,"MainThread",54827691637348,89250,"Running","[NULL]","[NULL]"
23055,"MainThread",54827691726598,16831875,"S","[NULL]","[NULL]"
23055,"MainThread",54827708558473,685000,"R","[NULL]","[NULL]"
23055,"MainThread",54827709243473,249125,"Running","[NULL]","[NULL]"
23055,"MainThread",54827709492598,16865542,"S","[NULL]","[NULL]"
23055,"MainThread",54827726358140,93125,"R","[NULL]","[NULL]"
23055,"MainThread",54827726451265,101083,"Running","[NULL]","[NULL]"
23055,"MainThread",54827726552348,12042,"R+","[NULL]","[NULL]"
23055,"MainThread",54827726564390,52625,"Running","[NULL]","[NULL]"
23055,"MainThread",54827726617015,18408250,"S","[NULL]","[NULL]"
23055,"MainThread",54827745025265,26333,"R","[NULL]","[NULL]"
23055,"MainThread",54827745051598,50000,"Running","[NULL]","[NULL]"
23055,"MainThread",54827745101598,11250,"R+","[NULL]","[NULL]"
23055,"MainThread",54827745112848,18292,"Running","[NULL]","[NULL]"
23055,"MainThread",54827745131140,12969833,"S","[NULL]","[NULL]"
23055,"MainThread",54827758100973,100833,"R","[NULL]","[NULL]"
23055,"MainThread",54827758201806,55209,"Running","[NULL]","[NULL]"
23055,"MainThread",54827758257015,12166,"R+","[NULL]","[NULL]"
23055,"MainThread",54827758269181,20000,"Running","[NULL]","[NULL]"
23055,"MainThread",54827758289181,18488709,"S","[NULL]","[NULL]"
23055,"MainThread",54827776777890,148750,"R","[NULL]","[NULL]"
23055,"MainThread",54827776926640,64041,"Running","[NULL]","[NULL]"
23055,"MainThread",54827776990681,13042,"R+","[NULL]","[NULL]"
23055,"MainThread",54827777003723,22167,"Running","[NULL]","[NULL]"
23055,"MainThread",54827777025890,15338500,"S","[NULL]","[NULL]"
23055,"MainThread",54827792364390,250083,"R","[NULL]","[NULL]"
23055,"MainThread",54827792614473,60542,"Running","[NULL]","[NULL]"
23055,"MainThread",54827792675015,14666,"R+","[NULL]","[NULL]"
23055,"MainThread",54827792689681,23084,"Running","[NULL]","[NULL]"
23055,"MainThread",54827792712765,15658166,"S","[NULL]","[NULL]"
23055,"MainThread",54827808370931,228125,"R","[NULL]","[NULL]"
23055,"MainThread",54827808599056,78292,"Running","[NULL]","[NULL]"
23055,"MainThread",54827808677348,17542,"R+","[NULL]","[NULL]"
23055,"MainThread",54827808694890,44416,"Running","[NULL]","[NULL]"
23055,"MainThread",54827808739306,15867667,"S","[NULL]","[NULL]"
23055,"MainThread",54827824606973,159208,"R","[NULL]","[NULL]"
23055,"MainThread",54827824766181,197542,"Running","[NULL]","[NULL]"
23055,"MainThread",54827824963723,21833,"R+","[NULL]","[NULL]"
23055,"MainThread",54827824985556,33292,"Running","[NULL]","[NULL]"
23055,"MainThread",54827825018848,24238792,"S","[NULL]","[NULL]"
23055,"MainThread",54827849257640,238958,"R","[NULL]","[NULL]"
23055,"MainThread",54827849496598,418500,"Running","[NULL]","[NULL]"
23055,"MainThread",54827849915098,10803417,"S","[NULL]","[NULL]"
23055,"MainThread",54827860718515,155625,"R","[NULL]","[NULL]"
23055,"MainThread",54827860874140,158250,"Running","[NULL]","[NULL]"
23055,"MainThread",54827861032390,14121541,"S","[NULL]","[NULL]"
23055,"MainThread",54827875153931,246917,"R","[NULL]","[NULL]"
23055,"MainThread",54827875400848,143708,"Running","[NULL]","[NULL]"
23055,"MainThread",54827875544556,21269917,"S","[NULL]","[NULL]"
23055,"MainThread",54827896814473,360500,"R","[NULL]","[NULL]"
23055,"MainThread",54827897174973,816917,"Running","[NULL]","[NULL]"
23055,"MainThread",54827897991890,12695750,"S","[NULL]","[NULL]"
23055,"MainThread",54827910687640,71166,"R","[NULL]","[NULL]"
23055,"MainThread",54827910758806,430084,"Running","[NULL]","[NULL]"
23055,"MainThread",54827911188890,42708,"R+","[NULL]","[NULL]"
23055,"MainThread",54827911231598,77042,"Running","[NULL]","[NULL]"
23055,"MainThread",54827911308640,17635291,"S","[NULL]","[NULL]"
23055,"MainThread",54827928943931,261500,"R","[NULL]","[NULL]"
23055,"MainThread",54827929205431,1046625,"Running","[NULL]","[NULL]"
23055,"MainThread",54827930252056,14169042,"S","[NULL]","[NULL]"
23055,"MainThread",54827944421098,149500,"R","[NULL]","[NULL]"
23055,"MainThread",54827944570598,367458,"Running","[NULL]","[NULL]"
23055,"MainThread",54827944938056,13414375,"S","[NULL]","[NULL]"
23055,"MainThread",54827958352431,91750,"R","[NULL]","[NULL]"
23055,"MainThread",54827958444181,234375,"Running","[NULL]","[NULL]"
23055,"MainThread",54827958678556,35209,"R+","[NULL]","[NULL]"
23055,"MainThread",54827958713765,74625,"Running","[NULL]","[NULL]"
23055,"MainThread",54827958788390,16337000,"S","[NULL]","[NULL]"
23055,"MainThread",54827975125390,161458,"R","[NULL]","[NULL]"
23055,"MainThread",54827975286848,952000,"Running","[NULL]","[NULL]"
23055,"MainThread",54827976238848,5625,"R","[NULL]","[NULL]"
23055,"MainThread",54827976244473,186875,"Running","[NULL]","[NULL]"
23055,"MainThread",54827976431348,18844333,"S","[NULL]","[NULL]"
23055,"MainThread",54827995275681,140834,"R","[NULL]","[NULL]"
23055,"MainThread",54827995416515,422541,"Running","[NULL]","[NULL]"
23055,"MainThread",54827995839056,13495542,"S","[NULL]","[NULL]"
23055,"MainThread",54828009334598,152000,"R","[NULL]","[NULL]"
23055,"MainThread",54828009486598,294417,"Running","[NULL]","[NULL]"
23055,"MainThread",54828009781015,15305208,"S","[NULL]","[NULL]"
23055,"MainThread",54828025086223,184167,"R","[NULL]","[NULL]"
23055,"MainThread",54828025270390,187000,"Running","[NULL]","[NULL]"
23055,"MainThread",54828025457390,16205166,"S","[NULL]","[NULL]"
23055,"MainThread",54828041662556,195000,"R","[NULL]","[NULL]"
23055,"MainThread",54828041857556,169584,"Running","[NULL]","[NULL]"
23055,"MainThread",54828042027140,16732291,"S","[NULL]","[NULL]"
23055,"MainThread",54828058759431,186209,"R","[NULL]","[NULL]"
23055,"MainThread",54828058945640,179750,"Running","[NULL]","[NULL]"
23055,"MainThread",54828059125390,18386875,"S","[NULL]","[NULL]"
23055,"MainThread",54828077512265,50625,"R","[NULL]","[NULL]"
23055,"MainThread",54828077562890,761458,"Running","[NULL]","[NULL]"
23055,"MainThread",54828078324348,57792,"R+","[NULL]","[NULL]"
23055,"MainThread",54828078382140,106125,"Running","[NULL]","[NULL]"
23055,"MainThread",54828078488265,16434333,"S","[NULL]","[NULL]"
23055,"MainThread",54828094922598,173542,"R","[NULL]","[NULL]"
23055,"MainThread",54828095096140,104500,"Running","[NULL]","[NULL]"
23055,"MainThread",54828095200640,328500,"R","[NULL]","[NULL]"
23055,"MainThread",54828095529140,243416,"Running","[NULL]","[NULL]"
23055,"MainThread",54828095772556,28042,"R+","[NULL]","[NULL]"
23055,"MainThread",54828095800598,73958,"Running","[NULL]","[NULL]"
23055,"MainThread",54828095874556,13096125,"S","[NULL]","[NULL]"
23055,"MainThread",54828108970681,217167,"R","[NULL]","[NULL]"
23055,"MainThread",54828109187848,414125,"Running","[NULL]","[NULL]"
23055,"MainThread",54828109601973,34958,"R+","[NULL]","[NULL]"
23055,"MainThread",54828109636931,76334,"Running","[NULL]","[NULL]"
23055,"MainThread",54828109713265,19685708,"S","[NULL]","[NULL]"
23055,"MainThread",54828129398973,214208,"R","[NULL]","[NULL]"
23055,"MainThread",54828129613181,475959,"Running","[NULL]","[NULL]"
23055,"MainThread",54828130089140,23261583,"S","[NULL]","[NULL]"
23055,"MainThread",54828153350723,149750,"R","[NULL]","[NULL]"
23055,"MainThread",54828153500473,991417,"Running","[NULL]","[NULL]"
23055,"MainThread",54828154491890,45791,"R+","[NULL]","[NULL]"
23055,"MainThread",54828154537681,88292,"Running","[NULL]","[NULL]"
23055,"MainThread",54828154625973,3498292,"S","[NULL]","[NULL]"
23055,"MainThread",54828158124265,145000,"R","[NULL]","[NULL]"
23055,"MainThread",54828158269265,66458,"Running","[NULL]","[NULL]"
23055,"MainThread",54828158335723,17167,"R+","[NULL]","[NULL]"
23055,"MainThread",54828158352890,21875,"Running","[NULL]","[NULL]"
23055,"MainThread",54828158374765,22061500,"S","[NULL]","[NULL]"
23055,"MainThread",54828180436265,144375,"R","[NULL]","[NULL]"
23055,"MainThread",54828180580640,739541,"Running","[NULL]","[NULL]"
23055,"MainThread",54828181320181,44084,"R+","[NULL]","[NULL]"
23055,"MainThread",54828181364265,226833,"Running","[NULL]","[NULL]"
23055,"MainThread",54828181591098,13735708,"S","[NULL]","[NULL]"
23055,"MainThread",54828195326806,150250,"R","[NULL]","[NULL]"
23055,"MainThread",54828195477056,433084,"Running","[NULL]","[NULL]"
23055,"MainThread",54828195910140,12742625,"S","[NULL]","[NULL]"
23055,"MainThread",54828208652765,149875,"R","[NULL]","[NULL]"
23055,"MainThread",54828208802640,171333,"Running","[NULL]","[NULL]"
23055,"MainThread",54828208973973,16477584,"S","[NULL]","[NULL]"
23055,"MainThread",54828225451557,168916,"R","[NULL]","[NULL]"
23055,"MainThread",54828225620473,771875,"Running","[NULL]","[NULL]"
23055,"MainThread",54828226392348,20152459,"S","[NULL]","[NULL]"
23055,"MainThread",54828246544807,117958,"R","[NULL]","[NULL]"
23055,"MainThread",54828246662765,396042,"Running","[NULL]","[NULL]"
23055,"MainThread",54828247058807,27291,"R+","[NULL]","[NULL]"
23055,"MainThread",54828247086098,66334,"Running","[NULL]","[NULL]"
23055,"MainThread",54828247152432,12831666,"S","[NULL]","[NULL]"
23055,"MainThread",54828259984098,807084,"R","[NULL]","[NULL]"
23055,"MainThread",54828260791182,345125,"Running","[NULL]","[NULL]"
23055,"MainThread",54828261136307,31333,"R+","[NULL]","[NULL]"
23055,"MainThread",54828261167640,195875,"Running","[NULL]","[NULL]"
23055,"MainThread",54828261363515,101000,"R","[NULL]","[NULL]"
23055,"MainThread",54828261464515,56458,"Running","[NULL]","[NULL]"
23055,"MainThread",54828261520973,16204625,"S","[NULL]","[NULL]"
23055,"MainThread",54828277725598,475000,"R","[NULL]","[NULL]"
23055,"MainThread",54828278200598,157292,"Running","[NULL]","[NULL]"
23055,"MainThread",54828278357890,20958,"R+","[NULL]","[NULL]"
23055,"MainThread",54828278378848,51792,"Running","[NULL]","[NULL]"
23055,"MainThread",54828278430640,18026750,"S","[NULL]","[NULL]"
23055,"MainThread",54828296457390,236458,"R","[NULL]","[NULL]"
23055,"MainThread",54828296693848,558250,"Running","[NULL]","[NULL]"
23055,"MainThread",54828297252098,52875,"R+","[NULL]","[NULL]"
23055,"MainThread",54828297304973,118750,"Running","[NULL]","[NULL]"
23055,"MainThread",54828297423723,11568584,"S","[NULL]","[NULL]"
23055,"MainThread",54828308992307,339458,"R","[NULL]","[NULL]"
23055,"MainThread",54828309331765,370375,"Running","[NULL]","[NULL]"
23055,"MainThread",54828309702140,29417,"R+","[NULL]","[NULL]"
23055,"MainThread",54828309731557,68041,"Running","[NULL]","[NULL]"
23055,"MainThread",54828309799598,22377000,"S","[NULL]","[NULL]"
23055,"MainThread",54828332176598,265542,"R","[NULL]","[NULL]"
23055,"MainThread",54828332442140,932583,"Running","[NULL]","[NULL]"
23055,"MainThread",54828333374723,10197625,"S","[NULL]","[NULL]"
23055,"MainThread",54828343572348,236834,"R","[NULL]","[NULL]"
23055,"MainThread",54828343809182,892708,"Running","[NULL]","[NULL]"
23055,"MainThread",54828344701890,4542,"R","[NULL]","[NULL]"
23055,"MainThread",54828344706432,11916,"Running","[NULL]","[NULL]"
23055,"MainThread",54828344718348,13630250,"S","[NULL]","[NULL]"
23055,"MainThread",54828358348598,212625,"R","[NULL]","[NULL]"
23055,"MainThread",54828358561223,80375,"Running","[NULL]","[NULL]"
23055,"MainThread",54828358641598,21084,"R","[NULL]","[NULL]"
23055,"MainThread",54828358662682,601791,"Running","[NULL]","[NULL]"
23055,"MainThread",54828359264473,19383542,"S","[NULL]","[NULL]"
23055,"MainThread",54828378648015,174542,"R","[NULL]","[NULL]"
23055,"MainThread",54828378822557,611958,"Running","[NULL]","[NULL]"
23055,"MainThread",54828379434515,25958,"R+","[NULL]","[NULL]"
23055,"MainThread",54828379460473,112500,"Running","[NULL]","[NULL]"
23055,"MainThread",54828379572973,434375,"R","[NULL]","[NULL]"
23055,"MainThread",54828380007348,188750,"Running","[NULL]","[NULL]"
23055,"MainThread",54828380196098,12541334,"S","[NULL]","[NULL]"
23055,"MainThread",54828392737432,130375,"R","[NULL]","[NULL]"
23055,"MainThread",54828392867807,146541,"Running","[NULL]","[NULL]"
23055,"MainThread",54828393014348,16060167,"S","[NULL]","[NULL]"
23055,"MainThread",54828409074515,90875,"R","[NULL]","[NULL]"
23055,"MainThread",54828409165390,331875,"Running","[NULL]","[NULL]"
23055,"MainThread",54828409497265,17875,"R+","[NULL]","[NULL]"
23055,"MainThread",54828409515140,62208,"Running","[NULL]","[NULL]"
23055,"MainThread",54828409577348,17569834,"S","[NULL]","[NULL]"
23055,"MainThread",54828427147182,30500,"R","[NULL]","[NULL]"
23055,"MainThread",54828427177682,62458,"Running","[NULL]","[NULL]"
23055,"MainThread",54828427240140,22917,"R+","[NULL]","[NULL]"
23055,"MainThread",54828427263057,31333,"Running","[NULL]","[NULL]"
23055,"MainThread",54828427294390,20831250,"S","[NULL]","[NULL]"
23055,"MainThread",54828448125640,81667,"R","[NULL]","[NULL]"
23055,"MainThread",54828448207307,211625,"Running","[NULL]","[NULL]"
23055,"MainThread",54828448418932,10009791,"S","[NULL]","[NULL]"
23055,"MainThread",54828458428723,52125,"R","[NULL]","[NULL]"
23055,"MainThread",54828458480848,41750,"Running","[NULL]","[NULL]"
23055,"MainThread",54828458522598,2459,"R","[NULL]","[NULL]"
23055,"MainThread",54828458525057,86666,"Running","[NULL]","[NULL]"
23055,"MainThread",54828458611723,16410334,"S","[NULL]","[NULL]"
23055,"MainThread",54828475022057,72833,"R","[NULL]","[NULL]"
23055,"MainThread",54828475094890,158625,"Running","[NULL]","[NULL]"
23055,"MainThread",54828475253515,13167,"R+","[NULL]","[NULL]"
23055,"MainThread",54828475266682,39500,"Running","[NULL]","[NULL]"
23055,"MainThread",54828475306182,20985333,"S","[NULL]","[NULL]"
23055,"MainThread",54828496291515,27792,"R","[NULL]","[NULL]"
23055,"MainThread",54828496319307,42166,"Running","[NULL]","[NULL]"
23055,"MainThread",54828496361473,6709,"R+","[NULL]","[NULL]"
23055,"MainThread",54828496368182,14583,"Running","[NULL]","[NULL]"
23055,"MainThread",54828496382765,12891625,"S","[NULL]","[NULL]"
23055,"MainThread",54828509274390,31750,"R","[NULL]","[NULL]"
23055,"MainThread",54828509306140,84500,"Running","[NULL]","[NULL]"
23055,"MainThread",54828509390640,20158667,"S","[NULL]","[NULL]"
23055,"MainThread",54828529549307,135208,"R","[NULL]","[NULL]"
23055,"MainThread",54828529684515,154792,"Running","[NULL]","[NULL]"
23055,"MainThread",54828529839307,11868750,"S","[NULL]","[NULL]"
23055,"MainThread",54828541708057,85541,"R","[NULL]","[NULL]"
23055,"MainThread",54828541793598,91375,"Running","[NULL]","[NULL]"
23055,"MainThread",54828541884973,16302750,"S","[NULL]","[NULL]"
23055,"MainThread",54828558187723,91125,"R","[NULL]","[NULL]"
23055,"MainThread",54828558278848,88709,"Running","[NULL]","[NULL]"
23055,"MainThread",54828558367557,16246916,"S","[NULL]","[NULL]"
23055,"MainThread",54828574614473,158000,"R","[NULL]","[NULL]"
23055,"MainThread",54828574772473,98417,"Running","[NULL]","[NULL]"
23055,"MainThread",54828574870890,17670167,"S","[NULL]","[NULL]"
23055,"MainThread",54828592541057,110791,"R","[NULL]","[NULL]"
23055,"MainThread",54828592651848,99792,"Running","[NULL]","[NULL]"
23055,"MainThread",54828592751640,15092917,"S","[NULL]","[NULL]"
23055,"MainThread",54828607844557,179833,"R","[NULL]","[NULL]"
23055,"MainThread",54828608024390,111583,"Running","[NULL]","[NULL]"
23055,"MainThread",54828608135973,16435625,"S","[NULL]","[NULL]"
23055,"MainThread",54828624571598,89209,"R","[NULL]","[NULL]"
23055,"MainThread",54828624660807,168916,"Running","[NULL]","[NULL]"
23055,"MainThread",54828624829723,21284042,"S","[NULL]","[NULL]"
23055,"MainThread",54828646113765,130917,"R","[NULL]","[NULL]"
23055,"MainThread",54828646244682,101333,"Running","[NULL]","[NULL]"
23055,"MainThread",54828646346015,11854500,"S","[NULL]","[NULL]"
23055,"MainThread",54828658200515,131333,"R","[NULL]","[NULL]"
23055,"MainThread",54828658331848,71417,"Running","[NULL]","[NULL]"
23055,"MainThread",54828658403265,15708,"R+","[NULL]","[NULL]"
23055,"MainThread",54828658418973,28042,"Running","[NULL]","[NULL]"
23055,"MainThread",54828658447015,17503708,"S","[NULL]","[NULL]"
23055,"MainThread",54828675950723,47000,"R","[NULL]","[NULL]"
23055,"MainThread",54828675997723,327042,"Running","[NULL]","[NULL]"
23055,"MainThread",54828676324765,36500,"R+","[NULL]","[NULL]"
23055,"MainThread",54828676361265,71458,"Running","[NULL]","[NULL]"
23055,"MainThread",54828676432723,13334,"R+","[NULL]","[NULL]"
23055,"MainThread",54828676446057,29583,"Running","[NULL]","[NULL]"
23055,"MainThread",54828676475640,16061208,"S","[NULL]","[NULL]"
23055,"MainThread",54828692536848,170625,"R","[NULL]","[NULL]"
23055,"MainThread",54828692707473,185209,"Running","[NULL]","[NULL]"
23055,"MainThread",54828692892682,16020458,"S","[NULL]","[NULL]"
23055,"MainThread",54828708913140,184167,"R","[NULL]","[NULL]"
23055,"MainThread",54828709097307,215041,"Running","[NULL]","[NULL]"
23055,"MainThread",54828709312348,17303125,"S","[NULL]","[NULL]"
23055,"MainThread",54828726615473,1818792,"R","[NULL]","[NULL]"
23055,"MainThread",54828728434265,996083,"Running","[NULL]","[NULL]"
23055,"MainThread",54828729430348,14916875,"S","[NULL]","[NULL]"
23055,"MainThread",54828744347223,132042,"R","[NULL]","[NULL]"
23055,"MainThread",54828744479265,308625,"Running","[NULL]","[NULL]"
23055,"MainThread",54828744787890,24583,"R+","[NULL]","[NULL]"
23055,"MainThread",54828744812473,54084,"Running","[NULL]","[NULL]"
23055,"MainThread",54828744866557,13163958,"S","[NULL]","[NULL]"
23055,"MainThread",54828758030515,125708,"R","[NULL]","[NULL]"
23055,"MainThread",54828758156223,252084,"Running","[NULL]","[NULL]"
23055,"MainThread",54828758408307,20541,"R+","[NULL]","[NULL]"
23055,"MainThread",54828758428848,57209,"Running","[NULL]","[NULL]"
23055,"MainThread",54828758486057,16835750,"S","[NULL]","[NULL]"
23055,"MainThread",54828775321807,284708,"R","[NULL]","[NULL]"
23055,"MainThread",54828775606515,350375,"Running","[NULL]","[NULL]"
23055,"MainThread",54828775956890,23000,"R+","[NULL]","[NULL]"
23055,"MainThread",54828775979890,247833,"Running","[NULL]","[NULL]"
23055,"MainThread",54828776227723,18003250,"S","[NULL]","[NULL]"
23055,"MainThread",54828794230973,1731625,"R","[NULL]","[NULL]"
23055,"MainThread",54828795962598,798625,"Running","[NULL]","[NULL]"
23055,"MainThread",54828796761223,96167,"R+","[NULL]","[NULL]"
23055,"MainThread",54828796857390,93500,"Running","[NULL]","[NULL]"
23055,"MainThread",54828796950890,12175167,"S","[NULL]","[NULL]"
23055,"MainThread",54828809126057,86791,"R","[NULL]","[NULL]"
23055,"MainThread",54828809212848,559167,"Running","[NULL]","[NULL]"
23055,"MainThread",54828809772015,14812375,"S","[NULL]","[NULL]"
23055,"MainThread",54828824584390,82083,"R","[NULL]","[NULL]"
23055,"MainThread",54828824666473,192750,"Running","[NULL]","[NULL]"
23055,"MainThread",54828824859223,23750,"R+","[NULL]","[NULL]"
23055,"MainThread",54828824882973,30209,"Running","[NULL]","[NULL]"
23055,"MainThread",54828824913182,25703208,"S","[NULL]","[NULL]"
23055,"MainThread",54828850616390,502292,"R","[NULL]","[NULL]"
23055,"MainThread",54828851118682,259666,"Running","[NULL]","[NULL]"
23055,"MainThread",54828851378348,27459,"R+","[NULL]","[NULL]"
23055,"MainThread",54828851405807,73208,"Running","[NULL]","[NULL]"
23055,"MainThread",54828851479015,8896000,"S","[NULL]","[NULL]"
23055,"MainThread",54828860375015,152625,"R","[NULL]","[NULL]"
23055,"MainThread",54828860527640,386000,"Running","[NULL]","[NULL]"
23055,"MainThread",54828860913640,45500,"R+","[NULL]","[NULL]"
23055,"MainThread",54828860959140,67250,"Running","[NULL]","[NULL]"
23055,"MainThread",54828861026390,20267417,"S","[NULL]","[NULL]"
23055,"MainThread",54828881293807,118916,"R","[NULL]","[NULL]"
23055,"MainThread",54828881412723,155417,"Running","[NULL]","[NULL]"
23055,"MainThread",54828881568140,10417,"R+","[NULL]","[NULL]"
23055,"MainThread",54828881578557,25666,"Running","[NULL]","[NULL]"
23055,"MainThread",54828881604223,10248917,"S","[NULL]","[NULL]"
23055,"MainThread",54828891853140,566792,"R","[NULL]","[NULL]"
23055,"MainThread",54828892419932,221375,"Running","[NULL]","[NULL]"
23055,"MainThread",54828892641307,26000,"R+","[NULL]","[NULL]"
23055,"MainThread",54828892667307,79583,"Running","[NULL]","[NULL]"
23055,"MainThread",54828892746890,16151250,"S","[NULL]","[NULL]"
23055,"MainThread",54828908898140,133167,"R","[NULL]","[NULL]"
23055,"MainThread",54828909031307,140916,"Running","[NULL]","[NULL]"
23055,"MainThread",54828909172223,12625,"R+","[NULL]","[NULL]"
23055,"MainThread",54828909184848,25209,"Running","[NULL]","[NULL]"
23055,"MainThread",54828909210057,23644875,"S","[NULL]","[NULL]"
23055,"MainThread",54828932854932,236208,"R","[NULL]","[NULL]"
23055,"MainThread",54828933091140,563959,"Running","[NULL]","[NULL]"
23055,"MainThread",54828933655099,39666,"R+","[NULL]","[NULL]"
23055,"MainThread",54828933694765,87792,"Running","[NULL]","[NULL]"
23055,"MainThread",54828933782557,8951583,"S","[NULL]","[NULL]"
23055,"MainThread",54828942734140,3011542,"R","[NULL]","[NULL]"
23055,"MainThread",54828945745682,320250,"Running","[NULL]","[NULL]"
23055,"MainThread",54828946065932,46125,"R+","[NULL]","[NULL]"
23055,"MainThread",54828946112057,63375,"Running","[NULL]","[NULL]"
23055,"MainThread",54828946175432,18772000,"S","[NULL]","[NULL]"
23055,"MainThread",54828964947432,149750,"R","[NULL]","[NULL]"
23055,"MainThread",54828965097182,221167,"Running","[NULL]","[NULL]"
23055,"MainThread",54828965318349,19833,"R+","[NULL]","[NULL]"
23055,"MainThread",54828965338182,29125,"Running","[NULL]","[NULL]"
23055,"MainThread",54828965367307,11649125,"S","[NULL]","[NULL]"
23055,"MainThread",54828977016432,78458,"R","[NULL]","[NULL]"
23055,"MainThread",54828977094890,220334,"Running","[NULL]","[NULL]"
23055,"MainThread",54828977315224,12291,"R+","[NULL]","[NULL]"
23055,"MainThread",54828977327515,38792,"Running","[NULL]","[NULL]"
23055,"MainThread",54828977366307,14152792,"S","[NULL]","[NULL]"
23055,"MainThread",54828991519099,259750,"R","[NULL]","[NULL]"
23055,"MainThread",54828991778849,717083,"Running","[NULL]","[NULL]"
23055,"MainThread",54828992495932,16143833,"S","[NULL]","[NULL]"
23055,"MainThread",54829008639765,249709,"R","[NULL]","[NULL]"
23055,"MainThread",54829008889474,457041,"Running","[NULL]","[NULL]"
23055,"MainThread",54829009346515,30625,"R+","[NULL]","[NULL]"
23055,"MainThread",54829009377140,95000,"Running","[NULL]","[NULL]"
23055,"MainThread",54829009472140,19847375,"S","[NULL]","[NULL]"
23055,"MainThread",54829029319515,116084,"R","[NULL]","[NULL]"
23055,"MainThread",54829029435599,364000,"Running","[NULL]","[NULL]"
23055,"MainThread",54829029799599,14932916,"S","[NULL]","[NULL]"
23055,"MainThread",54829044732515,55375,"R","[NULL]","[NULL]"
23055,"MainThread",54829044787890,571209,"Running","[NULL]","[NULL]"
23055,"MainThread",54829045359099,16571041,"S","[NULL]","[NULL]"
23055,"MainThread",54829061930140,265959,"R","[NULL]","[NULL]"
23055,"MainThread",54829062196099,476750,"Running","[NULL]","[NULL]"
23055,"MainThread",54829062672849,13065750,"S","[NULL]","[NULL]"
23055,"MainThread",54829075738599,398833,"R","[NULL]","[NULL]"
23055,"MainThread",54829076137432,512542,"Running","[NULL]","[NULL]"
23055,"MainThread",54829076649974,19500,"R+","[NULL]","[NULL]"
23055,"MainThread",54829076669474,258833,"Running","[NULL]","[NULL]"
23055,"MainThread",54829076928307,15584375,"S","[NULL]","[NULL]"
23055,"MainThread",54829092512682,80750,"R","[NULL]","[NULL]"
23055,"MainThread",54829092593432,522833,"Running","[NULL]","[NULL]"
23055,"MainThread",54829093116265,15651750,"S","[NULL]","[NULL]"
23055,"MainThread",54829108768015,151459,"R","[NULL]","[NULL]"
23055,"MainThread",54829108919474,317416,"Running","[NULL]","[NULL]"
23055,"MainThread",54829109236890,16439084,"S","[NULL]","[NULL]"
23055,"MainThread",54829125675974,231125,"R","[NULL]","[NULL]"
23055,"MainThread",54829125907099,514250,"Running","[NULL]","[NULL]"
23055,"MainThread",54829126421349,20464416,"S","[NULL]","[NULL]"
23055,"MainThread",54829146885765,263959,"R","[NULL]","[NULL]"
23055,"MainThread",54829147149724,552000,"Running","[NULL]","[NULL]"
23055,"MainThread",54829147701724,42416,"R+","[NULL]","[NULL]"
23055,"MainThread",54829147744140,82000,"Running","[NULL]","[NULL]"
23055,"MainThread",54829147826140,13633084,"S","[NULL]","[NULL]"
23055,"MainThread",54829161459224,329083,"R","[NULL]","[NULL]"
23055,"MainThread",54829161788307,318708,"Running","[NULL]","[NULL]"
23055,"MainThread",54829162107015,17244375,"S","[NULL]","[NULL]"
23055,"MainThread",54829179351390,288417,"R","[NULL]","[NULL]"
23055,"MainThread",54829179639807,552375,"Running","[NULL]","[NULL]"
23055,"MainThread",54829180192182,13146750,"S","[NULL]","[NULL]"
23055,"MainThread",54829193338932,572292,"R","[NULL]","[NULL]"
23055,"MainThread",54829193911224,263666,"Running","[NULL]","[NULL]"
23055,"MainThread",54829194174890,29792,"R+","[NULL]","[NULL]"
23055,"MainThread",54829194204682,64333,"Running","[NULL]","[NULL]"
23055,"MainThread",54829194269015,16079584,"S","[NULL]","[NULL]"
23055,"MainThread",54829210348599,89166,"R","[NULL]","[NULL]"
23055,"MainThread",54829210437765,566375,"Running","[NULL]","[NULL]"
23055,"MainThread",54829211004140,124959,"R+","[NULL]","[NULL]"
23055,"MainThread",54829211129099,251166,"Running","[NULL]","[NULL]"
23055,"MainThread",54829211380265,15498167,"S","[NULL]","[NULL]"
23055,"MainThread",54829226878432,112500,"R","[NULL]","[NULL]"
23055,"MainThread",54829226990932,301875,"Running","[NULL]","[NULL]"
23055,"MainThread",54829227292807,27375,"R+","[NULL]","[NULL]"
23055,"MainThread",54829227320182,56167,"Running","[NULL]","[NULL]"
23055,"MainThread",54829227376349,21723875,"S","[NULL]","[NULL]"
23055,"MainThread",54829249100224,584000,"R","[NULL]","[NULL]"
23055,"MainThread",54829249684224,723208,"Running","[NULL]","[NULL]"
23055,"MainThread",54829250407432,10119458,"S","[NULL]","[NULL]"
23055,"MainThread",54829260526890,46417,"R","[NULL]","[NULL]"
23055,"MainThread",54829260573307,246083,"Running","[NULL]","[NULL]"
23055,"MainThread",54829260819390,43292,"R+","[NULL]","[NULL]"
23055,"MainThread",54829260862682,61083,"Running","[NULL]","[NULL]"
23055,"MainThread",54829260923765,17890959,"S","[NULL]","[NULL]"
23055,"MainThread",54829278814724,271500,"R","[NULL]","[NULL]"
23055,"MainThread",54829279086224,459041,"Running","[NULL]","[NULL]"
23055,"MainThread",54829279545265,14831250,"S","[NULL]","[NULL]"
23055,"MainThread",54829294376515,41959,"R","[NULL]","[NULL]"
23055,"MainThread",54829294418474,228208,"Running","[NULL]","[NULL]"
23055,"MainThread",54829294646682,13564333,"S","[NULL]","[NULL]"
23055,"MainThread",54829308211015,85000,"R","[NULL]","[NULL]"
23055,"MainThread",54829308296015,181459,"Running","[NULL]","[NULL]"
23055,"MainThread",54829308477474,16136583,"S","[NULL]","[NULL]"
23055,"MainThread",54829324614057,105125,"R","[NULL]","[NULL]"
23055,"MainThread",54829324719182,100875,"Running","[NULL]","[NULL]"
23055,"MainThread",54829324820057,19450958,"S","[NULL]","[NULL]"
23055,"MainThread",54829344271015,28709,"R","[NULL]","[NULL]"
23055,"MainThread",54829344299724,226625,"Running","[NULL]","[NULL]"
23055,"MainThread",54829344526349,16051000,"S","[NULL]","[NULL]"
23055,"MainThread",54829360577349,108583,"R","[NULL]","[NULL]"
23055,"MainThread",54829360685932,66958,"Running","[NULL]","[NULL]"
23055,"MainThread",54829360752890,13959,"R+","[NULL]","[NULL]"
23055,"MainThread",54829360766849,21708,"Running","[NULL]","[NULL]"
23055,"MainThread",54829360788557,14212208,"S","[NULL]","[NULL]"
23055,"MainThread",54829375000765,130125,"R","[NULL]","[NULL]"
23055,"MainThread",54829375130890,230667,"Running","[NULL]","[NULL]"
23055,"MainThread",54829375361557,16192833,"S","[NULL]","[NULL]"
23055,"MainThread",54829391554390,128125,"R","[NULL]","[NULL]"
23055,"MainThread",54829391682515,129875,"Running","[NULL]","[NULL]"
23055,"MainThread",54829391812390,16852375,"S","[NULL]","[NULL]"
23055,"MainThread",54829408664765,249750,"R","[NULL]","[NULL]"
23055,"MainThread",54829408914515,91167,"Running","[NULL]","[NULL]"
23055,"MainThread",54829409005682,18875,"R+","[NULL]","[NULL]"
23055,"MainThread",54829409024557,32458,"Running","[NULL]","[NULL]"
23055,"MainThread",54829409057015,16901375,"S","[NULL]","[NULL]"
23055,"MainThread",54829425958390,142125,"R","[NULL]","[NULL]"
23055,"MainThread",54829426100515,87292,"Running","[NULL]","[NULL]"
23055,"MainThread",54829426187807,16667,"R+","[NULL]","[NULL]"
23055,"MainThread",54829426204474,92250,"Running","[NULL]","[NULL]"
23055,"MainThread",54829426296724,16279791,"S","[NULL]","[NULL]"
23055,"MainThread",54829442576515,171250,"R","[NULL]","[NULL]"
23055,"MainThread",54829442747765,153625,"Running","[NULL]","[NULL]"
23055,"MainThread",54829442901390,15349709,"S","[NULL]","[NULL]"
23055,"MainThread",54829458251099,187208,"R","[NULL]","[NULL]"
23055,"MainThread",54829458438307,167375,"Running","[NULL]","[NULL]"
23055,"MainThread",54829458605682,28160542,"S","[NULL]","[NULL]"
23055,"MainThread",54829486766224,421666,"R","[NULL]","[NULL]"
23055,"MainThread",54829487187890,254500,"Running","[NULL]","[NULL]"
23055,"MainThread",54829487442390,4214584,"S","[NULL]","[NULL]"
23055,"MainThread",54829491656974,304333,"R","[NULL]","[NULL]"
23055,"MainThread",54829491961307,574042,"Running","[NULL]","[NULL]"
23055,"MainThread",54829492535349,17213833,"S","[NULL]","[NULL]"
23055,"MainThread",54829509749182,62500,"R","[NULL]","[NULL]"
23055,"MainThread",54829509811682,705417,"Running","[NULL]","[NULL]"
23055,"MainThread",54829510517099,48875,"R+","[NULL]","[NULL]"
23055,"MainThread",54829510565974,80833,"Running","[NULL]","[NULL]"
23055,"MainThread",54829510646807,22650958,"S","[NULL]","[NULL]"
23055,"MainThread",54829533297765,220834,"R","[NULL]","[NULL]"
23055,"MainThread",54829533518599,587875,"Running","[NULL]","[NULL]"
23055,"MainThread",54829534106474,48000,"R+","[NULL]","[NULL]"
23055,"MainThread",54829534154474,104916,"Running","[NULL]","[NULL]"
23055,"MainThread",54829534259390,10923709,"S","[NULL]","[NULL]"
23055,"MainThread",54829545183099,312500,"R","[NULL]","[NULL]"
23055,"MainThread",54829545495599,240833,"Running","[NULL]","[NULL]"
23055,"MainThread",54829545736432,30250,"R+","[NULL]","[NULL]"
23055,"MainThread",54829545766682,54708,"Running","[NULL]","[NULL]"
23055,"MainThread",54829545821390,12555625,"S","[NULL]","[NULL]"
23055,"MainThread",54829558377015,331334,"R","[NULL]","[NULL]"
23055,"MainThread",54829558708349,120916,"Running","[NULL]","[NULL]"
23055,"MainThread",54829558829265,23125,"R+","[NULL]","[NULL]"
23055,"MainThread",54829558852390,40417,"Running","[NULL]","[NULL]"
23055,"MainThread",54829558892807,26562208,"S","[NULL]","[NULL]"
23055,"MainThread",54829585455015,478084,"R","[NULL]","[NULL]"
23055,"MainThread",54829585933099,1328375,"Running","[NULL]","[NULL]"
23055,"MainThread",54829587261474,46041,"R+","[NULL]","[NULL]"
23055,"MainThread",54829587307515,73042,"Running","[NULL]","[NULL]"
23055,"MainThread",54829587380557,4593792,"S","[NULL]","[NULL]"
23055,"MainThread",54829591974349,118000,"R","[NULL]","[NULL]"
23055,"MainThread",54829592092349,81958,"Running","[NULL]","[NULL]"
23055,"MainThread",54829592174307,13792,"R+","[NULL]","[NULL]"
23055,"MainThread",54829592188099,40666,"Running","[NULL]","[NULL]"
23055,"MainThread",54829592228765,21971792,"S","[NULL]","[NULL]"
23055,"MainThread",54829614200557,95458,"R","[NULL]","[NULL]"
23055,"MainThread",54829614296015,640334,"Running","[NULL]","[NULL]"
23055,"MainThread",54829614936349,13033083,"S","[NULL]","[NULL]"
23055,"MainThread",54829627969432,185750,"R","[NULL]","[NULL]"
23055,"MainThread",54829628155182,298000,"Running","[NULL]","[NULL]"
23055,"MainThread",54829628453182,50042,"R+","[NULL]","[NULL]"
23055,"MainThread",54829628503224,67625,"Running","[NULL]","[NULL]"
23055,"MainThread",54829628570849,12722292,"S","[NULL]","[NULL]"
23055,"MainThread",54829641293141,281791,"R","[NULL]","[NULL]"
23055,"MainThread",54829641574932,454959,"Running","[NULL]","[NULL]"
23055,"MainThread",54829642029891,16107208,"S","[NULL]","[NULL]"
23055,"MainThread",54829658137099,129542,"R","[NULL]","[NULL]"
23055,"MainThread",54829658266641,278083,"Running","[NULL]","[NULL]"
23055,"MainThread",54829658544724,20000,"R+","[NULL]","[NULL]"
23055,"MainThread",54829658564724,38250,"Running","[NULL]","[NULL]"
23055,"MainThread",54829658602974,19718625,"S","[NULL]","[NULL]"
23055,"MainThread",54829678321599,128917,"R","[NULL]","[NULL]"
23055,"MainThread",54829678450516,76000,"Running","[NULL]","[NULL]"
23055,"MainThread",54829678526516,15500,"R+","[NULL]","[NULL]"
23055,"MainThread",54829678542016,25958,"Running","[NULL]","[NULL]"
23055,"MainThread",54829678567974,13307417,"S","[NULL]","[NULL]"
23055,"MainThread",54829691875391,138125,"R","[NULL]","[NULL]"
23055,"MainThread",54829692013516,202250,"Running","[NULL]","[NULL]"
23055,"MainThread",54829692215766,18532666,"S","[NULL]","[NULL]"
23055,"MainThread",54829710748432,157459,"R","[NULL]","[NULL]"
23055,"MainThread",54829710905891,168916,"Running","[NULL]","[NULL]"
23055,"MainThread",54829711074807,16802542,"S","[NULL]","[NULL]"
23055,"MainThread",54829727877349,149917,"R","[NULL]","[NULL]"
23055,"MainThread",54829728027266,139333,"Running","[NULL]","[NULL]"
23055,"MainThread",54829728166599,18215000,"S","[NULL]","[NULL]"
23055,"MainThread",54829746381599,266875,"R","[NULL]","[NULL]"
23055,"MainThread",54829746648474,279583,"Running","[NULL]","[NULL]"
23055,"MainThread",54829746928057,13978459,"S","[NULL]","[NULL]"
23055,"MainThread",54829760906516,178291,"R","[NULL]","[NULL]"
23055,"MainThread",54829761084807,185625,"Running","[NULL]","[NULL]"
23055,"MainThread",54829761270432,13769709,"S","[NULL]","[NULL]"
23055,"MainThread",54829775040141,312833,"R","[NULL]","[NULL]"
23055,"MainThread",54829775352974,510750,"Running","[NULL]","[NULL]"
23055,"MainThread",54829775863724,17053458,"S","[NULL]","[NULL]"
23055,"MainThread",54829792917182,108750,"R","[NULL]","[NULL]"
23055,"MainThread",54829793025932,522792,"Running","[NULL]","[NULL]"
23055,"MainThread",54829793548724,14742375,"S","[NULL]","[NULL]"
23055,"MainThread",54829808291099,151292,"R","[NULL]","[NULL]"
23055,"MainThread",54829808442391,419125,"Running","[NULL]","[NULL]"
23055,"MainThread",54829808861516,17108875,"S","[NULL]","[NULL]"
23055,"MainThread",54829825970391,41416,"R","[NULL]","[NULL]"
23055,"MainThread",54829826011807,138459,"Running","[NULL]","[NULL]"
23055,"MainThread",54829826150266,11750,"R+","[NULL]","[NULL]"
23055,"MainThread",54829826162016,30833,"Running","[NULL]","[NULL]"
23055,"MainThread",54829826192849,15474542,"S","[NULL]","[NULL]"
23055,"MainThread",54829841667391,152458,"R","[NULL]","[NULL]"
23055,"MainThread",54829841819849,211417,"Running","[NULL]","[NULL]"
23055,"MainThread",54829842031266,20458,"R+","[NULL]","[NULL]"
23055,"MainThread",54829842051724,35292,"Running","[NULL]","[NULL]"
23055,"MainThread",54829842087016,23844625,"S","[NULL]","[NULL]"
23055,"MainThread",54829865931641,136916,"R","[NULL]","[NULL]"
23055,"MainThread",54829866068557,71000,"Running","[NULL]","[NULL]"
23055,"MainThread",54829866139557,15875,"R+","[NULL]","[NULL]"
23055,"MainThread",54829866155432,27542,"Running","[NULL]","[NULL]"
23055,"MainThread",54829866182974,12582000,"S","[NULL]","[NULL]"
23055,"MainThread",54829878764974,131625,"R","[NULL]","[NULL]"
23055,"MainThread",54829878896599,66083,"Running","[NULL]","[NULL]"
23055,"MainThread",54829878962682,15500,"R+","[NULL]","[NULL]"
23055,"MainThread",54829878978182,24792,"Running","[NULL]","[NULL]"
23055,"MainThread",54829879002974,15736000,"S","[NULL]","[NULL]"
23055,"MainThread",54829894738974,152125,"R","[NULL]","[NULL]"
23055,"MainThread",54829894891099,104708,"Running","[NULL]","[NULL]"
23055,"MainThread",54829894995807,18417,"R+","[NULL]","[NULL]"
23055,"MainThread",54829895014224,27542,"Running","[NULL]","[NULL]"
23055,"MainThread",54829895041766,15333833,"S","[NULL]","[NULL]"
23055,"MainThread",54829910375599,203292,"R","[NULL]","[NULL]"
23055,"MainThread",54829910578891,201666,"Running","[NULL]","[NULL]"
23055,"MainThread",54829910780557,18030750,"S","[NULL]","[NULL]"
23055,"MainThread",54829928811307,30000,"R","[NULL]","[NULL]"
23055,"MainThread",54829928841307,90125,"Running","[NULL]","[NULL]"
23055,"MainThread",54829928931432,25875,"R+","[NULL]","[NULL]"
23055,"MainThread",54829928957307,32084,"Running","[NULL]","[NULL]"
23055,"MainThread",54829928989391,20654291,"S","[NULL]","[NULL]"
23055,"MainThread",54829949643682,440375,"R","[NULL]","[NULL]"
23055,"MainThread",54829950084057,736334,"Running","[NULL]","[NULL]"
23055,"MainThread",54829950820391,7168833,"S","[NULL]","[NULL]"
23055,"MainThread",54829957989224,467042,"R","[NULL]","[NULL]"
23055,"MainThread",54829958456266,107875,"Running","[NULL]","[NULL]"
23055,"MainThread",54829958564141,25625,"R+","[NULL]","[NULL]"
23055,"MainThread",54829958589766,52791,"Running","[NULL]","[NULL]"
23055,"MainThread",54829958642557,16232084,"S","[NULL]","[NULL]"
23055,"MainThread",54829974874641,147625,"R","[NULL]","[NULL]"
23055,"MainThread",54829975022266,316916,"Running","[NULL]","[NULL]"
23055,"MainThread",54829975339182,22459,"R+","[NULL]","[NULL]"
23055,"MainThread",54829975361641,50708,"Running","[NULL]","[NULL]"
23055,"MainThread",54829975412349,20533542,"S","[NULL]","[NULL]"
23055,"MainThread",54829995945891,163375,"R","[NULL]","[NULL]"
23055,"MainThread",54829996109266,94958,"Running","[NULL]","[NULL]"
23055,"MainThread",54829996204224,12000,"R+","[NULL]","[NULL]"
23055,"MainThread",54829996216224,60708,"Running","[NULL]","[NULL]"
23055,"MainThread",54829996276932,12341792,"S","[NULL]","[NULL]"
23055,"MainThread",54830008618724,116250,"R","[NULL]","[NULL]"
23055,"MainThread",54830008734974,116750,"Running","[NULL]","[NULL]"
23055,"MainThread",54830008851724,20878750,"S","[NULL]","[NULL]"
23055,"MainThread",54830029730474,116500,"R","[NULL]","[NULL]"
23055,"MainThread",54830029846974,136042,"Running","[NULL]","[NULL]"
23055,"MainThread",54830029983016,11509541,"S","[NULL]","[NULL]"
23055,"MainThread",54830041492557,180792,"R","[NULL]","[NULL]"
23055,"MainThread",54830041673349,112250,"Running","[NULL]","[NULL]"
23055,"MainThread",54830041785599,18015292,"S","[NULL]","[NULL]"
23055,"MainThread",54830059800891,130666,"R","[NULL]","[NULL]"
23055,"MainThread",54830059931557,324000,"Running","[NULL]","[NULL]"
23055,"MainThread",54830060255557,20239292,"S","[NULL]","[NULL]"
23055,"MainThread",54830080494849,149917,"R","[NULL]","[NULL]"
23055,"MainThread",54830080644766,354583,"Running","[NULL]","[NULL]"
23055,"MainThread",54830080999349,11249208,"S","[NULL]","[NULL]"
23055,"MainThread",54830092248557,73667,"R","[NULL]","[NULL]"
23055,"MainThread",54830092322224,79500,"Running","[NULL]","[NULL]"
23055,"MainThread",54830092401724,13917,"R+","[NULL]","[NULL]"
23055,"MainThread",54830092415641,48416,"Running","[NULL]","[NULL]"
23055,"MainThread",54830092464057,15845000,"S","[NULL]","[NULL]"
23055,"MainThread",54830108309057,161084,"R","[NULL]","[NULL]"
23055,"MainThread",54830108470141,198166,"Running","[NULL]","[NULL]"
23055,"MainThread",54830108668307,16125875,"S","[NULL]","[NULL]"
23055,"MainThread",54830124794182,136584,"R","[NULL]","[NULL]"
23055,"MainThread",54830124930766,201833,"Running","[NULL]","[NULL]"
23055,"MainThread",54830125132599,18509583,"S","[NULL]","[NULL]"
23055,"MainThread",54830143642182,69709,"R","[NULL]","[NULL]"
23055,"MainThread",54830143711891,916000,"Running","[NULL]","[NULL]"
23055,"MainThread",54830144627891,16115666,"S","[NULL]","[NULL]"
23055,"MainThread",54830160743557,102334,"R","[NULL]","[NULL]"
23055,"MainThread",54830160845891,213625,"Running","[NULL]","[NULL]"
23055,"MainThread",54830161059516,22541,"R+","[NULL]","[NULL]"
23055,"MainThread",54830161082057,43375,"Running","[NULL]","[NULL]"
23055,"MainThread",54830161125432,13742042,"S","[NULL]","[NULL]"
23055,"MainThread",54830174867474,271042,"R","[NULL]","[NULL]"
23055,"MainThread",54830175138516,506625,"Running","[NULL]","[NULL]"
23055,"MainThread",54830175645141,15974750,"S","[NULL]","[NULL]"
23055,"MainThread",54830191619891,256458,"R","[NULL]","[NULL]"
23055,"MainThread",54830191876349,701208,"Running","[NULL]","[NULL]"
23055,"MainThread",54830192577557,15591792,"S","[NULL]","[NULL]"
23055,"MainThread",54830208169349,364500,"R","[NULL]","[NULL]"
23055,"MainThread",54830208533849,455000,"Running","[NULL]","[NULL]"
23055,"MainThread",54830208988849,15824375,"S","[NULL]","[NULL]"
23055,"MainThread",54830224813224,30208,"R","[NULL]","[NULL]"
23055,"MainThread",54830224843432,528500,"Running","[NULL]","[NULL]"
23055,"MainThread",54830225371932,21301750,"S","[NULL]","[NULL]"
23055,"MainThread",54830246673682,630750,"R","[NULL]","[NULL]"
23055,"MainThread",54830247304432,1420250,"Running","[NULL]","[NULL]"
23055,"MainThread",54830248724682,10146459,"S","[NULL]","[NULL]"
23055,"MainThread",54830258871141,264750,"R","[NULL]","[NULL]"
23055,"MainThread",54830259135891,282208,"Running","[NULL]","[NULL]"
23055,"MainThread",54830259418099,24898292,"S","[NULL]","[NULL]"
23055,"MainThread",54830284316391,116666,"R","[NULL]","[NULL]"
23055,"MainThread",54830284433057,284500,"Running","[NULL]","[NULL]"
23055,"MainThread",54830284717557,6846417,"S","[NULL]","[NULL]"
23055,"MainThread",54830291563974,114042,"R","[NULL]","[NULL]"
23055,"MainThread",54830291678016,241041,"Running","[NULL]","[NULL]"
23055,"MainThread",54830291919057,17852167,"S","[NULL]","[NULL]"
23055,"MainThread",54830309771224,178083,"R","[NULL]","[NULL]"
23055,"MainThread",54830309949307,375792,"Running","[NULL]","[NULL]"
23055,"MainThread",54830310325099,20511000,"S","[NULL]","[NULL]"
23055,"MainThread",54830330836099,478750,"R","[NULL]","[NULL]"
23055,"MainThread",54830331314849,1537750,"Running","[NULL]","[NULL]"
23055,"MainThread",54830332852599,8944750,"S","[NULL]","[NULL]"
23055,"MainThread",54830341797349,243750,"R","[NULL]","[NULL]"
23055,"MainThread",54830342041099,426209,"Running","[NULL]","[NULL]"
23055,"MainThread",54830342467308,19123375,"S","[NULL]","[NULL]"
23055,"MainThread",54830361590683,233125,"R","[NULL]","[NULL]"
23055,"MainThread",54830361823808,523541,"Running","[NULL]","[NULL]"
23055,"MainThread",54830362347349,16350459,"S","[NULL]","[NULL]"
23055,"MainThread",54830378697808,161000,"R","[NULL]","[NULL]"
23055,"MainThread",54830378858808,516458,"Running","[NULL]","[NULL]"
23055,"MainThread",54830379375266,16205083,"S","[NULL]","[NULL]"
23055,"MainThread",54830395580349,174459,"R","[NULL]","[NULL]"
23055,"MainThread",54830395754808,229208,"Running","[NULL]","[NULL]"
23055,"MainThread",54830395984016,7542,"R","[NULL]","[NULL]"
23055,"MainThread",54830395991558,685125,"Running","[NULL]","[NULL]"
23055,"MainThread",54830396676683,12364125,"S","[NULL]","[NULL]"
23055,"MainThread",54830409040808,196666,"R","[NULL]","[NULL]"
23055,"MainThread",54830409237474,438292,"Running","[NULL]","[NULL]"
23055,"MainThread",54830409675766,18703792,"S","[NULL]","[NULL]"
23055,"MainThread",54830428379558,141458,"R","[NULL]","[NULL]"
23055,"MainThread",54830428521016,424333,"Running","[NULL]","[NULL]"
23055,"MainThread",54830428945349,16656709,"S","[NULL]","[NULL]"
23055,"MainThread",54830445602058,112916,"R","[NULL]","[NULL]"
23055,"MainThread",54830445714974,320334,"Running","[NULL]","[NULL]"
23055,"MainThread",54830446035308,16324083,"S","[NULL]","[NULL]"
23055,"MainThread",54830462359391,250542,"R","[NULL]","[NULL]"
23055,"MainThread",54830462609933,361500,"Running","[NULL]","[NULL]"
23055,"MainThread",54830462971433,12923000,"S","[NULL]","[NULL]"
23055,"MainThread",54830475894433,435250,"R","[NULL]","[NULL]"
23055,"MainThread",54830476329683,982375,"Running","[NULL]","[NULL]"
23055,"MainThread",54830477312058,73375,"R+","[NULL]","[NULL]"
23055,"MainThread",54830477385433,212916,"Running","[NULL]","[NULL]"
23055,"MainThread",54830477598349,14386000,"S","[NULL]","[NULL]"
23055,"MainThread",54830491984349,390334,"R","[NULL]","[NULL]"
23055,"MainThread",54830492374683,1575625,"Running","[NULL]","[NULL]"
23055,"MainThread",54830493950308,14374750,"S","[NULL]","[NULL]"
23055,"MainThread",54830508325058,148250,"R","[NULL]","[NULL]"
23055,"MainThread",54830508473308,490166,"Running","[NULL]","[NULL]"
23055,"MainThread",54830508963474,24441334,"S","[NULL]","[NULL]"
23055,"MainThread",54830533404808,325125,"R","[NULL]","[NULL]"
23055,"MainThread",54830533729933,1180166,"Running","[NULL]","[NULL]"
23055,"MainThread",54830534910099,9758000,"S","[NULL]","[NULL]"
23055,"MainThread",54830544668099,382750,"R","[NULL]","[NULL]"
23055,"MainThread",54830545050849,229917,"Running","[NULL]","[NULL]"
23055,"MainThread",54830545280766,142458,"R","[NULL]","[NULL]"
23055,"MainThread",54830545423224,7308959,"Running","[NULL]","[NULL]"
23055,"MainThread",54830552732183,238500,"R","[NULL]","[NULL]"
23055,"MainThread",54830552970683,2383958,"Running","[NULL]","[NULL]"
23055,"MainThread",54830555354641,4318167,"S","[NULL]","[NULL]"
23055,"MainThread",54830559672808,76541,"R","[NULL]","[NULL]"
23055,"MainThread",54830559749349,395292,"Running","[NULL]","[NULL]"
23055,"MainThread",54830560144641,274833,"R+","[NULL]","[NULL]"
23055,"MainThread",54830560419474,153500,"Running","[NULL]","[NULL]"
23055,"MainThread",54830560572974,1259084,"S","[NULL]","[NULL]"
23055,"MainThread",54830561832058,167375,"R","[NULL]","[NULL]"
23055,"MainThread",54830561999433,50625,"Running","[NULL]","[NULL]"
23055,"MainThread",54830562050058,14156333,"S","[NULL]","[NULL]"
23055,"MainThread",54830576206391,65458,"R","[NULL]","[NULL]"
23055,"MainThread",54830576271849,404584,"Running","[NULL]","[NULL]"
23055,"MainThread",54830576676433,30875,"R+","[NULL]","[NULL]"
23055,"MainThread",54830576707308,86541,"Running","[NULL]","[NULL]"
23055,"MainThread",54830576793849,16338209,"S","[NULL]","[NULL]"
23055,"MainThread",54830593132058,93583,"R","[NULL]","[NULL]"
23055,"MainThread",54830593225641,593250,"Running","[NULL]","[NULL]"
23055,"MainThread",54830593818891,16604375,"S","[NULL]","[NULL]"
23055,"MainThread",54830610423266,340542,"R","[NULL]","[NULL]"
23055,"MainThread",54830610763808,148291,"Running","[NULL]","[NULL]"
23055,"MainThread",54830610912099,13823709,"S","[NULL]","[NULL]"
23055,"MainThread",54830624735808,217958,"R","[NULL]","[NULL]"
23055,"MainThread",54830624953766,401708,"Running","[NULL]","[NULL]"
23055,"MainThread",54830625355474,20389625,"S","[NULL]","[NULL]"
23055,"MainThread",54830645745099,96709,"R","[NULL]","[NULL]"
23055,"MainThread",54830645841808,213416,"Running","[NULL]","[NULL]"
23055,"MainThread",54830646055224,12207167,"S","[NULL]","[NULL]"
23055,"MainThread",54830658262391,35750,"R","[NULL]","[NULL]"
23055,"MainThread",54830658298141,235167,"Running","[NULL]","[NULL]"
23055,"MainThread",54830658533308,11750,"R+","[NULL]","[NULL]"
23055,"MainThread",54830658545058,59833,"Running","[NULL]","[NULL]"
23055,"MainThread",54830658604891,16075292,"S","[NULL]","[NULL]"
23055,"MainThread",54830674680183,134541,"R","[NULL]","[NULL]"
23055,"MainThread",54830674814724,650250,"Running","[NULL]","[NULL]"
23055,"MainThread",54830675464974,16669542,"S","[NULL]","[NULL]"
23055,"MainThread",54830692134516,152958,"R","[NULL]","[NULL]"
23055,"MainThread",54830692287474,801584,"Running","[NULL]","[NULL]"
23055,"MainThread",54830693089058,15151083,"S","[NULL]","[NULL]"
23055,"MainThread",54830708240141,211542,"R","[NULL]","[NULL]"
23055,"MainThread",54830708451683,198750,"Running","[NULL]","[NULL]"
23055,"MainThread",54830708650433,23164541,"S","[NULL]","[NULL]"
23055,"MainThread",54830731814974,766625,"R","[NULL]","[NULL]"
23055,"MainThread",54830732581599,388084,"Running","[NULL]","[NULL]"
23055,"MainThread",54830732969683,10170000,"S","[NULL]","[NULL]"
23055,"MainThread",54830743139683,177083,"R","[NULL]","[NULL]"
23055,"MainThread",54830743316766,321333,"Running","[NULL]","[NULL]"
23055,"MainThread",54830743638099,17295917,"S","[NULL]","[NULL]"
23055,"MainThread",54830760934016,42375,"R","[NULL]","[NULL]"
23055,"MainThread",54830760976391,426292,"Running","[NULL]","[NULL]"
23055,"MainThread",54830761402683,17206708,"S","[NULL]","[NULL]"
23055,"MainThread",54830778609391,1074000,"R","[NULL]","[NULL]"
23055,"MainThread",54830779683391,600333,"Running","[NULL]","[NULL]"
23055,"MainThread",54830780283724,15134209,"S","[NULL]","[NULL]"
23055,"MainThread",54830795417933,145125,"R","[NULL]","[NULL]"
23055,"MainThread",54830795563058,778083,"Running","[NULL]","[NULL]"
23055,"MainThread",54830796341141,7625,"R+","[NULL]","[NULL]"
23055,"MainThread",54830796348766,286875,"Running","[NULL]","[NULL]"
23055,"MainThread",54830796635641,14466708,"S","[NULL]","[NULL]"
23055,"MainThread",54830811102349,171834,"R","[NULL]","[NULL]"
23055,"MainThread",54830811274183,813291,"Running","[NULL]","[NULL]"
23055,"MainThread",54830812087474,12797625,"S","[NULL]","[NULL]"
23055,"MainThread",54830824885099,212292,"R","[NULL]","[NULL]"
23055,"MainThread",54830825097391,309583,"Running","[NULL]","[NULL]"
23055,"MainThread",54830825406974,17370125,"S","[NULL]","[NULL]"
23055,"MainThread",54830842777099,320709,"R","[NULL]","[NULL]"
23055,"MainThread",54830843097808,273041,"Running","[NULL]","[NULL]"
23055,"MainThread",54830843370849,22073250,"S","[NULL]","[NULL]"
23055,"MainThread",54830865444099,554042,"R","[NULL]","[NULL]"
23055,"MainThread",54830865998141,348083,"Running","[NULL]","[NULL]"
23055,"MainThread",54830866346224,39125,"R+","[NULL]","[NULL]"
23055,"MainThread",54830866385349,74459,"Running","[NULL]","[NULL]"
23055,"MainThread",54830866459808,8946333,"S","[NULL]","[NULL]"
23055,"MainThread",54830875406141,52792,"R","[NULL]","[NULL]"
23055,"MainThread",54830875458933,279833,"Running","[NULL]","[NULL]"
23055,"MainThread",54830875738766,20792,"R+","[NULL]","[NULL]"
23055,"MainThread",54830875759558,68416,"Running","[NULL]","[NULL]"
23055,"MainThread",54830875827974,23529750,"S","[NULL]","[NULL]"
23055,"MainThread",54830899357724,101042,"R","[NULL]","[NULL]"
23055,"MainThread",54830899458766,110250,"Running","[NULL]","[NULL]"
23055,"MainThread",54830899569016,19625,"R+","[NULL]","[NULL]"
23055,"MainThread",54830899588641,49333,"Running","[NULL]","[NULL]"
23055,"MainThread",54830899637974,9178542,"S","[NULL]","[NULL]"
23055,"MainThread",54830908816516,210000,"R","[NULL]","[NULL]"
23055,"MainThread",54830909026516,118125,"Running","[NULL]","[NULL]"
23055,"MainThread",54830909144641,69083,"R+","[NULL]","[NULL]"
23055,"MainThread",54830909213724,49417,"Running","[NULL]","[NULL]"
23055,"MainThread",54830909263141,21407833,"S","[NULL]","[NULL]"
23055,"MainThread",54830930670974,77917,"R","[NULL]","[NULL]"
23055,"MainThread",54830930748891,1133625,"Running","[NULL]","[NULL]"
23055,"MainThread",54830931882516,79417,"R+","[NULL]","[NULL]"
23055,"MainThread",54830931961933,293625,"Running","[NULL]","[NULL]"
23055,"MainThread",54830932255558,12537000,"S","[NULL]","[NULL]"
23055,"MainThread",54830944792558,81708,"R","[NULL]","[NULL]"
23055,"MainThread",54830944874266,365125,"Running","[NULL]","[NULL]"
23055,"MainThread",54830945239391,15869625,"S","[NULL]","[NULL]"
23055,"MainThread",54830961109016,67500,"R","[NULL]","[NULL]"
23055,"MainThread",54830961176516,314500,"Running","[NULL]","[NULL]"
23055,"MainThread",54830961491016,19126833,"S","[NULL]","[NULL]"
23055,"MainThread",54830980617849,239834,"R","[NULL]","[NULL]"
23055,"MainThread",54830980857683,2347708,"Running","[NULL]","[NULL]"
23055,"MainThread",54830983205391,9556583,"S","[NULL]","[NULL]"
23055,"MainThread",54830992761974,168334,"R","[NULL]","[NULL]"
23055,"MainThread",54830992930308,476416,"Running","[NULL]","[NULL]"
23055,"MainThread",54830993406724,15430292,"S","[NULL]","[NULL]"
23055,"MainThread",54831008837016,231583,"R","[NULL]","[NULL]"
23055,"MainThread",54831009068599,752417,"Running","[NULL]","[NULL]"
23055,"MainThread",54831009821016,17022875,"S","[NULL]","[NULL]"
23055,"MainThread",54831026843891,119625,"R","[NULL]","[NULL]"
23055,"MainThread",54831026963516,544834,"Running","[NULL]","[NULL]"
23055,"MainThread",54831027508350,24364041,"S","[NULL]","[NULL]"
23055,"MainThread",54831051872391,127042,"R","[NULL]","[NULL]"
23055,"MainThread",54831051999433,308708,"Running","[NULL]","[NULL]"
23055,"MainThread",54831052308141,6334,"R","[NULL]","[NULL]"
23055,"MainThread",54831052314475,399666,"Running","[NULL]","[NULL]"
23055,"MainThread",54831052714141,53292,"R+","[NULL]","[NULL]"
23055,"MainThread",54831052767433,83792,"Running","[NULL]","[NULL]"
23055,"MainThread",54831052851225,5769791,"S","[NULL]","[NULL]"
23055,"MainThread",54831058621016,137834,"R","[NULL]","[NULL]"
23055,"MainThread",54831058758850,80708,"Running","[NULL]","[NULL]"
23055,"MainThread",54831058839558,264542,"R","[NULL]","[NULL]"
23055,"MainThread",54831059104100,331791,"Running","[NULL]","[NULL]"
23055,"MainThread",54831059435891,40125,"R+","[NULL]","[NULL]"
23055,"MainThread",54831059476016,66250,"Running","[NULL]","[NULL]"
23055,"MainThread",54831059542266,18373375,"S","[NULL]","[NULL]"
23055,"MainThread",54831077915641,124084,"R","[NULL]","[NULL]"
23055,"MainThread",54831078039725,377250,"Running","[NULL]","[NULL]"
23055,"MainThread",54831078416975,28625,"R+","[NULL]","[NULL]"
23055,"MainThread",54831078445600,66000,"Running","[NULL]","[NULL]"
23055,"MainThread",54831078511600,15581166,"S","[NULL]","[NULL]"
23055,"MainThread",54831094092766,52167,"R","[NULL]","[NULL]"
23055,"MainThread",54831094144933,95917,"Running","[NULL]","[NULL]"
23055,"MainThread",54831094240850,48458,"R+","[NULL]","[NULL]"
23055,"MainThread",54831094289308,33042,"Running","[NULL]","[NULL]"
23055,"MainThread",54831094322350,14600625,"S","[NULL]","[NULL]"
23055,"MainThread",54831108922975,135333,"R","[NULL]","[NULL]"
23055,"MainThread",54831109058308,811083,"Running","[NULL]","[NULL]"
23055,"MainThread",54831109869391,51875,"R+","[NULL]","[NULL]"
23055,"MainThread",54831109921266,118250,"Running","[NULL]","[NULL]"
23055,"MainThread",54831110039516,24204792,"S","[NULL]","[NULL]"
23055,"MainThread",54831134244308,439625,"R","[NULL]","[NULL]"
23055,"MainThread",54831134683933,2229833,"Running","[NULL]","[NULL]"
23055,"MainThread",54831136913766,45000,"R+","[NULL]","[NULL]"
23055,"MainThread",54831136958766,73709,"Running","[NULL]","[NULL]"
23055,"MainThread",54831137032475,5177291,"S","[NULL]","[NULL]"
23055,"MainThread",54831142209766,114917,"R","[NULL]","[NULL]"
23055,"MainThread",54831142324683,530792,"Running","[NULL]","[NULL]"
23055,"MainThread",54831142855475,40291,"R+","[NULL]","[NULL]"
23055,"MainThread",54831142895766,88334,"Running","[NULL]","[NULL]"
23055,"MainThread",54831142984100,20292416,"S","[NULL]","[NULL]"
23055,"MainThread",54831163276516,203042,"R","[NULL]","[NULL]"
23055,"MainThread",54831163479558,1177708,"Running","[NULL]","[NULL]"
23055,"MainThread",54831164657266,12307417,"S","[NULL]","[NULL]"
23055,"MainThread",54831176964683,313833,"R","[NULL]","[NULL]"
23055,"MainThread",54831177278516,937042,"Running","[NULL]","[NULL]"
23055,"MainThread",54831178215558,17152875,"S","[NULL]","[NULL]"
23055,"MainThread",54831195368433,190000,"R","[NULL]","[NULL]"
23055,"MainThread",54831195558433,831583,"Running","[NULL]","[NULL]"
23055,"MainThread",54831196390016,8625,"R","[NULL]","[NULL]"
23055,"MainThread",54831196398641,70834,"Running","[NULL]","[NULL]"
23055,"MainThread",54831196469475,18089000,"S","[NULL]","[NULL]"
23055,"MainThread",54831214558475,820791,"R","[NULL]","[NULL]"
23055,"MainThread",54831215379266,664792,"Running","[NULL]","[NULL]"
23055,"MainThread",54831216044058,11668583,"S","[NULL]","[NULL]"
23055,"MainThread",54831227712641,203209,"R","[NULL]","[NULL]"
23055,"MainThread",54831227915850,545041,"Running","[NULL]","[NULL]"
23055,"MainThread",54831228460891,17604709,"S","[NULL]","[NULL]"
23055,"MainThread",54831246065600,264166,"R","[NULL]","[NULL]"
23055,"MainThread",54831246329766,140709,"Running","[NULL]","[NULL]"
23055,"MainThread",54831246470475,16828208,"S","[NULL]","[NULL]"
23055,"MainThread",54831263298683,467333,"R","[NULL]","[NULL]"
23055,"MainThread",54831263766016,1464459,"Running","[NULL]","[NULL]"
23055,"MainThread",54831265230475,67666,"R+","[NULL]","[NULL]"
23055,"MainThread",54831265298141,139459,"Running","[NULL]","[NULL]"
23055,"MainThread",54831265437600,12803625,"S","[NULL]","[NULL]"
23055,"MainThread",54831278241225,257708,"R","[NULL]","[NULL]"
23055,"MainThread",54831278498933,815167,"Running","[NULL]","[NULL]"
23055,"MainThread",54831279314100,12341125,"S","[NULL]","[NULL]"
23055,"MainThread",54831291655225,189500,"R","[NULL]","[NULL]"
23055,"MainThread",54831291844725,143875,"Running","[NULL]","[NULL]"
23055,"MainThread",54831291988600,253416,"R+","[NULL]","[NULL]"
23055,"MainThread",54831292242016,68917,"Running","[NULL]","[NULL]"
23055,"MainThread",54831292310933,16280417,"S","[NULL]","[NULL]"
23055,"MainThread",54831308591350,224208,"R","[NULL]","[NULL]"
23055,"MainThread",54831308815558,589542,"Running","[NULL]","[NULL]"
23055,"MainThread",54831309405100,43041,"R+","[NULL]","[NULL]"
23055,"MainThread",54831309448141,108500,"Running","[NULL]","[NULL]"
23055,"MainThread",54831309556641,22533209,"S","[NULL]","[NULL]"
23055,"MainThread",54831332089850,326083,"R","[NULL]","[NULL]"
23055,"MainThread",54831332415933,113792,"Running","[NULL]","[NULL]"
23055,"MainThread",54831332529725,26458,"R+","[NULL]","[NULL]"
23055,"MainThread",54831332556183,43250,"Running","[NULL]","[NULL]"
23055,"MainThread",54831332599433,13525792,"S","[NULL]","[NULL]"
23055,"MainThread",54831346125225,298416,"R","[NULL]","[NULL]"
23055,"MainThread",54831346423641,328250,"Running","[NULL]","[NULL]"
23055,"MainThread",54831346751891,26209,"R+","[NULL]","[NULL]"
23055,"MainThread",54831346778100,49666,"Running","[NULL]","[NULL]"
23055,"MainThread",54831346827766,11339250,"S","[NULL]","[NULL]"
23055,"MainThread",54831358167016,114334,"R","[NULL]","[NULL]"
23055,"MainThread",54831358281350,4036250,"Running","[NULL]","[NULL]"
23055,"MainThread",54831362317600,30500,"R+","[NULL]","[NULL]"
23055,"MainThread",54831362348100,70000,"Running","[NULL]","[NULL]"
23055,"MainThread",54831362418100,18896791,"S","[NULL]","[NULL]"
23055,"MainThread",54831381314891,109625,"R","[NULL]","[NULL]"
23055,"MainThread",54831381424516,87709,"Running","[NULL]","[NULL]"
23055,"MainThread",54831381512225,12666,"R+","[NULL]","[NULL]"
23055,"MainThread",54831381524891,20667,"Running","[NULL]","[NULL]"
23055,"MainThread",54831381545558,14551875,"S","[NULL]","[NULL]"
23055,"MainThread",54831396097433,136167,"R","[NULL]","[NULL]"
23055,"MainThread",54831396233600,68875,"Running","[NULL]","[NULL]"
23055,"MainThread",54831396302475,15458,"R+","[NULL]","[NULL]"
23055,"MainThread",54831396317933,23333,"Running","[NULL]","[NULL]"
23055,"MainThread",54831396341266,14138167,"S","[NULL]","[NULL]"
23055,"MainThread",54831410479433,137500,"R","[NULL]","[NULL]"
23055,"MainThread",54831410616933,71375,"Running","[NULL]","[NULL]"
23055,"MainThread",54831410688308,29333,"R+","[NULL]","[NULL]"
23055,"MainThread",54831410717641,26667,"Running","[NULL]","[NULL]"
23055,"MainThread",54831410744308,14102000,"S","[NULL]","[NULL]"
23055,"MainThread",54831424846308,133250,"R","[NULL]","[NULL]"
23055,"MainThread",54831424979558,63167,"Running","[NULL]","[NULL]"
23055,"MainThread",54831425042725,15125,"R+","[NULL]","[NULL]"
23055,"MainThread",54831425057850,23500,"Running","[NULL]","[NULL]"
23055,"MainThread",54831425081350,17383500,"S","[NULL]","[NULL]"
23055,"MainThread",54831442464850,213083,"R","[NULL]","[NULL]"
23055,"MainThread",54831442677933,189958,"Running","[NULL]","[NULL]"
23055,"MainThread",54831442867891,22625,"R+","[NULL]","[NULL]"
23055,"MainThread",54831442890516,32042,"Running","[NULL]","[NULL]"
23055,"MainThread",54831442922558,15565833,"S","[NULL]","[NULL]"
23055,"MainThread",54831458488391,70000,"R","[NULL]","[NULL]"
23055,"MainThread",54831458558391,101750,"Running","[NULL]","[NULL]"
23055,"MainThread",54831458660141,140000,"R","[NULL]","[NULL]"
23055,"MainThread",54831458800141,157584,"Running","[NULL]","[NULL]"
23055,"MainThread",54831458957725,18008791,"S","[NULL]","[NULL]"
23055,"MainThread",54831476966516,245917,"R","[NULL]","[NULL]"
23055,"MainThread",54831477212433,73708,"Running","[NULL]","[NULL]"
23055,"MainThread",54831477286141,18500,"R+","[NULL]","[NULL]"
23055,"MainThread",54831477304641,28917,"Running","[NULL]","[NULL]"
23055,"MainThread",54831477333558,14772083,"S","[NULL]","[NULL]"
23055,"MainThread",54831492105641,191834,"R","[NULL]","[NULL]"
23055,"MainThread",54831492297475,102833,"Running","[NULL]","[NULL]"
23055,"MainThread",54831492400308,21958,"R+","[NULL]","[NULL]"
23055,"MainThread",54831492422266,37875,"Running","[NULL]","[NULL]"
23055,"MainThread",54831492460141,16221750,"S","[NULL]","[NULL]"
23055,"MainThread",54831508681891,34667,"R","[NULL]","[NULL]"
23055,"MainThread",54831508716558,77708,"Running","[NULL]","[NULL]"
23055,"MainThread",54831508794266,12167,"R+","[NULL]","[NULL]"
23055,"MainThread",54831508806433,25458,"Running","[NULL]","[NULL]"
23055,"MainThread",54831508831891,24323500,"S","[NULL]","[NULL]"
23055,"MainThread",54831533155391,139542,"R","[NULL]","[NULL]"
23055,"MainThread",54831533294933,528250,"Running","[NULL]","[NULL]"
23055,"MainThread",54831533823183,10944833,"S","[NULL]","[NULL]"
23055,"MainThread",54831544768016,448625,"R","[NULL]","[NULL]"
23055,"MainThread",54831545216641,306959,"Running","[NULL]","[NULL]"
23055,"MainThread",54831545523600,46958,"R+","[NULL]","[NULL]"
23055,"MainThread",54831545570558,201625,"Running","[NULL]","[NULL]"
23055,"MainThread",54831545772183,13926583,"S","[NULL]","[NULL]"
23055,"MainThread",54831559698766,232750,"R","[NULL]","[NULL]"
23055,"MainThread",54831559931516,510875,"Running","[NULL]","[NULL]"
23055,"MainThread",54831560442391,23334,"R+","[NULL]","[NULL]"
23055,"MainThread",54831560465725,70125,"Running","[NULL]","[NULL]"
23055,"MainThread",54831560535850,15819750,"S","[NULL]","[NULL]"
23055,"MainThread",54831576355600,114083,"R","[NULL]","[NULL]"
23055,"MainThread",54831576469683,641708,"Running","[NULL]","[NULL]"
23055,"MainThread",54831577111391,19897792,"S","[NULL]","[NULL]"
23055,"MainThread",54831597009183,66917,"R","[NULL]","[NULL]"
23055,"MainThread",54831597076100,475625,"Running","[NULL]","[NULL]"
23055,"MainThread",54831597551725,13299250,"S","[NULL]","[NULL]"
23055,"MainThread",54831610850975,71291,"R","[NULL]","[NULL]"
23055,"MainThread",54831610922266,423709,"Running","[NULL]","[NULL]"
23055,"MainThread",54831611345975,47875,"R+","[NULL]","[NULL]"
23055,"MainThread",54831611393850,79125,"Running","[NULL]","[NULL]"
23055,"MainThread",54831611472975,17710833,"S","[NULL]","[NULL]"
23055,"MainThread",54831629183808,201500,"R","[NULL]","[NULL]"
23055,"MainThread",54831629385308,437125,"Running","[NULL]","[NULL]"
23055,"MainThread",54831629822433,12047000,"S","[NULL]","[NULL]"
23055,"MainThread",54831641869433,152083,"R","[NULL]","[NULL]"
23055,"MainThread",54831642021516,175625,"Running","[NULL]","[NULL]"
23055,"MainThread",54831642197141,19914084,"S","[NULL]","[NULL]"
23055,"MainThread",54831662111225,305000,"R","[NULL]","[NULL]"
23055,"MainThread",54831662416225,361375,"Running","[NULL]","[NULL]"
23055,"MainThread",54831662777600,15699083,"S","[NULL]","[NULL]"
23055,"MainThread",54831678476683,112542,"R","[NULL]","[NULL]"
23055,"MainThread",54831678589225,497708,"Running","[NULL]","[NULL]"
23055,"MainThread",54831679086933,33750,"R+","[NULL]","[NULL]"
23055,"MainThread",54831679120683,80083,"Running","[NULL]","[NULL]"
23055,"MainThread",54831679200766,12132792,"S","[NULL]","[NULL]"
23055,"MainThread",54831691333558,145833,"R","[NULL]","[NULL]"
23055,"MainThread",54831691479391,458084,"Running","[NULL]","[NULL]"
23055,"MainThread",54831691937475,59166,"R+","[NULL]","[NULL]"
23055,"MainThread",54831691996641,229542,"Running","[NULL]","[NULL]"
23055,"MainThread",54831692226183,15963708,"S","[NULL]","[NULL]"
23055,"MainThread",54831708189891,790500,"R","[NULL]","[NULL]"
23055,"MainThread",54831708980391,762792,"Running","[NULL]","[NULL]"
23055,"MainThread",54831709743183,20047459,"S","[NULL]","[NULL]"
23055,"MainThread",54831729790642,291291,"R","[NULL]","[NULL]"
23055,"MainThread",54831730081933,267625,"Running","[NULL]","[NULL]"
23055,"MainThread",54831730349558,12193542,"S","[NULL]","[NULL]"
23055,"MainThread",54831742543100,244958,"R","[NULL]","[NULL]"
23055,"MainThread",54831742788058,336959,"Running","[NULL]","[NULL]"
23055,"MainThread",54831743125017,18251125,"S","[NULL]","[NULL]"
23055,"MainThread",54831761376142,93416,"R","[NULL]","[NULL]"
23055,"MainThread",54831761469558,305084,"Running","[NULL]","[NULL]"
23055,"MainThread",54831761774642,15396500,"S","[NULL]","[NULL]"
23055,"MainThread",54831777171142,154791,"R","[NULL]","[NULL]"
23055,"MainThread",54831777325933,321709,"Running","[NULL]","[NULL]"
23055,"MainThread",54831777647642,11833,"R+","[NULL]","[NULL]"
23055,"MainThread",54831777659475,33667,"Running","[NULL]","[NULL]"
23055,"MainThread",54831777693142,13677250,"S","[NULL]","[NULL]"
23055,"MainThread",54831791370392,117916,"R","[NULL]","[NULL]"
23055,"MainThread",54831791488308,137334,"Running","[NULL]","[NULL]"
23055,"MainThread",54831791625642,16289875,"S","[NULL]","[NULL]"
23055,"MainThread",54831807915517,144958,"R","[NULL]","[NULL]"
23055,"MainThread",54831808060475,148333,"Running","[NULL]","[NULL]"
23055,"MainThread",54831808208808,16486209,"S","[NULL]","[NULL]"
23055,"MainThread",54831824695017,43416,"R","[NULL]","[NULL]"
23055,"MainThread",54831824738433,251917,"Running","[NULL]","[NULL]"
23055,"MainThread",54831824990350,23990417,"S","[NULL]","[NULL]"
23055,"MainThread",54831848980767,182416,"R","[NULL]","[NULL]"
23055,"MainThread",54831849163183,301125,"Running","[NULL]","[NULL]"
23055,"MainThread",54831849464308,37584,"R+","[NULL]","[NULL]"
23055,"MainThread",54831849501892,66625,"Running","[NULL]","[NULL]"
23055,"MainThread",54831849568517,10776500,"S","[NULL]","[NULL]"
23055,"MainThread",54831860345017,729916,"R","[NULL]","[NULL]"
23055,"MainThread",54831861074933,322209,"Running","[NULL]","[NULL]"
23055,"MainThread",54831861397142,35916,"R+","[NULL]","[NULL]"
23055,"MainThread",54831861433058,56792,"Running","[NULL]","[NULL]"
23055,"MainThread",54831861489850,17681875,"S","[NULL]","[NULL]"
23055,"MainThread",54831879171725,21417,"R","[NULL]","[NULL]"
23055,"MainThread",54831879193142,53666,"Running","[NULL]","[NULL]"
23055,"MainThread",54831879246808,136750,"R","[NULL]","[NULL]"
23055,"MainThread",54831879383558,360209,"Running","[NULL]","[NULL]"
23055,"MainThread",54831879743767,16978500,"S","[NULL]","[NULL]"
23055,"MainThread",54831896722267,311333,"R","[NULL]","[NULL]"
23055,"MainThread",54831897033600,2933292,"Running","[NULL]","[NULL]"
23055,"MainThread",54831899966892,245916,"R+","[NULL]","[NULL]"
23055,"MainThread",54831900212808,135459,"Running","[NULL]","[NULL]"
23055,"MainThread",54831900348267,10425500,"S","[NULL]","[NULL]"
23055,"MainThread",54831910773767,353041,"R","[NULL]","[NULL]"
23055,"MainThread",54831911126808,817417,"Running","[NULL]","[NULL]"
23055,"MainThread",54831911944225,17375708,"S","[NULL]","[NULL]"
23055,"MainThread",54831929319933,119500,"R","[NULL]","[NULL]"
23055,"MainThread",54831929439433,432042,"Running","[NULL]","[NULL]"
23055,"MainThread",54831929871475,12751875,"S","[NULL]","[NULL]"
23055,"MainThread",54831942623350,45958,"R","[NULL]","[NULL]"
23055,"MainThread",54831942669308,323459,"Running","[NULL]","[NULL]"
23055,"MainThread",54831942992767,20138875,"S","[NULL]","[NULL]"
23055,"MainThread",54831963131642,414083,"R","[NULL]","[NULL]"
23055,"MainThread",54831963545725,240667,"Running","[NULL]","[NULL]"
23055,"MainThread",54831963786392,27208,"R+","[NULL]","[NULL]"
23055,"MainThread",54831963813600,62333,"Running","[NULL]","[NULL]"
23055,"MainThread",54831963875933,13998709,"S","[NULL]","[NULL]"
23055,"MainThread",54831977874642,106958,"R","[NULL]","[NULL]"
23055,"MainThread",54831977981600,1708292,"Running","[NULL]","[NULL]"
23055,"MainThread",54831979689892,17362875,"S","[NULL]","[NULL]"
23055,"MainThread",54831997052767,245500,"R","[NULL]","[NULL]"
23055,"MainThread",54831997298267,679458,"Running","[NULL]","[NULL]"
23055,"MainThread",54831997977725,10671583,"S","[NULL]","[NULL]"
23055,"MainThread",54832008649308,145959,"R","[NULL]","[NULL]"
23055,"MainThread",54832008795267,441125,"Running","[NULL]","[NULL]"
23055,"MainThread",54832009236392,17068500,"S","[NULL]","[NULL]"
23055,"MainThread",54832026304892,57041,"R","[NULL]","[NULL]"
23055,"MainThread",54832026361933,272500,"Running","[NULL]","[NULL]"
23055,"MainThread",54832026634433,1754959,"R+","[NULL]","[NULL]"
23055,"MainThread",54832028389392,45750,"Running","[NULL]","[NULL]"
23055,"MainThread",54832028435142,12919333,"S","[NULL]","[NULL]"
23055,"MainThread",54832041354475,2912208,"R","[NULL]","[NULL]"
23055,"MainThread",54832044266683,211584,"Running","[NULL]","[NULL]"
23055,"MainThread",54832044478267,13585541,"S","[NULL]","[NULL]"
23055,"MainThread",54832058063808,95584,"R","[NULL]","[NULL]"
23055,"MainThread",54832058159392,212833,"Running","[NULL]","[NULL]"
23055,"MainThread",54832058372225,16477583,"S","[NULL]","[NULL]"
23055,"MainThread",54832074849808,131459,"R","[NULL]","[NULL]"
23055,"MainThread",54832074981267,214916,"Running","[NULL]","[NULL]"
23055,"MainThread",54832075196183,25125,"R+","[NULL]","[NULL]"
23055,"MainThread",54832075221308,71667,"Running","[NULL]","[NULL]"
23055,"MainThread",54832075292975,18528958,"S","[NULL]","[NULL]"
23055,"MainThread",54832093821933,88417,"R","[NULL]","[NULL]"
23055,"MainThread",54832093910350,232667,"Running","[NULL]","[NULL]"
23055,"MainThread",54832094143017,18458,"R+","[NULL]","[NULL]"
23055,"MainThread",54832094161475,31167,"Running","[NULL]","[NULL]"
23055,"MainThread",54832094192642,13863125,"S","[NULL]","[NULL]"
23055,"MainThread",54832108055767,164625,"R","[NULL]","[NULL]"
23055,"MainThread",54832108220392,130458,"Running","[NULL]","[NULL]"
23055,"MainThread",54832108350850,20042,"R+","[NULL]","[NULL]"
23055,"MainThread",54832108370892,27500,"Running","[NULL]","[NULL]"
23055,"MainThread",54832108398392,16800416,"S","[NULL]","[NULL]"
23055,"MainThread",54832125198808,86667,"R","[NULL]","[NULL]"
23055,"MainThread",54832125285475,123167,"Running","[NULL]","[NULL]"
23055,"MainThread",54832125408642,15708,"R+","[NULL]","[NULL]"
23055,"MainThread",54832125424350,18625,"Running","[NULL]","[NULL]"
23055,"MainThread",54832125442975,16152292,"S","[NULL]","[NULL]"
23055,"MainThread",54832141595267,131625,"R","[NULL]","[NULL]"
23055,"MainThread",54832141726892,769375,"Running","[NULL]","[NULL]"
23055,"MainThread",54832142496267,35583,"R+","[NULL]","[NULL]"
23055,"MainThread",54832142531850,113708,"Running","[NULL]","[NULL]"
23055,"MainThread",54832142645558,19498959,"S","[NULL]","[NULL]"
23055,"MainThread",54832162144517,116125,"R","[NULL]","[NULL]"
23055,"MainThread",54832162260642,519750,"Running","[NULL]","[NULL]"
23055,"MainThread",54832162780392,27666,"R+","[NULL]","[NULL]"
23055,"MainThread",54832162808058,77334,"Running","[NULL]","[NULL]"
23055,"MainThread",54832162885392,12027625,"S","[NULL]","[NULL]"
23055,"MainThread",54832174913017,226791,"R","[NULL]","[NULL]"
23055,"MainThread",54832175139808,438959,"Running","[NULL]","[NULL]"
23055,"MainThread",54832175578767,48916,"R+","[NULL]","[NULL]"
23055,"MainThread",54832175627683,62834,"Running","[NULL]","[NULL]"
23055,"MainThread",54832175690517,26266875,"S","[NULL]","[NULL]"
23055,"MainThread",54832201957392,241958,"R","[NULL]","[NULL]"
23055,"MainThread",54832202199350,543583,"Running","[NULL]","[NULL]"
23055,"MainThread",54832202742933,62084,"R+","[NULL]","[NULL]"
23055,"MainThread",54832202805017,121958,"Running","[NULL]","[NULL]"
23055,"MainThread",54832202926975,7270917,"S","[NULL]","[NULL]"
23055,"MainThread",54832210197892,251375,"R","[NULL]","[NULL]"
23055,"MainThread",54832210449267,169250,"Running","[NULL]","[NULL]"
23055,"MainThread",54832210618517,29833,"R+","[NULL]","[NULL]"
23055,"MainThread",54832210648350,49875,"Running","[NULL]","[NULL]"
23055,"MainThread",54832210698225,17878333,"S","[NULL]","[NULL]"
23055,"MainThread",54832228576558,156959,"R","[NULL]","[NULL]"
23055,"MainThread",54832228733517,403291,"Running","[NULL]","[NULL]"
23055,"MainThread",54832229136808,16535209,"S","[NULL]","[NULL]"
23055,"MainThread",54832245672017,504541,"R","[NULL]","[NULL]"
23055,"MainThread",54832246176558,174875,"Running","[NULL]","[NULL]"
23055,"MainThread",54832246351433,20834,"R+","[NULL]","[NULL]"
23055,"MainThread",54832246372267,51083,"Running","[NULL]","[NULL]"
23055,"MainThread",54832246423350,16642875,"S","[NULL]","[NULL]"
23055,"MainThread",54832263066225,336000,"R","[NULL]","[NULL]"
23055,"MainThread",54832263402225,181542,"Running","[NULL]","[NULL]"
23055,"MainThread",54832263583767,24791,"R+","[NULL]","[NULL]"
23055,"MainThread",54832263608558,50917,"Running","[NULL]","[NULL]"
23055,"MainThread",54832263659475,14422542,"S","[NULL]","[NULL]"
23055,"MainThread",54832278082017,330125,"R","[NULL]","[NULL]"
23055,"MainThread",54832278412142,394000,"Running","[NULL]","[NULL]"
23055,"MainThread",54832278806142,12991041,"S","[NULL]","[NULL]"
23055,"MainThread",54832291797183,261625,"R","[NULL]","[NULL]"
23055,"MainThread",54832292058808,198417,"Running","[NULL]","[NULL]"
23055,"MainThread",54832292257225,23005042,"S","[NULL]","[NULL]"
23055,"MainThread",54832315262267,530416,"R","[NULL]","[NULL]"
23055,"MainThread",54832315792683,944042,"Running","[NULL]","[NULL]"
23055,"MainThread",54832316736725,8596042,"S","[NULL]","[NULL]"
23055,"MainThread",54832325332767,41875,"R","[NULL]","[NULL]"
23055,"MainThread",54832325374642,131833,"Running","[NULL]","[NULL]"
23055,"MainThread",54832325506475,22583,"R+","[NULL]","[NULL]"
23055,"MainThread",54832325529058,116042,"Running","[NULL]","[NULL]"
23055,"MainThread",54832325645100,22178458,"S","[NULL]","[NULL]"
23055,"MainThread",54832347823558,230084,"R","[NULL]","[NULL]"
23055,"MainThread",54832348053642,1353000,"Running","[NULL]","[NULL]"
23055,"MainThread",54832349406642,8632375,"S","[NULL]","[NULL]"
23055,"MainThread",54832358039017,183125,"R","[NULL]","[NULL]"
23055,"MainThread",54832358222142,408458,"Running","[NULL]","[NULL]"
23055,"MainThread",54832358630600,246542,"R+","[NULL]","[NULL]"
23055,"MainThread",54832358877142,78000,"Running","[NULL]","[NULL]"
23055,"MainThread",54832358955142,17630458,"S","[NULL]","[NULL]"
23055,"MainThread",54832376585600,140167,"R","[NULL]","[NULL]"
23055,"MainThread",54832376725767,538708,"Running","[NULL]","[NULL]"
23055,"MainThread",54832377264475,35000,"R+","[NULL]","[NULL]"
23055,"MainThread",54832377299475,73833,"Running","[NULL]","[NULL]"
23055,"MainThread",54832377373308,14941917,"S","[NULL]","[NULL]"
23055,"MainThread",54832392315225,167292,"R","[NULL]","[NULL]"
23055,"MainThread",54832392482517,417166,"Running","[NULL]","[NULL]"
23055,"MainThread",54832392899683,15377125,"S","[NULL]","[NULL]"
23055,"MainThread",54832408276808,135584,"R","[NULL]","[NULL]"
23055,"MainThread",54832408412392,263833,"Running","[NULL]","[NULL]"
23055,"MainThread",54832408676225,18395459,"S","[NULL]","[NULL]"
23055,"MainThread",54832427071684,386416,"R","[NULL]","[NULL]"
23055,"MainThread",54832427458100,190917,"Running","[NULL]","[NULL]"
23055,"MainThread",54832427649017,17674708,"S","[NULL]","[NULL]"
23055,"MainThread",54832445323725,203209,"R","[NULL]","[NULL]"
23055,"MainThread",54832445526934,291750,"Running","[NULL]","[NULL]"
23055,"MainThread",54832445818684,29500,"R+","[NULL]","[NULL]"
23055,"MainThread",54832445848184,49166,"Running","[NULL]","[NULL]"
23055,"MainThread",54832445897350,16693375,"S","[NULL]","[NULL]"
23055,"MainThread",54832462590725,342459,"R","[NULL]","[NULL]"
23055,"MainThread",54832462933184,205791,"Running","[NULL]","[NULL]"
23055,"MainThread",54832463138975,12616542,"S","[NULL]","[NULL]"
23055,"MainThread",54832475755517,151542,"R","[NULL]","[NULL]"
23055,"MainThread",54832475907059,488500,"Running","[NULL]","[NULL]"
23055,"MainThread",54832476395559,7750,"R","[NULL]","[NULL]"
23055,"MainThread",54832476403309,438666,"Running","[NULL]","[NULL]"
23055,"MainThread",54832476841975,20283250,"S","[NULL]","[NULL]"
23055,"MainThread",54832497125225,126417,"R","[NULL]","[NULL]"
23055,"MainThread",54832497251642,99542,"Running","[NULL]","[NULL]"
23055,"MainThread",54832497351184,192541,"R","[NULL]","[NULL]"
23055,"MainThread",54832497543725,338542,"Running","[NULL]","[NULL]"
23055,"MainThread",54832497882267,1016000,"R+","[NULL]","[NULL]"
23055,"MainThread",54832498898267,154375,"Running","[NULL]","[NULL]"
23055,"MainThread",54832499052642,12114125,"S","[NULL]","[NULL]"
23055,"MainThread",54832511166767,225500,"R","[NULL]","[NULL]"
23055,"MainThread",54832511392267,430208,"Running","[NULL]","[NULL]"
23055,"MainThread",54832511822475,37459,"R+","[NULL]","[NULL]"
23055,"MainThread",54832511859934,82541,"Running","[NULL]","[NULL]"
23055,"MainThread",54832511942475,16888167,"S","[NULL]","[NULL]"
23055,"MainThread",54832528830642,267958,"R","[NULL]","[NULL]"
23055,"MainThread",54832529098600,382917,"Running","[NULL]","[NULL]"
23055,"MainThread",54832529481517,15358667,"S","[NULL]","[NULL]"
23055,"MainThread",54832544840184,110833,"R","[NULL]","[NULL]"
23055,"MainThread",54832544951017,391958,"Running","[NULL]","[NULL]"
23055,"MainThread",54832545342975,16854125,"S","[NULL]","[NULL]"
23055,"MainThread",54832562197100,118084,"R","[NULL]","[NULL]"
23055,"MainThread",54832562315184,198541,"Running","[NULL]","[NULL]"
23055,"MainThread",54832562513725,70042,"R","[NULL]","[NULL]"
23055,"MainThread",54832562583767,301542,"Running","[NULL]","[NULL]"
23055,"MainThread",54832562885309,14184666,"S","[NULL]","[NULL]"
23055,"MainThread",54832577069975,63792,"R","[NULL]","[NULL]"
23055,"MainThread",54832577133767,507000,"Running","[NULL]","[NULL]"
23055,"MainThread",54832577640767,16444542,"S","[NULL]","[NULL]"
23055,"MainThread",54832594085309,209125,"R","[NULL]","[NULL]"
23055,"MainThread",54832594294434,310458,"Running","[NULL]","[NULL]"
23055,"MainThread",54832594604892,26917,"R+","[NULL]","[NULL]"
23055,"MainThread",54832594631809,60291,"Running","[NULL]","[NULL]"
23055,"MainThread",54832594692100,14027000,"S","[NULL]","[NULL]"
23055,"MainThread",54832608719100,136584,"R","[NULL]","[NULL]"
23055,"MainThread",54832608855684,460833,"Running","[NULL]","[NULL]"
23055,"MainThread",54832609316517,15985583,"S","[NULL]","[NULL]"
23055,"MainThread",54832625302100,662542,"R","[NULL]","[NULL]"
23055,"MainThread",54832625964642,464583,"Running","[NULL]","[NULL]"
23055,"MainThread",54832626429225,15848834,"S","[NULL]","[NULL]"
23055,"MainThread",54832642278059,78500,"R","[NULL]","[NULL]"
23055,"MainThread",54832642356559,344666,"Running","[NULL]","[NULL]"
23055,"MainThread",54832642701225,19934625,"S","[NULL]","[NULL]"
23055,"MainThread",54832662635850,155959,"R","[NULL]","[NULL]"
23055,"MainThread",54832662791809,214708,"Running","[NULL]","[NULL]"
23055,"MainThread",54832663006517,20875,"R+","[NULL]","[NULL]"
23055,"MainThread",54832663027392,40333,"Running","[NULL]","[NULL]"
23055,"MainThread",54832663067725,14123125,"S","[NULL]","[NULL]"
23055,"MainThread",54832677190850,76834,"R","[NULL]","[NULL]"
23055,"MainThread",54832677267684,70916,"Running","[NULL]","[NULL]"
23055,"MainThread",54832677338600,11417,"R+","[NULL]","[NULL]"
23055,"MainThread",54832677350017,19292,"Running","[NULL]","[NULL]"
23055,"MainThread",54832677369309,14593875,"S","[NULL]","[NULL]"
23055,"MainThread",54832691963184,166458,"R","[NULL]","[NULL]"
23055,"MainThread",54832692129642,218375,"Running","[NULL]","[NULL]"
23055,"MainThread",54832692348017,18912708,"S","[NULL]","[NULL]"
23055,"MainThread",54832711260725,87084,"R","[NULL]","[NULL]"
23055,"MainThread",54832711347809,227125,"Running","[NULL]","[NULL]"
23055,"MainThread",54832711574934,17825500,"S","[NULL]","[NULL]"
23055,"MainThread",54832729400434,78666,"R","[NULL]","[NULL]"
23055,"MainThread",54832729479100,156334,"Running","[NULL]","[NULL]"
23055,"MainThread",54832729635434,12708,"R+","[NULL]","[NULL]"
23055,"MainThread",54832729648142,34542,"Running","[NULL]","[NULL]"
23055,"MainThread",54832729682684,12415291,"S","[NULL]","[NULL]"
23055,"MainThread",54832742097975,24375,"R","[NULL]","[NULL]"
23055,"MainThread",54832742122350,94667,"Running","[NULL]","[NULL]"
23055,"MainThread",54832742217017,15924417,"S","[NULL]","[NULL]"
23055,"MainThread",54832758141434,126458,"R","[NULL]","[NULL]"
23055,"MainThread",54832758267892,144750,"Running","[NULL]","[NULL]"
23055,"MainThread",54832758412642,10708,"R+","[NULL]","[NULL]"
23055,"MainThread",54832758423350,31084,"Running","[NULL]","[NULL]"
23055,"MainThread",54832758454434,17285458,"S","[NULL]","[NULL]"
23055,"MainThread",54832775739892,21125,"R","[NULL]","[NULL]"
23055,"MainThread",54832775761017,133750,"Running","[NULL]","[NULL]"
23055,"MainThread",54832775894767,19966583,"S","[NULL]","[NULL]"
23055,"MainThread",54832795861350,279417,"R","[NULL]","[NULL]"
23055,"MainThread",54832796140767,185375,"Running","[NULL]","[NULL]"
23055,"MainThread",54832796326142,12000,"R+","[NULL]","[NULL]"
23055,"MainThread",54832796338142,30417,"Running","[NULL]","[NULL]"
23055,"MainThread",54832796368559,13085291,"S","[NULL]","[NULL]"
23055,"MainThread",54832809453850,75584,"R","[NULL]","[NULL]"
23055,"MainThread",54832809529434,144250,"Running","[NULL]","[NULL]"
23055,"MainThread",54832809673684,9666,"R+","[NULL]","[NULL]"
23055,"MainThread",54832809683350,41792,"Running","[NULL]","[NULL]"
23055,"MainThread",54832809725142,14669458,"S","[NULL]","[NULL]"
23055,"MainThread",54832824394600,450459,"R","[NULL]","[NULL]"
23055,"MainThread",54832824845059,335625,"Running","[NULL]","[NULL]"
23055,"MainThread",54832825180684,40625,"R+","[NULL]","[NULL]"
23055,"MainThread",54832825221309,77500,"Running","[NULL]","[NULL]"
23055,"MainThread",54832825298809,16192416,"S","[NULL]","[NULL]"
23055,"MainThread",54832841491225,73834,"R","[NULL]","[NULL]"
23055,"MainThread",54832841565059,203375,"Running","[NULL]","[NULL]"
23055,"MainThread",54832841768434,16773458,"S","[NULL]","[NULL]"
23055,"MainThread",54832858541892,81667,"R","[NULL]","[NULL]"
23055,"MainThread",54832858623559,126250,"Running","[NULL]","[NULL]"
23055,"MainThread",54832858749809,10083,"R+","[NULL]","[NULL]"
23055,"MainThread",54832858759892,25667,"Running","[NULL]","[NULL]"
23055,"MainThread",54832858785559,17846083,"S","[NULL]","[NULL]"
23055,"MainThread",54832876631642,77083,"R","[NULL]","[NULL]"
23055,"MainThread",54832876708725,164084,"Running","[NULL]","[NULL]"
23055,"MainThread",54832876872809,17860666,"S","[NULL]","[NULL]"
23055,"MainThread",54832894733475,31875,"R","[NULL]","[NULL]"
23055,"MainThread",54832894765350,54125,"Running","[NULL]","[NULL]"
23055,"MainThread",54832894819475,38584,"R+","[NULL]","[NULL]"
23055,"MainThread",54832894858059,37458,"Running","[NULL]","[NULL]"
23055,"MainThread",54832894895517,14864083,"S","[NULL]","[NULL]"
23055,"MainThread",54832909759600,112542,"R","[NULL]","[NULL]"
23055,"MainThread",54832909872142,83208,"Running","[NULL]","[NULL]"
23055,"MainThread",54832909955350,18552875,"S","[NULL]","[NULL]"
23055,"MainThread",54832928508225,90584,"R","[NULL]","[NULL]"
23055,"MainThread",54832928598809,137500,"Running","[NULL]","[NULL]"
23055,"MainThread",54832928736309,17245583,"S","[NULL]","[NULL]"
23055,"MainThread",54832945981892,121792,"R","[NULL]","[NULL]"
23055,"MainThread",54832946103684,49958,"Running","[NULL]","[NULL]"
23055,"MainThread",54832946153642,11458,"R+","[NULL]","[NULL]"
23055,"MainThread",54832946165100,18042,"Running","[NULL]","[NULL]"
23055,"MainThread",54832946183142,11922125,"S","[NULL]","[NULL]"
23055,"MainThread",54832958105267,105333,"R","[NULL]","[NULL]"
23055,"MainThread",54832958210600,99209,"Running","[NULL]","[NULL]"
23055,"MainThread",54832958309809,16586166,"S","[NULL]","[NULL]"
23055,"MainThread",54832974895975,181625,"R","[NULL]","[NULL]"
23055,"MainThread",54832975077600,113209,"Running","[NULL]","[NULL]"
23055,"MainThread",54832975190809,17220625,"S","[NULL]","[NULL]"
23055,"MainThread",54832992411434,27125,"R","[NULL]","[NULL]"
23055,"MainThread",54832992438559,176833,"Running","[NULL]","[NULL]"
23055,"MainThread",54832992615392,15708,"R+","[NULL]","[NULL]"
23055,"MainThread",54832992631100,28209,"Running","[NULL]","[NULL]"
23055,"MainThread",54832992659309,16716958,"S","[NULL]","[NULL]"
23055,"MainThread",54833009376267,470833,"R","[NULL]","[NULL]"
23055,"MainThread",54833009847100,178834,"Running","[NULL]","[NULL]"
23055,"MainThread",54833010025934,15009833,"S","[NULL]","[NULL]"
23055,"MainThread",54833025035767,235333,"R","[NULL]","[NULL]"
23055,"MainThread",54833025271100,188292,"Running","[NULL]","[NULL]"
23055,"MainThread",54833025459392,24047333,"S","[NULL]","[NULL]"
23055,"MainThread",54833049506725,61417,"R","[NULL]","[NULL]"
23055,"MainThread",54833049568142,904875,"Running","[NULL]","[NULL]"
23055,"MainThread",54833050473017,11326875,"S","[NULL]","[NULL]"
23055,"MainThread",54833061799892,540042,"R","[NULL]","[NULL]"
23055,"MainThread",54833062339934,317791,"Running","[NULL]","[NULL]"
23055,"MainThread",54833062657725,43959,"R+","[NULL]","[NULL]"
23055,"MainThread",54833062701684,65666,"Running","[NULL]","[NULL]"
23055,"MainThread",54833062767350,17468209,"S","[NULL]","[NULL]"
23055,"MainThread",54833080235559,453458,"R","[NULL]","[NULL]"
23055,"MainThread",54833080689017,578708,"Running","[NULL]","[NULL]"
23055,"MainThread",54833081267725,50875,"R+","[NULL]","[NULL]"
23055,"MainThread",54833081318600,163667,"Running","[NULL]","[NULL]"
23055,"MainThread",54833081482267,12336333,"S","[NULL]","[NULL]"
23055,"MainThread",54833093818600,20792,"R","[NULL]","[NULL]"
23055,"MainThread",54833093839392,610875,"Running","[NULL]","[NULL]"
23055,"MainThread",54833094450267,125792,"R+","[NULL]","[NULL]"
23055,"MainThread",54833094576059,116250,"Running","[NULL]","[NULL]"
23055,"MainThread",54833094692309,15221083,"S","[NULL]","[NULL]"
23055,"MainThread",54833109913392,296417,"R","[NULL]","[NULL]"
23055,"MainThread",54833110209809,257875,"Running","[NULL]","[NULL]"
23055,"MainThread",54833110467684,25333,"R+","[NULL]","[NULL]"
23055,"MainThread",54833110493017,54667,"Running","[NULL]","[NULL]"
23055,"MainThread",54833110547684,17800667,"S","[NULL]","[NULL]"
23055,"MainThread",54833128348351,387875,"R","[NULL]","[NULL]"
23055,"MainThread",54833128736226,296625,"Running","[NULL]","[NULL]"
23055,"MainThread",54833129032851,25291,"R+","[NULL]","[NULL]"
23055,"MainThread",54833129058142,60292,"Running","[NULL]","[NULL]"
23055,"MainThread",54833129118434,13181583,"S","[NULL]","[NULL]"
23055,"MainThread",54833142300017,269084,"R","[NULL]","[NULL]"
23055,"MainThread",54833142569101,165875,"Running","[NULL]","[NULL]"
23055,"MainThread",54833142734976,20416,"R+","[NULL]","[NULL]"
23055,"MainThread",54833142755392,41459,"Running","[NULL]","[NULL]"
23055,"MainThread",54833142796851,15959666,"S","[NULL]","[NULL]"
23055,"MainThread",54833158756517,291334,"R","[NULL]","[NULL]"
23055,"MainThread",54833159047851,400458,"Running","[NULL]","[NULL]"
23055,"MainThread",54833159448309,37875,"R+","[NULL]","[NULL]"
23055,"MainThread",54833159486184,74375,"Running","[NULL]","[NULL]"
23055,"MainThread",54833159560559,16953083,"S","[NULL]","[NULL]"
23055,"MainThread",54833176513642,211292,"R","[NULL]","[NULL]"
23055,"MainThread",54833176724934,2138125,"Running","[NULL]","[NULL]"
23055,"MainThread",54833178863059,91333,"R+","[NULL]","[NULL]"
23055,"MainThread",54833178954392,152167,"Running","[NULL]","[NULL]"
23055,"MainThread",54833179106559,12781417,"S","[NULL]","[NULL]"
23055,"MainThread",54833191887976,87750,"R","[NULL]","[NULL]"
23055,"MainThread",54833191975726,485708,"Running","[NULL]","[NULL]"
23055,"MainThread",54833192461434,15932500,"S","[NULL]","[NULL]"
23055,"MainThread",54833208393934,502000,"R","[NULL]","[NULL]"
23055,"MainThread",54833208895934,326750,"Running","[NULL]","[NULL]"
23055,"MainThread",54833209222684,32083,"R+","[NULL]","[NULL]"
23055,"MainThread",54833209254767,70875,"Running","[NULL]","[NULL]"
23055,"MainThread",54833209325642,19397709,"S","[NULL]","[NULL]"
23055,"MainThread",54833228723351,8666,"R","[NULL]","[NULL]"
23055,"MainThread",54833228732017,154917,"Running","[NULL]","[NULL]"
23055,"MainThread",54833228886934,14500,"R+","[NULL]","[NULL]"
23055,"MainThread",54833228901434,26958,"Running","[NULL]","[NULL]"
23055,"MainThread",54833228928392,18561750,"S","[NULL]","[NULL]"
23055,"MainThread",54833247490142,5100542,"R","[NULL]","[NULL]"
23055,"MainThread",54833252590684,354083,"Running","[NULL]","[NULL]"
23055,"MainThread",54833252944767,7622209,"S","[NULL]","[NULL]"
23055,"MainThread",54833260566976,90833,"R","[NULL]","[NULL]"
23055,"MainThread",54833260657809,92583,"Running","[NULL]","[NULL]"
23055,"MainThread",54833260750392,13830334,"S","[NULL]","[NULL]"
23055,"MainThread",54833274580726,103375,"R","[NULL]","[NULL]"
23055,"MainThread",54833274684101,138166,"Running","[NULL]","[NULL]"
23055,"MainThread",54833274822267,22293292,"S","[NULL]","[NULL]"
23055,"MainThread",54833297115559,27792,"R","[NULL]","[NULL]"
23055,"MainThread",54833297143351,338958,"Running","[NULL]","[NULL]"
23055,"MainThread",54833297482309,11732125,"S","[NULL]","[NULL]"
23055,"MainThread",54833309214434,194167,"R","[NULL]","[NULL]"
23055,"MainThread",54833309408601,391625,"Running","[NULL]","[NULL]"
23055,"MainThread",54833309800226,21547791,"S","[NULL]","[NULL]"
23055,"MainThread",54833331348017,1000459,"R","[NULL]","[NULL]"
23055,"MainThread",54833332348476,240500,"Running","[NULL]","[NULL]"
23055,"MainThread",54833332588976,30500,"R+","[NULL]","[NULL]"
23055,"MainThread",54833332619476,59416,"Running","[NULL]","[NULL]"
23055,"MainThread",54833332678892,10383375,"S","[NULL]","[NULL]"
23055,"MainThread",54833343062267,129209,"R","[NULL]","[NULL]"
23055,"MainThread",54833343191476,278166,"Running","[NULL]","[NULL]"
23055,"MainThread",54833343469642,23167,"R+","[NULL]","[NULL]"
23055,"MainThread",54833343492809,67250,"Running","[NULL]","[NULL]"
23055,"MainThread",54833343560059,16098292,"S","[NULL]","[NULL]"
23055,"MainThread",54833359658351,57041,"R","[NULL]","[NULL]"
23055,"MainThread",54833359715392,473542,"Running","[NULL]","[NULL]"
23055,"MainThread",54833360188934,16859667,"S","[NULL]","[NULL]"
23055,"MainThread",54833377048601,221000,"R","[NULL]","[NULL]"
23055,"MainThread",54833377269601,86416,"Running","[NULL]","[NULL]"
23055,"MainThread",54833377356017,88292,"R","[NULL]","[NULL]"
23055,"MainThread",54833377444309,324083,"Running","[NULL]","[NULL]"
23055,"MainThread",54833377768392,17676625,"S","[NULL]","[NULL]"
23055,"MainThread",54833395445017,179542,"R","[NULL]","[NULL]"
23055,"MainThread",54833395624559,785167,"Running","[NULL]","[NULL]"
23055,"MainThread",54833396409726,8208,"R","[NULL]","[NULL]"
23055,"MainThread",54833396417934,60375,"Running","[NULL]","[NULL]"
23055,"MainThread",54833396478309,28917,"R+","[NULL]","[NULL]"
23055,"MainThread",54833396507226,69416,"Running","[NULL]","[NULL]"
23055,"MainThread",54833396576642,13429084,"S","[NULL]","[NULL]"
23055,"MainThread",54833410005726,121041,"R","[NULL]","[NULL]"
23055,"MainThread",54833410126767,370459,"Running","[NULL]","[NULL]"
23055,"MainThread",54833410497226,14382375,"S","[NULL]","[NULL]"
23055,"MainThread",54833424879601,26541,"R","[NULL]","[NULL]"
23055,"MainThread",54833424906142,193167,"Running","[NULL]","[NULL]"
23055,"MainThread",54833425099309,16309375,"S","[NULL]","[NULL]"
23055,"MainThread",54833441408684,115750,"R","[NULL]","[NULL]"
23055,"MainThread",54833441524434,178000,"Running","[NULL]","[NULL]"
23055,"MainThread",54833441702434,17625,"R+","[NULL]","[NULL]"
23055,"MainThread",54833441720059,46292,"Running","[NULL]","[NULL]"
23055,"MainThread",54833441766351,24923750,"S","[NULL]","[NULL]"
23055,"MainThread",54833466690101,511416,"R","[NULL]","[NULL]"
23055,"MainThread",54833467201517,1184292,"Running","[NULL]","[NULL]"
23055,"MainThread",54833468385809,123875,"R+","[NULL]","[NULL]"
23055,"MainThread",54833468509684,104250,"Running","[NULL]","[NULL]"
23055,"MainThread",54833468613934,7138958,"S","[NULL]","[NULL]"
23055,"MainThread",54833475752892,350625,"R","[NULL]","[NULL]"
23055,"MainThread",54833476103517,1020125,"Running","[NULL]","[NULL]"
23055,"MainThread",54833477123642,38167,"R+","[NULL]","[NULL]"
23055,"MainThread",54833477161809,75292,"Running","[NULL]","[NULL]"
23055,"MainThread",54833477237101,16544833,"S","[NULL]","[NULL]"
23055,"MainThread",54833493781934,143583,"R","[NULL]","[NULL]"
23055,"MainThread",54833493925517,4976250,"Running","[NULL]","[NULL]"
23055,"MainThread",54833498901767,6418334,"R+","[NULL]","[NULL]"
23055,"MainThread",54833505320101,348041,"Running","[NULL]","[NULL]"
23055,"MainThread",54833505668142,2803209,"S","[NULL]","[NULL]"
23055,"MainThread",54833508471351,33041,"R","[NULL]","[NULL]"
23055,"MainThread",54833508504392,230834,"Running","[NULL]","[NULL]"
23055,"MainThread",54833508735226,18672208,"S","[NULL]","[NULL]"
23055,"MainThread",54833527407434,278042,"R","[NULL]","[NULL]"
23055,"MainThread",54833527685476,276041,"Running","[NULL]","[NULL]"
23055,"MainThread",54833527961517,16840709,"S","[NULL]","[NULL]"
23055,"MainThread",54833544802226,248500,"R","[NULL]","[NULL]"
23055,"MainThread",54833545050726,626125,"Running","[NULL]","[NULL]"
23055,"MainThread",54833545676851,43208,"R+","[NULL]","[NULL]"
23055,"MainThread",54833545720059,118417,"Running","[NULL]","[NULL]"
23055,"MainThread",54833545838476,18117958,"S","[NULL]","[NULL]"
23055,"MainThread",54833563956434,1425958,"R","[NULL]","[NULL]"
23055,"MainThread",54833565382392,450959,"Running","[NULL]","[NULL]"
23055,"MainThread",54833565833351,46916,"R+","[NULL]","[NULL]"
23055,"MainThread",54833565880267,73917,"Running","[NULL]","[NULL]"
23055,"MainThread",54833565954184,12100125,"S","[NULL]","[NULL]"
23055,"MainThread",54833578054309,187708,"R","[NULL]","[NULL]"
23055,"MainThread",54833578242017,553000,"Running","[NULL]","[NULL]"
23055,"MainThread",54833578795017,48000,"R+","[NULL]","[NULL]"
23055,"MainThread",54833578843017,99834,"Running","[NULL]","[NULL]"
23055,"MainThread",54833578942851,14949666,"S","[NULL]","[NULL]"
23055,"MainThread",54833593892517,318625,"R","[NULL]","[NULL]"
23055,"MainThread",54833594211142,460834,"Running","[NULL]","[NULL]"
23055,"MainThread",54833594671976,29458,"R+","[NULL]","[NULL]"
23055,"MainThread",54833594701434,82250,"Running","[NULL]","[NULL]"
23055,"MainThread",54833594783684,14889625,"S","[NULL]","[NULL]"
23055,"MainThread",54833609673309,75042,"R","[NULL]","[NULL]"
23055,"MainThread",54833609748351,637625,"Running","[NULL]","[NULL]"
23055,"MainThread",54833610385976,18195000,"S","[NULL]","[NULL]"
23055,"MainThread",54833628580976,165916,"R","[NULL]","[NULL]"
23055,"MainThread",54833628746892,438250,"Running","[NULL]","[NULL]"
23055,"MainThread",54833629185142,16118917,"S","[NULL]","[NULL]"
23055,"MainThread",54833645304059,152292,"R","[NULL]","[NULL]"
23055,"MainThread",54833645456351,660875,"Running","[NULL]","[NULL]"
23055,"MainThread",54833646117226,63750,"R+","[NULL]","[NULL]"
23055,"MainThread",54833646180976,91833,"Running","[NULL]","[NULL]"
23055,"MainThread",54833646272809,14844167,"S","[NULL]","[NULL]"
23055,"MainThread",54833661116976,114583,"R","[NULL]","[NULL]"
23055,"MainThread",54833661231559,223042,"Running","[NULL]","[NULL]"
23055,"MainThread",54833661454601,19375,"R+","[NULL]","[NULL]"
23055,"MainThread",54833661473976,52541,"Running","[NULL]","[NULL]"
23055,"MainThread",54833661526517,19857125,"S","[NULL]","[NULL]"
23055,"MainThread",54833681383642,1462042,"R","[NULL]","[NULL]"
23055,"MainThread",54833682845684,335167,"Running","[NULL]","[NULL]"
23055,"MainThread",54833683180851,46916,"R+","[NULL]","[NULL]"
23055,"MainThread",54833683227767,85834,"Running","[NULL]","[NULL]"
23055,"MainThread",54833683313601,9004666,"S","[NULL]","[NULL]"
23055,"MainThread",54833692318267,77750,"R","[NULL]","[NULL]"
23055,"MainThread",54833692396017,517167,"Running","[NULL]","[NULL]"
23055,"MainThread",54833692913184,16536250,"S","[NULL]","[NULL]"
23055,"MainThread",54833709449434,246208,"R","[NULL]","[NULL]"
23055,"MainThread",54833709695642,534375,"Running","[NULL]","[NULL]"
23055,"MainThread",54833710230017,109209,"R+","[NULL]","[NULL]"
23055,"MainThread",54833710339226,93416,"Running","[NULL]","[NULL]"
23055,"MainThread",54833710432642,14520375,"S","[NULL]","[NULL]"
23055,"MainThread",54833724953017,134042,"R","[NULL]","[NULL]"
23055,"MainThread",54833725087059,657792,"Running","[NULL]","[NULL]"
23055,"MainThread",54833725744851,40041,"R+","[NULL]","[NULL]"
23055,"MainThread",54833725784892,108375,"Running","[NULL]","[NULL]"
23055,"MainThread",54833725893267,18280459,"S","[NULL]","[NULL]"
23055,"MainThread",54833744173726,278208,"R","[NULL]","[NULL]"
23055,"MainThread",54833744451934,415000,"Running","[NULL]","[NULL]"
23055,"MainThread",54833744866934,18918792,"S","[NULL]","[NULL]"
23055,"MainThread",54833763785726,50916,"R","[NULL]","[NULL]"
23055,"MainThread",54833763836642,3965834,"Running","[NULL]","[NULL]"
23055,"MainThread",54833767802476,9430833,"S","[NULL]","[NULL]"
23055,"MainThread",54833777233309,155500,"R","[NULL]","[NULL]"
23055,"MainThread",54833777388809,389792,"Running","[NULL]","[NULL]"
23055,"MainThread",54833777778601,14966500,"S","[NULL]","[NULL]"
23055,"MainThread",54833792745101,301833,"R","[NULL]","[NULL]"
23055,"MainThread",54833793046934,267458,"Running","[NULL]","[NULL]"
23055,"MainThread",54833793314392,193875,"R+","[NULL]","[NULL]"
23055,"MainThread",54833793508267,101417,"Running","[NULL]","[NULL]"
23055,"MainThread",54833793609684,16736167,"S","[NULL]","[NULL]"
23055,"MainThread",54833810345851,169708,"R","[NULL]","[NULL]"
23055,"MainThread",54833810515559,189500,"Running","[NULL]","[NULL]"
23055,"MainThread",54833810705059,245250,"R+","[NULL]","[NULL]"
23055,"MainThread",54833810950309,356542,"Running","[NULL]","[NULL]"
23055,"MainThread",54833811306851,34750,"R+","[NULL]","[NULL]"
23055,"MainThread",54833811341601,65250,"Running","[NULL]","[NULL]"
23055,"MainThread",54833811406851,19320750,"S","[NULL]","[NULL]"
23055,"MainThread",54833830727601,124125,"R","[NULL]","[NULL]"
23055,"MainThread",54833830851726,403833,"Running","[NULL]","[NULL]"
23055,"MainThread",54833831255559,32500,"R+","[NULL]","[NULL]"
23055,"MainThread",54833831288059,67292,"Running","[NULL]","[NULL]"
23055,"MainThread",54833831355351,13897708,"S","[NULL]","[NULL]"
23055,"MainThread",54833845253059,208125,"R","[NULL]","[NULL]"
23055,"MainThread",54833845461184,396584,"Running","[NULL]","[NULL]"
23055,"MainThread",54833845857768,37333,"R+","[NULL]","[NULL]"
23055,"MainThread",54833845895101,68792,"Running","[NULL]","[NULL]"
23055,"MainThread",54833845963893,15999208,"S","[NULL]","[NULL]"
23055,"MainThread",54833861963101,18458,"R","[NULL]","[NULL]"
23055,"MainThread",54833861981559,280917,"Running","[NULL]","[NULL]"
23055,"MainThread",54833862262476,65458,"R","[NULL]","[NULL]"
23055,"MainThread",54833862327934,250167,"Running","[NULL]","[NULL]"
23055,"MainThread",54833862578101,13220500,"S","[NULL]","[NULL]"
23055,"MainThread",54833875798601,90625,"R","[NULL]","[NULL]"
23055,"MainThread",54833875889226,268042,"Running","[NULL]","[NULL]"
23055,"MainThread",54833876157268,11916,"R+","[NULL]","[NULL]"
23055,"MainThread",54833876169184,34084,"Running","[NULL]","[NULL]"
23055,"MainThread",54833876203268,15488750,"S","[NULL]","[NULL]"
23055,"MainThread",54833891692018,62875,"R","[NULL]","[NULL]"
23055,"MainThread",54833891754893,158250,"Running","[NULL]","[NULL]"
23055,"MainThread",54833891913143,18500,"R+","[NULL]","[NULL]"
23055,"MainThread",54833891931643,30958,"Running","[NULL]","[NULL]"
23055,"MainThread",54833891962601,16735042,"S","[NULL]","[NULL]"
23055,"MainThread",54833908697643,139333,"R","[NULL]","[NULL]"
23055,"MainThread",54833908836976,482167,"Running","[NULL]","[NULL]"
23055,"MainThread",54833909319143,17563375,"S","[NULL]","[NULL]"
23055,"MainThread",54833926882518,36583,"R","[NULL]","[NULL]"
23055,"MainThread",54833926919101,187167,"Running","[NULL]","[NULL]"
23055,"MainThread",54833927106268,14157958,"S","[NULL]","[NULL]"
23055,"MainThread",54833941264226,235000,"R","[NULL]","[NULL]"
23055,"MainThread",54833941499226,223833,"Running","[NULL]","[NULL]"
23055,"MainThread",54833941723059,16157500,"S","[NULL]","[NULL]"
23055,"MainThread",54833957880559,80667,"R","[NULL]","[NULL]"
23055,"MainThread",54833957961226,134917,"Running","[NULL]","[NULL]"
23055,"MainThread",54833958096143,168000,"R","[NULL]","[NULL]"
23055,"MainThread",54833958264143,190250,"Running","[NULL]","[NULL]"
23055,"MainThread",54833958454393,17788916,"S","[NULL]","[NULL]"
23055,"MainThread",54833976243309,415542,"R","[NULL]","[NULL]"
23055,"MainThread",54833976658851,450250,"Running","[NULL]","[NULL]"
23055,"MainThread",54833977109101,34250,"R+","[NULL]","[NULL]"
23055,"MainThread",54833977143351,91500,"Running","[NULL]","[NULL]"
23055,"MainThread",54833977234851,22930000,"S","[NULL]","[NULL]"
23055,"MainThread",54834000164851,128917,"R","[NULL]","[NULL]"
23055,"MainThread",54834000293768,584750,"Running","[NULL]","[NULL]"
23055,"MainThread",54834000878518,9806500,"S","[NULL]","[NULL]"
23055,"MainThread",54834010685018,304791,"R","[NULL]","[NULL]"
23055,"MainThread",54834010989809,721250,"Running","[NULL]","[NULL]"
23055,"MainThread",54834011711059,14399292,"S","[NULL]","[NULL]"
23055,"MainThread",54834026110351,38875,"R","[NULL]","[NULL]"
23055,"MainThread",54834026149226,281958,"Running","[NULL]","[NULL]"
23055,"MainThread",54834026431184,21917,"R+","[NULL]","[NULL]"
23055,"MainThread",54834026453101,73708,"Running","[NULL]","[NULL]"
23055,"MainThread",54834026526809,19153875,"S","[NULL]","[NULL]"
23055,"MainThread",54834045680684,151750,"R","[NULL]","[NULL]"
23055,"MainThread",54834045832434,386042,"Running","[NULL]","[NULL]"
23055,"MainThread",54834046218476,20838083,"S","[NULL]","[NULL]"
23055,"MainThread",54834067056559,215625,"R","[NULL]","[NULL]"
23055,"MainThread",54834067272184,394084,"Running","[NULL]","[NULL]"
23055,"MainThread",54834067666268,7560958,"S","[NULL]","[NULL]"
23055,"MainThread",54834075227226,217417,"R","[NULL]","[NULL]"
23055,"MainThread",54834075444643,389083,"Running","[NULL]","[NULL]"
23055,"MainThread",54834075833726,15918250,"S","[NULL]","[NULL]"
23055,"MainThread",54834091751976,74375,"R","[NULL]","[NULL]"
23055,"MainThread",54834091826351,606208,"Running","[NULL]","[NULL]"
23055,"MainThread",54834092432559,16422750,"S","[NULL]","[NULL]"
23055,"MainThread",54834108855309,127584,"R","[NULL]","[NULL]"
23055,"MainThread",54834108982893,157500,"Running","[NULL]","[NULL]"
23055,"MainThread",54834109140393,23268333,"S","[NULL]","[NULL]"
23055,"MainThread",54834132408726,317167,"R","[NULL]","[NULL]"
23055,"MainThread",54834132725893,714333,"Running","[NULL]","[NULL]"
23055,"MainThread",54834133440226,8051667,"S","[NULL]","[NULL]"
23055,"MainThread",54834141491893,118583,"R","[NULL]","[NULL]"
23055,"MainThread",54834141610476,524250,"Running","[NULL]","[NULL]"
23055,"MainThread",54834142134726,18174625,"S","[NULL]","[NULL]"
23055,"MainThread",54834160309351,146625,"R","[NULL]","[NULL]"
23055,"MainThread",54834160455976,744333,"Running","[NULL]","[NULL]"
23055,"MainThread",54834161200309,13396042,"S","[NULL]","[NULL]"
23055,"MainThread",54834174596351,112083,"R","[NULL]","[NULL]"
23055,"MainThread",54834174708434,129459,"Running","[NULL]","[NULL]"
23055,"MainThread",54834174837893,16882750,"S","[NULL]","[NULL]"
23055,"MainThread",54834191720643,152875,"R","[NULL]","[NULL]"
23055,"MainThread",54834191873518,394708,"Running","[NULL]","[NULL]"
23055,"MainThread",54834192268226,16593875,"S","[NULL]","[NULL]"
23055,"MainThread",54834208862101,179042,"R","[NULL]","[NULL]"
23055,"MainThread",54834209041143,836375,"Running","[NULL]","[NULL]"
23055,"MainThread",54834209877518,18223916,"S","[NULL]","[NULL]"
23055,"MainThread",54834228101434,342167,"R","[NULL]","[NULL]"
23055,"MainThread",54834228443601,363458,"Running","[NULL]","[NULL]"
23055,"MainThread",54834228807059,13569209,"S","[NULL]","[NULL]"
23055,"MainThread",54834242376268,51458,"R","[NULL]","[NULL]"
23055,"MainThread",54834242427726,458125,"Running","[NULL]","[NULL]"
23055,"MainThread",54834242885851,19972542,"S","[NULL]","[NULL]"
23055,"MainThread",54834262858393,122833,"R","[NULL]","[NULL]"
23055,"MainThread",54834262981226,428250,"Running","[NULL]","[NULL]"
23055,"MainThread",54834263409476,16162250,"S","[NULL]","[NULL]"
23055,"MainThread",54834279571726,183583,"R","[NULL]","[NULL]"
23055,"MainThread",54834279755309,631584,"Running","[NULL]","[NULL]"
23055,"MainThread",54834280386893,12010916,"S","[NULL]","[NULL]"
23055,"MainThread",54834292397809,125584,"R","[NULL]","[NULL]"
23055,"MainThread",54834292523393,362666,"Running","[NULL]","[NULL]"
23055,"MainThread",54834292886059,15494750,"S","[NULL]","[NULL]"
23055,"MainThread",54834308380809,126125,"R","[NULL]","[NULL]"
23055,"MainThread",54834308506934,117709,"Running","[NULL]","[NULL]"
23055,"MainThread",54834308624643,23000,"R+","[NULL]","[NULL]"
23055,"MainThread",54834308647643,29458,"Running","[NULL]","[NULL]"
23055,"MainThread",54834308677101,25119625,"S","[NULL]","[NULL]"
23055,"MainThread",54834333796726,1101667,"R","[NULL]","[NULL]"
23055,"MainThread",54834334898393,3730166,"Running","[NULL]","[NULL]"
23055,"MainThread",54834338628559,88500,"R+","[NULL]","[NULL]"
23055,"MainThread",54834338717059,96667,"Running","[NULL]","[NULL]"
23055,"MainThread",54834338813726,4127292,"S","[NULL]","[NULL]"
23055,"MainThread",54834342941018,237833,"R","[NULL]","[NULL]"
23055,"MainThread",54834343178851,209917,"Running","[NULL]","[NULL]"
23055,"MainThread",54834343388768,44041,"R+","[NULL]","[NULL]"
23055,"MainThread",54834343432809,66792,"Running","[NULL]","[NULL]"
23055,"MainThread",54834343499601,18513792,"S","[NULL]","[NULL]"
23055,"MainThread",54834362013393,120541,"R","[NULL]","[NULL]"
23055,"MainThread",54834362133934,249750,"Running","[NULL]","[NULL]"
23055,"MainThread",54834362383684,22667,"R+","[NULL]","[NULL]"
23055,"MainThread",54834362406351,76750,"Running","[NULL]","[NULL]"
23055,"MainThread",54834362483101,18043667,"S","[NULL]","[NULL]"
23055,"MainThread",54834380526768,192625,"R","[NULL]","[NULL]"
23055,"MainThread",54834380719393,140416,"Running","[NULL]","[NULL]"
23055,"MainThread",54834380859809,14625,"R+","[NULL]","[NULL]"
23055,"MainThread",54834380874434,30334,"Running","[NULL]","[NULL]"
23055,"MainThread",54834380904768,10782250,"S","[NULL]","[NULL]"
23055,"MainThread",54834391687018,212750,"R","[NULL]","[NULL]"
23055,"MainThread",54834391899768,365500,"Running","[NULL]","[NULL]"
23055,"MainThread",54834392265268,17005541,"S","[NULL]","[NULL]"
23055,"MainThread",54834409270809,163375,"R","[NULL]","[NULL]"
23055,"MainThread",54834409434184,94375,"Running","[NULL]","[NULL]"
23055,"MainThread",54834409528559,15209,"R+","[NULL]","[NULL]"
23055,"MainThread",54834409543768,23458,"Running","[NULL]","[NULL]"
23055,"MainThread",54834409567226,15288208,"S","[NULL]","[NULL]"
23055,"MainThread",54834424855434,138417,"R","[NULL]","[NULL]"
23055,"MainThread",54834424993851,137958,"Running","[NULL]","[NULL]"
23055,"MainThread",54834425131809,22861834,"S","[NULL]","[NULL]"
23055,"MainThread",54834447993643,254375,"R","[NULL]","[NULL]"
23055,"MainThread",54834448248018,148500,"Running","[NULL]","[NULL]"
23055,"MainThread",54834448396518,11229000,"S","[NULL]","[NULL]"
23055,"MainThread",54834459625518,143166,"R","[NULL]","[NULL]"
23055,"MainThread",54834459768684,167959,"Running","[NULL]","[NULL]"
23055,"MainThread",54834459936643,24346208,"S","[NULL]","[NULL]"
23055,"MainThread",54834484282851,72583,"R","[NULL]","[NULL]"
23055,"MainThread",54834484355434,269542,"Running","[NULL]","[NULL]"
23055,"MainThread",54834484624976,8310875,"S","[NULL]","[NULL]"
23055,"MainThread",54834492935851,37208,"R","[NULL]","[NULL]"
23055,"MainThread",54834492973059,184459,"Running","[NULL]","[NULL]"
23055,"MainThread",54834493157518,23480208,"S","[NULL]","[NULL]"
23055,"MainThread",54834516637726,255375,"R","[NULL]","[NULL]"
23055,"MainThread",54834516893101,568042,"Running","[NULL]","[NULL]"
23055,"MainThread",54834517461143,10705125,"S","[NULL]","[NULL]"
23055,"MainThread",54834528166268,245208,"R","[NULL]","[NULL]"
23055,"MainThread",54834528411476,444125,"Running","[NULL]","[NULL]"
23055,"MainThread",54834528855601,14389667,"S","[NULL]","[NULL]"
23055,"MainThread",54834543245268,395708,"R","[NULL]","[NULL]"
23055,"MainThread",54834543640976,117500,"Running","[NULL]","[NULL]"
23055,"MainThread",54834543758476,22792,"R+","[NULL]","[NULL]"
23055,"MainThread",54834543781268,37333,"Running","[NULL]","[NULL]"
23055,"MainThread",54834543818601,14403542,"S","[NULL]","[NULL]"
23055,"MainThread",54834558222143,296375,"R","[NULL]","[NULL]"
23055,"MainThread",54834558518518,124625,"Running","[NULL]","[NULL]"
23055,"MainThread",54834558643143,32375,"R+","[NULL]","[NULL]"
23055,"MainThread",54834558675518,88750,"Running","[NULL]","[NULL]"
23055,"MainThread",54834558764268,16715250,"S","[NULL]","[NULL]"
23055,"MainThread",54834575479518,3741500,"R","[NULL]","[NULL]"
23055,"MainThread",54834579221018,437208,"Running","[NULL]","[NULL]"
23055,"MainThread",54834579658226,27125,"R+","[NULL]","[NULL]"
23055,"MainThread",54834579685351,109459,"Running","[NULL]","[NULL]"
23055,"MainThread",54834579794810,11500833,"S","[NULL]","[NULL]"
23055,"MainThread",54834591295643,241625,"R","[NULL]","[NULL]"
23055,"MainThread",54834591537268,282125,"Running","[NULL]","[NULL]"
23055,"MainThread",54834591819393,16187125,"S","[NULL]","[NULL]"
23055,"MainThread",54834608006518,155167,"R","[NULL]","[NULL]"
23055,"MainThread",54834608161685,377666,"Running","[NULL]","[NULL]"
23055,"MainThread",54834608539351,16235750,"S","[NULL]","[NULL]"
23055,"MainThread",54834624775101,36959,"R","[NULL]","[NULL]"
23055,"MainThread",54834624812060,374625,"Running","[NULL]","[NULL]"
23055,"MainThread",54834625186685,18359291,"S","[NULL]","[NULL]"
23055,"MainThread",54834643545976,10855000,"R","[NULL]","[NULL]"
23055,"MainThread",54834654400976,226334,"Running","[NULL]","[NULL]"
23055,"MainThread",54834654627310,3064958,"S","[NULL]","[NULL]"
23055,"MainThread",54834657692268,24583,"R","[NULL]","[NULL]"
23055,"MainThread",54834657716851,205000,"Running","[NULL]","[NULL]"
23055,"MainThread",54834657921851,17234542,"S","[NULL]","[NULL]"
23055,"MainThread",54834675156393,29792,"R","[NULL]","[NULL]"
23055,"MainThread",54834675186185,180166,"Running","[NULL]","[NULL]"
23055,"MainThread",54834675366351,18292,"R+","[NULL]","[NULL]"
23055,"MainThread",54834675384643,40500,"Running","[NULL]","[NULL]"
23055,"MainThread",54834675425143,16075083,"S","[NULL]","[NULL]"
23055,"MainThread",54834691500226,88959,"R","[NULL]","[NULL]"
23055,"MainThread",54834691589185,222166,"Running","[NULL]","[NULL]"
23055,"MainThread",54834691811351,16495500,"S","[NULL]","[NULL]"
23055,"MainThread",54834708306851,85042,"R","[NULL]","[NULL]"
23055,"MainThread",54834708391893,187708,"Running","[NULL]","[NULL]"
23055,"MainThread",54834708579601,16514959,"S","[NULL]","[NULL]"
23055,"MainThread",54834725094560,153833,"R","[NULL]","[NULL]"
23055,"MainThread",54834725248393,167333,"Running","[NULL]","[NULL]"
23055,"MainThread",54834725415726,16908625,"S","[NULL]","[NULL]"
23055,"MainThread",54834742324351,84084,"R","[NULL]","[NULL]"
23055,"MainThread",54834742408435,138416,"Running","[NULL]","[NULL]"
23055,"MainThread",54834742546851,16283542,"S","[NULL]","[NULL]"
23055,"MainThread",54834758830393,62042,"R","[NULL]","[NULL]"
23055,"MainThread",54834758892435,168375,"Running","[NULL]","[NULL]"
23055,"MainThread",54834759060810,16297666,"S","[NULL]","[NULL]"
23055,"MainThread",54834775358476,81875,"R","[NULL]","[NULL]"
23055,"MainThread",54834775440351,136250,"Running","[NULL]","[NULL]"
23055,"MainThread",54834775576601,15917,"R+","[NULL]","[NULL]"
23055,"MainThread",54834775592518,45167,"Running","[NULL]","[NULL]"
23055,"MainThread",54834775637685,16102583,"S","[NULL]","[NULL]"
23055,"MainThread",54834791740268,116583,"R","[NULL]","[NULL]"
23055,"MainThread",54834791856851,120750,"Running","[NULL]","[NULL]"
23055,"MainThread",54834791977601,8917,"R+","[NULL]","[NULL]"
23055,"MainThread",54834791986518,72833,"Running","[NULL]","[NULL]"
23055,"MainThread",54834792059351,16230625,"S","[NULL]","[NULL]"
23055,"MainThread",54834808289976,80084,"R","[NULL]","[NULL]"
23055,"MainThread",54834808370060,51916,"Running","[NULL]","[NULL]"
23055,"MainThread",54834808421976,9375,"R+","[NULL]","[NULL]"
23055,"MainThread",54834808431351,29292,"Running","[NULL]","[NULL]"
23055,"MainThread",54834808460643,18320167,"S","[NULL]","[NULL]"
23055,"MainThread",54834826780810,135000,"R","[NULL]","[NULL]"
23055,"MainThread",54834826915810,126708,"Running","[NULL]","[NULL]"
23055,"MainThread",54834827042518,13625,"R+","[NULL]","[NULL]"
23055,"MainThread",54834827056143,27542,"Running","[NULL]","[NULL]"
23055,"MainThread",54834827083685,17940916,"S","[NULL]","[NULL]"
23055,"MainThread",54834845024601,96542,"R","[NULL]","[NULL]"
23055,"MainThread",54834845121143,153833,"Running","[NULL]","[NULL]"
23055,"MainThread",54834845274976,15875,"R+","[NULL]","[NULL]"
23055,"MainThread",54834845290851,24000,"Running","[NULL]","[NULL]"
23055,"MainThread",54834845314851,17927875,"S","[NULL]","[NULL]"
23055,"MainThread",54834863242726,83209,"R","[NULL]","[NULL]"
23055,"MainThread",54834863325935,194083,"Running","[NULL]","[NULL]"
23055,"MainThread",54834863520018,16958,"R+","[NULL]","[NULL]"
23055,"MainThread",54834863536976,35209,"Running","[NULL]","[NULL]"
23055,"MainThread",54834863572185,16506583,"S","[NULL]","[NULL]"
23055,"MainThread",54834880078768,138125,"R","[NULL]","[NULL]"
23055,"MainThread",54834880216893,349708,"Running","[NULL]","[NULL]"
23055,"MainThread",54834880566601,31959,"R+","[NULL]","[NULL]"
23055,"MainThread",54834880598560,48541,"Running","[NULL]","[NULL]"
23055,"MainThread",54834880647101,12496500,"S","[NULL]","[NULL]"
23055,"MainThread",54834893143601,52834,"R","[NULL]","[NULL]"
23055,"MainThread",54834893196435,710875,"Running","[NULL]","[NULL]"
23055,"MainThread",54834893907310,14296916,"S","[NULL]","[NULL]"
23055,"MainThread",54834908204226,153500,"R","[NULL]","[NULL]"
23055,"MainThread",54834908357726,484875,"Running","[NULL]","[NULL]"
23055,"MainThread",54834908842601,23478625,"S","[NULL]","[NULL]"
23055,"MainThread",54834932321226,135875,"R","[NULL]","[NULL]"
23055,"MainThread",54834932457101,324667,"Running","[NULL]","[NULL]"
23055,"MainThread",54834932781768,8532208,"S","[NULL]","[NULL]"
23055,"MainThread",54834941313976,93584,"R","[NULL]","[NULL]"
23055,"MainThread",54834941407560,143458,"Running","[NULL]","[NULL]"
23055,"MainThread",54834941551018,16691333,"S","[NULL]","[NULL]"
23055,"MainThread",54834958242351,162542,"R","[NULL]","[NULL]"
23055,"MainThread",54834958404893,105583,"Running","[NULL]","[NULL]"
23055,"MainThread",54834958510476,17357042,"S","[NULL]","[NULL]"
23055,"MainThread",54834975867518,173417,"R","[NULL]","[NULL]"
23055,"MainThread",54834976040935,71583,"Running","[NULL]","[NULL]"
23055,"MainThread",54834976112518,18709208,"S","[NULL]","[NULL]"
23055,"MainThread",54834994821726,168459,"R","[NULL]","[NULL]"
23055,"MainThread",54834994990185,234666,"Running","[NULL]","[NULL]"
23055,"MainThread",54834995224851,13075959,"S","[NULL]","[NULL]"
23055,"MainThread",54835008300810,99875,"R","[NULL]","[NULL]"
23055,"MainThread",54835008400685,431833,"Running","[NULL]","[NULL]"
23055,"MainThread",54835008832518,16079125,"S","[NULL]","[NULL]"
23055,"MainThread",54835024911643,181667,"R","[NULL]","[NULL]"
23055,"MainThread",54835025093310,412833,"Running","[NULL]","[NULL]"
23055,"MainThread",54835025506143,15960000,"S","[NULL]","[NULL]"
23055,"MainThread",54835041466143,146250,"R","[NULL]","[NULL]"
23055,"MainThread",54835041612393,1977792,"Running","[NULL]","[NULL]"
23055,"MainThread",54835043590185,18334416,"S","[NULL]","[NULL]"
23055,"MainThread",54835061924601,97292,"R","[NULL]","[NULL]"
23055,"MainThread",54835062021893,310958,"Running","[NULL]","[NULL]"
23055,"MainThread",54835062332851,15405459,"S","[NULL]","[NULL]"
23055,"MainThread",54835077738310,75541,"R","[NULL]","[NULL]"
23055,"MainThread",54835077813851,538500,"Running","[NULL]","[NULL]"
23055,"MainThread",54835078352351,12850000,"S","[NULL]","[NULL]"
23055,"MainThread",54835091202351,90125,"R","[NULL]","[NULL]"
23055,"MainThread",54835091292476,221042,"Running","[NULL]","[NULL]"
23055,"MainThread",54835091513518,16000,"R+","[NULL]","[NULL]"
23055,"MainThread",54835091529518,58667,"Running","[NULL]","[NULL]"
23055,"MainThread",54835091588185,16678000,"S","[NULL]","[NULL]"
23055,"MainThread",54835108266185,166541,"R","[NULL]","[NULL]"
23055,"MainThread",54835108432726,132334,"Running","[NULL]","[NULL]"
23055,"MainThread",54835108565060,10875,"R+","[NULL]","[NULL]"
23055,"MainThread",54835108575935,15583,"Running","[NULL]","[NULL]"
23055,"MainThread",54835108591518,16132708,"S","[NULL]","[NULL]"
23055,"MainThread",54835124724226,143709,"R","[NULL]","[NULL]"
23055,"MainThread",54835124867935,251583,"Running","[NULL]","[NULL]"
23055,"MainThread",54835125119518,21583,"R+","[NULL]","[NULL]"
23055,"MainThread",54835125141101,34209,"Running","[NULL]","[NULL]"
23055,"MainThread",54835125175310,16188625,"S","[NULL]","[NULL]"
23055,"MainThread",54835141363935,290666,"R","[NULL]","[NULL]"
23055,"MainThread",54835141654601,187459,"Running","[NULL]","[NULL]"
23055,"MainThread",54835141842060,22750,"R+","[NULL]","[NULL]"
23055,"MainThread",54835141864810,43208,"Running","[NULL]","[NULL]"
23055,"MainThread",54835141908018,16602542,"S","[NULL]","[NULL]"
23055,"MainThread",54835158510560,214958,"R","[NULL]","[NULL]"
23055,"MainThread",54835158725518,240833,"Running","[NULL]","[NULL]"
23055,"MainThread",54835158966351,14834,"R+","[NULL]","[NULL]"
23055,"MainThread",54835158981185,46791,"Running","[NULL]","[NULL]"
23055,"MainThread",54835159027976,16494625,"S","[NULL]","[NULL]"
23055,"MainThread",54835175522601,102167,"R","[NULL]","[NULL]"
23055,"MainThread",54835175624768,186250,"Running","[NULL]","[NULL]"
23055,"MainThread",54835175811018,13083,"R+","[NULL]","[NULL]"
23055,"MainThread",54835175824101,34334,"Running","[NULL]","[NULL]"
23055,"MainThread",54835175858435,15462708,"S","[NULL]","[NULL]"
23055,"MainThread",54835191321143,36083,"R","[NULL]","[NULL]"
23055,"MainThread",54835191357226,288167,"Running","[NULL]","[NULL]"
23055,"MainThread",54835191645393,53250,"R","[NULL]","[NULL]"
23055,"MainThread",54835191698643,165333,"Running","[NULL]","[NULL]"
23055,"MainThread",54835191863976,17563417,"S","[NULL]","[NULL]"
23055,"MainThread",54835209427393,85500,"R","[NULL]","[NULL]"
23055,"MainThread",54835209512893,178625,"Running","[NULL]","[NULL]"
23055,"MainThread",54835209691518,12708,"R+","[NULL]","[NULL]"
23055,"MainThread",54835209704226,33000,"Running","[NULL]","[NULL]"
23055,"MainThread",54835209737226,16682709,"S","[NULL]","[NULL]"
23055,"MainThread",54835226419935,75792,"R","[NULL]","[NULL]"
23055,"MainThread",54835226495727,302875,"Running","[NULL]","[NULL]"
23055,"MainThread",54835226798602,27583,"R+","[NULL]","[NULL]"
23055,"MainThread",54835226826185,31417,"Running","[NULL]","[NULL]"
23055,"MainThread",54835226857602,22967250,"S","[NULL]","[NULL]"
23055,"MainThread",54835249824852,319958,"R","[NULL]","[NULL]"
23055,"MainThread",54835250144810,508625,"Running","[NULL]","[NULL]"
23055,"MainThread",54835250653435,7616458,"S","[NULL]","[NULL]"
23055,"MainThread",54835258269893,85917,"R","[NULL]","[NULL]"
23055,"MainThread",54835258355810,365000,"Running","[NULL]","[NULL]"
23055,"MainThread",54835258720810,30274292,"S","[NULL]","[NULL]"
23055,"MainThread",54835288995102,163833,"R","[NULL]","[NULL]"
23055,"MainThread",54835289158935,533917,"Running","[NULL]","[NULL]"
23055,"MainThread",54835289692852,151416,"R","[NULL]","[NULL]"
23055,"MainThread",54835289844268,116584,"Running","[NULL]","[NULL]"
23055,"MainThread",54835289960852,157208,"R+","[NULL]","[NULL]"
23055,"MainThread",54835290118060,67792,"Running","[NULL]","[NULL]"
23055,"MainThread",54835290185852,1330291,"S","[NULL]","[NULL]"
23055,"MainThread",54835291516143,77959,"R","[NULL]","[NULL]"
23055,"MainThread",54835291594102,80375,"Running","[NULL]","[NULL]"
23055,"MainThread",54835291674477,18872041,"S","[NULL]","[NULL]"
23055,"MainThread",54835310546518,125667,"R","[NULL]","[NULL]"
23055,"MainThread",54835310672185,518208,"Running","[NULL]","[NULL]"
23055,"MainThread",54835311190393,5952250,"R+","[NULL]","[NULL]"
23055,"MainThread",54835317142643,701042,"Running","[NULL]","[NULL]"
23055,"MainThread",54835317843685,7660000,"S","[NULL]","[NULL]"
23055,"MainThread",54835325503685,121542,"R","[NULL]","[NULL]"
23055,"MainThread",54835325625227,427125,"Running","[NULL]","[NULL]"
23055,"MainThread",54835326052352,28291,"R+","[NULL]","[NULL]"
23055,"MainThread",54835326080643,97375,"Running","[NULL]","[NULL]"
23055,"MainThread",54835326178018,22347542,"S","[NULL]","[NULL]"
23055,"MainThread",54835348525560,89500,"R","[NULL]","[NULL]"
23055,"MainThread",54835348615060,463583,"Running","[NULL]","[NULL]"
23055,"MainThread",54835349078643,8852959,"S","[NULL]","[NULL]"
23055,"MainThread",54835357931602,91333,"R","[NULL]","[NULL]"
23055,"MainThread",54835358022935,93375,"Running","[NULL]","[NULL]"
23055,"MainThread",54835358116310,19333,"R+","[NULL]","[NULL]"
23055,"MainThread",54835358135643,18709,"Running","[NULL]","[NULL]"
23055,"MainThread",54835358154352,21148875,"S","[NULL]","[NULL]"
23055,"MainThread",54835379303227,134250,"R","[NULL]","[NULL]"
23055,"MainThread",54835379437477,302291,"Running","[NULL]","[NULL]"
23055,"MainThread",54835379739768,13667,"R+","[NULL]","[NULL]"
23055,"MainThread",54835379753435,81875,"Running","[NULL]","[NULL]"
23055,"MainThread",54835379835310,13673708,"S","[NULL]","[NULL]"
23055,"MainThread",54835393509018,32375,"R","[NULL]","[NULL]"
23055,"MainThread",54835393541393,106959,"Running","[NULL]","[NULL]"
23055,"MainThread",54835393648352,11833,"R+","[NULL]","[NULL]"
23055,"MainThread",54835393660185,35542,"Running","[NULL]","[NULL]"
23055,"MainThread",54835393695727,14202875,"S","[NULL]","[NULL]"
23055,"MainThread",54835407898602,88208,"R","[NULL]","[NULL]"
23055,"MainThread",54835407986810,313750,"Running","[NULL]","[NULL]"
23055,"MainThread",54835408300560,12667,"R+","[NULL]","[NULL]"
23055,"MainThread",54835408313227,31458,"Running","[NULL]","[NULL]"
23055,"MainThread",54835408344685,16570750,"S","[NULL]","[NULL]"
23055,"MainThread",54835424915435,76458,"R","[NULL]","[NULL]"
23055,"MainThread",54835424991893,120084,"Running","[NULL]","[NULL]"
23055,"MainThread",54835425111977,10416,"R+","[NULL]","[NULL]"
23055,"MainThread",54835425122393,21667,"Running","[NULL]","[NULL]"
23055,"MainThread",54835425144060,24315958,"S","[NULL]","[NULL]"
23055,"MainThread",54835449460018,551125,"R","[NULL]","[NULL]"
23055,"MainThread",54835450011143,812542,"Running","[NULL]","[NULL]"
23055,"MainThread",54835450823685,194042,"R+","[NULL]","[NULL]"
23055,"MainThread",54835451017727,130166,"Running","[NULL]","[NULL]"
23055,"MainThread",54835451147893,7953667,"S","[NULL]","[NULL]"
23055,"MainThread",54835459101560,245750,"R","[NULL]","[NULL]"
23055,"MainThread",54835459347310,541958,"Running","[NULL]","[NULL]"
23055,"MainThread",54835459889268,15841209,"S","[NULL]","[NULL]"
23055,"MainThread",54835475730477,305875,"R","[NULL]","[NULL]"
23055,"MainThread",54835476036352,464333,"Running","[NULL]","[NULL]"
23055,"MainThread",54835476500685,32792,"R+","[NULL]","[NULL]"
23055,"MainThread",54835476533477,91083,"Running","[NULL]","[NULL]"
23055,"MainThread",54835476624560,15000792,"S","[NULL]","[NULL]"
23055,"MainThread",54835491625352,249791,"R","[NULL]","[NULL]"
23055,"MainThread",54835491875143,496667,"Running","[NULL]","[NULL]"
23055,"MainThread",54835492371810,31708,"R+","[NULL]","[NULL]"
23055,"MainThread",54835492403518,63709,"Running","[NULL]","[NULL]"
23055,"MainThread",54835492467227,17550208,"S","[NULL]","[NULL]"
23055,"MainThread",54835510017435,276375,"R","[NULL]","[NULL]"
23055,"MainThread",54835510293810,270292,"Running","[NULL]","[NULL]"
23055,"MainThread",54835510564102,102833,"R","[NULL]","[NULL]"
23055,"MainThread",54835510666935,278792,"Running","[NULL]","[NULL]"
23055,"MainThread",54835510945727,57375,"R+","[NULL]","[NULL]"
23055,"MainThread",54835511003102,89291,"Running","[NULL]","[NULL]"
23055,"MainThread",54835511092393,14869084,"S","[NULL]","[NULL]"
23055,"MainThread",54835525961477,170666,"R","[NULL]","[NULL]"
23055,"MainThread",54835526132143,435334,"Running","[NULL]","[NULL]"
23055,"MainThread",54835526567477,20500958,"S","[NULL]","[NULL]"
23055,"MainThread",54835547068435,118583,"R","[NULL]","[NULL]"
23055,"MainThread",54835547187018,529459,"Running","[NULL]","[NULL]"
23055,"MainThread",54835547716477,33791,"R+","[NULL]","[NULL]"
23055,"MainThread",54835547750268,87917,"Running","[NULL]","[NULL]"
23055,"MainThread",54835547838185,10356917,"S","[NULL]","[NULL]"
23055,"MainThread",54835558195102,124833,"R","[NULL]","[NULL]"
23055,"MainThread",54835558319935,244333,"Running","[NULL]","[NULL]"
23055,"MainThread",54835558564268,36667,"R+","[NULL]","[NULL]"
23055,"MainThread",54835558600935,57500,"Running","[NULL]","[NULL]"
23055,"MainThread",54835558658435,4681542,"S","[NULL]","[NULL]"
23055,"MainThread",54835563339977,199250,"R","[NULL]","[NULL]"
23055,"MainThread",54835563539227,10815708,"Running","[NULL]","[NULL]"
23055,"MainThread",54835574354935,154750,"R","[NULL]","[NULL]"
23055,"MainThread",54835574509685,538667,"Running","[NULL]","[NULL]"
23055,"MainThread",54835575048352,19099166,"S","[NULL]","[NULL]"
23055,"MainThread",54835594147518,8542,"R","[NULL]","[NULL]"
23055,"MainThread",54835594156060,1778125,"Running","[NULL]","[NULL]"
23055,"MainThread",54835595934185,1034958,"R+","[NULL]","[NULL]"
23055,"MainThread",54835596969143,42917,"Running","[NULL]","[NULL]"
23055,"MainThread",54835597012060,12538917,"S","[NULL]","[NULL]"
23055,"MainThread",54835609550977,240041,"R","[NULL]","[NULL]"
23055,"MainThread",54835609791018,73667,"Running","[NULL]","[NULL]"
23055,"MainThread",54835609864685,18417,"R+","[NULL]","[NULL]"
23055,"MainThread",54835609883102,24208,"Running","[NULL]","[NULL]"
23055,"MainThread",54835609907310,14718333,"S","[NULL]","[NULL]"
23055,"MainThread",54835624625643,117334,"R","[NULL]","[NULL]"
23055,"MainThread",54835624742977,89750,"Running","[NULL]","[NULL]"
23055,"MainThread",54835624832727,22083,"R+","[NULL]","[NULL]"
23055,"MainThread",54835624854810,27625,"Running","[NULL]","[NULL]"
23055,"MainThread",54835624882435,16696667,"S","[NULL]","[NULL]"
23055,"MainThread",54835641579102,145958,"R","[NULL]","[NULL]"
23055,"MainThread",54835641725060,203292,"Running","[NULL]","[NULL]"
23055,"MainThread",54835641928352,21916,"R+","[NULL]","[NULL]"
23055,"MainThread",54835641950268,124292,"Running","[NULL]","[NULL]"
23055,"MainThread",54835642074560,15940333,"S","[NULL]","[NULL]"
23055,"MainThread",54835658014893,162125,"R","[NULL]","[NULL]"
23055,"MainThread",54835658177018,330334,"Running","[NULL]","[NULL]"
23055,"MainThread",54835658507352,17227166,"S","[NULL]","[NULL]"
23055,"MainThread",54835675734518,177834,"R","[NULL]","[NULL]"
23055,"MainThread",54835675912352,310458,"Running","[NULL]","[NULL]"
23055,"MainThread",54835676222810,15474417,"S","[NULL]","[NULL]"
23055,"MainThread",54835691697227,241250,"R","[NULL]","[NULL]"
23055,"MainThread",54835691938477,219708,"Running","[NULL]","[NULL]"
23055,"MainThread",54835692158185,19667,"R+","[NULL]","[NULL]"
23055,"MainThread",54835692177852,41708,"Running","[NULL]","[NULL]"
23055,"MainThread",54835692219560,15753583,"S","[NULL]","[NULL]"
23055,"MainThread",54835707973143,196042,"R","[NULL]","[NULL]"
23055,"MainThread",54835708169185,145875,"Running","[NULL]","[NULL]"
23055,"MainThread",54835708315060,16458,"R+","[NULL]","[NULL]"
23055,"MainThread",54835708331518,34209,"Running","[NULL]","[NULL]"
23055,"MainThread",54835708365727,19805666,"S","[NULL]","[NULL]"
23055,"MainThread",54835728171393,178959,"R","[NULL]","[NULL]"
23055,"MainThread",54835728350352,165916,"Running","[NULL]","[NULL]"
23055,"MainThread",54835728516268,21750,"R+","[NULL]","[NULL]"
23055,"MainThread",54835728538018,50000,"Running","[NULL]","[NULL]"
23055,"MainThread",54835728588018,13268750,"S","[NULL]","[NULL]"
23055,"MainThread",54835741856768,159750,"R","[NULL]","[NULL]"
23055,"MainThread",54835742016518,39459,"Running","[NULL]","[NULL]"
23055,"MainThread",54835742055977,7166,"R+","[NULL]","[NULL]"
23055,"MainThread",54835742063143,17542,"Running","[NULL]","[NULL]"
23055,"MainThread",54835742080685,18339417,"S","[NULL]","[NULL]"
23055,"MainThread",54835760420102,188041,"R","[NULL]","[NULL]"
23055,"MainThread",54835760608143,648209,"Running","[NULL]","[NULL]"
23055,"MainThread",54835761256352,34875,"R+","[NULL]","[NULL]"
23055,"MainThread",54835761291227,72916,"Running","[NULL]","[NULL]"
23055,"MainThread",54835761364143,21580250,"S","[NULL]","[NULL]"
23055,"MainThread",54835782944393,57167,"R","[NULL]","[NULL]"
23055,"MainThread",54835783001560,450250,"Running","[NULL]","[NULL]"
23055,"MainThread",54835783451810,11485458,"S","[NULL]","[NULL]"
23055,"MainThread",54835794937268,314375,"R","[NULL]","[NULL]"
23055,"MainThread",54835795251643,429709,"Running","[NULL]","[NULL]"
23055,"MainThread",54835795681352,37916,"R+","[NULL]","[NULL]"
23055,"MainThread",54835795719268,61459,"Running","[NULL]","[NULL]"
23055,"MainThread",54835795780727,17769083,"S","[NULL]","[NULL]"
23055,"MainThread",54835813549810,143500,"R","[NULL]","[NULL]"
23055,"MainThread",54835813693310,403792,"Running","[NULL]","[NULL]"
23055,"MainThread",54835814097102,88708,"R+","[NULL]","[NULL]"
23055,"MainThread",54835814185810,194125,"Running","[NULL]","[NULL]"
23055,"MainThread",54835814379935,13180750,"S","[NULL]","[NULL]"
23055,"MainThread",54835827560685,115458,"R","[NULL]","[NULL]"
23055,"MainThread",54835827676143,466792,"Running","[NULL]","[NULL]"
23055,"MainThread",54835828142935,32833,"R+","[NULL]","[NULL]"
23055,"MainThread",54835828175768,66375,"Running","[NULL]","[NULL]"
23055,"MainThread",54835828242143,13453209,"S","[NULL]","[NULL]"
23055,"MainThread",54835841695352,79541,"R","[NULL]","[NULL]"
23055,"MainThread",54835841774893,436667,"Running","[NULL]","[NULL]"
23055,"MainThread",54835842211560,16745208,"S","[NULL]","[NULL]"
23055,"MainThread",54835858956768,113959,"R","[NULL]","[NULL]"
23055,"MainThread",54835859070727,119958,"Running","[NULL]","[NULL]"
23055,"MainThread",54835859190685,15500,"R+","[NULL]","[NULL]"
23055,"MainThread",54835859206185,28333,"Running","[NULL]","[NULL]"
23055,"MainThread",54835859234518,17376334,"S","[NULL]","[NULL]"
23055,"MainThread",54835876610852,155583,"R","[NULL]","[NULL]"
23055,"MainThread",54835876766435,164333,"Running","[NULL]","[NULL]"
23055,"MainThread",54835876930768,18501417,"S","[NULL]","[NULL]"
23055,"MainThread",54835895432185,140500,"R","[NULL]","[NULL]"
23055,"MainThread",54835895572685,192542,"Running","[NULL]","[NULL]"
23055,"MainThread",54835895765227,13152083,"S","[NULL]","[NULL]"
23055,"MainThread",54835908917310,274958,"R","[NULL]","[NULL]"
23055,"MainThread",54835909192268,93167,"Running","[NULL]","[NULL]"
23055,"MainThread",54835909285435,19375,"R+","[NULL]","[NULL]"
23055,"MainThread",54835909304810,32208,"Running","[NULL]","[NULL]"
23055,"MainThread",54835909337018,23075751,"S","[NULL]","[NULL]"
23055,"MainThread",54835932412769,143333,"R","[NULL]","[NULL]"
23055,"MainThread",54835932556102,335375,"Running","[NULL]","[NULL]"
23055,"MainThread",54835932891477,34208,"R+","[NULL]","[NULL]"
23055,"MainThread",54835932925685,44292,"Running","[NULL]","[NULL]"
23055,"MainThread",54835932969977,8540458,"S","[NULL]","[NULL]"
23055,"MainThread",54835941510435,123084,"R","[NULL]","[NULL]"
23055,"MainThread",54835941633519,181875,"Running","[NULL]","[NULL]"
23055,"MainThread",54835941815394,18845541,"S","[NULL]","[NULL]"
23055,"MainThread",54835960660935,130709,"R","[NULL]","[NULL]"
23055,"MainThread",54835960791644,129583,"Running","[NULL]","[NULL]"
23055,"MainThread",54835960921227,17865792,"S","[NULL]","[NULL]"
23055,"MainThread",54835978787019,157958,"R","[NULL]","[NULL]"
23055,"MainThread",54835978944977,184000,"Running","[NULL]","[NULL]"
23055,"MainThread",54835979128977,12508250,"S","[NULL]","[NULL]"
23055,"MainThread",54835991637227,251250,"R","[NULL]","[NULL]"
23055,"MainThread",54835991888477,471708,"Running","[NULL]","[NULL]"
23055,"MainThread",54835992360185,15750084,"S","[NULL]","[NULL]"
23055,"MainThread",54836008110269,190333,"R","[NULL]","[NULL]"
23055,"MainThread",54836008300602,212292,"Running","[NULL]","[NULL]"
23055,"MainThread",54836008512894,16768291,"S","[NULL]","[NULL]"
23055,"MainThread",54836025281185,188542,"R","[NULL]","[NULL]"
23055,"MainThread",54836025469727,254542,"Running","[NULL]","[NULL]"
23055,"MainThread",54836025724269,29958,"R+","[NULL]","[NULL]"
23055,"MainThread",54836025754227,45833,"Running","[NULL]","[NULL]"
23055,"MainThread",54836025800060,27162875,"S","[NULL]","[NULL]"
23055,"MainThread",54836052962935,327125,"R","[NULL]","[NULL]"
23055,"MainThread",54836053290060,676959,"Running","[NULL]","[NULL]"
23055,"MainThread",54836053967019,42333,"R+","[NULL]","[NULL]"
23055,"MainThread",54836054009352,99125,"Running","[NULL]","[NULL]"
23055,"MainThread",54836054108477,6072125,"S","[NULL]","[NULL]"
23055,"MainThread",54836060180602,257250,"R","[NULL]","[NULL]"
23055,"MainThread",54836060437852,546708,"Running","[NULL]","[NULL]"
23055,"MainThread",54836060984560,18572625,"S","[NULL]","[NULL]"
23055,"MainThread",54836079557185,103750,"R","[NULL]","[NULL]"
23055,"MainThread",54836079660935,432584,"Running","[NULL]","[NULL]"
23055,"MainThread",54836080093519,17875,"R+","[NULL]","[NULL]"
23055,"MainThread",54836080111394,68458,"Running","[NULL]","[NULL]"
23055,"MainThread",54836080179852,11908167,"S","[NULL]","[NULL]"
23055,"MainThread",54836092088019,116208,"R","[NULL]","[NULL]"
23055,"MainThread",54836092204227,183667,"Running","[NULL]","[NULL]"
23055,"MainThread",54836092387894,24000,"R+","[NULL]","[NULL]"
23055,"MainThread",54836092411894,52958,"Running","[NULL]","[NULL]"
23055,"MainThread",54836092464852,15966333,"S","[NULL]","[NULL]"
23055,"MainThread",54836108431185,198917,"R","[NULL]","[NULL]"
23055,"MainThread",54836108630102,642167,"Running","[NULL]","[NULL]"
23055,"MainThread",54836109272269,21227833,"S","[NULL]","[NULL]"
23055,"MainThread",54836130500102,881667,"R","[NULL]","[NULL]"
23055,"MainThread",54836131381769,3305833,"Running","[NULL]","[NULL]"
23055,"MainThread",54836134687602,8891583,"S","[NULL]","[NULL]"
23055,"MainThread",54836143579185,62375,"R","[NULL]","[NULL]"
23055,"MainThread",54836143641560,743667,"Running","[NULL]","[NULL]"
23055,"MainThread",54836144385227,51042,"R+","[NULL]","[NULL]"
23055,"MainThread",54836144436269,90041,"Running","[NULL]","[NULL]"
23055,"MainThread",54836144526310,26847875,"S","[NULL]","[NULL]"
23055,"MainThread",54836171374185,182292,"R","[NULL]","[NULL]"
23055,"MainThread",54836171556477,229333,"Running","[NULL]","[NULL]"
23055,"MainThread",54836171785810,3066875,"S","[NULL]","[NULL]"
23055,"MainThread",54836174852685,76542,"R","[NULL]","[NULL]"
23055,"MainThread",54836174929227,174292,"Running","[NULL]","[NULL]"
23055,"MainThread",54836175103519,21859208,"S","[NULL]","[NULL]"
23055,"MainThread",54836196962727,102042,"R","[NULL]","[NULL]"
23055,"MainThread",54836197064769,91458,"Running","[NULL]","[NULL]"
23055,"MainThread",54836197156227,10750,"R+","[NULL]","[NULL]"
23055,"MainThread",54836197166977,20625,"Running","[NULL]","[NULL]"
23055,"MainThread",54836197187602,16174625,"S","[NULL]","[NULL]"
23055,"MainThread",54836213362227,257125,"R","[NULL]","[NULL]"
23055,"MainThread",54836213619352,391042,"Running","[NULL]","[NULL]"
23055,"MainThread",54836214010394,13628583,"S","[NULL]","[NULL]"
23055,"MainThread",54836227638977,126292,"R","[NULL]","[NULL]"
23055,"MainThread",54836227765269,232750,"Running","[NULL]","[NULL]"
23055,"MainThread",54836227998019,17391875,"S","[NULL]","[NULL]"
23055,"MainThread",54836245389894,265041,"R","[NULL]","[NULL]"
23055,"MainThread",54836245654935,507500,"Running","[NULL]","[NULL]"
23055,"MainThread",54836246162435,12450250,"S","[NULL]","[NULL]"
23055,"MainThread",54836258612685,341209,"R","[NULL]","[NULL]"
23055,"MainThread",54836258953894,6462208,"Running","[NULL]","[NULL]"
23055,"MainThread",54836265416102,17375,"R","[NULL]","[NULL]"
23055,"MainThread",54836265433477,237500,"Running","[NULL]","[NULL]"
23055,"MainThread",54836265670977,11178417,"S","[NULL]","[NULL]"
23055,"MainThread",54836276849394,189500,"R","[NULL]","[NULL]"
23055,"MainThread",54836277038894,485541,"Running","[NULL]","[NULL]"
23055,"MainThread",54836277524435,16502459,"S","[NULL]","[NULL]"
23055,"MainThread",54836294026894,86666,"R","[NULL]","[NULL]"
23055,"MainThread",54836294113560,106250,"Running","[NULL]","[NULL]"
23055,"MainThread",54836294219810,462542,"R","[NULL]","[NULL]"
23055,"MainThread",54836294682352,347167,"Running","[NULL]","[NULL]"
23055,"MainThread",54836295029519,14554500,"S","[NULL]","[NULL]"
23055,"MainThread",54836309584019,112750,"R","[NULL]","[NULL]"
23055,"MainThread",54836309696769,502666,"Running","[NULL]","[NULL]"
23055,"MainThread",54836310199435,16878625,"S","[NULL]","[NULL]"
23055,"MainThread",54836327078060,113542,"R","[NULL]","[NULL]"
23055,"MainThread",54836327191602,460125,"Running","[NULL]","[NULL]"
23055,"MainThread",54836327651727,19367500,"S","[NULL]","[NULL]"
23055,"MainThread",54836347019227,209042,"R","[NULL]","[NULL]"
23055,"MainThread",54836347228269,691000,"Running","[NULL]","[NULL]"
23055,"MainThread",54836347919269,10116041,"S","[NULL]","[NULL]"
23055,"MainThread",54836358035310,91084,"R","[NULL]","[NULL]"
23055,"MainThread",54836358126394,338708,"Running","[NULL]","[NULL]"
23055,"MainThread",54836358465102,21127000,"S","[NULL]","[NULL]"
23055,"MainThread",54836379592102,157958,"R","[NULL]","[NULL]"
23055,"MainThread",54836379750060,798542,"Running","[NULL]","[NULL]"
23055,"MainThread",54836380548602,14524292,"S","[NULL]","[NULL]"
23055,"MainThread",54836395072894,254500,"R","[NULL]","[NULL]"
23055,"MainThread",54836395327394,578625,"Running","[NULL]","[NULL]"
23055,"MainThread",54836395906019,12421583,"S","[NULL]","[NULL]"
23055,"MainThread",54836408327602,259000,"R","[NULL]","[NULL]"
23055,"MainThread",54836408586602,427000,"Running","[NULL]","[NULL]"
23055,"MainThread",54836409013602,20068083,"S","[NULL]","[NULL]"
23055,"MainThread",54836429081685,80625,"R","[NULL]","[NULL]"
23055,"MainThread",54836429162310,101209,"Running","[NULL]","[NULL]"
23055,"MainThread",54836429263519,75208,"R+","[NULL]","[NULL]"
23055,"MainThread",54836429338727,30417,"Running","[NULL]","[NULL]"
23055,"MainThread",54836429369144,13107708,"S","[NULL]","[NULL]"
23055,"MainThread",54836442476852,48333,"R","[NULL]","[NULL]"
23055,"MainThread",54836442525185,156584,"Running","[NULL]","[NULL]"
23055,"MainThread",54836442681769,81583,"R","[NULL]","[NULL]"
23055,"MainThread",54836442763352,392208,"Running","[NULL]","[NULL]"
23055,"MainThread",54836443155560,18900459,"S","[NULL]","[NULL]"
23055,"MainThread",54836462056019,182708,"R","[NULL]","[NULL]"
23055,"MainThread",54836462238727,224542,"Running","[NULL]","[NULL]"
23055,"MainThread",54836462463269,24833,"R+","[NULL]","[NULL]"
23055,"MainThread",54836462488102,36292,"Running","[NULL]","[NULL]"
23055,"MainThread",54836462524394,13003208,"S","[NULL]","[NULL]"
23055,"MainThread",54836475527602,263083,"R","[NULL]","[NULL]"
23055,"MainThread",54836475790685,504250,"Running","[NULL]","[NULL]"
23055,"MainThread",54836476294935,29000,"R+","[NULL]","[NULL]"
23055,"MainThread",54836476323935,67542,"Running","[NULL]","[NULL]"
23055,"MainThread",54836476391477,16168375,"S","[NULL]","[NULL]"
23055,"MainThread",54836492559852,140583,"R","[NULL]","[NULL]"
23055,"MainThread",54836492700435,388167,"Running","[NULL]","[NULL]"
23055,"MainThread",54836493088602,16913833,"S","[NULL]","[NULL]"
23055,"MainThread",54836510002435,458250,"R","[NULL]","[NULL]"
23055,"MainThread",54836510460685,1239167,"Running","[NULL]","[NULL]"
23055,"MainThread",54836511699852,51125,"R+","[NULL]","[NULL]"
23055,"MainThread",54836511750977,231375,"Running","[NULL]","[NULL]"
23055,"MainThread",54836511982352,16309458,"S","[NULL]","[NULL]"
23055,"MainThread",54836528291810,74042,"R","[NULL]","[NULL]"
23055,"MainThread",54836528365852,267375,"Running","[NULL]","[NULL]"
23055,"MainThread",54836528633227,14917,"R+","[NULL]","[NULL]"
23055,"MainThread",54836528648144,40708,"Running","[NULL]","[NULL]"
23055,"MainThread",54836528688852,13448042,"S","[NULL]","[NULL]"
23055,"MainThread",54836542136894,81000,"R","[NULL]","[NULL]"
23055,"MainThread",54836542217894,136958,"Running","[NULL]","[NULL]"
23055,"MainThread",54836542354852,10333,"R+","[NULL]","[NULL]"
23055,"MainThread",54836542365185,24667,"Running","[NULL]","[NULL]"
23055,"MainThread",54836542389852,16059625,"S","[NULL]","[NULL]"
23055,"MainThread",54836558449477,178083,"R","[NULL]","[NULL]"
23055,"MainThread",54836558627560,169417,"Running","[NULL]","[NULL]"
23055,"MainThread",54836558796977,23958,"R+","[NULL]","[NULL]"
23055,"MainThread",54836558820935,52417,"Running","[NULL]","[NULL]"
23055,"MainThread",54836558873352,21466917,"S","[NULL]","[NULL]"
23055,"MainThread",54836580340269,76250,"R","[NULL]","[NULL]"
23055,"MainThread",54836580416519,131083,"Running","[NULL]","[NULL]"
23055,"MainThread",54836580547602,8833,"R+","[NULL]","[NULL]"
23055,"MainThread",54836580556435,36500,"Running","[NULL]","[NULL]"
23055,"MainThread",54836580592935,10691875,"S","[NULL]","[NULL]"
23055,"MainThread",54836591284810,156792,"R","[NULL]","[NULL]"
23055,"MainThread",54836591441602,88375,"Running","[NULL]","[NULL]"
23055,"MainThread",54836591529977,7417,"R+","[NULL]","[NULL]"
23055,"MainThread",54836591537394,18875,"Running","[NULL]","[NULL]"
23055,"MainThread",54836591556269,16437541,"S","[NULL]","[NULL]"
23055,"MainThread",54836607993810,169459,"R","[NULL]","[NULL]"
23055,"MainThread",54836608163269,98041,"Running","[NULL]","[NULL]"
23055,"MainThread",54836608261310,9167,"R+","[NULL]","[NULL]"
23055,"MainThread",54836608270477,16333,"Running","[NULL]","[NULL]"
23055,"MainThread",54836608286810,18931876,"S","[NULL]","[NULL]"
23055,"MainThread",54836627218686,40750,"R","[NULL]","[NULL]"
23055,"MainThread",54836627259436,232958,"Running","[NULL]","[NULL]"
23055,"MainThread",54836627492394,15504042,"S","[NULL]","[NULL]"
23055,"MainThread",54836642996436,175083,"R","[NULL]","[NULL]"
23055,"MainThread",54836643171519,147500,"Running","[NULL]","[NULL]"
23055,"MainThread",54836643319019,20875,"R+","[NULL]","[NULL]"
23055,"MainThread",54836643339894,43875,"Running","[NULL]","[NULL]"
23055,"MainThread",54836643383769,17690750,"S","[NULL]","[NULL]"
23055,"MainThread",54836661074519,63000,"R","[NULL]","[NULL]"
23055,"MainThread",54836661137519,720875,"Running","[NULL]","[NULL]"
23055,"MainThread",54836661858394,36458,"R+","[NULL]","[NULL]"
23055,"MainThread",54836661894852,106209,"Running","[NULL]","[NULL]"
23055,"MainThread",54836662001061,14808458,"S","[NULL]","[NULL]"
23055,"MainThread",54836676809519,79667,"R","[NULL]","[NULL]"
23055,"MainThread",54836676889186,265083,"Running","[NULL]","[NULL]"
23055,"MainThread",54836677154269,18167,"R+","[NULL]","[NULL]"
23055,"MainThread",54836677172436,40125,"Running","[NULL]","[NULL]"
23055,"MainThread",54836677212561,14287708,"S","[NULL]","[NULL]"
23055,"MainThread",54836691500269,137500,"R","[NULL]","[NULL]"
23055,"MainThread",54836691637769,354833,"Running","[NULL]","[NULL]"
23055,"MainThread",54836691992602,15919709,"S","[NULL]","[NULL]"
23055,"MainThread",54836707912311,82875,"R","[NULL]","[NULL]"
23055,"MainThread",54836707995186,245458,"Running","[NULL]","[NULL]"
23055,"MainThread",54836708240644,17401792,"S","[NULL]","[NULL]"
23055,"MainThread",54836725642436,56916,"R","[NULL]","[NULL]"
23055,"MainThread",54836725699352,282084,"Running","[NULL]","[NULL]"
23055,"MainThread",54836725981436,15528375,"S","[NULL]","[NULL]"
23055,"MainThread",54836741509811,102291,"R","[NULL]","[NULL]"
23055,"MainThread",54836741612102,274917,"Running","[NULL]","[NULL]"
23055,"MainThread",54836741887019,20610042,"S","[NULL]","[NULL]"
23055,"MainThread",54836762497061,146916,"R","[NULL]","[NULL]"
23055,"MainThread",54836762643977,464334,"Running","[NULL]","[NULL]"
23055,"MainThread",54836763108311,46666,"R+","[NULL]","[NULL]"
23055,"MainThread",54836763154977,111500,"Running","[NULL]","[NULL]"
23055,"MainThread",54836763266477,14102334,"S","[NULL]","[NULL]"
23055,"MainThread",54836777368811,192458,"R","[NULL]","[NULL]"
23055,"MainThread",54836777561269,530083,"Running","[NULL]","[NULL]"
23055,"MainThread",54836778091352,16158959,"S","[NULL]","[NULL]"
23055,"MainThread",54836794250311,231041,"R","[NULL]","[NULL]"
23055,"MainThread",54836794481352,411625,"Running","[NULL]","[NULL]"
23055,"MainThread",54836794892977,14083792,"S","[NULL]","[NULL]"
23055,"MainThread",54836808976769,252833,"R","[NULL]","[NULL]"
23055,"MainThread",54836809229602,549000,"Running","[NULL]","[NULL]"
23055,"MainThread",54836809778602,21448000,"S","[NULL]","[NULL]"
23055,"MainThread",54836831226602,45875,"R","[NULL]","[NULL]"
23055,"MainThread",54836831272477,357084,"Running","[NULL]","[NULL]"
23055,"MainThread",54836831629561,18666,"R","[NULL]","[NULL]"
23055,"MainThread",54836831648227,287750,"Running","[NULL]","[NULL]"
23055,"MainThread",54836831935977,38542,"R+","[NULL]","[NULL]"
23055,"MainThread",54836831974519,183792,"Running","[NULL]","[NULL]"
23055,"MainThread",54836832158311,12979583,"S","[NULL]","[NULL]"
23055,"MainThread",54836845137894,155875,"R","[NULL]","[NULL]"
23055,"MainThread",54836845293769,668125,"Running","[NULL]","[NULL]"
23055,"MainThread",54836845961894,52958,"R+","[NULL]","[NULL]"
23055,"MainThread",54836846014852,93750,"Running","[NULL]","[NULL]"
23055,"MainThread",54836846108602,14431917,"S","[NULL]","[NULL]"
23055,"MainThread",54836860540519,75500,"R","[NULL]","[NULL]"
23055,"MainThread",54836860616019,742083,"Running","[NULL]","[NULL]"
23055,"MainThread",54836861358102,30042,"R+","[NULL]","[NULL]"
23055,"MainThread",54836861388144,114083,"Running","[NULL]","[NULL]"
23055,"MainThread",54836861502227,23422000,"S","[NULL]","[NULL]"
23055,"MainThread",54836884924227,447917,"R","[NULL]","[NULL]"
23055,"MainThread",54836885372144,887458,"Running","[NULL]","[NULL]"
23055,"MainThread",54836886259602,55750,"R+","[NULL]","[NULL]"
23055,"MainThread",54836886315352,141292,"Running","[NULL]","[NULL]"
23055,"MainThread",54836886456644,5408167,"S","[NULL]","[NULL]"
23055,"MainThread",54836891864811,212041,"R","[NULL]","[NULL]"
23055,"MainThread",54836892076852,556959,"Running","[NULL]","[NULL]"
23055,"MainThread",54836892633811,70166,"R+","[NULL]","[NULL]"
23055,"MainThread",54836892703977,112584,"Running","[NULL]","[NULL]"
23055,"MainThread",54836892816561,15489000,"S","[NULL]","[NULL]"
23055,"MainThread",54836908305561,161583,"R","[NULL]","[NULL]"
23055,"MainThread",54836908467144,111375,"Running","[NULL]","[NULL]"
23055,"MainThread",54836908578519,14083,"R+","[NULL]","[NULL]"
23055,"MainThread",54836908592602,23875,"Running","[NULL]","[NULL]"
23055,"MainThread",54836908616477,16818917,"S","[NULL]","[NULL]"
23055,"MainThread",54836925435394,310292,"R","[NULL]","[NULL]"
23055,"MainThread",54836925745686,482125,"Running","[NULL]","[NULL]"
23055,"MainThread",54836926227811,17116375,"S","[NULL]","[NULL]"
23055,"MainThread",54836943344186,131208,"R","[NULL]","[NULL]"
23055,"MainThread",54836943475394,210083,"Running","[NULL]","[NULL]"
23055,"MainThread",54836943685477,14047750,"S","[NULL]","[NULL]"
23055,"MainThread",54836957733227,118167,"R","[NULL]","[NULL]"
23055,"MainThread",54836957851394,167208,"Running","[NULL]","[NULL]"
23055,"MainThread",54836958018602,11209,"R+","[NULL]","[NULL]"
23055,"MainThread",54836958029811,35666,"Running","[NULL]","[NULL]"
23055,"MainThread",54836958065477,20483584,"S","[NULL]","[NULL]"
23055,"MainThread",54836978549061,223458,"R","[NULL]","[NULL]"
23055,"MainThread",54836978772519,364833,"Running","[NULL]","[NULL]"
23055,"MainThread",54836979137352,25875,"R+","[NULL]","[NULL]"
23055,"MainThread",54836979163227,39625,"Running","[NULL]","[NULL]"
23055,"MainThread",54836979202852,12515209,"S","[NULL]","[NULL]"
23055,"MainThread",54836991718061,190416,"R","[NULL]","[NULL]"
23055,"MainThread",54836991908477,41042,"Running","[NULL]","[NULL]"
23055,"MainThread",54836991949519,6542,"R+","[NULL]","[NULL]"
23055,"MainThread",54836991956061,15916,"Running","[NULL]","[NULL]"
23055,"MainThread",54836991971977,16053542,"S","[NULL]","[NULL]"
23055,"MainThread",54837008025519,208625,"R","[NULL]","[NULL]"
23055,"MainThread",54837008234144,667250,"Running","[NULL]","[NULL]"
23055,"MainThread",54837008901394,48417,"R+","[NULL]","[NULL]"
23055,"MainThread",54837008949811,115333,"Running","[NULL]","[NULL]"
23055,"MainThread",54837009065144,15570542,"S","[NULL]","[NULL]"
23055,"MainThread",54837024635686,58708,"R","[NULL]","[NULL]"
23055,"MainThread",54837024694394,310708,"Running","[NULL]","[NULL]"
23055,"MainThread",54837025005102,27042,"R+","[NULL]","[NULL]"
23055,"MainThread",54837025032144,55417,"Running","[NULL]","[NULL]"
23055,"MainThread",54837025087561,18273250,"S","[NULL]","[NULL]"
23055,"MainThread",54837043360811,149291,"R","[NULL]","[NULL]"
23055,"MainThread",54837043510102,260584,"Running","[NULL]","[NULL]"
23055,"MainThread",54837043770686,31875,"R+","[NULL]","[NULL]"
23055,"MainThread",54837043802561,41916,"Running","[NULL]","[NULL]"
23055,"MainThread",54837043844477,20091000,"S","[NULL]","[NULL]"
23055,"MainThread",54837063935477,123917,"R","[NULL]","[NULL]"
23055,"MainThread",54837064059394,99042,"Running","[NULL]","[NULL]"
23055,"MainThread",54837064158436,33041,"R+","[NULL]","[NULL]"
23055,"MainThread",54837064191477,23875,"Running","[NULL]","[NULL]"
23055,"MainThread",54837064215352,10521792,"S","[NULL]","[NULL]"
23055,"MainThread",54837074737144,178375,"R","[NULL]","[NULL]"
23055,"MainThread",54837074915519,371208,"Running","[NULL]","[NULL]"
23055,"MainThread",54837075286727,17750,"R+","[NULL]","[NULL]"
23055,"MainThread",54837075304477,81417,"Running","[NULL]","[NULL]"
23055,"MainThread",54837075385894,18464542,"S","[NULL]","[NULL]"
23055,"MainThread",54837093850436,110833,"R","[NULL]","[NULL]"
23055,"MainThread",54837093961269,225167,"Running","[NULL]","[NULL]"
23055,"MainThread",54837094186436,13954625,"S","[NULL]","[NULL]"
23055,"MainThread",54837108141061,140041,"R","[NULL]","[NULL]"
23055,"MainThread",54837108281102,473084,"Running","[NULL]","[NULL]"
23055,"MainThread",54837108754186,16500,"R+","[NULL]","[NULL]"
23055,"MainThread",54837108770686,116375,"Running","[NULL]","[NULL]"
23055,"MainThread",54837108887061,17913125,"S","[NULL]","[NULL]"
23055,"MainThread",54837126800186,139958,"R","[NULL]","[NULL]"
23055,"MainThread",54837126940144,145583,"Running","[NULL]","[NULL]"
23055,"MainThread",54837127085727,11875,"R+","[NULL]","[NULL]"
23055,"MainThread",54837127097602,27125,"Running","[NULL]","[NULL]"
23055,"MainThread",54837127124727,14549792,"S","[NULL]","[NULL]"
23055,"MainThread",54837141674519,123167,"R","[NULL]","[NULL]"
23055,"MainThread",54837141797686,126125,"Running","[NULL]","[NULL]"
23055,"MainThread",54837141923811,18584333,"S","[NULL]","[NULL]"
23055,"MainThread",54837160508144,99167,"R","[NULL]","[NULL]"
23055,"MainThread",54837160607311,143208,"Running","[NULL]","[NULL]"
23055,"MainThread",54837160750519,24792,"R+","[NULL]","[NULL]"
23055,"MainThread",54837160775311,29333,"Running","[NULL]","[NULL]"
23055,"MainThread",54837160804644,19097000,"S","[NULL]","[NULL]"
23055,"MainThread",54837179901644,74792,"R","[NULL]","[NULL]"
23055,"MainThread",54837179976436,374666,"Running","[NULL]","[NULL]"
23055,"MainThread",54837180351102,16750,"R+","[NULL]","[NULL]"
23055,"MainThread",54837180367852,46209,"Running","[NULL]","[NULL]"
23055,"MainThread",54837180414061,11150208,"S","[NULL]","[NULL]"
23055,"MainThread",54837191564269,96083,"R","[NULL]","[NULL]"
23055,"MainThread",54837191660352,65250,"Running","[NULL]","[NULL]"
23055,"MainThread",54837191725602,9500,"R+","[NULL]","[NULL]"
23055,"MainThread",54837191735102,15459,"Running","[NULL]","[NULL]"
23055,"MainThread",54837191750561,16524416,"S","[NULL]","[NULL]"
23055,"MainThread",54837208274977,227667,"R","[NULL]","[NULL]"
23055,"MainThread",54837208502644,271750,"Running","[NULL]","[NULL]"
23055,"MainThread",54837208774394,19437042,"S","[NULL]","[NULL]"
23055,"MainThread",54837228211436,193708,"R","[NULL]","[NULL]"
23055,"MainThread",54837228405144,321375,"Running","[NULL]","[NULL]"
23055,"MainThread",54837228726519,27083,"R+","[NULL]","[NULL]"
23055,"MainThread",54837228753602,58792,"Running","[NULL]","[NULL]"
23055,"MainThread",54837228812394,16168917,"S","[NULL]","[NULL]"
23055,"MainThread",54837244981311,388291,"R","[NULL]","[NULL]"
23055,"MainThread",54837245369602,280334,"Running","[NULL]","[NULL]"
23055,"MainThread",54837245649936,31625,"R+","[NULL]","[NULL]"
23055,"MainThread",54837245681561,137125,"Running","[NULL]","[NULL]"
23055,"MainThread",54837245818686,17080291,"S","[NULL]","[NULL]"
23055,"MainThread",54837262898977,403084,"R","[NULL]","[NULL]"
23055,"MainThread",54837263302061,371541,"Running","[NULL]","[NULL]"
23055,"MainThread",54837263673602,37792,"R+","[NULL]","[NULL]"
23055,"MainThread",54837263711394,65417,"Running","[NULL]","[NULL]"
23055,"MainThread",54837263776811,15373125,"S","[NULL]","[NULL]"
23055,"MainThread",54837279149936,269166,"R","[NULL]","[NULL]"
23055,"MainThread",54837279419102,646500,"Running","[NULL]","[NULL]"
23055,"MainThread",54837280065602,12952042,"S","[NULL]","[NULL]"
23055,"MainThread",54837293017644,88625,"R","[NULL]","[NULL]"
23055,"MainThread",54837293106269,624292,"Running","[NULL]","[NULL]"
23055,"MainThread",54837293730561,21905917,"S","[NULL]","[NULL]"
23055,"MainThread",54837315636478,444583,"R","[NULL]","[NULL]"
23055,"MainThread",54837316081061,801167,"Running","[NULL]","[NULL]"
23055,"MainThread",54837316882228,60291,"R+","[NULL]","[NULL]"
23055,"MainThread",54837316942519,116709,"Running","[NULL]","[NULL]"
23055,"MainThread",54837317059228,10588708,"S","[NULL]","[NULL]"
23055,"MainThread",54837327647936,251625,"R","[NULL]","[NULL]"
23055,"MainThread",54837327899561,463125,"Running","[NULL]","[NULL]"
23055,"MainThread",54837328362686,39417,"R+","[NULL]","[NULL]"
23055,"MainThread",54837328402103,83791,"Running","[NULL]","[NULL]"
23055,"MainThread",54837328485894,22363250,"S","[NULL]","[NULL]"
23055,"MainThread",54837350849144,316625,"R","[NULL]","[NULL]"
23055,"MainThread",54837351165769,379292,"Running","[NULL]","[NULL]"
23055,"MainThread",54837351545061,35875,"R+","[NULL]","[NULL]"
23055,"MainThread",54837351580936,223208,"Running","[NULL]","[NULL]"
23055,"MainThread",54837351804144,7392084,"S","[NULL]","[NULL]"
23055,"MainThread",54837359196228,102958,"R","[NULL]","[NULL]"
23055,"MainThread",54837359299186,218667,"Running","[NULL]","[NULL]"
23055,"MainThread",54837359517853,25375,"R+","[NULL]","[NULL]"
23055,"MainThread",54837359543228,136000,"Running","[NULL]","[NULL]"
23055,"MainThread",54837359679228,23586958,"S","[NULL]","[NULL]"
23055,"MainThread",54837383266186,353542,"R","[NULL]","[NULL]"
23055,"MainThread",54837383619728,220166,"Running","[NULL]","[NULL]"
23055,"MainThread",54837383839894,9986042,"S","[NULL]","[NULL]"
23055,"MainThread",54837393825936,111958,"R","[NULL]","[NULL]"
23055,"MainThread",54837393937894,467250,"Running","[NULL]","[NULL]"
23055,"MainThread",54837394405144,13940000,"S","[NULL]","[NULL]"
23055,"MainThread",54837408345144,161667,"R","[NULL]","[NULL]"
23055,"MainThread",54837408506811,644583,"Running","[NULL]","[NULL]"
23055,"MainThread",54837409151394,25757959,"S","[NULL]","[NULL]"
23055,"MainThread",54837434909353,22083,"R","[NULL]","[NULL]"
23055,"MainThread",54837434931436,618625,"Running","[NULL]","[NULL]"
23055,"MainThread",54837435550061,7365875,"S","[NULL]","[NULL]"
23055,"MainThread",54837442915936,101417,"R","[NULL]","[NULL]"
23055,"MainThread",54837443017353,495375,"Running","[NULL]","[NULL]"
23055,"MainThread",54837443512728,21085333,"S","[NULL]","[NULL]"
23055,"MainThread",54837464598061,139417,"R","[NULL]","[NULL]"
23055,"MainThread",54837464737478,424291,"Running","[NULL]","[NULL]"
23055,"MainThread",54837465161769,12381917,"S","[NULL]","[NULL]"
23055,"MainThread",54837477543686,548667,"R","[NULL]","[NULL]"
23055,"MainThread",54837478092353,418666,"Running","[NULL]","[NULL]"
23055,"MainThread",54837478511019,30959,"R+","[NULL]","[NULL]"
23055,"MainThread",54837478541978,77041,"Running","[NULL]","[NULL]"
23055,"MainThread",54837478619019,16568417,"S","[NULL]","[NULL]"
23055,"MainThread",54837495187436,224208,"R","[NULL]","[NULL]"
23055,"MainThread",54837495411644,304917,"Running","[NULL]","[NULL]"
23055,"MainThread",54837495716561,12788833,"S","[NULL]","[NULL]"
23055,"MainThread",54837508505394,76834,"R","[NULL]","[NULL]"
23055,"MainThread",54837508582228,324041,"Running","[NULL]","[NULL]"
23055,"MainThread",54837508906269,22899125,"S","[NULL]","[NULL]"
23055,"MainThread",54837531805394,377500,"R","[NULL]","[NULL]"
23055,"MainThread",54837532182894,635417,"Running","[NULL]","[NULL]"
23055,"MainThread",54837532818311,8688500,"S","[NULL]","[NULL]"
23055,"MainThread",54837541506811,424042,"R","[NULL]","[NULL]"
23055,"MainThread",54837541930853,427166,"Running","[NULL]","[NULL]"
23055,"MainThread",54837542358019,18379417,"S","[NULL]","[NULL]"
23055,"MainThread",54837560737436,96500,"R","[NULL]","[NULL]"
23055,"MainThread",54837560833936,105750,"Running","[NULL]","[NULL]"
23055,"MainThread",54837560939686,12000,"R+","[NULL]","[NULL]"
23055,"MainThread",54837560951686,26375,"Running","[NULL]","[NULL]"
23055,"MainThread",54837560978061,21270875,"S","[NULL]","[NULL]"
23055,"MainThread",54837582248936,316042,"R","[NULL]","[NULL]"
23055,"MainThread",54837582564978,1121916,"Running","[NULL]","[NULL]"
23055,"MainThread",54837583686894,105125,"R+","[NULL]","[NULL]"
23055,"MainThread",54837583792019,122042,"Running","[NULL]","[NULL]"
23055,"MainThread",54837583914061,9877667,"S","[NULL]","[NULL]"
23055,"MainThread",54837593791728,192041,"R","[NULL]","[NULL]"
23055,"MainThread",54837593983769,302667,"Running","[NULL]","[NULL]"
23055,"MainThread",54837594286436,30542,"R+","[NULL]","[NULL]"
23055,"MainThread",54837594316978,49500,"Running","[NULL]","[NULL]"
23055,"MainThread",54837594366478,14062000,"S","[NULL]","[NULL]"
23055,"MainThread",54837608428478,22750,"R","[NULL]","[NULL]"
23055,"MainThread",54837608451228,116958,"Running","[NULL]","[NULL]"
23055,"MainThread",54837608568186,16023417,"S","[NULL]","[NULL]"
23055,"MainThread",54837624591603,123916,"R","[NULL]","[NULL]"
23055,"MainThread",54837624715519,834042,"Running","[NULL]","[NULL]"
23055,"MainThread",54837625549561,17900125,"S","[NULL]","[NULL]"
23055,"MainThread",54837643449686,523625,"R","[NULL]","[NULL]"
23055,"MainThread",54837643973311,744208,"Running","[NULL]","[NULL]"
23055,"MainThread",54837644717519,28875,"R+","[NULL]","[NULL]"
23055,"MainThread",54837644746394,109042,"Running","[NULL]","[NULL]"
23055,"MainThread",54837644855436,16523083,"S","[NULL]","[NULL]"
23055,"MainThread",54837661378519,227459,"R","[NULL]","[NULL]"
23055,"MainThread",54837661605978,501541,"Running","[NULL]","[NULL]"
23055,"MainThread",54837662107519,18533084,"S","[NULL]","[NULL]"
23055,"MainThread",54837680640603,137333,"R","[NULL]","[NULL]"
23055,"MainThread",54837680777936,1240000,"Running","[NULL]","[NULL]"
23055,"MainThread",54837682017936,11580292,"S","[NULL]","[NULL]"
23055,"MainThread",54837693598228,87250,"R","[NULL]","[NULL]"
23055,"MainThread",54837693685478,396125,"Running","[NULL]","[NULL]"
23055,"MainThread",54837694081603,14426375,"S","[NULL]","[NULL]"
23055,"MainThread",54837708507978,56916,"R","[NULL]","[NULL]"
23055,"MainThread",54837708564894,436917,"Running","[NULL]","[NULL]"
23055,"MainThread",54837709001811,18978625,"S","[NULL]","[NULL]"
23055,"MainThread",54837727980436,814292,"R","[NULL]","[NULL]"
23055,"MainThread",54837728794728,585000,"Running","[NULL]","[NULL]"
23055,"MainThread",54837729379728,35833,"R+","[NULL]","[NULL]"
23055,"MainThread",54837729415561,112542,"Running","[NULL]","[NULL]"
23055,"MainThread",54837729528103,12090458,"S","[NULL]","[NULL]"
23055,"MainThread",54837741618561,161167,"R","[NULL]","[NULL]"
23055,"MainThread",54837741779728,363666,"Running","[NULL]","[NULL]"
23055,"MainThread",54837742143394,16078542,"S","[NULL]","[NULL]"
23055,"MainThread",54837758221936,243583,"R","[NULL]","[NULL]"
23055,"MainThread",54837758465519,144584,"Running","[NULL]","[NULL]"
23055,"MainThread",54837758610103,17845708,"S","[NULL]","[NULL]"
23055,"MainThread",54837776455811,198625,"R","[NULL]","[NULL]"
23055,"MainThread",54837776654436,166792,"Running","[NULL]","[NULL]"
23055,"MainThread",54837776821228,27849250,"S","[NULL]","[NULL]"
23055,"MainThread",54837804670478,177208,"R","[NULL]","[NULL]"
23055,"MainThread",54837804847686,253833,"Running","[NULL]","[NULL]"
23055,"MainThread",54837805101519,3489500,"S","[NULL]","[NULL]"
23055,"MainThread",54837808591019,186334,"R","[NULL]","[NULL]"
23055,"MainThread",54837808777353,195041,"Running","[NULL]","[NULL]"
23055,"MainThread",54837808972394,21226375,"S","[NULL]","[NULL]"
23055,"MainThread",54837830198769,139959,"R","[NULL]","[NULL]"
23055,"MainThread",54837830338728,529125,"Running","[NULL]","[NULL]"
23055,"MainThread",54837830867853,128000,"R+","[NULL]","[NULL]"
23055,"MainThread",54837830995853,95541,"Running","[NULL]","[NULL]"
23055,"MainThread",54837831091394,13482834,"S","[NULL]","[NULL]"
23055,"MainThread",54837844574228,187958,"R","[NULL]","[NULL]"
23055,"MainThread",54837844762186,264167,"Running","[NULL]","[NULL]"
23055,"MainThread",54837845026353,30083,"R+","[NULL]","[NULL]"
23055,"MainThread",54837845056436,56042,"Running","[NULL]","[NULL]"
23055,"MainThread",54837845112478,14415750,"S","[NULL]","[NULL]"
23055,"MainThread",54837859528228,32000,"R","[NULL]","[NULL]"
23055,"MainThread",54837859560228,47041,"Running","[NULL]","[NULL]"
23055,"MainThread",54837859607269,8709,"R+","[NULL]","[NULL]"
23055,"MainThread",54837859615978,15875,"Running","[NULL]","[NULL]"
23055,"MainThread",54837859631853,21369875,"S","[NULL]","[NULL]"
23055,"MainThread",54837881001728,432500,"R","[NULL]","[NULL]"
23055,"MainThread",54837881434228,1473750,"Running","[NULL]","[NULL]"
23055,"MainThread",54837882907978,9730833,"S","[NULL]","[NULL]"
23055,"MainThread",54837892638811,191375,"R","[NULL]","[NULL]"
23055,"MainThread",54837892830186,330333,"Running","[NULL]","[NULL]"
23055,"MainThread",54837893160519,15849125,"S","[NULL]","[NULL]"
23055,"MainThread",54837909009644,186417,"R","[NULL]","[NULL]"
23055,"MainThread",54837909196061,326000,"Running","[NULL]","[NULL]"
23055,"MainThread",54837909522061,28625,"R+","[NULL]","[NULL]"
23055,"MainThread",54837909550686,66458,"Running","[NULL]","[NULL]"
23055,"MainThread",54837909617144,27363667,"S","[NULL]","[NULL]"
23055,"MainThread",54837936980811,90792,"R","[NULL]","[NULL]"
23055,"MainThread",54837937071603,62166,"Running","[NULL]","[NULL]"
23055,"MainThread",54837937133769,99917,"R","[NULL]","[NULL]"
23055,"MainThread",54837937233686,777333,"Running","[NULL]","[NULL]"
23055,"MainThread",54837938011019,4181292,"S","[NULL]","[NULL]"
23055,"MainThread",54837942192311,87292,"R","[NULL]","[NULL]"
23055,"MainThread",54837942279603,162041,"Running","[NULL]","[NULL]"
23055,"MainThread",54837942441644,11459,"R+","[NULL]","[NULL]"
23055,"MainThread",54837942453103,34333,"Running","[NULL]","[NULL]"
23055,"MainThread",54837942487436,15839833,"S","[NULL]","[NULL]"
23055,"MainThread",54837958327269,90125,"R","[NULL]","[NULL]"
23055,"MainThread",54837958417394,118667,"Running","[NULL]","[NULL]"
23055,"MainThread",54837958536061,11000,"R+","[NULL]","[NULL]"
23055,"MainThread",54837958547061,23000,"Running","[NULL]","[NULL]"
23055,"MainThread",54837958570061,17050500,"S","[NULL]","[NULL]"
23055,"MainThread",54837975620561,87708,"R","[NULL]","[NULL]"
23055,"MainThread",54837975708269,190500,"Running","[NULL]","[NULL]"
23055,"MainThread",54837975898769,11875,"R+","[NULL]","[NULL]"
23055,"MainThread",54837975910644,30375,"Running","[NULL]","[NULL]"
23055,"MainThread",54837975941019,23585875,"S","[NULL]","[NULL]"
23055,"MainThread",54837999526894,176584,"R","[NULL]","[NULL]"
23055,"MainThread",54837999703478,623625,"Running","[NULL]","[NULL]"
23055,"MainThread",54838000327103,7000,"R+","[NULL]","[NULL]"
23055,"MainThread",54838000334103,72958,"Running","[NULL]","[NULL]"
23055,"MainThread",54838000407061,8124584,"S","[NULL]","[NULL]"
23055,"MainThread",54838008531645,104041,"R","[NULL]","[NULL]"
23055,"MainThread",54838008635686,42500,"Running","[NULL]","[NULL]"
23055,"MainThread",54838008678186,94209,"R","[NULL]","[NULL]"
23055,"MainThread",54838008772395,240250,"Running","[NULL]","[NULL]"
23055,"MainThread",54838009012645,27416,"R+","[NULL]","[NULL]"
23055,"MainThread",54838009040061,82542,"Running","[NULL]","[NULL]"
23055,"MainThread",54838009122603,17842417,"S","[NULL]","[NULL]"
23055,"MainThread",54838026965020,44750,"R","[NULL]","[NULL]"
23055,"MainThread",54838027009770,426416,"Running","[NULL]","[NULL]"
23055,"MainThread",54838027436186,17750042,"S","[NULL]","[NULL]"
23055,"MainThread",54838045186228,175667,"R","[NULL]","[NULL]"
23055,"MainThread",54838045361895,526041,"Running","[NULL]","[NULL]"
23055,"MainThread",54838045887936,37250,"R+","[NULL]","[NULL]"
23055,"MainThread",54838045925186,71167,"Running","[NULL]","[NULL]"
23055,"MainThread",54838045996353,16867125,"S","[NULL]","[NULL]"
23055,"MainThread",54838062863478,864500,"R","[NULL]","[NULL]"
23055,"MainThread",54838063727978,866042,"Running","[NULL]","[NULL]"
23055,"MainThread",54838064594020,52250,"R+","[NULL]","[NULL]"
23055,"MainThread",54838064646270,905458,"Running","[NULL]","[NULL]"
23055,"MainThread",54838065551728,13898833,"S","[NULL]","[NULL]"
23055,"MainThread",54838079450561,137959,"R","[NULL]","[NULL]"
23055,"MainThread",54838079588520,289041,"Running","[NULL]","[NULL]"
23055,"MainThread",54838079877561,36750,"R+","[NULL]","[NULL]"
23055,"MainThread",54838079914311,62875,"Running","[NULL]","[NULL]"
23055,"MainThread",54838079977186,12945209,"S","[NULL]","[NULL]"
23055,"MainThread",54838092922395,87000,"R","[NULL]","[NULL]"
23055,"MainThread",54838093009395,537208,"Running","[NULL]","[NULL]"
23055,"MainThread",54838093546603,14928458,"S","[NULL]","[NULL]"
23055,"MainThread",54838108475061,130584,"R","[NULL]","[NULL]"
23055,"MainThread",54838108605645,443291,"Running","[NULL]","[NULL]"
23055,"MainThread",54838109048936,21353000,"S","[NULL]","[NULL]"
23055,"MainThread",54838130401936,183417,"R","[NULL]","[NULL]"
23055,"MainThread",54838130585353,2394333,"Running","[NULL]","[NULL]"
23055,"MainThread",54838132979686,17625,"R","[NULL]","[NULL]"
23055,"MainThread",54838132997311,33667,"Running","[NULL]","[NULL]"
23055,"MainThread",54838133030978,8298500,"S","[NULL]","[NULL]"
23055,"MainThread",54838141329478,107583,"R","[NULL]","[NULL]"
23055,"MainThread",54838141437061,378750,"Running","[NULL]","[NULL]"
23055,"MainThread",54838141815811,21235959,"S","[NULL]","[NULL]"
23055,"MainThread",54838163051770,174666,"R","[NULL]","[NULL]"
23055,"MainThread",54838163226436,332084,"Running","[NULL]","[NULL]"
23055,"MainThread",54838163558520,13772916,"S","[NULL]","[NULL]"
23055,"MainThread",54838177331436,77667,"R","[NULL]","[NULL]"
23055,"MainThread",54838177409103,96333,"Running","[NULL]","[NULL]"
23055,"MainThread",54838177505436,7250,"R","[NULL]","[NULL]"
23055,"MainThread",54838177512686,367042,"Running","[NULL]","[NULL]"
23055,"MainThread",54838177879728,18827792,"S","[NULL]","[NULL]"
23055,"MainThread",54838196707520,135375,"R","[NULL]","[NULL]"
23055,"MainThread",54838196842895,443750,"Running","[NULL]","[NULL]"
23055,"MainThread",54838197286645,12515125,"S","[NULL]","[NULL]"
23055,"MainThread",54838209801770,205833,"R","[NULL]","[NULL]"
23055,"MainThread",54838210007603,814500,"Running","[NULL]","[NULL]"
23055,"MainThread",54838210822103,17989667,"S","[NULL]","[NULL]"
23055,"MainThread",54838228811770,116375,"R","[NULL]","[NULL]"
23055,"MainThread",54838228928145,496375,"Running","[NULL]","[NULL]"
23055,"MainThread",54838229424520,26250,"R+","[NULL]","[NULL]"
23055,"MainThread",54838229450770,70916,"Running","[NULL]","[NULL]"
23055,"MainThread",54838229521686,28000875,"S","[NULL]","[NULL]"
23055,"MainThread",54838257522561,1332500,"R","[NULL]","[NULL]"
23055,"MainThread",54838258855061,479292,"Running","[NULL]","[NULL]"
23055,"MainThread",54838259334353,202500,"R","[NULL]","[NULL]"
23055,"MainThread",54838259536853,850792,"Running","[NULL]","[NULL]"
23055,"MainThread",54838260387645,33833,"R+","[NULL]","[NULL]"
23055,"MainThread",54838260421478,67750,"Running","[NULL]","[NULL]"
23055,"MainThread",54838260489228,18603792,"S","[NULL]","[NULL]"
23055,"MainThread",54838279093020,279791,"R","[NULL]","[NULL]"
23055,"MainThread",54838279372811,125625,"Running","[NULL]","[NULL]"
23055,"MainThread",54838279498436,26542,"R+","[NULL]","[NULL]"
23055,"MainThread",54838279524978,42083,"Running","[NULL]","[NULL]"
23055,"MainThread",54838279567061,15363542,"S","[NULL]","[NULL]"
23055,"MainThread",54838294930603,139500,"R","[NULL]","[NULL]"
23055,"MainThread",54838295070103,276542,"Running","[NULL]","[NULL]"
23055,"MainThread",54838295346645,24000,"R+","[NULL]","[NULL]"
23055,"MainThread",54838295370645,69958,"Running","[NULL]","[NULL]"
23055,"MainThread",54838295440603,16781875,"S","[NULL]","[NULL]"
23055,"MainThread",54838312222478,223708,"R","[NULL]","[NULL]"
23055,"MainThread",54838312446186,320500,"Running","[NULL]","[NULL]"
23055,"MainThread",54838312766686,43167,"R+","[NULL]","[NULL]"
23055,"MainThread",54838312809853,79917,"Running","[NULL]","[NULL]"
23055,"MainThread",54838312889770,14778125,"S","[NULL]","[NULL]"
23055,"MainThread",54838327667895,862083,"R","[NULL]","[NULL]"
23055,"MainThread",54838328529978,516083,"Running","[NULL]","[NULL]"
23055,"MainThread",54838329046061,15017917,"S","[NULL]","[NULL]"
23055,"MainThread",54838344063978,37375,"R","[NULL]","[NULL]"
23055,"MainThread",54838344101353,366458,"Running","[NULL]","[NULL]"
23055,"MainThread",54838344467811,14864000,"S","[NULL]","[NULL]"
23055,"MainThread",54838359331811,34875,"R","[NULL]","[NULL]"
23055,"MainThread",54838359366686,236709,"Running","[NULL]","[NULL]"
23055,"MainThread",54838359603395,17000,"R+","[NULL]","[NULL]"
23055,"MainThread",54838359620395,36083,"Running","[NULL]","[NULL]"
23055,"MainThread",54838359656478,16443125,"S","[NULL]","[NULL]"
23055,"MainThread",54838376099603,31125,"R","[NULL]","[NULL]"
23055,"MainThread",54838376130728,278083,"Running","[NULL]","[NULL]"
23055,"MainThread",54838376408811,17216959,"S","[NULL]","[NULL]"
23055,"MainThread",54838393625770,110166,"R","[NULL]","[NULL]"
23055,"MainThread",54838393735936,122709,"Running","[NULL]","[NULL]"
23055,"MainThread",54838393858645,10458,"R+","[NULL]","[NULL]"
23055,"MainThread",54838393869103,21250,"Running","[NULL]","[NULL]"
23055,"MainThread",54838393890353,14406167,"S","[NULL]","[NULL]"
23055,"MainThread",54838408296520,82833,"R","[NULL]","[NULL]"
23055,"MainThread",54838408379353,194125,"Running","[NULL]","[NULL]"
23055,"MainThread",54838408573478,16190000,"S","[NULL]","[NULL]"
23055,"MainThread",54838424763478,96375,"R","[NULL]","[NULL]"
23055,"MainThread",54838424859853,271458,"Running","[NULL]","[NULL]"
23055,"MainThread",54838425131311,15961334,"S","[NULL]","[NULL]"
23055,"MainThread",54838441092645,25166,"R","[NULL]","[NULL]"
23055,"MainThread",54838441117811,202542,"Running","[NULL]","[NULL]"
23055,"MainThread",54838441320353,16834042,"S","[NULL]","[NULL]"
23055,"MainThread",54838458154395,113916,"R","[NULL]","[NULL]"
23055,"MainThread",54838458268311,113584,"Running","[NULL]","[NULL]"
23055,"MainThread",54838458381895,19039458,"S","[NULL]","[NULL]"
23055,"MainThread",54838477421353,91042,"R","[NULL]","[NULL]"
23055,"MainThread",54838477512395,54666,"Running","[NULL]","[NULL]"
23055,"MainThread",54838477567061,9334,"R+","[NULL]","[NULL]"
23055,"MainThread",54838477576395,16166,"Running","[NULL]","[NULL]"
23055,"MainThread",54838477592561,17577875,"S","[NULL]","[NULL]"
23055,"MainThread",54838495170436,17125,"R","[NULL]","[NULL]"
23055,"MainThread",54838495187561,78417,"Running","[NULL]","[NULL]"
23055,"MainThread",54838495265978,15291208,"S","[NULL]","[NULL]"
23055,"MainThread",54838510557186,33792,"R","[NULL]","[NULL]"
23055,"MainThread",54838510590978,102333,"Running","[NULL]","[NULL]"
23055,"MainThread",54838510693311,37125,"R+","[NULL]","[NULL]"
23055,"MainThread",54838510730436,237792,"Running","[NULL]","[NULL]"
23055,"MainThread",54838510968228,55167,"R+","[NULL]","[NULL]"
23055,"MainThread",54838511023395,65708,"Running","[NULL]","[NULL]"
23055,"MainThread",54838511089103,17166917,"S","[NULL]","[NULL]"
23055,"MainThread",54838528256020,422625,"R","[NULL]","[NULL]"
23055,"MainThread",54838528678645,518333,"Running","[NULL]","[NULL]"
23055,"MainThread",54838529196978,12912208,"S","[NULL]","[NULL]"
23055,"MainThread",54838542109186,259084,"R","[NULL]","[NULL]"
23055,"MainThread",54838542368270,673250,"Running","[NULL]","[NULL]"
23055,"MainThread",54838543041520,18553500,"S","[NULL]","[NULL]"
23055,"MainThread",54838561595020,296541,"R","[NULL]","[NULL]"
23055,"MainThread",54838561891561,563709,"Running","[NULL]","[NULL]"
23055,"MainThread",54838562455270,16185708,"S","[NULL]","[NULL]"
23055,"MainThread",54838578640978,131083,"R","[NULL]","[NULL]"
23055,"MainThread",54838578772061,521750,"Running","[NULL]","[NULL]"
23055,"MainThread",54838579293811,13773917,"S","[NULL]","[NULL]"
23055,"MainThread",54838593067728,129042,"R","[NULL]","[NULL]"
23055,"MainThread",54838593196770,459041,"Running","[NULL]","[NULL]"
23055,"MainThread",54838593655811,15435542,"S","[NULL]","[NULL]"
23055,"MainThread",54838609091353,171750,"R","[NULL]","[NULL]"
23055,"MainThread",54838609263103,190625,"Running","[NULL]","[NULL]"
23055,"MainThread",54838609453728,26125,"R+","[NULL]","[NULL]"
23055,"MainThread",54838609479853,65333,"Running","[NULL]","[NULL]"
23055,"MainThread",54838609545186,23848375,"S","[NULL]","[NULL]"
23055,"MainThread",54838633393561,207709,"R","[NULL]","[NULL]"
23055,"MainThread",54838633601270,431375,"Running","[NULL]","[NULL]"
23055,"MainThread",54838634032645,58000,"R+","[NULL]","[NULL]"
23055,"MainThread",54838634090645,10750,"Running","[NULL]","[NULL]"
23055,"MainThread",54838634101395,25416,"R+","[NULL]","[NULL]"
23055,"MainThread",54838634126811,71334,"Running","[NULL]","[NULL]"
23055,"MainThread",54838634198145,7710000,"S","[NULL]","[NULL]"
23055,"MainThread",54838641908145,94041,"R","[NULL]","[NULL]"
23055,"MainThread",54838642002186,295709,"Running","[NULL]","[NULL]"
23055,"MainThread",54838642297895,24377583,"S","[NULL]","[NULL]"
23055,"MainThread",54838666675478,553000,"R","[NULL]","[NULL]"
23055,"MainThread",54838667228478,483917,"Running","[NULL]","[NULL]"
23055,"MainThread",54838667712395,32250,"R+","[NULL]","[NULL]"
23055,"MainThread",54838667744645,116375,"Running","[NULL]","[NULL]"
23055,"MainThread",54838667861020,9610750,"S","[NULL]","[NULL]"
23055,"MainThread",54838677471770,317458,"R","[NULL]","[NULL]"
23055,"MainThread",54838677789228,304917,"Running","[NULL]","[NULL]"
23055,"MainThread",54838678094145,35125,"R+","[NULL]","[NULL]"
23055,"MainThread",54838678129270,90958,"Running","[NULL]","[NULL]"
23055,"MainThread",54838678220228,15338542,"S","[NULL]","[NULL]"
23055,"MainThread",54838693558770,65208,"R","[NULL]","[NULL]"
23055,"MainThread",54838693623978,219833,"Running","[NULL]","[NULL]"
23055,"MainThread",54838693843811,191542,"R","[NULL]","[NULL]"
23055,"MainThread",54838694035353,231792,"Running","[NULL]","[NULL]"
23055,"MainThread",54838694267145,14316083,"S","[NULL]","[NULL]"
23055,"MainThread",54838708583228,130834,"R","[NULL]","[NULL]"
23055,"MainThread",54838708714062,113708,"Running","[NULL]","[NULL]"
23055,"MainThread",54838708827770,9792,"R+","[NULL]","[NULL]"
23055,"MainThread",54838708837562,20500,"Running","[NULL]","[NULL]"
23055,"MainThread",54838708858062,24916208,"S","[NULL]","[NULL]"
23055,"MainThread",54838733774270,348292,"R","[NULL]","[NULL]"
23055,"MainThread",54838734122562,565250,"Running","[NULL]","[NULL]"
23055,"MainThread",54838734687812,38500,"R+","[NULL]","[NULL]"
23055,"MainThread",54838734726312,78041,"Running","[NULL]","[NULL]"
23055,"MainThread",54838734804353,7515750,"S","[NULL]","[NULL]"
23055,"MainThread",54838742320103,85750,"R","[NULL]","[NULL]"
23055,"MainThread",54838742405853,393334,"Running","[NULL]","[NULL]"
23055,"MainThread",54838742799187,20860916,"S","[NULL]","[NULL]"
23055,"MainThread",54838763660103,807334,"R","[NULL]","[NULL]"
23055,"MainThread",54838764467437,1552916,"Running","[NULL]","[NULL]"
23055,"MainThread",54838766020353,245834,"R+","[NULL]","[NULL]"
23055,"MainThread",54838766266187,169125,"Running","[NULL]","[NULL]"
23055,"MainThread",54838766435312,13239416,"S","[NULL]","[NULL]"
23055,"MainThread",54838779674728,105792,"R","[NULL]","[NULL]"
23055,"MainThread",54838779780520,223250,"Running","[NULL]","[NULL]"
23055,"MainThread",54838780003770,220042,"R+","[NULL]","[NULL]"
23055,"MainThread",54838780223812,42916,"Running","[NULL]","[NULL]"
23055,"MainThread",54838780266728,12186375,"S","[NULL]","[NULL]"
23055,"MainThread",54838792453103,116334,"R","[NULL]","[NULL]"
23055,"MainThread",54838792569437,303791,"Running","[NULL]","[NULL]"
23055,"MainThread",54838792873228,226792,"R","[NULL]","[NULL]"
23055,"MainThread",54838793100020,721333,"Running","[NULL]","[NULL]"
23055,"MainThread",54838793821353,40000,"R+","[NULL]","[NULL]"
23055,"MainThread",54838793861353,163875,"Running","[NULL]","[NULL]"
23055,"MainThread",54838794025228,19725792,"S","[NULL]","[NULL]"
23055,"MainThread",54838813751020,228750,"R","[NULL]","[NULL]"
23055,"MainThread",54838813979770,579667,"Running","[NULL]","[NULL]"
23055,"MainThread",54838814559437,69125,"R+","[NULL]","[NULL]"
23055,"MainThread",54838814628562,1625458,"Running","[NULL]","[NULL]"
23055,"MainThread",54838816254020,12244417,"S","[NULL]","[NULL]"
23055,"MainThread",54838828498437,207458,"R","[NULL]","[NULL]"
23055,"MainThread",54838828705895,103708,"Running","[NULL]","[NULL]"
23055,"MainThread",54838828809603,16334,"R+","[NULL]","[NULL]"
23055,"MainThread",54838828825937,25041,"Running","[NULL]","[NULL]"
23055,"MainThread",54838828850978,19533125,"S","[NULL]","[NULL]"
23055,"MainThread",54838848384103,477125,"R","[NULL]","[NULL]"
23055,"MainThread",54838848861228,558375,"Running","[NULL]","[NULL]"
23055,"MainThread",54838849419603,11123917,"S","[NULL]","[NULL]"
23055,"MainThread",54838860543520,114708,"R","[NULL]","[NULL]"
23055,"MainThread",54838860658228,169750,"Running","[NULL]","[NULL]"
23055,"MainThread",54838860827978,20875,"R+","[NULL]","[NULL]"
23055,"MainThread",54838860848853,50792,"Running","[NULL]","[NULL]"
23055,"MainThread",54838860899645,14633708,"S","[NULL]","[NULL]"
23055,"MainThread",54838875533353,128292,"R","[NULL]","[NULL]"
23055,"MainThread",54838875661645,110042,"Running","[NULL]","[NULL]"
23055,"MainThread",54838875771687,13583,"R+","[NULL]","[NULL]"
23055,"MainThread",54838875785270,42833,"Running","[NULL]","[NULL]"
23055,"MainThread",54838875828103,16265042,"S","[NULL]","[NULL]"
23055,"MainThread",54838892093145,20958,"R","[NULL]","[NULL]"
23055,"MainThread",54838892114103,141625,"Running","[NULL]","[NULL]"
23055,"MainThread",54838892255728,27167,"R","[NULL]","[NULL]"
23055,"MainThread",54838892282895,86000,"Running","[NULL]","[NULL]"
23055,"MainThread",54838892368895,12042,"R+","[NULL]","[NULL]"
23055,"MainThread",54838892380937,26541,"Running","[NULL]","[NULL]"
23055,"MainThread",54838892407478,16727000,"S","[NULL]","[NULL]"
23055,"MainThread",54838909134478,212750,"R","[NULL]","[NULL]"
23055,"MainThread",54838909347228,84500,"Running","[NULL]","[NULL]"
23055,"MainThread",54838909431728,14042,"R+","[NULL]","[NULL]"
23055,"MainThread",54838909445770,33000,"Running","[NULL]","[NULL]"
23055,"MainThread",54838909478770,17177750,"S","[NULL]","[NULL]"
23055,"MainThread",54838926656520,287125,"R","[NULL]","[NULL]"
23055,"MainThread",54838926943645,71875,"Running","[NULL]","[NULL]"
23055,"MainThread",54838927015520,11375,"R+","[NULL]","[NULL]"
23055,"MainThread",54838927026895,25542,"Running","[NULL]","[NULL]"
23055,"MainThread",54838927052437,14674250,"S","[NULL]","[NULL]"
23055,"MainThread",54838941726687,252041,"R","[NULL]","[NULL]"
23055,"MainThread",54838941978728,65375,"Running","[NULL]","[NULL]"
23055,"MainThread",54838942044103,11125,"R+","[NULL]","[NULL]"
23055,"MainThread",54838942055228,25125,"Running","[NULL]","[NULL]"
23055,"MainThread",54838942080353,20038959,"S","[NULL]","[NULL]"
23055,"MainThread",54838962119312,322291,"R","[NULL]","[NULL]"
23055,"MainThread",54838962441603,420084,"Running","[NULL]","[NULL]"
23055,"MainThread",54838962861687,36416,"R+","[NULL]","[NULL]"
23055,"MainThread",54838962898103,97584,"Running","[NULL]","[NULL]"
23055,"MainThread",54838962995687,21197166,"S","[NULL]","[NULL]"
23055,"MainThread",54838984192853,213959,"R","[NULL]","[NULL]"
23055,"MainThread",54838984406812,585875,"Running","[NULL]","[NULL]"
23055,"MainThread",54838984992687,75791,"R+","[NULL]","[NULL]"
23055,"MainThread",54838985068478,172625,"Running","[NULL]","[NULL]"
23055,"MainThread",54838985241103,9287834,"S","[NULL]","[NULL]"
23055,"MainThread",54838994528937,239833,"R","[NULL]","[NULL]"
23055,"MainThread",54838994768770,335167,"Running","[NULL]","[NULL]"
23055,"MainThread",54838995103937,37333,"R+","[NULL]","[NULL]"
23055,"MainThread",54838995141270,120500,"Running","[NULL]","[NULL]"
23055,"MainThread",54838995261770,13902708,"S","[NULL]","[NULL]"
23055,"MainThread",54839009164478,131042,"R","[NULL]","[NULL]"
23055,"MainThread",54839009295520,638417,"Running","[NULL]","[NULL]"
23055,"MainThread",54839009933937,45541,"R+","[NULL]","[NULL]"
23055,"MainThread",54839009979478,81125,"Running","[NULL]","[NULL]"
23055,"MainThread",54839010060603,14948584,"S","[NULL]","[NULL]"
23055,"MainThread",54839025009187,8083,"R","[NULL]","[NULL]"
23055,"MainThread",54839025017270,146208,"Running","[NULL]","[NULL]"
23055,"MainThread",54839025163478,27334,"R+","[NULL]","[NULL]"
23055,"MainThread",54839025190812,42041,"Running","[NULL]","[NULL]"
23055,"MainThread",54839025232853,23839584,"S","[NULL]","[NULL]"
23055,"MainThread",54839049072437,414083,"R","[NULL]","[NULL]"
23055,"MainThread",54839049486520,747083,"Running","[NULL]","[NULL]"
23055,"MainThread",54839050233603,10398584,"S","[NULL]","[NULL]"
23055,"MainThread",54839060632187,226541,"R","[NULL]","[NULL]"
23055,"MainThread",54839060858728,206125,"Running","[NULL]","[NULL]"
23055,"MainThread",54839061064853,14071292,"S","[NULL]","[NULL]"
23055,"MainThread",54839075136145,297417,"R","[NULL]","[NULL]"
23055,"MainThread",54839075433562,230541,"Running","[NULL]","[NULL]"
23055,"MainThread",54839075664103,17821042,"S","[NULL]","[NULL]"
23055,"MainThread",54839093485145,266000,"R","[NULL]","[NULL]"
23055,"MainThread",54839093751145,106542,"Running","[NULL]","[NULL]"
23055,"MainThread",54839093857687,22166,"R+","[NULL]","[NULL]"
23055,"MainThread",54839093879853,31209,"Running","[NULL]","[NULL]"
23055,"MainThread",54839093911062,17303333,"S","[NULL]","[NULL]"
23055,"MainThread",54839111214395,139125,"R","[NULL]","[NULL]"
23055,"MainThread",54839111353520,939875,"Running","[NULL]","[NULL]"
23055,"MainThread",54839112293395,18444625,"S","[NULL]","[NULL]"
23055,"MainThread",54839130738020,218792,"R","[NULL]","[NULL]"
23055,"MainThread",54839130956812,1446625,"Running","[NULL]","[NULL]"
23055,"MainThread",54839132403437,15958,"R+","[NULL]","[NULL]"
23055,"MainThread",54839132419395,209875,"Running","[NULL]","[NULL]"
23055,"MainThread",54839132629270,10438792,"S","[NULL]","[NULL]"
23055,"MainThread",54839143068062,123125,"R","[NULL]","[NULL]"
23055,"MainThread",54839143191187,387416,"Running","[NULL]","[NULL]"
23055,"MainThread",54839143578603,15539500,"S","[NULL]","[NULL]"
23055,"MainThread",54839159118103,49292,"R","[NULL]","[NULL]"
23055,"MainThread",54839159167395,295208,"Running","[NULL]","[NULL]"
23055,"MainThread",54839159462603,25792,"R+","[NULL]","[NULL]"
23055,"MainThread",54839159488395,71792,"Running","[NULL]","[NULL]"
23055,"MainThread",54839159560187,17458958,"S","[NULL]","[NULL]"
23055,"MainThread",54839177019145,131583,"R","[NULL]","[NULL]"
23055,"MainThread",54839177150728,603875,"Running","[NULL]","[NULL]"
23055,"MainThread",54839177754603,18681042,"S","[NULL]","[NULL]"
23055,"MainThread",54839196435645,162708,"R","[NULL]","[NULL]"
23055,"MainThread",54839196598353,583000,"Running","[NULL]","[NULL]"
23055,"MainThread",54839197181353,12260959,"S","[NULL]","[NULL]"
23055,"MainThread",54839209442312,406291,"R","[NULL]","[NULL]"
23055,"MainThread",54839209848603,704875,"Running","[NULL]","[NULL]"
23055,"MainThread",54839210553478,16930084,"S","[NULL]","[NULL]"
23055,"MainThread",54839227483562,96166,"R","[NULL]","[NULL]"
23055,"MainThread",54839227579728,289459,"Running","[NULL]","[NULL]"
23055,"MainThread",54839227869187,40916,"R+","[NULL]","[NULL]"
23055,"MainThread",54839227910103,69500,"Running","[NULL]","[NULL]"
23055,"MainThread",54839227979603,16108584,"S","[NULL]","[NULL]"
23055,"MainThread",54839244088187,929583,"R","[NULL]","[NULL]"
23055,"MainThread",54839245017770,288458,"Running","[NULL]","[NULL]"
23055,"MainThread",54839245306228,32209,"R+","[NULL]","[NULL]"
23055,"MainThread",54839245338437,69291,"Running","[NULL]","[NULL]"
23055,"MainThread",54839245407728,17994084,"S","[NULL]","[NULL]"
23055,"MainThread",54839263401812,315041,"R","[NULL]","[NULL]"
23055,"MainThread",54839263716853,889459,"Running","[NULL]","[NULL]"
23055,"MainThread",54839264606312,11953041,"S","[NULL]","[NULL]"
23055,"MainThread",54839276559353,151042,"R","[NULL]","[NULL]"
23055,"MainThread",54839276710395,384125,"Running","[NULL]","[NULL]"
23055,"MainThread",54839277094520,17778583,"S","[NULL]","[NULL]"
23055,"MainThread",54839294873103,126542,"R","[NULL]","[NULL]"
23055,"MainThread",54839294999645,152958,"Running","[NULL]","[NULL]"
23055,"MainThread",54839295152603,12417,"R","[NULL]","[NULL]"
23055,"MainThread",54839295165020,367292,"Running","[NULL]","[NULL]"
23055,"MainThread",54839295532312,12867041,"S","[NULL]","[NULL]"
23055,"MainThread",54839308399353,193917,"R","[NULL]","[NULL]"
23055,"MainThread",54839308593270,401250,"Running","[NULL]","[NULL]"
23055,"MainThread",54839308994520,18200667,"S","[NULL]","[NULL]"
23055,"MainThread",54839327195187,308875,"R","[NULL]","[NULL]"
23055,"MainThread",54839327504062,867375,"Running","[NULL]","[NULL]"
23055,"MainThread",54839328371437,7083,"R","[NULL]","[NULL]"
23055,"MainThread",54839328378520,219792,"Running","[NULL]","[NULL]"
23055,"MainThread",54839328598312,17138708,"S","[NULL]","[NULL]"
23055,"MainThread",54839345737020,200625,"R","[NULL]","[NULL]"
23055,"MainThread",54839345937645,359083,"Running","[NULL]","[NULL]"
23055,"MainThread",54839346296728,12428209,"S","[NULL]","[NULL]"
23055,"MainThread",54839358724937,72666,"R","[NULL]","[NULL]"
23055,"MainThread",54839358797603,397667,"Running","[NULL]","[NULL]"
23055,"MainThread",54839359195270,44500,"R+","[NULL]","[NULL]"
23055,"MainThread",54839359239770,98958,"Running","[NULL]","[NULL]"
23055,"MainThread",54839359338728,25063667,"S","[NULL]","[NULL]"
23055,"MainThread",54839384402395,565667,"R","[NULL]","[NULL]"
23055,"MainThread",54839384968062,1638750,"Running","[NULL]","[NULL]"
23055,"MainThread",54839386606812,5027291,"S","[NULL]","[NULL]"
23055,"MainThread",54839391634103,185375,"R","[NULL]","[NULL]"
23055,"MainThread",54839391819478,177750,"Running","[NULL]","[NULL]"
23055,"MainThread",54839391997228,18661501,"S","[NULL]","[NULL]"
23055,"MainThread",54839410658729,45375,"R","[NULL]","[NULL]"
23055,"MainThread",54839410704104,287125,"Running","[NULL]","[NULL]"
23055,"MainThread",54839410991229,40666,"R+","[NULL]","[NULL]"
23055,"MainThread",54839411031895,82584,"Running","[NULL]","[NULL]"
23055,"MainThread",54839411114479,13640250,"S","[NULL]","[NULL]"
23055,"MainThread",54839424754729,302625,"R","[NULL]","[NULL]"
23055,"MainThread",54839425057354,254541,"Running","[NULL]","[NULL]"
23055,"MainThread",54839425311895,154500,"R+","[NULL]","[NULL]"
23055,"MainThread",54839425466395,210917,"Running","[NULL]","[NULL]"
23055,"MainThread",54839425677312,57542,"R","[NULL]","[NULL]"
23055,"MainThread",54839425734854,165083,"Running","[NULL]","[NULL]"
23055,"MainThread",54839425899937,15736000,"S","[NULL]","[NULL]"
23055,"MainThread",54839441635937,64833,"R","[NULL]","[NULL]"
23055,"MainThread",54839441700770,71709,"Running","[NULL]","[NULL]"
23055,"MainThread",54839441772479,4833,"R","[NULL]","[NULL]"
23055,"MainThread",54839441777312,346125,"Running","[NULL]","[NULL]"
23055,"MainThread",54839442123437,16024375,"S","[NULL]","[NULL]"
23055,"MainThread",54839458147812,101333,"R","[NULL]","[NULL]"
23055,"MainThread",54839458249145,121584,"Running","[NULL]","[NULL]"
23055,"MainThread",54839458370729,19683500,"S","[NULL]","[NULL]"
23055,"MainThread",54839478054229,213625,"R","[NULL]","[NULL]"
23055,"MainThread",54839478267854,205416,"Running","[NULL]","[NULL]"
23055,"MainThread",54839478473270,15060084,"S","[NULL]","[NULL]"
23055,"MainThread",54839493533354,41375,"R","[NULL]","[NULL]"
23055,"MainThread",54839493574729,95291,"Running","[NULL]","[NULL]"
23055,"MainThread",54839493670020,18000,"R+","[NULL]","[NULL]"
23055,"MainThread",54839493688020,29917,"Running","[NULL]","[NULL]"
23055,"MainThread",54839493717937,16016000,"S","[NULL]","[NULL]"
23055,"MainThread",54839509733937,50708,"R","[NULL]","[NULL]"
23055,"MainThread",54839509784645,147125,"Running","[NULL]","[NULL]"
23055,"MainThread",54839509931770,16151042,"S","[NULL]","[NULL]"
23055,"MainThread",54839526082812,206375,"R","[NULL]","[NULL]"
23055,"MainThread",54839526289187,186708,"Running","[NULL]","[NULL]"
23055,"MainThread",54839526475895,23625,"R+","[NULL]","[NULL]"
23055,"MainThread",54839526499520,61542,"Running","[NULL]","[NULL]"
23055,"MainThread",54839526561062,21237083,"S","[NULL]","[NULL]"
23055,"MainThread",54839547798145,96334,"R","[NULL]","[NULL]"
23055,"MainThread",54839547894479,3571458,"Running","[NULL]","[NULL]"
23055,"MainThread",54839551465937,6632958,"S","[NULL]","[NULL]"
23055,"MainThread",54839558098895,40959,"R","[NULL]","[NULL]"
23055,"MainThread",54839558139854,626583,"Running","[NULL]","[NULL]"
23055,"MainThread",54839558766437,22002458,"S","[NULL]","[NULL]"
23055,"MainThread",54839580768895,361167,"R","[NULL]","[NULL]"
23055,"MainThread",54839581130062,4155083,"Running","[NULL]","[NULL]"
23055,"MainThread",54839585285145,29375,"R+","[NULL]","[NULL]"
23055,"MainThread",54839585314520,57125,"Running","[NULL]","[NULL]"
23055,"MainThread",54839585371645,8480375,"S","[NULL]","[NULL]"
23055,"MainThread",54839593852020,315584,"R","[NULL]","[NULL]"
23055,"MainThread",54839594167604,485541,"Running","[NULL]","[NULL]"
23055,"MainThread",54839594653145,18177917,"S","[NULL]","[NULL]"
23055,"MainThread",54839612831062,202333,"R","[NULL]","[NULL]"
23055,"MainThread",54839613033395,121167,"Running","[NULL]","[NULL]"
23055,"MainThread",54839613154562,17583,"R+","[NULL]","[NULL]"
23055,"MainThread",54839613172145,30459,"Running","[NULL]","[NULL]"
23055,"MainThread",54839613202604,20799875,"S","[NULL]","[NULL]"
23055,"MainThread",54839634002479,162750,"R","[NULL]","[NULL]"
23055,"MainThread",54839634165229,90333,"Running","[NULL]","[NULL]"
23055,"MainThread",54839634255562,16625,"R+","[NULL]","[NULL]"
23055,"MainThread",54839634272187,54958,"Running","[NULL]","[NULL]"
23055,"MainThread",54839634327145,11405959,"S","[NULL]","[NULL]"
23055,"MainThread",54839645733104,303125,"R","[NULL]","[NULL]"
23055,"MainThread",54839646036229,105000,"Running","[NULL]","[NULL]"
23055,"MainThread",54839646141229,24375,"R+","[NULL]","[NULL]"
23055,"MainThread",54839646165604,37916,"Running","[NULL]","[NULL]"
23055,"MainThread",54839646203520,14911542,"S","[NULL]","[NULL]"
23055,"MainThread",54839661115062,96417,"R","[NULL]","[NULL]"
23055,"MainThread",54839661211479,921458,"Running","[NULL]","[NULL]"
23055,"MainThread",54839662132937,13073750,"S","[NULL]","[NULL]"
23055,"MainThread",54839675206687,158792,"R","[NULL]","[NULL]"
23055,"MainThread",54839675365479,346041,"Running","[NULL]","[NULL]"
23055,"MainThread",54839675711520,16077709,"S","[NULL]","[NULL]"
23055,"MainThread",54839691789229,158791,"R","[NULL]","[NULL]"
23055,"MainThread",54839691948020,527834,"Running","[NULL]","[NULL]"
23055,"MainThread",54839692475854,16098833,"S","[NULL]","[NULL]"
23055,"MainThread",54839708574687,183458,"R","[NULL]","[NULL]"
23055,"MainThread",54839708758145,168834,"Running","[NULL]","[NULL]"
23055,"MainThread",54839708926979,20559291,"S","[NULL]","[NULL]"
23055,"MainThread",54839729486270,211959,"R","[NULL]","[NULL]"
23055,"MainThread",54839729698229,809958,"Running","[NULL]","[NULL]"
23055,"MainThread",54839730508187,11942833,"S","[NULL]","[NULL]"
23055,"MainThread",54839742451020,120667,"R","[NULL]","[NULL]"
23055,"MainThread",54839742571687,403583,"Running","[NULL]","[NULL]"
23055,"MainThread",54839742975270,18342667,"S","[NULL]","[NULL]"
23055,"MainThread",54839761317937,148500,"R","[NULL]","[NULL]"
23055,"MainThread",54839761466437,407083,"Running","[NULL]","[NULL]"
23055,"MainThread",54839761873520,17516792,"S","[NULL]","[NULL]"
23055,"MainThread",54839779390312,112292,"R","[NULL]","[NULL]"
23055,"MainThread",54839779502604,471958,"Running","[NULL]","[NULL]"
23055,"MainThread",54839779974562,12700417,"S","[NULL]","[NULL]"
23055,"MainThread",54839792674979,115041,"R","[NULL]","[NULL]"
23055,"MainThread",54839792790020,398459,"Running","[NULL]","[NULL]"
23055,"MainThread",54839793188479,19942791,"S","[NULL]","[NULL]"
23055,"MainThread",54839813131270,124500,"R","[NULL]","[NULL]"
23055,"MainThread",54839813255770,1192000,"Running","[NULL]","[NULL]"
23055,"MainThread",54839814447770,10830500,"S","[NULL]","[NULL]"
23055,"MainThread",54839825278270,217167,"R","[NULL]","[NULL]"
23055,"MainThread",54839825495437,350917,"Running","[NULL]","[NULL]"
23055,"MainThread",54839825846354,195583,"R+","[NULL]","[NULL]"
23055,"MainThread",54839826041937,103500,"Running","[NULL]","[NULL]"
23055,"MainThread",54839826145437,18523375,"S","[NULL]","[NULL]"
23055,"MainThread",54839844668812,56667,"R","[NULL]","[NULL]"
23055,"MainThread",54839844725479,463083,"Running","[NULL]","[NULL]"
23055,"MainThread",54839845188562,17079458,"S","[NULL]","[NULL]"
23055,"MainThread",54839862268020,237917,"R","[NULL]","[NULL]"
23055,"MainThread",54839862505937,184625,"Running","[NULL]","[NULL]"
23055,"MainThread",54839862690562,18083,"R+","[NULL]","[NULL]"
23055,"MainThread",54839862708645,65584,"Running","[NULL]","[NULL]"
23055,"MainThread",54839862774229,17369125,"S","[NULL]","[NULL]"
23055,"MainThread",54839880143354,175458,"R","[NULL]","[NULL]"
23055,"MainThread",54839880318812,260458,"Running","[NULL]","[NULL]"
23055,"MainThread",54839880579270,27417,"R+","[NULL]","[NULL]"
23055,"MainThread",54839880606687,69542,"Running","[NULL]","[NULL]"
23055,"MainThread",54839880676229,13800833,"S","[NULL]","[NULL]"
23055,"MainThread",54839894477062,255125,"R","[NULL]","[NULL]"
23055,"MainThread",54839894732187,234042,"Running","[NULL]","[NULL]"
23055,"MainThread",54839894966229,30583,"R+","[NULL]","[NULL]"
23055,"MainThread",54839894996812,58042,"Running","[NULL]","[NULL]"
23055,"MainThread",54839895054854,13948583,"S","[NULL]","[NULL]"
23055,"MainThread",54839909003437,173792,"R","[NULL]","[NULL]"
23055,"MainThread",54839909177229,220833,"Running","[NULL]","[NULL]"
23055,"MainThread",54839909398062,23417,"R+","[NULL]","[NULL]"
23055,"MainThread",54839909421479,56666,"Running","[NULL]","[NULL]"
23055,"MainThread",54839909478145,22509000,"S","[NULL]","[NULL]"
23055,"MainThread",54839931987145,379250,"R","[NULL]","[NULL]"
23055,"MainThread",54839932366395,377750,"Running","[NULL]","[NULL]"
23055,"MainThread",54839932744145,9832500,"S","[NULL]","[NULL]"
23055,"MainThread",54839942576645,205042,"R","[NULL]","[NULL]"
23055,"MainThread",54839942781687,404125,"Running","[NULL]","[NULL]"
23055,"MainThread",54839943185812,16034875,"S","[NULL]","[NULL]"
23055,"MainThread",54839959220687,301000,"R","[NULL]","[NULL]"
23055,"MainThread",54839959521687,381917,"Running","[NULL]","[NULL]"
23055,"MainThread",54839959903604,19352875,"S","[NULL]","[NULL]"
23055,"MainThread",54839979256479,344708,"R","[NULL]","[NULL]"
23055,"MainThread",54839979601187,2492833,"Running","[NULL]","[NULL]"
23055,"MainThread",54839982094020,9482125,"S","[NULL]","[NULL]"
23055,"MainThread",54839991576145,111750,"R","[NULL]","[NULL]"
23055,"MainThread",54839991687895,277167,"Running","[NULL]","[NULL]"
23055,"MainThread",54839991965062,16187208,"S","[NULL]","[NULL]"
23055,"MainThread",54840008152270,87125,"R","[NULL]","[NULL]"
23055,"MainThread",54840008239395,142667,"Running","[NULL]","[NULL]"
23055,"MainThread",54840008382062,16445000,"S","[NULL]","[NULL]"
23055,"MainThread",54840024827062,98708,"R","[NULL]","[NULL]"
23055,"MainThread",54840024925770,300542,"Running","[NULL]","[NULL]"
23055,"MainThread",54840025226312,22150667,"S","[NULL]","[NULL]"
23055,"MainThread",54840047376979,270750,"R","[NULL]","[NULL]"
23055,"MainThread",54840047647729,134500,"Running","[NULL]","[NULL]"
23055,"MainThread",54840047782229,54666,"R+","[NULL]","[NULL]"
23055,"MainThread",54840047836895,474875,"Running","[NULL]","[NULL]"
23055,"MainThread",54840048311770,23375,"R+","[NULL]","[NULL]"
23055,"MainThread",54840048335145,62709,"Running","[NULL]","[NULL]"
23055,"MainThread",54840048397854,13129875,"S","[NULL]","[NULL]"
23055,"MainThread",54840061527729,249250,"R","[NULL]","[NULL]"
23055,"MainThread",54840061776979,560291,"Running","[NULL]","[NULL]"
23055,"MainThread",54840062337270,41375,"R+","[NULL]","[NULL]"
23055,"MainThread",54840062378645,97042,"Running","[NULL]","[NULL]"
23055,"MainThread",54840062475687,17553458,"S","[NULL]","[NULL]"
23055,"MainThread",54840080029145,963375,"R","[NULL]","[NULL]"
23055,"MainThread",54840080992520,1165667,"Running","[NULL]","[NULL]"
23055,"MainThread",54840082158187,10876000,"S","[NULL]","[NULL]"
23055,"MainThread",54840093034187,130208,"R","[NULL]","[NULL]"
23055,"MainThread",54840093164395,364417,"Running","[NULL]","[NULL]"
23055,"MainThread",54840093528812,14546584,"S","[NULL]","[NULL]"
23055,"MainThread",54840108075396,53166,"R","[NULL]","[NULL]"
23055,"MainThread",54840108128562,208250,"Running","[NULL]","[NULL]"
23055,"MainThread",54840108336812,12459,"R+","[NULL]","[NULL]"
23055,"MainThread",54840108349271,36958,"Running","[NULL]","[NULL]"
23055,"MainThread",54840108386229,17395250,"S","[NULL]","[NULL]"
23055,"MainThread",54840125781479,330542,"R","[NULL]","[NULL]"
23055,"MainThread",54840126112021,396916,"Running","[NULL]","[NULL]"
23055,"MainThread",54840126508937,20413584,"S","[NULL]","[NULL]"
23055,"MainThread",54840146922521,875125,"R","[NULL]","[NULL]"
23055,"MainThread",54840147797646,745500,"Running","[NULL]","[NULL]"
23055,"MainThread",54840148543146,9849250,"S","[NULL]","[NULL]"
23055,"MainThread",54840158392396,246500,"R","[NULL]","[NULL]"
23055,"MainThread",54840158638896,321166,"Running","[NULL]","[NULL]"
23055,"MainThread",54840158960062,46959,"R+","[NULL]","[NULL]"
23055,"MainThread",54840159007021,76833,"Running","[NULL]","[NULL]"
23055,"MainThread",54840159083854,15914500,"S","[NULL]","[NULL]"
23055,"MainThread",54840174998354,1246958,"R","[NULL]","[NULL]"
23055,"MainThread",54840176245312,334625,"Running","[NULL]","[NULL]"
23055,"MainThread",54840176579937,21218500,"S","[NULL]","[NULL]"
23055,"MainThread",54840197798437,465500,"R","[NULL]","[NULL]"
23055,"MainThread",54840198263937,1290084,"Running","[NULL]","[NULL]"
23055,"MainThread",54840199554021,8403666,"S","[NULL]","[NULL]"
23055,"MainThread",54840207957687,153084,"R","[NULL]","[NULL]"
23055,"MainThread",54840208110771,144250,"Running","[NULL]","[NULL]"
23055,"MainThread",54840208255021,14541,"R+","[NULL]","[NULL]"
23055,"MainThread",54840208269562,36000,"Running","[NULL]","[NULL]"
23055,"MainThread",54840208305562,22857750,"S","[NULL]","[NULL]"
23055,"MainThread",54840231163312,461959,"R","[NULL]","[NULL]"
23055,"MainThread",54840231625271,1566916,"Running","[NULL]","[NULL]"
23055,"MainThread",54840233192187,53375,"R+","[NULL]","[NULL]"
23055,"MainThread",54840233245562,72459,"Running","[NULL]","[NULL]"
23055,"MainThread",54840233318021,12502500,"S","[NULL]","[NULL]"
23055,"MainThread",54840245820521,92750,"R","[NULL]","[NULL]"
23055,"MainThread",54840245913271,592875,"Running","[NULL]","[NULL]"
23055,"MainThread",54840246506146,16462541,"S","[NULL]","[NULL]"
23055,"MainThread",54840262968687,463125,"R","[NULL]","[NULL]"
23055,"MainThread",54840263431812,1088750,"Running","[NULL]","[NULL]"
23055,"MainThread",54840264520562,13334000,"S","[NULL]","[NULL]"
23055,"MainThread",54840277854562,188917,"R","[NULL]","[NULL]"
23055,"MainThread",54840278043479,607333,"Running","[NULL]","[NULL]"
23055,"MainThread",54840278650812,15304167,"S","[NULL]","[NULL]"
23055,"MainThread",54840293954979,134792,"R","[NULL]","[NULL]"
23055,"MainThread",54840294089771,322583,"Running","[NULL]","[NULL]"
23055,"MainThread",54840294412354,14272042,"S","[NULL]","[NULL]"
23055,"MainThread",54840308684396,332583,"R","[NULL]","[NULL]"
23055,"MainThread",54840309016979,402708,"Running","[NULL]","[NULL]"
23055,"MainThread",54840309419687,15672209,"S","[NULL]","[NULL]"
23055,"MainThread",54840325091896,175541,"R","[NULL]","[NULL]"
23055,"MainThread",54840325267437,436834,"Running","[NULL]","[NULL]"
23055,"MainThread",54840325704271,21190291,"S","[NULL]","[NULL]"
23055,"MainThread",54840346894562,79459,"R","[NULL]","[NULL]"
23055,"MainThread",54840346974021,175000,"Running","[NULL]","[NULL]"
23055,"MainThread",54840347149021,12750,"R+","[NULL]","[NULL]"
23055,"MainThread",54840347161771,33166,"Running","[NULL]","[NULL]"
23055,"MainThread",54840347194937,10573542,"S","[NULL]","[NULL]"
23055,"MainThread",54840357768479,130042,"R","[NULL]","[NULL]"
23055,"MainThread",54840357898521,114000,"Running","[NULL]","[NULL]"
23055,"MainThread",54840358012521,20595750,"S","[NULL]","[NULL]"
23055,"MainThread",54840378608271,297250,"R","[NULL]","[NULL]"
23055,"MainThread",54840378905521,377708,"Running","[NULL]","[NULL]"
23055,"MainThread",54840379283229,13369958,"S","[NULL]","[NULL]"
23055,"MainThread",54840392653187,47250,"R","[NULL]","[NULL]"
23055,"MainThread",54840392700437,215292,"Running","[NULL]","[NULL]"
23055,"MainThread",54840392915729,17872000,"S","[NULL]","[NULL]"
23055,"MainThread",54840410787729,181125,"R","[NULL]","[NULL]"
23055,"MainThread",54840410968854,330875,"Running","[NULL]","[NULL]"
23055,"MainThread",54840411299729,17432958,"S","[NULL]","[NULL]"
23055,"MainThread",54840428732687,96209,"R","[NULL]","[NULL]"
23055,"MainThread",54840428828896,602166,"Running","[NULL]","[NULL]"
23055,"MainThread",54840429431062,14957042,"S","[NULL]","[NULL]"
23055,"MainThread",54840444388104,488792,"R","[NULL]","[NULL]"
23055,"MainThread",54840444876896,165500,"Running","[NULL]","[NULL]"
23055,"MainThread",54840445042396,17375,"R+","[NULL]","[NULL]"
23055,"MainThread",54840445059771,49166,"Running","[NULL]","[NULL]"
23055,"MainThread",54840445108937,17227292,"S","[NULL]","[NULL]"
23055,"MainThread",54840462336229,133250,"R","[NULL]","[NULL]"
23055,"MainThread",54840462469479,172292,"Running","[NULL]","[NULL]"
23055,"MainThread",54840462641771,20708,"R+","[NULL]","[NULL]"
23055,"MainThread",54840462662479,68875,"Running","[NULL]","[NULL]"
23055,"MainThread",54840462731354,15475500,"S","[NULL]","[NULL]"
23055,"MainThread",54840478206854,213000,"R","[NULL]","[NULL]"
23055,"MainThread",54840478419854,645833,"Running","[NULL]","[NULL]"
23055,"MainThread",54840479065687,14906834,"S","[NULL]","[NULL]"
23055,"MainThread",54840493972521,242500,"R","[NULL]","[NULL]"
23055,"MainThread",54840494215021,2188041,"Running","[NULL]","[NULL]"
23055,"MainThread",54840496403062,13476167,"S","[NULL]","[NULL]"
23055,"MainThread",54840509879229,303417,"R","[NULL]","[NULL]"
23055,"MainThread",54840510182646,419583,"Running","[NULL]","[NULL]"
23055,"MainThread",54840510602229,36917,"R+","[NULL]","[NULL]"
23055,"MainThread",54840510639146,68208,"Running","[NULL]","[NULL]"
23055,"MainThread",54840510707354,18110042,"S","[NULL]","[NULL]"
23055,"MainThread",54840528817396,301500,"R","[NULL]","[NULL]"
23055,"MainThread",54840529118896,772833,"Running","[NULL]","[NULL]"
23055,"MainThread",54840529891729,12128042,"S","[NULL]","[NULL]"
23055,"MainThread",54840542019771,117875,"R","[NULL]","[NULL]"
23055,"MainThread",54840542137646,247875,"Running","[NULL]","[NULL]"
23055,"MainThread",54840542385521,19750,"R+","[NULL]","[NULL]"
23055,"MainThread",54840542405271,58791,"Running","[NULL]","[NULL]"
23055,"MainThread",54840542464062,19504542,"S","[NULL]","[NULL]"
23055,"MainThread",54840561968604,142250,"R","[NULL]","[NULL]"
23055,"MainThread",54840562110854,284125,"Running","[NULL]","[NULL]"
23055,"MainThread",54840562394979,24333,"R+","[NULL]","[NULL]"
23055,"MainThread",54840562419312,66042,"Running","[NULL]","[NULL]"
23055,"MainThread",54840562485354,15739333,"S","[NULL]","[NULL]"
23055,"MainThread",54840578224687,217625,"R","[NULL]","[NULL]"
23055,"MainThread",54840578442312,367625,"Running","[NULL]","[NULL]"
23055,"MainThread",54840578809937,15712084,"S","[NULL]","[NULL]"
23055,"MainThread",54840594522021,149541,"R","[NULL]","[NULL]"
23055,"MainThread",54840594671562,416542,"Running","[NULL]","[NULL]"
23055,"MainThread",54840595088104,19254417,"S","[NULL]","[NULL]"
23055,"MainThread",54840614342521,144416,"R","[NULL]","[NULL]"
23055,"MainThread",54840614486937,2158750,"Running","[NULL]","[NULL]"
23055,"MainThread",54840616645687,11459,"R","[NULL]","[NULL]"
23055,"MainThread",54840616657146,421875,"Running","[NULL]","[NULL]"
23055,"MainThread",54840617079021,11241166,"S","[NULL]","[NULL]"
23055,"MainThread",54840628320187,112417,"R","[NULL]","[NULL]"
23055,"MainThread",54840628432604,117500,"Running","[NULL]","[NULL]"
23055,"MainThread",54840628550104,7208,"R","[NULL]","[NULL]"
23055,"MainThread",54840628557312,323875,"Running","[NULL]","[NULL]"
23055,"MainThread",54840628881187,13982417,"S","[NULL]","[NULL]"
23055,"MainThread",54840642863604,154833,"R","[NULL]","[NULL]"
23055,"MainThread",54840643018437,321750,"Running","[NULL]","[NULL]"
23055,"MainThread",54840643340187,14854209,"S","[NULL]","[NULL]"
23055,"MainThread",54840658194396,48541,"R","[NULL]","[NULL]"
23055,"MainThread",54840658242937,221667,"Running","[NULL]","[NULL]"
23055,"MainThread",54840658464604,39208,"R+","[NULL]","[NULL]"
23055,"MainThread",54840658503812,66542,"Running","[NULL]","[NULL]"
23055,"MainThread",54840658570354,18753958,"S","[NULL]","[NULL]"
23055,"MainThread",54840677324312,22959,"R","[NULL]","[NULL]"
23055,"MainThread",54840677347271,114666,"Running","[NULL]","[NULL]"
23055,"MainThread",54840677461937,23292,"R+","[NULL]","[NULL]"
23055,"MainThread",54840677485229,34250,"Running","[NULL]","[NULL]"
23055,"MainThread",54840677519479,13615542,"S","[NULL]","[NULL]"
23055,"MainThread",54840691135021,23291,"R","[NULL]","[NULL]"
23055,"MainThread",54840691158312,83917,"Running","[NULL]","[NULL]"
23055,"MainThread",54840691242229,11167,"R+","[NULL]","[NULL]"
23055,"MainThread",54840691253396,20666,"Running","[NULL]","[NULL]"
23055,"MainThread",54840691274062,18501000,"S","[NULL]","[NULL]"
23055,"MainThread",54840709775062,138750,"R","[NULL]","[NULL]"
23055,"MainThread",54840709913812,147709,"Running","[NULL]","[NULL]"
23055,"MainThread",54840710061521,18333,"R+","[NULL]","[NULL]"
23055,"MainThread",54840710079854,28333,"Running","[NULL]","[NULL]"
23055,"MainThread",54840710108187,21677000,"S","[NULL]","[NULL]"
23055,"MainThread",54840731785187,143292,"R","[NULL]","[NULL]"
23055,"MainThread",54840731928479,258708,"Running","[NULL]","[NULL]"
23055,"MainThread",54840732187187,9260084,"S","[NULL]","[NULL]"
23055,"MainThread",54840741447271,128791,"R","[NULL]","[NULL]"
23055,"MainThread",54840741576062,142667,"Running","[NULL]","[NULL]"
23055,"MainThread",54840741718729,16567250,"S","[NULL]","[NULL]"
23055,"MainThread",54840758285979,248958,"R","[NULL]","[NULL]"
23055,"MainThread",54840758534937,185750,"Running","[NULL]","[NULL]"
23055,"MainThread",54840758720687,16339750,"S","[NULL]","[NULL]"
23055,"MainThread",54840775060437,168167,"R","[NULL]","[NULL]"
23055,"MainThread",54840775228604,144167,"Running","[NULL]","[NULL]"
23055,"MainThread",54840775372771,19835416,"S","[NULL]","[NULL]"
23055,"MainThread",54840795208187,184459,"R","[NULL]","[NULL]"
23055,"MainThread",54840795392646,326041,"Running","[NULL]","[NULL]"
23055,"MainThread",54840795718687,14043126,"S","[NULL]","[NULL]"
23055,"MainThread",54840809761813,38750,"R","[NULL]","[NULL]"
23055,"MainThread",54840809800563,113791,"Running","[NULL]","[NULL]"
23055,"MainThread",54840809914354,43334,"R+","[NULL]","[NULL]"
23055,"MainThread",54840809957688,58416,"Running","[NULL]","[NULL]"
23055,"MainThread",54840810016104,14949250,"S","[NULL]","[NULL]"
23055,"MainThread",54840824965354,334125,"R","[NULL]","[NULL]"
23055,"MainThread",54840825299479,277917,"Running","[NULL]","[NULL]"
23055,"MainThread",54840825577396,18859000,"S","[NULL]","[NULL]"
23055,"MainThread",54840844436396,136958,"R","[NULL]","[NULL]"
23055,"MainThread",54840844573354,512542,"Running","[NULL]","[NULL]"
23055,"MainThread",54840845085896,13921792,"S","[NULL]","[NULL]"
23055,"MainThread",54840859007688,238291,"R","[NULL]","[NULL]"
23055,"MainThread",54840859245979,204625,"Running","[NULL]","[NULL]"
23055,"MainThread",54840859450604,25167,"R+","[NULL]","[NULL]"
23055,"MainThread",54840859475771,47542,"Running","[NULL]","[NULL]"
23055,"MainThread",54840859523313,17736375,"S","[NULL]","[NULL]"
23055,"MainThread",54840877259688,112208,"R","[NULL]","[NULL]"
23055,"MainThread",54840877371896,430542,"Running","[NULL]","[NULL]"
23055,"MainThread",54840877802438,26833,"R+","[NULL]","[NULL]"
23055,"MainThread",54840877829271,106917,"Running","[NULL]","[NULL]"
23055,"MainThread",54840877936188,13495875,"S","[NULL]","[NULL]"
23055,"MainThread",54840891432063,271000,"R","[NULL]","[NULL]"
23055,"MainThread",54840891703063,1110875,"Running","[NULL]","[NULL]"
23055,"MainThread",54840892813938,4458,"R+","[NULL]","[NULL]"
23055,"MainThread",54840892818396,77042,"Running","[NULL]","[NULL]"
23055,"MainThread",54840892895438,15668583,"S","[NULL]","[NULL]"
23055,"MainThread",54840908564021,210042,"R","[NULL]","[NULL]"
23055,"MainThread",54840908774063,540333,"Running","[NULL]","[NULL]"
23055,"MainThread",54840909314396,19889875,"S","[NULL]","[NULL]"
23055,"MainThread",54840929204271,135958,"R","[NULL]","[NULL]"
23055,"MainThread",54840929340229,487667,"Running","[NULL]","[NULL]"
23055,"MainThread",54840929827896,18056083,"S","[NULL]","[NULL]"
23055,"MainThread",54840947883979,603084,"R","[NULL]","[NULL]"
23055,"MainThread",54840948487063,325000,"Running","[NULL]","[NULL]"
23055,"MainThread",54840948812063,679208,"R+","[NULL]","[NULL]"
23055,"MainThread",54840949491271,147500,"Running","[NULL]","[NULL]"
23055,"MainThread",54840949638771,8780875,"S","[NULL]","[NULL]"
23055,"MainThread",54840958419646,196542,"R","[NULL]","[NULL]"
23055,"MainThread",54840958616188,540166,"Running","[NULL]","[NULL]"
23055,"MainThread",54840959156354,21652167,"S","[NULL]","[NULL]"
23055,"MainThread",54840980808521,67708,"R","[NULL]","[NULL]"
23055,"MainThread",54840980876229,630334,"Running","[NULL]","[NULL]"
23055,"MainThread",54840981506563,97833,"R+","[NULL]","[NULL]"
23055,"MainThread",54840981604396,82583,"Running","[NULL]","[NULL]"
23055,"MainThread",54840981686979,10044000,"S","[NULL]","[NULL]"
23055,"MainThread",54840991730979,220375,"R","[NULL]","[NULL]"
23055,"MainThread",54840991951354,463417,"Running","[NULL]","[NULL]"
23055,"MainThread",54840992414771,29375,"R+","[NULL]","[NULL]"
23055,"MainThread",54840992444146,68667,"Running","[NULL]","[NULL]"
23055,"MainThread",54840992512813,19113083,"S","[NULL]","[NULL]"
23055,"MainThread",54841011625896,134292,"R","[NULL]","[NULL]"
23055,"MainThread",54841011760188,803291,"Running","[NULL]","[NULL]"
23055,"MainThread",54841012563479,16546042,"S","[NULL]","[NULL]"
23055,"MainThread",54841029109521,116125,"R","[NULL]","[NULL]"
23055,"MainThread",54841029225646,490500,"Running","[NULL]","[NULL]"
23055,"MainThread",54841029716146,11936375,"S","[NULL]","[NULL]"
23055,"MainThread",54841041652521,534750,"R","[NULL]","[NULL]"
23055,"MainThread",54841042187271,270083,"Running","[NULL]","[NULL]"
23055,"MainThread",54841042457354,15661625,"S","[NULL]","[NULL]"
23055,"MainThread",54841058118979,117459,"R","[NULL]","[NULL]"
23055,"MainThread",54841058236438,602875,"Running","[NULL]","[NULL]"
23055,"MainThread",54841058839313,21320500,"S","[NULL]","[NULL]"
23055,"MainThread",54841080159813,72791,"R","[NULL]","[NULL]"
23055,"MainThread",54841080232604,437500,"Running","[NULL]","[NULL]"
23055,"MainThread",54841080670104,13057375,"S","[NULL]","[NULL]"
23055,"MainThread",54841093727479,404625,"R","[NULL]","[NULL]"
23055,"MainThread",54841094132104,244917,"Running","[NULL]","[NULL]"
23055,"MainThread",54841094377021,21417,"R+","[NULL]","[NULL]"
23055,"MainThread",54841094398438,58375,"Running","[NULL]","[NULL]"
23055,"MainThread",54841094456813,14443833,"S","[NULL]","[NULL]"
23055,"MainThread",54841108900646,284125,"R","[NULL]","[NULL]"
23055,"MainThread",54841109184771,334583,"Running","[NULL]","[NULL]"
23055,"MainThread",54841109519354,27042,"R+","[NULL]","[NULL]"
23055,"MainThread",54841109546396,67833,"Running","[NULL]","[NULL]"
23055,"MainThread",54841109614229,22569000,"S","[NULL]","[NULL]"
23055,"MainThread",54841132183229,175042,"R","[NULL]","[NULL]"
23055,"MainThread",54841132358271,244417,"Running","[NULL]","[NULL]"
23055,"MainThread",54841132602688,22583,"R+","[NULL]","[NULL]"
23055,"MainThread",54841132625271,46833,"Running","[NULL]","[NULL]"
23055,"MainThread",54841132672104,9913250,"S","[NULL]","[NULL]"
23055,"MainThread",54841142585354,304417,"R","[NULL]","[NULL]"
23055,"MainThread",54841142889771,99250,"Running","[NULL]","[NULL]"
23055,"MainThread",54841142989021,22667,"R+","[NULL]","[NULL]"
23055,"MainThread",54841143011688,37625,"Running","[NULL]","[NULL]"
23055,"MainThread",54841143049313,21479041,"S","[NULL]","[NULL]"
23055,"MainThread",54841164528354,1342459,"R","[NULL]","[NULL]"
23055,"MainThread",54841165870813,935458,"Running","[NULL]","[NULL]"
23055,"MainThread",54841166806271,416625,"R","[NULL]","[NULL]"
23055,"MainThread",54841167222896,357667,"Running","[NULL]","[NULL]"
23055,"MainThread",54841167580563,9843541,"S","[NULL]","[NULL]"
23055,"MainThread",54841177424104,376292,"R","[NULL]","[NULL]"
23055,"MainThread",54841177800396,394250,"Running","[NULL]","[NULL]"
23055,"MainThread",54841178194646,52583,"R+","[NULL]","[NULL]"
23055,"MainThread",54841178247229,103417,"Running","[NULL]","[NULL]"
23055,"MainThread",54841178350646,25786792,"S","[NULL]","[NULL]"
23055,"MainThread",54841204137438,1695000,"R","[NULL]","[NULL]"
23055,"MainThread",54841205832438,606625,"Running","[NULL]","[NULL]"
23055,"MainThread",54841206439063,50166,"R+","[NULL]","[NULL]"
23055,"MainThread",54841206489229,204542,"Running","[NULL]","[NULL]"
23055,"MainThread",54841206693771,2083417,"S","[NULL]","[NULL]"
23055,"MainThread",54841208777188,120416,"R","[NULL]","[NULL]"
23055,"MainThread",54841208897604,190417,"Running","[NULL]","[NULL]"
23055,"MainThread",54841209088021,24000,"R+","[NULL]","[NULL]"
23055,"MainThread",54841209112021,35167,"Running","[NULL]","[NULL]"
23055,"MainThread",54841209147188,20795375,"S","[NULL]","[NULL]"
23055,"MainThread",54841229942563,122208,"R","[NULL]","[NULL]"
23055,"MainThread",54841230064771,336625,"Running","[NULL]","[NULL]"
23055,"MainThread",54841230401396,14919042,"S","[NULL]","[NULL]"
23055,"MainThread",54841245320438,660750,"R","[NULL]","[NULL]"
23055,"MainThread",54841245981188,665000,"Running","[NULL]","[NULL]"
23055,"MainThread",54841246646188,14964166,"S","[NULL]","[NULL]"
23055,"MainThread",54841261610354,151834,"R","[NULL]","[NULL]"
23055,"MainThread",54841261762188,722666,"Running","[NULL]","[NULL]"
23055,"MainThread",54841262484854,14826292,"S","[NULL]","[NULL]"
23055,"MainThread",54841277311146,121500,"R","[NULL]","[NULL]"
23055,"MainThread",54841277432646,709042,"Running","[NULL]","[NULL]"
23055,"MainThread",54841278141688,14127625,"S","[NULL]","[NULL]"
23055,"MainThread",54841292269313,43791,"R","[NULL]","[NULL]"
23055,"MainThread",54841292313104,256709,"Running","[NULL]","[NULL]"
23055,"MainThread",54841292569813,19125,"R+","[NULL]","[NULL]"
23055,"MainThread",54841292588938,46166,"Running","[NULL]","[NULL]"
23055,"MainThread",54841292635104,15846584,"S","[NULL]","[NULL]"
23055,"MainThread",54841308481688,108500,"R","[NULL]","[NULL]"
23055,"MainThread",54841308590188,121583,"Running","[NULL]","[NULL]"
23055,"MainThread",54841308711771,150000,"R+","[NULL]","[NULL]"
23055,"MainThread",54841308861771,204875,"Running","[NULL]","[NULL]"
23055,"MainThread",54841309066646,20417,"R+","[NULL]","[NULL]"
23055,"MainThread",54841309087063,55125,"Running","[NULL]","[NULL]"
23055,"MainThread",54841309142188,20227500,"S","[NULL]","[NULL]"
23055,"MainThread",54841329369688,276416,"R","[NULL]","[NULL]"
23055,"MainThread",54841329646104,294084,"Running","[NULL]","[NULL]"
23055,"MainThread",54841329940188,26458,"R+","[NULL]","[NULL]"
23055,"MainThread",54841329966646,53917,"Running","[NULL]","[NULL]"
23055,"MainThread",54841330020563,13862625,"S","[NULL]","[NULL]"
23055,"MainThread",54841343883188,24416,"R","[NULL]","[NULL]"
23055,"MainThread",54841343907604,59417,"Running","[NULL]","[NULL]"
23055,"MainThread",54841343967021,239333,"R","[NULL]","[NULL]"
23055,"MainThread",54841344206354,196834,"Running","[NULL]","[NULL]"
23055,"MainThread",54841344403188,16659833,"S","[NULL]","[NULL]"
23055,"MainThread",54841361063021,151083,"R","[NULL]","[NULL]"
23055,"MainThread",54841361214104,398084,"Running","[NULL]","[NULL]"
23055,"MainThread",54841361612188,21244416,"S","[NULL]","[NULL]"
23055,"MainThread",54841382856604,515209,"R","[NULL]","[NULL]"
23055,"MainThread",54841383371813,426125,"Running","[NULL]","[NULL]"
23055,"MainThread",54841383797938,27208,"R+","[NULL]","[NULL]"
23055,"MainThread",54841383825146,61292,"Running","[NULL]","[NULL]"
23055,"MainThread",54841383886438,12526791,"S","[NULL]","[NULL]"
23055,"MainThread",54841396413229,673709,"R","[NULL]","[NULL]"
23055,"MainThread",54841397086938,614041,"Running","[NULL]","[NULL]"
23055,"MainThread",54841397700979,11364209,"S","[NULL]","[NULL]"
23055,"MainThread",54841409065188,134791,"R","[NULL]","[NULL]"
23055,"MainThread",54841409199979,954750,"Running","[NULL]","[NULL]"
23055,"MainThread",54841410154729,15118834,"S","[NULL]","[NULL]"
23055,"MainThread",54841425273563,253000,"R","[NULL]","[NULL]"
23055,"MainThread",54841425526563,291916,"Running","[NULL]","[NULL]"
23055,"MainThread",54841425818479,23375,"R+","[NULL]","[NULL]"
23055,"MainThread",54841425841854,70084,"Running","[NULL]","[NULL]"
23055,"MainThread",54841425911938,20903541,"S","[NULL]","[NULL]"
23055,"MainThread",54841446815479,104500,"R","[NULL]","[NULL]"
23055,"MainThread",54841446919979,981417,"Running","[NULL]","[NULL]"
23055,"MainThread",54841447901396,10407083,"S","[NULL]","[NULL]"
23055,"MainThread",54841458308479,211667,"R","[NULL]","[NULL]"
23055,"MainThread",54841458520146,282333,"Running","[NULL]","[NULL]"
23055,"MainThread",54841458802479,30834,"R+","[NULL]","[NULL]"
23055,"MainThread",54841458833313,64041,"Running","[NULL]","[NULL]"
23055,"MainThread",54841458897354,23659125,"S","[NULL]","[NULL]"
23055,"MainThread",54841482556479,407459,"R","[NULL]","[NULL]"
23055,"MainThread",54841482963938,572125,"Running","[NULL]","[NULL]"
23055,"MainThread",54841483536063,50250,"R+","[NULL]","[NULL]"
23055,"MainThread",54841483586313,98916,"Running","[NULL]","[NULL]"
23055,"MainThread",54841483685229,7954709,"S","[NULL]","[NULL]"
23055,"MainThread",54841491639938,134875,"R","[NULL]","[NULL]"
23055,"MainThread",54841491774813,523916,"Running","[NULL]","[NULL]"
23055,"MainThread",54841492298729,15836792,"S","[NULL]","[NULL]"
23055,"MainThread",54841508135521,91667,"R","[NULL]","[NULL]"
23055,"MainThread",54841508227188,404417,"Running","[NULL]","[NULL]"
23055,"MainThread",54841508631605,19619375,"S","[NULL]","[NULL]"
23055,"MainThread",54841528250980,177166,"R","[NULL]","[NULL]"
23055,"MainThread",54841528428146,289375,"Running","[NULL]","[NULL]"
23055,"MainThread",54841528717521,14711167,"S","[NULL]","[NULL]"
23055,"MainThread",54841543428688,152208,"R","[NULL]","[NULL]"
23055,"MainThread",54841543580896,280375,"Running","[NULL]","[NULL]"
23055,"MainThread",54841543861271,14158625,"S","[NULL]","[NULL]"
23055,"MainThread",54841558019896,244834,"R","[NULL]","[NULL]"
23055,"MainThread",54841558264730,531458,"Running","[NULL]","[NULL]"
23055,"MainThread",54841558796188,16099292,"S","[NULL]","[NULL]"
23055,"MainThread",54841574895480,341125,"R","[NULL]","[NULL]"
23055,"MainThread",54841575236605,415666,"Running","[NULL]","[NULL]"
23055,"MainThread",54841575652271,15761500,"S","[NULL]","[NULL]"
23055,"MainThread",54841591413771,127875,"R","[NULL]","[NULL]"
23055,"MainThread",54841591541646,174667,"Running","[NULL]","[NULL]"
23055,"MainThread",54841591716313,17680292,"S","[NULL]","[NULL]"
23055,"MainThread",54841609396605,86500,"R","[NULL]","[NULL]"
23055,"MainThread",54841609483105,146166,"Running","[NULL]","[NULL]"
23055,"MainThread",54841609629271,20275584,"S","[NULL]","[NULL]"
23055,"MainThread",54841629904855,157000,"R","[NULL]","[NULL]"
23055,"MainThread",54841630061855,244041,"Running","[NULL]","[NULL]"
23055,"MainThread",54841630305896,181167,"R","[NULL]","[NULL]"
23055,"MainThread",54841630487063,325750,"Running","[NULL]","[NULL]"
23055,"MainThread",54841630812813,188292,"R+","[NULL]","[NULL]"
23055,"MainThread",54841631001105,74791,"Running","[NULL]","[NULL]"
23055,"MainThread",54841631075896,12677292,"S","[NULL]","[NULL]"
23055,"MainThread",54841643753188,45500,"R","[NULL]","[NULL]"
23055,"MainThread",54841643798688,515833,"Running","[NULL]","[NULL]"
23055,"MainThread",54841644314521,21013334,"S","[NULL]","[NULL]"
23055,"MainThread",54841665327855,272583,"R","[NULL]","[NULL]"
23055,"MainThread",54841665600438,382250,"Running","[NULL]","[NULL]"
23055,"MainThread",54841665982688,11629875,"S","[NULL]","[NULL]"
23055,"MainThread",54841677612563,231792,"R","[NULL]","[NULL]"
23055,"MainThread",54841677844355,379875,"Running","[NULL]","[NULL]"
23055,"MainThread",54841678224230,15804916,"S","[NULL]","[NULL]"
23055,"MainThread",54841694029146,200209,"R","[NULL]","[NULL]"
23055,"MainThread",54841694229355,1245625,"Running","[NULL]","[NULL]"
23055,"MainThread",54841695474980,13126541,"S","[NULL]","[NULL]"
23055,"MainThread",54841708601521,96959,"R","[NULL]","[NULL]"
23055,"MainThread",54841708698480,210500,"Running","[NULL]","[NULL]"
23055,"MainThread",54841708908980,221041,"R","[NULL]","[NULL]"
23055,"MainThread",54841709130021,438334,"Running","[NULL]","[NULL]"
23055,"MainThread",54841709568355,52791,"R+","[NULL]","[NULL]"
23055,"MainThread",54841709621146,93792,"Running","[NULL]","[NULL]"
23055,"MainThread",54841709714938,25047667,"S","[NULL]","[NULL]"
23055,"MainThread",54841734762605,329750,"R","[NULL]","[NULL]"
23055,"MainThread",54841735092355,339916,"Running","[NULL]","[NULL]"
23055,"MainThread",54841735432271,26542,"R+","[NULL]","[NULL]"
23055,"MainThread",54841735458813,67042,"Running","[NULL]","[NULL]"
23055,"MainThread",54841735525855,10790125,"S","[NULL]","[NULL]"
23055,"MainThread",54841746315980,239000,"R","[NULL]","[NULL]"
23055,"MainThread",54841746554980,5374666,"Running","[NULL]","[NULL]"
23055,"MainThread",54841751929646,7667,"R","[NULL]","[NULL]"
23055,"MainThread",54841751937313,51667,"Running","[NULL]","[NULL]"
23055,"MainThread",54841751988980,6128666,"S","[NULL]","[NULL]"
23055,"MainThread",54841758117646,125834,"R","[NULL]","[NULL]"
23055,"MainThread",54841758243480,422500,"Running","[NULL]","[NULL]"
23055,"MainThread",54841758665980,56916,"R+","[NULL]","[NULL]"
23055,"MainThread",54841758722896,70042,"Running","[NULL]","[NULL]"
23055,"MainThread",54841758792938,18413292,"S","[NULL]","[NULL]"
23055,"MainThread",54841777206230,528125,"R","[NULL]","[NULL]"
23055,"MainThread",54841777734355,458666,"Running","[NULL]","[NULL]"
23055,"MainThread",54841778193021,34375,"R+","[NULL]","[NULL]"
23055,"MainThread",54841778227396,86292,"Running","[NULL]","[NULL]"
23055,"MainThread",54841778313688,19532333,"S","[NULL]","[NULL]"
23055,"MainThread",54841797846021,809542,"R","[NULL]","[NULL]"
23055,"MainThread",54841798655563,606083,"Running","[NULL]","[NULL]"
23055,"MainThread",54841799261646,51209,"R+","[NULL]","[NULL]"
23055,"MainThread",54841799312855,113083,"Running","[NULL]","[NULL]"
23055,"MainThread",54841799425938,12347958,"S","[NULL]","[NULL]"
23055,"MainThread",54841811773896,210292,"R","[NULL]","[NULL]"
23055,"MainThread",54841811984188,676500,"Running","[NULL]","[NULL]"
23055,"MainThread",54841812660688,38167,"R+","[NULL]","[NULL]"
23055,"MainThread",54841812698855,63916,"Running","[NULL]","[NULL]"
23055,"MainThread",54841812762771,17184167,"S","[NULL]","[NULL]"
23055,"MainThread",54841829946938,178167,"R","[NULL]","[NULL]"
23055,"MainThread",54841830125105,299916,"Running","[NULL]","[NULL]"
23055,"MainThread",54841830425021,13719667,"S","[NULL]","[NULL]"
23055,"MainThread",54841844144688,224667,"R","[NULL]","[NULL]"
23055,"MainThread",54841844369355,545000,"Running","[NULL]","[NULL]"
23055,"MainThread",54841844914355,13589458,"S","[NULL]","[NULL]"
23055,"MainThread",54841858503813,141000,"R","[NULL]","[NULL]"
23055,"MainThread",54841858644813,449875,"Running","[NULL]","[NULL]"
23055,"MainThread",54841859094688,20383583,"S","[NULL]","[NULL]"
23055,"MainThread",54841879478271,113584,"R","[NULL]","[NULL]"
23055,"MainThread",54841879591855,958708,"Running","[NULL]","[NULL]"
23055,"MainThread",54841880550563,10613667,"S","[NULL]","[NULL]"
23055,"MainThread",54841891164230,97458,"R","[NULL]","[NULL]"
23055,"MainThread",54841891261688,105250,"Running","[NULL]","[NULL]"
23055,"MainThread",54841891366938,20375,"R+","[NULL]","[NULL]"
23055,"MainThread",54841891387313,34333,"Running","[NULL]","[NULL]"
23055,"MainThread",54841891421646,17303667,"S","[NULL]","[NULL]"
23055,"MainThread",54841908725313,126042,"R","[NULL]","[NULL]"
23055,"MainThread",54841908851355,128958,"Running","[NULL]","[NULL]"
23055,"MainThread",54841908980313,12833,"R+","[NULL]","[NULL]"
23055,"MainThread",54841908993146,33042,"Running","[NULL]","[NULL]"
23055,"MainThread",54841909026188,15478792,"S","[NULL]","[NULL]"
23055,"MainThread",54841924504980,74375,"R","[NULL]","[NULL]"
23055,"MainThread",54841924579355,70833,"Running","[NULL]","[NULL]"
23055,"MainThread",54841924650188,9875,"R+","[NULL]","[NULL]"
23055,"MainThread",54841924660063,17125,"Running","[NULL]","[NULL]"
23055,"MainThread",54841924677188,16550750,"S","[NULL]","[NULL]"
23055,"MainThread",54841941227938,74500,"R","[NULL]","[NULL]"
23055,"MainThread",54841941302438,116083,"Running","[NULL]","[NULL]"
23055,"MainThread",54841941418521,11542,"R+","[NULL]","[NULL]"
23055,"MainThread",54841941430063,17458,"Running","[NULL]","[NULL]"
23055,"MainThread",54841941447521,16813750,"S","[NULL]","[NULL]"
23055,"MainThread",54841958261271,264167,"R","[NULL]","[NULL]"
23055,"MainThread",54841958525438,115458,"Running","[NULL]","[NULL]"
23055,"MainThread",54841958640896,18159084,"S","[NULL]","[NULL]"
23055,"MainThread",54841976799980,182916,"R","[NULL]","[NULL]"
23055,"MainThread",54841976982896,496959,"Running","[NULL]","[NULL]"
23055,"MainThread",54841977479855,43166,"R+","[NULL]","[NULL]"
23055,"MainThread",54841977523021,272625,"Running","[NULL]","[NULL]"
23055,"MainThread",54841977795646,20037167,"S","[NULL]","[NULL]"
23055,"MainThread",54841997832813,130083,"R","[NULL]","[NULL]"
23055,"MainThread",54841997962896,282000,"Running","[NULL]","[NULL]"
23055,"MainThread",54841998244896,33125,"R+","[NULL]","[NULL]"
23055,"MainThread",54841998278021,50542,"Running","[NULL]","[NULL]"
23055,"MainThread",54841998328563,12775625,"S","[NULL]","[NULL]"
23055,"MainThread",54842011104188,236417,"R","[NULL]","[NULL]"
23055,"MainThread",54842011340605,225208,"Running","[NULL]","[NULL]"
23055,"MainThread",54842011565813,181500,"R+","[NULL]","[NULL]"
23055,"MainThread",54842011747313,72375,"Running","[NULL]","[NULL]"
23055,"MainThread",54842011819688,17431667,"S","[NULL]","[NULL]"
23055,"MainThread",54842029251355,257291,"R","[NULL]","[NULL]"
23055,"MainThread",54842029508646,344042,"Running","[NULL]","[NULL]"
23055,"MainThread",54842029852688,36125,"R+","[NULL]","[NULL]"
23055,"MainThread",54842029888813,66708,"Running","[NULL]","[NULL]"
23055,"MainThread",54842029955521,14234000,"S","[NULL]","[NULL]"
23055,"MainThread",54842044189521,240500,"R","[NULL]","[NULL]"
23055,"MainThread",54842044430021,195584,"Running","[NULL]","[NULL]"
23055,"MainThread",54842044625605,17041,"R+","[NULL]","[NULL]"
23055,"MainThread",54842044642646,36417,"Running","[NULL]","[NULL]"
23055,"MainThread",54842044679063,21379000,"S","[NULL]","[NULL]"
23055,"MainThread",54842066058063,394500,"R","[NULL]","[NULL]"
23055,"MainThread",54842066452563,464458,"Running","[NULL]","[NULL]"
23055,"MainThread",54842066917021,47625,"R+","[NULL]","[NULL]"
23055,"MainThread",54842066964646,95459,"Running","[NULL]","[NULL]"
23055,"MainThread",54842067060105,8810083,"S","[NULL]","[NULL]"
23055,"MainThread",54842075870188,309250,"R","[NULL]","[NULL]"
23055,"MainThread",54842076179438,329083,"Running","[NULL]","[NULL]"
23055,"MainThread",54842076508521,45709,"R+","[NULL]","[NULL]"
23055,"MainThread",54842076554230,236291,"Running","[NULL]","[NULL]"
23055,"MainThread",54842076790521,19736875,"S","[NULL]","[NULL]"
23055,"MainThread",54842096527396,85625,"R","[NULL]","[NULL]"
23055,"MainThread",54842096613021,497084,"Running","[NULL]","[NULL]"
23055,"MainThread",54842097110105,13818458,"S","[NULL]","[NULL]"
23055,"MainThread",54842110928563,198750,"R","[NULL]","[NULL]"
23055,"MainThread",54842111127313,580625,"Running","[NULL]","[NULL]"
23055,"MainThread",54842111707938,17172000,"S","[NULL]","[NULL]"
23055,"MainThread",54842128879938,201625,"R","[NULL]","[NULL]"
23055,"MainThread",54842129081563,818667,"Running","[NULL]","[NULL]"
23055,"MainThread",54842129900230,16701375,"S","[NULL]","[NULL]"
23055,"MainThread",54842146601605,132875,"R","[NULL]","[NULL]"
23055,"MainThread",54842146734480,566041,"Running","[NULL]","[NULL]"
23055,"MainThread",54842147300521,11067417,"S","[NULL]","[NULL]"
23055,"MainThread",54842158367938,140000,"R","[NULL]","[NULL]"
23055,"MainThread",54842158507938,138292,"Running","[NULL]","[NULL]"
23055,"MainThread",54842158646230,19441000,"S","[NULL]","[NULL]"
23055,"MainThread",54842178087230,138500,"R","[NULL]","[NULL]"
23055,"MainThread",54842178225730,648458,"Running","[NULL]","[NULL]"
23055,"MainThread",54842178874188,41625,"R+","[NULL]","[NULL]"
23055,"MainThread",54842178915813,108042,"Running","[NULL]","[NULL]"
23055,"MainThread",54842179023855,18298833,"S","[NULL]","[NULL]"
23055,"MainThread",54842197322688,536333,"R","[NULL]","[NULL]"
23055,"MainThread",54842197859021,995792,"Running","[NULL]","[NULL]"
23055,"MainThread",54842198854813,9632917,"S","[NULL]","[NULL]"
23055,"MainThread",54842208487730,141333,"R","[NULL]","[NULL]"
23055,"MainThread",54842208629063,415875,"Running","[NULL]","[NULL]"
23055,"MainThread",54842209044938,16335500,"S","[NULL]","[NULL]"
23055,"MainThread",54842225380438,884500,"R","[NULL]","[NULL]"
23055,"MainThread",54842226264938,3154917,"Running","[NULL]","[NULL]"
23055,"MainThread",54842229419855,12067208,"S","[NULL]","[NULL]"
23055,"MainThread",54842241487063,143667,"R","[NULL]","[NULL]"
23055,"MainThread",54842241630730,540708,"Running","[NULL]","[NULL]"
23055,"MainThread",54842242171438,18996584,"S","[NULL]","[NULL]"
23055,"MainThread",54842261168022,199916,"R","[NULL]","[NULL]"
23055,"MainThread",54842261367938,465709,"Running","[NULL]","[NULL]"
23055,"MainThread",54842261833647,15152166,"S","[NULL]","[NULL]"
23055,"MainThread",54842276985813,326834,"R","[NULL]","[NULL]"
23055,"MainThread",54842277312647,361083,"Running","[NULL]","[NULL]"
23055,"MainThread",54842277673730,29500,"R+","[NULL]","[NULL]"
23055,"MainThread",54842277703230,62500,"Running","[NULL]","[NULL]"
23055,"MainThread",54842277765730,15347708,"S","[NULL]","[NULL]"
23055,"MainThread",54842293113438,132375,"R","[NULL]","[NULL]"
23055,"MainThread",54842293245813,227000,"Running","[NULL]","[NULL]"
23055,"MainThread",54842293472813,539459,"R","[NULL]","[NULL]"
23055,"MainThread",54842294012272,175166,"Running","[NULL]","[NULL]"
23055,"MainThread",54842294187438,6375,"R","[NULL]","[NULL]"
23055,"MainThread",54842294193813,208584,"Running","[NULL]","[NULL]"
23055,"MainThread",54842294402397,32833,"R+","[NULL]","[NULL]"
23055,"MainThread",54842294435230,64958,"Running","[NULL]","[NULL]"
23055,"MainThread",54842294500188,14086542,"S","[NULL]","[NULL]"
23055,"MainThread",54842308586730,116500,"R","[NULL]","[NULL]"
23055,"MainThread",54842308703230,326792,"Running","[NULL]","[NULL]"
23055,"MainThread",54842309030022,32833,"R+","[NULL]","[NULL]"
23055,"MainThread",54842309062855,50167,"Running","[NULL]","[NULL]"
23055,"MainThread",54842309113022,23756500,"S","[NULL]","[NULL]"
23055,"MainThread",54842332869522,297583,"R","[NULL]","[NULL]"
23055,"MainThread",54842333167105,696833,"Running","[NULL]","[NULL]"
23055,"MainThread",54842333863938,7922375,"S","[NULL]","[NULL]"
23055,"MainThread",54842341786313,179042,"R","[NULL]","[NULL]"
23055,"MainThread",54842341965355,203083,"Running","[NULL]","[NULL]"
23055,"MainThread",54842342168438,16001167,"S","[NULL]","[NULL]"
23055,"MainThread",54842358169605,135917,"R","[NULL]","[NULL]"
23055,"MainThread",54842358305522,441250,"Running","[NULL]","[NULL]"
23055,"MainThread",54842358746772,17741708,"S","[NULL]","[NULL]"
23055,"MainThread",54842376488480,83583,"R","[NULL]","[NULL]"
23055,"MainThread",54842376572063,97125,"Running","[NULL]","[NULL]"
23055,"MainThread",54842376669188,18021500,"S","[NULL]","[NULL]"
23055,"MainThread",54842394690688,231542,"R","[NULL]","[NULL]"
23055,"MainThread",54842394922230,604083,"Running","[NULL]","[NULL]"
23055,"MainThread",54842395526313,14148625,"S","[NULL]","[NULL]"
23055,"MainThread",54842409674938,119292,"R","[NULL]","[NULL]"
23055,"MainThread",54842409794230,567292,"Running","[NULL]","[NULL]"
23055,"MainThread",54842410361522,30666,"R+","[NULL]","[NULL]"
23055,"MainThread",54842410392188,71834,"Running","[NULL]","[NULL]"
23055,"MainThread",54842410464022,16034250,"S","[NULL]","[NULL]"
23055,"MainThread",54842426498272,57125,"R","[NULL]","[NULL]"
23055,"MainThread",54842426555397,125208,"Running","[NULL]","[NULL]"
23055,"MainThread",54842426680605,25750,"R+","[NULL]","[NULL]"
23055,"MainThread",54842426706355,41125,"Running","[NULL]","[NULL]"
23055,"MainThread",54842426747480,15778083,"S","[NULL]","[NULL]"
23055,"MainThread",54842442525563,232542,"R","[NULL]","[NULL]"
23055,"MainThread",54842442758105,101542,"Running","[NULL]","[NULL]"
23055,"MainThread",54842442859647,47875,"R+","[NULL]","[NULL]"
23055,"MainThread",54842442907522,46041,"Running","[NULL]","[NULL]"
23055,"MainThread",54842442953563,19653542,"S","[NULL]","[NULL]"
23055,"MainThread",54842462607105,108875,"R","[NULL]","[NULL]"
23055,"MainThread",54842462715980,1187750,"Running","[NULL]","[NULL]"
23055,"MainThread",54842463903730,11972667,"S","[NULL]","[NULL]"
23055,"MainThread",54842475876397,186875,"R","[NULL]","[NULL]"
23055,"MainThread",54842476063272,293375,"Running","[NULL]","[NULL]"
23055,"MainThread",54842476356647,430416,"R+","[NULL]","[NULL]"
23055,"MainThread",54842476787063,256875,"Running","[NULL]","[NULL]"
23055,"MainThread",54842477043938,14612209,"S","[NULL]","[NULL]"
23055,"MainThread",54842491656147,181291,"R","[NULL]","[NULL]"
23055,"MainThread",54842491837438,458000,"Running","[NULL]","[NULL]"
23055,"MainThread",54842492295438,23209,"R+","[NULL]","[NULL]"
23055,"MainThread",54842492318647,82583,"Running","[NULL]","[NULL]"
23055,"MainThread",54842492401230,15833208,"S","[NULL]","[NULL]"
23055,"MainThread",54842508234438,199250,"R","[NULL]","[NULL]"
23055,"MainThread",54842508433688,469500,"Running","[NULL]","[NULL]"
23055,"MainThread",54842508903188,36709,"R+","[NULL]","[NULL]"
23055,"MainThread",54842508939897,65125,"Running","[NULL]","[NULL]"
23055,"MainThread",54842509005022,20570500,"S","[NULL]","[NULL]"
23055,"MainThread",54842529575522,203708,"R","[NULL]","[NULL]"
23055,"MainThread",54842529779230,101292,"Running","[NULL]","[NULL]"
23055,"MainThread",54842529880522,22333,"R+","[NULL]","[NULL]"
23055,"MainThread",54842529902855,37042,"Running","[NULL]","[NULL]"
23055,"MainThread",54842529939897,11990750,"S","[NULL]","[NULL]"
23055,"MainThread",54842541930647,71791,"R","[NULL]","[NULL]"
23055,"MainThread",54842542002438,134250,"Running","[NULL]","[NULL]"
23055,"MainThread",54842542136688,90292,"R","[NULL]","[NULL]"
23055,"MainThread",54842542226980,486375,"Running","[NULL]","[NULL]"
23055,"MainThread",54842542713355,44333,"R+","[NULL]","[NULL]"
23055,"MainThread",54842542757688,174959,"Running","[NULL]","[NULL]"
23055,"MainThread",54842542932647,18560041,"S","[NULL]","[NULL]"
23055,"MainThread",54842561492688,47792,"R","[NULL]","[NULL]"
23055,"MainThread",54842561540480,45375,"Running","[NULL]","[NULL]"
23055,"MainThread",54842561585855,217500,"R","[NULL]","[NULL]"
23055,"MainThread",54842561803355,390292,"Running","[NULL]","[NULL]"
23055,"MainThread",54842562193647,29541,"R+","[NULL]","[NULL]"
23055,"MainThread",54842562223188,69459,"Running","[NULL]","[NULL]"
23055,"MainThread",54842562292647,17600166,"S","[NULL]","[NULL]"
23055,"MainThread",54842579892813,154875,"R","[NULL]","[NULL]"
23055,"MainThread",54842580047688,458750,"Running","[NULL]","[NULL]"
23055,"MainThread",54842580506438,12436375,"S","[NULL]","[NULL]"
23055,"MainThread",54842592942813,265042,"R","[NULL]","[NULL]"
23055,"MainThread",54842593207855,462000,"Running","[NULL]","[NULL]"
23055,"MainThread",54842593669855,20622250,"S","[NULL]","[NULL]"
23055,"MainThread",54842614292105,239125,"R","[NULL]","[NULL]"
23055,"MainThread",54842614531230,879708,"Running","[NULL]","[NULL]"
23055,"MainThread",54842615410938,12313292,"S","[NULL]","[NULL]"
23055,"MainThread",54842627724230,182292,"R","[NULL]","[NULL]"
23055,"MainThread",54842627906522,573125,"Running","[NULL]","[NULL]"
23055,"MainThread",54842628479647,15358833,"S","[NULL]","[NULL]"
23055,"MainThread",54842643838480,264542,"R","[NULL]","[NULL]"
23055,"MainThread",54842644103022,563250,"Running","[NULL]","[NULL]"
23055,"MainThread",54842644666272,13652666,"S","[NULL]","[NULL]"
23055,"MainThread",54842658318938,195125,"R","[NULL]","[NULL]"
23055,"MainThread",54842658514063,548417,"Running","[NULL]","[NULL]"
23055,"MainThread",54842659062480,21946458,"S","[NULL]","[NULL]"
23055,"MainThread",54842681008938,524417,"R","[NULL]","[NULL]"
23055,"MainThread",54842681533355,1181833,"Running","[NULL]","[NULL]"
23055,"MainThread",54842682715188,115000,"R+","[NULL]","[NULL]"
23055,"MainThread",54842682830188,116459,"Running","[NULL]","[NULL]"
23055,"MainThread",54842682946647,10922416,"S","[NULL]","[NULL]"
23055,"MainThread",54842693869063,183334,"R","[NULL]","[NULL]"
23055,"MainThread",54842694052397,534500,"Running","[NULL]","[NULL]"
23055,"MainThread",54842694586897,15132125,"S","[NULL]","[NULL]"
23055,"MainThread",54842709719022,122208,"R","[NULL]","[NULL]"
23055,"MainThread",54842709841230,414500,"Running","[NULL]","[NULL]"
23055,"MainThread",54842710255730,27292,"R+","[NULL]","[NULL]"
23055,"MainThread",54842710283022,70000,"Running","[NULL]","[NULL]"
23055,"MainThread",54842710353022,18642250,"S","[NULL]","[NULL]"
23055,"MainThread",54842728995272,289625,"R","[NULL]","[NULL]"
23055,"MainThread",54842729284897,415791,"Running","[NULL]","[NULL]"
23055,"MainThread",54842729700688,16027334,"S","[NULL]","[NULL]"
23055,"MainThread",54842745728022,62416,"R","[NULL]","[NULL]"
23055,"MainThread",54842745790438,678959,"Running","[NULL]","[NULL]"
23055,"MainThread",54842746469397,59041,"R+","[NULL]","[NULL]"
23055,"MainThread",54842746528438,92042,"Running","[NULL]","[NULL]"
23055,"MainThread",54842746620480,12077667,"S","[NULL]","[NULL]"
23055,"MainThread",54842758698147,57166,"R","[NULL]","[NULL]"
23055,"MainThread",54842758755313,425167,"Running","[NULL]","[NULL]"
23055,"MainThread",54842759180480,36667,"R+","[NULL]","[NULL]"
23055,"MainThread",54842759217147,81375,"Running","[NULL]","[NULL]"
23055,"MainThread",54842759298522,15867583,"S","[NULL]","[NULL]"
23055,"MainThread",54842775166105,202583,"R","[NULL]","[NULL]"
23055,"MainThread",54842775368688,420959,"Running","[NULL]","[NULL]"
23055,"MainThread",54842775789647,21247083,"S","[NULL]","[NULL]"
23055,"MainThread",54842797036730,133542,"R","[NULL]","[NULL]"
23055,"MainThread",54842797170272,501666,"Running","[NULL]","[NULL]"
23055,"MainThread",54842797671938,21229125,"S","[NULL]","[NULL]"
23055,"MainThread",54842818901063,268625,"R","[NULL]","[NULL]"
23055,"MainThread",54842819169688,562250,"Running","[NULL]","[NULL]"
23055,"MainThread",54842819731938,167167,"R+","[NULL]","[NULL]"
23055,"MainThread",54842819899105,199417,"Running","[NULL]","[NULL]"
23055,"MainThread",54842820098522,4749208,"S","[NULL]","[NULL]"
23055,"MainThread",54842824847730,157542,"R","[NULL]","[NULL]"
23055,"MainThread",54842825005272,272291,"Running","[NULL]","[NULL]"
23055,"MainThread",54842825277563,23834,"R+","[NULL]","[NULL]"
23055,"MainThread",54842825301397,41000,"Running","[NULL]","[NULL]"
23055,"MainThread",54842825342397,23210000,"S","[NULL]","[NULL]"
23055,"MainThread",54842848552397,143875,"R","[NULL]","[NULL]"
23055,"MainThread",54842848696272,252541,"Running","[NULL]","[NULL]"
23055,"MainThread",54842848948813,28917,"R+","[NULL]","[NULL]"
23055,"MainThread",54842848977730,69708,"Running","[NULL]","[NULL]"
23055,"MainThread",54842849047438,11263542,"S","[NULL]","[NULL]"
23055,"MainThread",54842860310980,85583,"R","[NULL]","[NULL]"
23055,"MainThread",54842860396563,228250,"Running","[NULL]","[NULL]"
23055,"MainThread",54842860624813,18924417,"S","[NULL]","[NULL]"
23055,"MainThread",54842879549230,108667,"R","[NULL]","[NULL]"
23055,"MainThread",54842879657897,252333,"Running","[NULL]","[NULL]"
23055,"MainThread",54842879910230,12613125,"S","[NULL]","[NULL]"
23055,"MainThread",54842892523355,41625,"R","[NULL]","[NULL]"
23055,"MainThread",54842892564980,152542,"Running","[NULL]","[NULL]"
23055,"MainThread",54842892717522,15242875,"S","[NULL]","[NULL]"
23055,"MainThread",54842907960397,219250,"R","[NULL]","[NULL]"
23055,"MainThread",54842908179647,474583,"Running","[NULL]","[NULL]"
23055,"MainThread",54842908654230,55667,"R+","[NULL]","[NULL]"
23055,"MainThread",54842908709897,354958,"Running","[NULL]","[NULL]"
23055,"MainThread",54842909064855,21398042,"S","[NULL]","[NULL]"
23055,"MainThread",54842930462897,296458,"R","[NULL]","[NULL]"
23055,"MainThread",54842930759355,403625,"Running","[NULL]","[NULL]"
23055,"MainThread",54842931162980,27917,"R+","[NULL]","[NULL]"
23055,"MainThread",54842931190897,75375,"Running","[NULL]","[NULL]"
23055,"MainThread",54842931266272,12281125,"S","[NULL]","[NULL]"
23055,"MainThread",54842943547397,9189000,"R","[NULL]","[NULL]"
23055,"MainThread",54842952736397,1409417,"Running","[NULL]","[NULL]"
23055,"MainThread",54842954145814,277458,"R","[NULL]","[NULL]"
23055,"MainThread",54842954423272,418333,"Running","[NULL]","[NULL]"
23055,"MainThread",54842954841605,31209,"R+","[NULL]","[NULL]"
23055,"MainThread",54842954872814,107875,"Running","[NULL]","[NULL]"
23055,"MainThread",54842954980689,3268750,"S","[NULL]","[NULL]"
23055,"MainThread",54842958249439,82541,"R","[NULL]","[NULL]"
23055,"MainThread",54842958331980,89417,"Running","[NULL]","[NULL]"
23055,"MainThread",54842958421397,19875,"R+","[NULL]","[NULL]"
23055,"MainThread",54842958441272,32583,"Running","[NULL]","[NULL]"
23055,"MainThread",54842958473855,17376334,"S","[NULL]","[NULL]"
23055,"MainThread",54842975850189,244250,"R","[NULL]","[NULL]"
23055,"MainThread",54842976094439,147791,"Running","[NULL]","[NULL]"
23055,"MainThread",54842976242230,9875,"R+","[NULL]","[NULL]"
23055,"MainThread",54842976252105,28917,"Running","[NULL]","[NULL]"
23055,"MainThread",54842976281022,17079417,"S","[NULL]","[NULL]"
23055,"MainThread",54842993360439,183541,"R","[NULL]","[NULL]"
23055,"MainThread",54842993543980,218834,"Running","[NULL]","[NULL]"
23055,"MainThread",54842993762814,21041,"R+","[NULL]","[NULL]"
23055,"MainThread",54842993783855,51292,"Running","[NULL]","[NULL]"
23055,"MainThread",54842993835147,16225125,"S","[NULL]","[NULL]"
23055,"MainThread",54843010060272,146625,"R","[NULL]","[NULL]"
23055,"MainThread",54843010206897,299417,"Running","[NULL]","[NULL]"
23055,"MainThread",54843010506314,17375833,"S","[NULL]","[NULL]"
23055,"MainThread",54843027882147,406917,"R","[NULL]","[NULL]"
23055,"MainThread",54843028289064,421791,"Running","[NULL]","[NULL]"
23055,"MainThread",54843028710855,42084,"R+","[NULL]","[NULL]"
23055,"MainThread",54843028752939,87041,"Running","[NULL]","[NULL]"
23055,"MainThread",54843028839980,17298542,"S","[NULL]","[NULL]"
23055,"MainThread",54843046138522,375583,"R","[NULL]","[NULL]"
23055,"MainThread",54843046514105,1016750,"Running","[NULL]","[NULL]"
23055,"MainThread",54843047530855,14865042,"S","[NULL]","[NULL]"
23055,"MainThread",54843062395897,276667,"R","[NULL]","[NULL]"
23055,"MainThread",54843062672564,635291,"Running","[NULL]","[NULL]"
23055,"MainThread",54843063307855,15340167,"S","[NULL]","[NULL]"
23055,"MainThread",54843078648022,285750,"R","[NULL]","[NULL]"
23055,"MainThread",54843078933772,346500,"Running","[NULL]","[NULL]"
23055,"MainThread",54843079280272,16433500,"S","[NULL]","[NULL]"
23055,"MainThread",54843095713772,83208,"R","[NULL]","[NULL]"
23055,"MainThread",54843095796980,45917,"Running","[NULL]","[NULL]"
23055,"MainThread",54843095842897,91958,"R","[NULL]","[NULL]"
23055,"MainThread",54843095934855,491834,"Running","[NULL]","[NULL]"
23055,"MainThread",54843096426689,13834416,"S","[NULL]","[NULL]"
23055,"MainThread",54843110261105,323125,"R","[NULL]","[NULL]"
23055,"MainThread",54843110584230,341292,"Running","[NULL]","[NULL]"
23055,"MainThread",54843110925522,27542,"R+","[NULL]","[NULL]"
23055,"MainThread",54843110953064,60666,"Running","[NULL]","[NULL]"
23055,"MainThread",54843111013730,21732209,"S","[NULL]","[NULL]"
23055,"MainThread",54843132745939,51125,"R","[NULL]","[NULL]"
23055,"MainThread",54843132797064,243125,"Running","[NULL]","[NULL]"
23055,"MainThread",54843133040189,33000,"R+","[NULL]","[NULL]"
23055,"MainThread",54843133073189,55791,"Running","[NULL]","[NULL]"
23055,"MainThread",54843133128980,9176500,"S","[NULL]","[NULL]"
23055,"MainThread",54843142305480,137875,"R","[NULL]","[NULL]"
23055,"MainThread",54843142443355,145209,"Running","[NULL]","[NULL]"
23055,"MainThread",54843142588564,61958,"R+","[NULL]","[NULL]"
23055,"MainThread",54843142650522,321167,"Running","[NULL]","[NULL]"
23055,"MainThread",54843142971689,18161000,"S","[NULL]","[NULL]"
23055,"MainThread",54843161132689,41916,"R","[NULL]","[NULL]"
23055,"MainThread",54843161174605,368792,"Running","[NULL]","[NULL]"
23055,"MainThread",54843161543397,15990708,"S","[NULL]","[NULL]"
23055,"MainThread",54843177534105,105584,"R","[NULL]","[NULL]"
23055,"MainThread",54843177639689,823291,"Running","[NULL]","[NULL]"
23055,"MainThread",54843178462980,53292,"R+","[NULL]","[NULL]"
23055,"MainThread",54843178516272,144417,"Running","[NULL]","[NULL]"
23055,"MainThread",54843178660689,12897208,"S","[NULL]","[NULL]"
23055,"MainThread",54843191557897,39458,"R","[NULL]","[NULL]"
23055,"MainThread",54843191597355,159709,"Running","[NULL]","[NULL]"
23055,"MainThread",54843191757064,24375,"R+","[NULL]","[NULL]"
23055,"MainThread",54843191781439,48000,"Running","[NULL]","[NULL]"
23055,"MainThread",54843191829439,17921666,"S","[NULL]","[NULL]"
23055,"MainThread",54843209751105,412375,"R","[NULL]","[NULL]"
23055,"MainThread",54843210163480,367542,"Running","[NULL]","[NULL]"
23055,"MainThread",54843210531022,28750,"R+","[NULL]","[NULL]"
23055,"MainThread",54843210559772,100292,"Running","[NULL]","[NULL]"
23055,"MainThread",54843210660064,16964875,"S","[NULL]","[NULL]"
23055,"MainThread",54843227624939,76666,"R","[NULL]","[NULL]"
23055,"MainThread",54843227701605,475042,"Running","[NULL]","[NULL]"
23055,"MainThread",54843228176647,24500,"R+","[NULL]","[NULL]"
23055,"MainThread",54843228201147,78250,"Running","[NULL]","[NULL]"
23055,"MainThread",54843228279397,22710250,"S","[NULL]","[NULL]"
23055,"MainThread",54843250989647,121417,"R","[NULL]","[NULL]"
23055,"MainThread",54843251111064,183500,"Running","[NULL]","[NULL]"
23055,"MainThread",54843251294564,22416,"R+","[NULL]","[NULL]"
23055,"MainThread",54843251316980,40584,"Running","[NULL]","[NULL]"
23055,"MainThread",54843251357564,12313541,"S","[NULL]","[NULL]"
23055,"MainThread",54843263671105,269459,"R","[NULL]","[NULL]"
23055,"MainThread",54843263940564,867166,"Running","[NULL]","[NULL]"
23055,"MainThread",54843264807730,13090584,"S","[NULL]","[NULL]"
23055,"MainThread",54843277898314,122041,"R","[NULL]","[NULL]"
23055,"MainThread",54843278020355,391417,"Running","[NULL]","[NULL]"
23055,"MainThread",54843278411772,27500,"R+","[NULL]","[NULL]"
23055,"MainThread",54843278439272,63042,"Running","[NULL]","[NULL]"
23055,"MainThread",54843278502314,13789166,"S","[NULL]","[NULL]"
23055,"MainThread",54843292291480,129959,"R","[NULL]","[NULL]"
23055,"MainThread",54843292421439,869708,"Running","[NULL]","[NULL]"
23055,"MainThread",54843293291147,18513208,"S","[NULL]","[NULL]"
23055,"MainThread",54843311804355,272542,"R","[NULL]","[NULL]"
23055,"MainThread",54843312076897,1163042,"Running","[NULL]","[NULL]"
23055,"MainThread",54843313239939,11860500,"S","[NULL]","[NULL]"
23055,"MainThread",54843325100439,226416,"R","[NULL]","[NULL]"
23055,"MainThread",54843325326855,428292,"Running","[NULL]","[NULL]"
23055,"MainThread",54843325755147,22141458,"S","[NULL]","[NULL]"
23055,"MainThread",54843347896605,403875,"R","[NULL]","[NULL]"
23055,"MainThread",54843348300480,198125,"Running","[NULL]","[NULL]"
23055,"MainThread",54843348498605,62959,"R+","[NULL]","[NULL]"
23055,"MainThread",54843348561564,137083,"Running","[NULL]","[NULL]"
23055,"MainThread",54843348698647,159875,"R","[NULL]","[NULL]"
23055,"MainThread",54843348858522,11458,"Running","[NULL]","[NULL]"
23055,"MainThread",54843348869980,10867834,"S","[NULL]","[NULL]"
23055,"MainThread",54843359737814,70000,"R","[NULL]","[NULL]"
23055,"MainThread",54843359807814,163416,"Running","[NULL]","[NULL]"
23055,"MainThread",54843359971230,23500,"R+","[NULL]","[NULL]"
23055,"MainThread",54843359994730,115917,"Running","[NULL]","[NULL]"
23055,"MainThread",54843360110647,20909917,"S","[NULL]","[NULL]"
23055,"MainThread",54843381020564,154083,"R","[NULL]","[NULL]"
23055,"MainThread",54843381174647,461250,"Running","[NULL]","[NULL]"
23055,"MainThread",54843381635897,29583,"R+","[NULL]","[NULL]"
23055,"MainThread",54843381665480,83500,"Running","[NULL]","[NULL]"
23055,"MainThread",54843381748980,10721125,"S","[NULL]","[NULL]"
23055,"MainThread",54843392470105,149542,"R","[NULL]","[NULL]"
23055,"MainThread",54843392619647,69333,"Running","[NULL]","[NULL]"
23055,"MainThread",54843392688980,13000,"R+","[NULL]","[NULL]"
23055,"MainThread",54843392701980,24792,"Running","[NULL]","[NULL]"
23055,"MainThread",54843392726772,15450708,"S","[NULL]","[NULL]"
23055,"MainThread",54843408177480,199084,"R","[NULL]","[NULL]"
23055,"MainThread",54843408376564,470291,"Running","[NULL]","[NULL]"
23055,"MainThread",54843408846855,27709,"R+","[NULL]","[NULL]"
23055,"MainThread",54843408874564,81666,"Running","[NULL]","[NULL]"
23055,"MainThread",54843408956230,16425250,"S","[NULL]","[NULL]"
23055,"MainThread",54843425381480,162084,"R","[NULL]","[NULL]"
23055,"MainThread",54843425543564,114416,"Running","[NULL]","[NULL]"
23055,"MainThread",54843425657980,7375,"R","[NULL]","[NULL]"
23055,"MainThread",54843425665355,98125,"Running","[NULL]","[NULL]"
23055,"MainThread",54843425763480,19667,"R+","[NULL]","[NULL]"
23055,"MainThread",54843425783147,38250,"Running","[NULL]","[NULL]"
23055,"MainThread",54843425821397,21075667,"S","[NULL]","[NULL]"
23055,"MainThread",54843446897064,516333,"R","[NULL]","[NULL]"
23055,"MainThread",54843447413397,411458,"Running","[NULL]","[NULL]"
23055,"MainThread",54843447824855,52834,"R+","[NULL]","[NULL]"
23055,"MainThread",54843447877689,800000,"Running","[NULL]","[NULL]"
23055,"MainThread",54843448677689,13290750,"S","[NULL]","[NULL]"
23055,"MainThread",54843461968439,622333,"R","[NULL]","[NULL]"
23055,"MainThread",54843462590772,391583,"Running","[NULL]","[NULL]"
23055,"MainThread",54843462982355,12460875,"S","[NULL]","[NULL]"
23055,"MainThread",54843475443230,142667,"R","[NULL]","[NULL]"
23055,"MainThread",54843475585897,221208,"Running","[NULL]","[NULL]"
23055,"MainThread",54843475807105,17834,"R+","[NULL]","[NULL]"
23055,"MainThread",54843475824939,26916,"Running","[NULL]","[NULL]"
23055,"MainThread",54843475851855,20837542,"S","[NULL]","[NULL]"
23055,"MainThread",54843496689397,381833,"R","[NULL]","[NULL]"
23055,"MainThread",54843497071230,577834,"Running","[NULL]","[NULL]"
23055,"MainThread",54843497649064,39291,"R+","[NULL]","[NULL]"
23055,"MainThread",54843497688355,114875,"Running","[NULL]","[NULL]"
23055,"MainThread",54843497803230,13623417,"S","[NULL]","[NULL]"
23055,"MainThread",54843511426647,185417,"R","[NULL]","[NULL]"
23055,"MainThread",54843511612064,748333,"Running","[NULL]","[NULL]"
23055,"MainThread",54843512360397,55375,"R+","[NULL]","[NULL]"
23055,"MainThread",54843512415772,68083,"Running","[NULL]","[NULL]"
23055,"MainThread",54843512483855,19197417,"S","[NULL]","[NULL]"
23055,"MainThread",54843531681272,169458,"R","[NULL]","[NULL]"
23055,"MainThread",54843531850730,882875,"Running","[NULL]","[NULL]"
23055,"MainThread",54843532733605,36084,"R+","[NULL]","[NULL]"
23055,"MainThread",54843532769689,107875,"Running","[NULL]","[NULL]"
23055,"MainThread",54843532877564,10063583,"S","[NULL]","[NULL]"
23055,"MainThread",54843542941147,86875,"R","[NULL]","[NULL]"
23055,"MainThread",54843543028022,108708,"Running","[NULL]","[NULL]"
23055,"MainThread",54843543136730,19657500,"S","[NULL]","[NULL]"
23055,"MainThread",54843562794230,46709,"R","[NULL]","[NULL]"
23055,"MainThread",54843562840939,117416,"Running","[NULL]","[NULL]"
23055,"MainThread",54843562958355,69750,"R+","[NULL]","[NULL]"
23055,"MainThread",54843563028105,40875,"Running","[NULL]","[NULL]"
23055,"MainThread",54843563068980,16825959,"S","[NULL]","[NULL]"
23055,"MainThread",54843579894939,92083,"R","[NULL]","[NULL]"
23055,"MainThread",54843579987022,993958,"Running","[NULL]","[NULL]"
23055,"MainThread",54843580980980,12644959,"S","[NULL]","[NULL]"
23055,"MainThread",54843593625939,781458,"R","[NULL]","[NULL]"
23055,"MainThread",54843594407397,597375,"Running","[NULL]","[NULL]"
23055,"MainThread",54843595004772,56500,"R+","[NULL]","[NULL]"
23055,"MainThread",54843595061272,225708,"Running","[NULL]","[NULL]"
23055,"MainThread",54843595286980,14706834,"S","[NULL]","[NULL]"
23055,"MainThread",54843609993814,246458,"R","[NULL]","[NULL]"
23055,"MainThread",54843610240272,154000,"Running","[NULL]","[NULL]"
23055,"MainThread",54843610394272,38959,"R+","[NULL]","[NULL]"
23055,"MainThread",54843610433231,66166,"Running","[NULL]","[NULL]"
23055,"MainThread",54843610499397,22114250,"S","[NULL]","[NULL]"
23055,"MainThread",54843632613647,63959,"R","[NULL]","[NULL]"
23055,"MainThread",54843632677606,516666,"Running","[NULL]","[NULL]"
23055,"MainThread",54843633194272,9472625,"S","[NULL]","[NULL]"
23055,"MainThread",54843642666897,37875,"R","[NULL]","[NULL]"
23055,"MainThread",54843642704772,212209,"Running","[NULL]","[NULL]"
23055,"MainThread",54843642916981,15646250,"S","[NULL]","[NULL]"
23055,"MainThread",54843658563231,5084125,"R","[NULL]","[NULL]"
23055,"MainThread",54843663647356,223291,"Running","[NULL]","[NULL]"
23055,"MainThread",54843663870647,37959,"R+","[NULL]","[NULL]"
23055,"MainThread",54843663908606,52541,"Running","[NULL]","[NULL]"
23055,"MainThread",54843663961147,10670625,"S","[NULL]","[NULL]"
23055,"MainThread",54843674631772,105417,"R","[NULL]","[NULL]"
23055,"MainThread",54843674737189,353208,"Running","[NULL]","[NULL]"
23055,"MainThread",54843675090397,37625,"R+","[NULL]","[NULL]"
23055,"MainThread",54843675128022,53167,"Running","[NULL]","[NULL]"
23055,"MainThread",54843675181189,17961208,"S","[NULL]","[NULL]"
23055,"MainThread",54843693142397,49000,"R","[NULL]","[NULL]"
23055,"MainThread",54843693191397,122125,"Running","[NULL]","[NULL]"
23055,"MainThread",54843693313522,19042,"R+","[NULL]","[NULL]"
23055,"MainThread",54843693332564,30583,"Running","[NULL]","[NULL]"
23055,"MainThread",54843693363147,15315167,"S","[NULL]","[NULL]"
23055,"MainThread",54843708678314,112750,"R","[NULL]","[NULL]"
23055,"MainThread",54843708791064,123083,"Running","[NULL]","[NULL]"
23055,"MainThread",54843708914147,144542,"R+","[NULL]","[NULL]"
23055,"MainThread",54843709058689,274542,"Running","[NULL]","[NULL]"
23055,"MainThread",54843709333231,24583,"R+","[NULL]","[NULL]"
23055,"MainThread",54843709357814,65250,"Running","[NULL]","[NULL]"
23055,"MainThread",54843709423064,16454292,"S","[NULL]","[NULL]"
23055,"MainThread",54843725877356,87458,"R","[NULL]","[NULL]"
23055,"MainThread",54843725964814,81000,"Running","[NULL]","[NULL]"
23055,"MainThread",54843726045814,9208,"R+","[NULL]","[NULL]"
23055,"MainThread",54843726055022,22542,"Running","[NULL]","[NULL]"
23055,"MainThread",54843726077564,15258417,"S","[NULL]","[NULL]"
23055,"MainThread",54843741335981,75291,"R","[NULL]","[NULL]"
23055,"MainThread",54843741411272,140917,"Running","[NULL]","[NULL]"
23055,"MainThread",54843741552189,16576833,"S","[NULL]","[NULL]"
23055,"MainThread",54843758129022,74000,"R","[NULL]","[NULL]"
23055,"MainThread",54843758203022,60459,"Running","[NULL]","[NULL]"
23055,"MainThread",54843758263481,8625,"R+","[NULL]","[NULL]"
23055,"MainThread",54843758272106,17250,"Running","[NULL]","[NULL]"
23055,"MainThread",54843758289356,21312333,"S","[NULL]","[NULL]"
23055,"MainThread",54843779601689,75250,"R","[NULL]","[NULL]"
23055,"MainThread",54843779676939,57292,"Running","[NULL]","[NULL]"
23055,"MainThread",54843779734231,9333,"R+","[NULL]","[NULL]"
23055,"MainThread",54843779743564,16667,"Running","[NULL]","[NULL]"
23055,"MainThread",54843779760231,11609291,"S","[NULL]","[NULL]"
23055,"MainThread",54843791369522,75042,"R","[NULL]","[NULL]"
23055,"MainThread",54843791444564,90083,"Running","[NULL]","[NULL]"
23055,"MainThread",54843791534647,10709,"R+","[NULL]","[NULL]"
23055,"MainThread",54843791545356,14208,"Running","[NULL]","[NULL]"
23055,"MainThread",54843791559564,19332458,"S","[NULL]","[NULL]"
23055,"MainThread",54843810892022,129834,"R","[NULL]","[NULL]"
23055,"MainThread",54843811021856,38250,"Running","[NULL]","[NULL]"
23055,"MainThread",54843811060106,9208,"R+","[NULL]","[NULL]"
23055,"MainThread",54843811069314,18292,"Running","[NULL]","[NULL]"
23055,"MainThread",54843811087606,13548000,"S","[NULL]","[NULL]"
23055,"MainThread",54843824635606,81375,"R","[NULL]","[NULL]"
23055,"MainThread",54843824716981,39750,"Running","[NULL]","[NULL]"
23055,"MainThread",54843824756731,9416,"R+","[NULL]","[NULL]"
23055,"MainThread",54843824766147,33167,"Running","[NULL]","[NULL]"
23055,"MainThread",54843824799314,22193500,"S","[NULL]","[NULL]"
23055,"MainThread",54843846992814,116208,"R","[NULL]","[NULL]"
23055,"MainThread",54843847109022,63167,"Running","[NULL]","[NULL]"
23055,"MainThread",54843847172189,18167,"R+","[NULL]","[NULL]"
23055,"MainThread",54843847190356,27041,"Running","[NULL]","[NULL]"
23055,"MainThread",54843847217397,14437417,"S","[NULL]","[NULL]"
23055,"MainThread",54843861654814,144792,"R","[NULL]","[NULL]"
23055,"MainThread",54843861799606,84125,"Running","[NULL]","[NULL]"
23055,"MainThread",54843861883731,13064666,"S","[NULL]","[NULL]"
23055,"MainThread",54843874948397,147000,"R","[NULL]","[NULL]"
23055,"MainThread",54843875095397,69917,"Running","[NULL]","[NULL]"
23055,"MainThread",54843875165314,8458,"R+","[NULL]","[NULL]"
23055,"MainThread",54843875173772,18875,"Running","[NULL]","[NULL]"
23055,"MainThread",54843875192647,16798334,"S","[NULL]","[NULL]"
23055,"MainThread",54843891990981,171666,"R","[NULL]","[NULL]"
23055,"MainThread",54843892162647,129042,"Running","[NULL]","[NULL]"
23055,"MainThread",54843892291689,13167,"R+","[NULL]","[NULL]"
23055,"MainThread",54843892304856,28708,"Running","[NULL]","[NULL]"
23055,"MainThread",54843892333564,17170250,"S","[NULL]","[NULL]"
23055,"MainThread",54843909503814,46792,"R","[NULL]","[NULL]"
23055,"MainThread",54843909550606,128416,"Running","[NULL]","[NULL]"
23055,"MainThread",54843909679022,32709,"R","[NULL]","[NULL]"
23055,"MainThread",54843909711731,122916,"Running","[NULL]","[NULL]"
23055,"MainThread",54843909834647,21936792,"S","[NULL]","[NULL]"
23055,"MainThread",54843931771439,112750,"R","[NULL]","[NULL]"
23055,"MainThread",54843931884189,71750,"Running","[NULL]","[NULL]"
23055,"MainThread",54843931955939,13333,"R+","[NULL]","[NULL]"
23055,"MainThread",54843931969272,332750,"Running","[NULL]","[NULL]"
23055,"MainThread",54843932302022,11042542,"S","[NULL]","[NULL]"
23055,"MainThread",54843943344564,194042,"R","[NULL]","[NULL]"
23055,"MainThread",54843943538606,55000,"Running","[NULL]","[NULL]"
23055,"MainThread",54843943593606,13291,"R+","[NULL]","[NULL]"
23055,"MainThread",54843943606897,20667,"Running","[NULL]","[NULL]"
23055,"MainThread",54843943627564,14490375,"S","[NULL]","[NULL]"
23055,"MainThread",54843958117939,122583,"R","[NULL]","[NULL]"
23055,"MainThread",54843958240522,105542,"Running","[NULL]","[NULL]"
23055,"MainThread",54843958346064,16042,"R+","[NULL]","[NULL]"
23055,"MainThread",54843958362106,28666,"Running","[NULL]","[NULL]"
23055,"MainThread",54843958390772,17144417,"S","[NULL]","[NULL]"
23055,"MainThread",54843975535189,130958,"R","[NULL]","[NULL]"
23055,"MainThread",54843975666147,72792,"Running","[NULL]","[NULL]"
23055,"MainThread",54843975738939,15333,"R+","[NULL]","[NULL]"
23055,"MainThread",54843975754272,27875,"Running","[NULL]","[NULL]"
23055,"MainThread",54843975782147,16167834,"S","[NULL]","[NULL]"
23055,"MainThread",54843991949981,27333,"R","[NULL]","[NULL]"
23055,"MainThread",54843991977314,272042,"Running","[NULL]","[NULL]"
23055,"MainThread",54843992249356,36541,"R","[NULL]","[NULL]"
23055,"MainThread",54843992285897,63459,"Running","[NULL]","[NULL]"
23055,"MainThread",54843992349356,12875,"R+","[NULL]","[NULL]"
23055,"MainThread",54843992362231,29000,"Running","[NULL]","[NULL]"
23055,"MainThread",54843992391231,15791791,"S","[NULL]","[NULL]"
23055,"MainThread",54844008183022,97042,"R","[NULL]","[NULL]"
23055,"MainThread",54844008280064,96333,"Running","[NULL]","[NULL]"
23055,"MainThread",54844008376397,16533542,"S","[NULL]","[NULL]"
23055,"MainThread",54844024909939,82958,"R","[NULL]","[NULL]"
23055,"MainThread",54844024992897,152459,"Running","[NULL]","[NULL]"
23055,"MainThread",54844025145356,17859500,"S","[NULL]","[NULL]"
23055,"MainThread",54844043004856,204250,"R","[NULL]","[NULL]"
23055,"MainThread",54844043209106,500208,"Running","[NULL]","[NULL]"
23055,"MainThread",54844043709314,16222417,"S","[NULL]","[NULL]"
23055,"MainThread",54844059931731,267833,"R","[NULL]","[NULL]"
23055,"MainThread",54844060199564,521500,"Running","[NULL]","[NULL]"
23055,"MainThread",54844060721064,17491500,"S","[NULL]","[NULL]"
23055,"MainThread",54844078212564,257167,"R","[NULL]","[NULL]"
23055,"MainThread",54844078469731,1518500,"Running","[NULL]","[NULL]"
23055,"MainThread",54844079988231,12474208,"S","[NULL]","[NULL]"
23055,"MainThread",54844092462439,28292,"R","[NULL]","[NULL]"
23055,"MainThread",54844092490731,371916,"Running","[NULL]","[NULL]"
23055,"MainThread",54844092862647,15523917,"S","[NULL]","[NULL]"
23055,"MainThread",54844108386564,60500,"R","[NULL]","[NULL]"
23055,"MainThread",54844108447064,148375,"Running","[NULL]","[NULL]"
23055,"MainThread",54844108595439,70333,"R+","[NULL]","[NULL]"
23055,"MainThread",54844108665772,403084,"Running","[NULL]","[NULL]"
23055,"MainThread",54844109068856,21855750,"S","[NULL]","[NULL]"
23055,"MainThread",54844130924606,2320125,"R","[NULL]","[NULL]"
23055,"MainThread",54844133244731,426708,"Running","[NULL]","[NULL]"
23055,"MainThread",54844133671439,107417,"R+","[NULL]","[NULL]"
23055,"MainThread",54844133778856,100583,"Running","[NULL]","[NULL]"
23055,"MainThread",54844133879439,8003750,"S","[NULL]","[NULL]"
23055,"MainThread",54844141883189,174250,"R","[NULL]","[NULL]"
23055,"MainThread",54844142057439,730292,"Running","[NULL]","[NULL]"
23055,"MainThread",54844142787731,20575208,"S","[NULL]","[NULL]"
23055,"MainThread",54844163362939,122083,"R","[NULL]","[NULL]"
23055,"MainThread",54844163485022,269959,"Running","[NULL]","[NULL]"
23055,"MainThread",54844163754981,20000,"R+","[NULL]","[NULL]"
23055,"MainThread",54844163774981,61458,"Running","[NULL]","[NULL]"
23055,"MainThread",54844163836439,12877750,"S","[NULL]","[NULL]"
23055,"MainThread",54844176714189,180250,"R","[NULL]","[NULL]"
23055,"MainThread",54844176894439,546708,"Running","[NULL]","[NULL]"
23055,"MainThread",54844177441147,21305834,"S","[NULL]","[NULL]"
23055,"MainThread",54844198746981,748750,"R","[NULL]","[NULL]"
23055,"MainThread",54844199495731,741958,"Running","[NULL]","[NULL]"
23055,"MainThread",54844200237689,8436250,"S","[NULL]","[NULL]"
23055,"MainThread",54844208673939,46417,"R","[NULL]","[NULL]"
23055,"MainThread",54844208720356,309125,"Running","[NULL]","[NULL]"
23055,"MainThread",54844209029481,21674416,"S","[NULL]","[NULL]"
23055,"MainThread",54844230703897,885042,"R","[NULL]","[NULL]"
23055,"MainThread",54844231588939,204917,"Running","[NULL]","[NULL]"
23055,"MainThread",54844231793856,12994250,"S","[NULL]","[NULL]"
23055,"MainThread",54844244788106,192125,"R","[NULL]","[NULL]"
23055,"MainThread",54844244980231,198625,"Running","[NULL]","[NULL]"
23055,"MainThread",54844245178856,13618541,"S","[NULL]","[NULL]"
23055,"MainThread",54844258797397,334084,"R","[NULL]","[NULL]"
23055,"MainThread",54844259131481,746958,"Running","[NULL]","[NULL]"
23055,"MainThread",54844259878439,20668208,"S","[NULL]","[NULL]"
23055,"MainThread",54844280546647,104875,"R","[NULL]","[NULL]"
23055,"MainThread",54844280651522,1489125,"Running","[NULL]","[NULL]"
23055,"MainThread",54844282140647,120667,"R+","[NULL]","[NULL]"
23055,"MainThread",54844282261314,220917,"Running","[NULL]","[NULL]"
23055,"MainThread",54844282482231,14773375,"S","[NULL]","[NULL]"
23055,"MainThread",54844297255606,514000,"R","[NULL]","[NULL]"
23055,"MainThread",54844297769606,250791,"Running","[NULL]","[NULL]"
23055,"MainThread",54844298020397,32709,"R+","[NULL]","[NULL]"
23055,"MainThread",54844298053106,41916,"Running","[NULL]","[NULL]"
23055,"MainThread",54844298095022,11493626,"S","[NULL]","[NULL]"
23055,"MainThread",54844309588648,246875,"R","[NULL]","[NULL]"
23055,"MainThread",54844309835523,92416,"Running","[NULL]","[NULL]"
23055,"MainThread",54844309927939,21375,"R+","[NULL]","[NULL]"
23055,"MainThread",54844309949314,35417,"Running","[NULL]","[NULL]"
23055,"MainThread",54844309984731,16073958,"S","[NULL]","[NULL]"
23055,"MainThread",54844326058689,69375,"R","[NULL]","[NULL]"
23055,"MainThread",54844326128064,275417,"Running","[NULL]","[NULL]"
23055,"MainThread",54844326403481,54000,"R","[NULL]","[NULL]"
23055,"MainThread",54844326457481,267958,"Running","[NULL]","[NULL]"
23055,"MainThread",54844326725439,17160084,"S","[NULL]","[NULL]"
23055,"MainThread",54844343885523,193708,"R","[NULL]","[NULL]"
23055,"MainThread",54844344079231,561625,"Running","[NULL]","[NULL]"
23055,"MainThread",54844344640856,43625,"R+","[NULL]","[NULL]"
23055,"MainThread",54844344684481,92333,"Running","[NULL]","[NULL]"
23055,"MainThread",54844344776814,16957750,"S","[NULL]","[NULL]"
23055,"MainThread",54844361734564,95750,"R","[NULL]","[NULL]"
23055,"MainThread",54844361830314,340667,"Running","[NULL]","[NULL]"
23055,"MainThread",54844362170981,16125,"R+","[NULL]","[NULL]"
23055,"MainThread",54844362187106,68333,"Running","[NULL]","[NULL]"
23055,"MainThread",54844362255439,19345209,"S","[NULL]","[NULL]"
23055,"MainThread",54844381600648,2910583,"R","[NULL]","[NULL]"
23055,"MainThread",54844384511231,640875,"Running","[NULL]","[NULL]"
23055,"MainThread",54844385152106,7842583,"S","[NULL]","[NULL]"
23055,"MainThread",54844392994689,140167,"R","[NULL]","[NULL]"
23055,"MainThread",54844393134856,465667,"Running","[NULL]","[NULL]"
23055,"MainThread",54844393600523,16696708,"S","[NULL]","[NULL]"
23055,"MainThread",54844410297231,115542,"R","[NULL]","[NULL]"
23055,"MainThread",54844410412773,312375,"Running","[NULL]","[NULL]"
23055,"MainThread",54844410725148,24083,"R+","[NULL]","[NULL]"
23055,"MainThread",54844410749231,55542,"Running","[NULL]","[NULL]"
23055,"MainThread",54844410804773,17070541,"S","[NULL]","[NULL]"
23055,"MainThread",54844427875314,63625,"R","[NULL]","[NULL]"
23055,"MainThread",54844427938939,429459,"Running","[NULL]","[NULL]"
23055,"MainThread",54844428368398,27958,"R+","[NULL]","[NULL]"
23055,"MainThread",54844428396356,52500,"Running","[NULL]","[NULL]"
23055,"MainThread",54844428448856,17172458,"S","[NULL]","[NULL]"
23055,"MainThread",54844445621314,258875,"R","[NULL]","[NULL]"
23055,"MainThread",54844445880189,320834,"Running","[NULL]","[NULL]"
23055,"MainThread",54844446201023,12660125,"S","[NULL]","[NULL]"
23055,"MainThread",54844458861148,39416,"R","[NULL]","[NULL]"
23055,"MainThread",54844458900564,419792,"Running","[NULL]","[NULL]"
23055,"MainThread",54844459320356,24227958,"S","[NULL]","[NULL]"
23055,"MainThread",54844483548314,129709,"R","[NULL]","[NULL]"
23055,"MainThread",54844483678023,777500,"Running","[NULL]","[NULL]"
23055,"MainThread",54844484455523,48041,"R+","[NULL]","[NULL]"
23055,"MainThread",54844484503564,97459,"Running","[NULL]","[NULL]"
23055,"MainThread",54844484601023,7303583,"S","[NULL]","[NULL]"
23055,"MainThread",54844491904606,245708,"R","[NULL]","[NULL]"
23055,"MainThread",54844492150314,325750,"Running","[NULL]","[NULL]"
23055,"MainThread",54844492476064,35042,"R+","[NULL]","[NULL]"
23055,"MainThread",54844492511106,67083,"Running","[NULL]","[NULL]"
23055,"MainThread",54844492578189,16039417,"S","[NULL]","[NULL]"
23055,"MainThread",54844508617606,202167,"R","[NULL]","[NULL]"
23055,"MainThread",54844508819773,427750,"Running","[NULL]","[NULL]"
23055,"MainThread",54844509247523,19599458,"S","[NULL]","[NULL]"
23055,"MainThread",54844528846981,497083,"R","[NULL]","[NULL]"
23055,"MainThread",54844529344064,306125,"Running","[NULL]","[NULL]"
23055,"MainThread",54844529650189,25292,"R+","[NULL]","[NULL]"
23055,"MainThread",54844529675481,65042,"Running","[NULL]","[NULL]"
23055,"MainThread",54844529740523,14541708,"S","[NULL]","[NULL]"
23055,"MainThread",54844544282231,83750,"R","[NULL]","[NULL]"
23055,"MainThread",54844544365981,93292,"Running","[NULL]","[NULL]"
23055,"MainThread",54844544459273,57625,"R","[NULL]","[NULL]"
23055,"MainThread",54844544516898,160666,"Running","[NULL]","[NULL]"
23055,"MainThread",54844544677564,14042,"R+","[NULL]","[NULL]"
23055,"MainThread",54844544691606,32625,"Running","[NULL]","[NULL]"
23055,"MainThread",54844544724231,13613958,"S","[NULL]","[NULL]"
23055,"MainThread",54844558338189,254334,"R","[NULL]","[NULL]"
23055,"MainThread",54844558592523,263208,"Running","[NULL]","[NULL]"
23055,"MainThread",54844558855731,15710958,"S","[NULL]","[NULL]"
23055,"MainThread",54844574566689,56584,"R","[NULL]","[NULL]"
23055,"MainThread",54844574623273,221000,"Running","[NULL]","[NULL]"
23055,"MainThread",54844574844273,16533250,"S","[NULL]","[NULL]"
23055,"MainThread",54844591377523,140750,"R","[NULL]","[NULL]"
23055,"MainThread",54844591518273,680958,"Running","[NULL]","[NULL]"
23055,"MainThread",54844592199231,15719583,"S","[NULL]","[NULL]"
23055,"MainThread",54844607918814,4163584,"R","[NULL]","[NULL]"
23055,"MainThread",54844612082398,357000,"Running","[NULL]","[NULL]"
23055,"MainThread",54844612439398,12025500,"S","[NULL]","[NULL]"
23055,"MainThread",54844624464898,77666,"R","[NULL]","[NULL]"
23055,"MainThread",54844624542564,164875,"Running","[NULL]","[NULL]"
23055,"MainThread",54844624707439,17417,"R+","[NULL]","[NULL]"
23055,"MainThread",54844624724856,34625,"Running","[NULL]","[NULL]"
23055,"MainThread",54844624759481,16592417,"S","[NULL]","[NULL]"
23055,"MainThread",54844641351898,16416,"R","[NULL]","[NULL]"
23055,"MainThread",54844641368314,305625,"Running","[NULL]","[NULL]"
23055,"MainThread",54844641673939,14625,"R+","[NULL]","[NULL]"
23055,"MainThread",54844641688564,69792,"Running","[NULL]","[NULL]"
23055,"MainThread",54844641758356,20224542,"S","[NULL]","[NULL]"
23055,"MainThread",54844661982898,95916,"R","[NULL]","[NULL]"
23055,"MainThread",54844662078814,229709,"Running","[NULL]","[NULL]"
23055,"MainThread",54844662308523,41916,"R+","[NULL]","[NULL]"
23055,"MainThread",54844662350439,63959,"Running","[NULL]","[NULL]"
23055,"MainThread",54844662414398,12165833,"S","[NULL]","[NULL]"
23055,"MainThread",54844674580231,19875,"R","[NULL]","[NULL]"
23055,"MainThread",54844674600106,118917,"Running","[NULL]","[NULL]"
23055,"MainThread",54844674719023,11291,"R+","[NULL]","[NULL]"
23055,"MainThread",54844674730314,41084,"Running","[NULL]","[NULL]"
23055,"MainThread",54844674771398,16636750,"S","[NULL]","[NULL]"
23055,"MainThread",54844691408148,153541,"R","[NULL]","[NULL]"
23055,"MainThread",54844691561689,308042,"Running","[NULL]","[NULL]"
23055,"MainThread",54844691869731,16341917,"S","[NULL]","[NULL]"
23055,"MainThread",54844708211648,123000,"R","[NULL]","[NULL]"
23055,"MainThread",54844708334648,151375,"Running","[NULL]","[NULL]"
23055,"MainThread",54844708486023,18793166,"S","[NULL]","[NULL]"
23055,"MainThread",54844727279189,180792,"R","[NULL]","[NULL]"
23055,"MainThread",54844727459981,139208,"Running","[NULL]","[NULL]"
23055,"MainThread",54844727599189,18934125,"S","[NULL]","[NULL]"
23055,"MainThread",54844746533314,83750,"R","[NULL]","[NULL]"
23055,"MainThread",54844746617064,397542,"Running","[NULL]","[NULL]"
23055,"MainThread",54844747014606,11125792,"S","[NULL]","[NULL]"
23055,"MainThread",54844758140398,135166,"R","[NULL]","[NULL]"
23055,"MainThread",54844758275564,152125,"Running","[NULL]","[NULL]"
23055,"MainThread",54844758427689,21945042,"S","[NULL]","[NULL]"
23055,"MainThread",54844780372731,92417,"R","[NULL]","[NULL]"
23055,"MainThread",54844780465148,434541,"Running","[NULL]","[NULL]"
23055,"MainThread",54844780899689,10611167,"S","[NULL]","[NULL]"
23055,"MainThread",54844791510856,75833,"R","[NULL]","[NULL]"
23055,"MainThread",54844791586689,100459,"Running","[NULL]","[NULL]"
23055,"MainThread",54844791687148,16548375,"S","[NULL]","[NULL]"
23055,"MainThread",54844808235523,81291,"R","[NULL]","[NULL]"
23055,"MainThread",54844808316814,132834,"Running","[NULL]","[NULL]"
23055,"MainThread",54844808449648,16105500,"S","[NULL]","[NULL]"
23055,"MainThread",54844824555148,44833,"R","[NULL]","[NULL]"
23055,"MainThread",54844824599981,211708,"Running","[NULL]","[NULL]"
23055,"MainThread",54844824811689,18025084,"S","[NULL]","[NULL]"
23055,"MainThread",54844842836773,186958,"R","[NULL]","[NULL]"
23055,"MainThread",54844843023731,123000,"Running","[NULL]","[NULL]"
23055,"MainThread",54844843146731,16917,"R+","[NULL]","[NULL]"
23055,"MainThread",54844843163648,30125,"Running","[NULL]","[NULL]"
23055,"MainThread",54844843193773,21347875,"S","[NULL]","[NULL]"
23055,"MainThread",54844864541648,146000,"R","[NULL]","[NULL]"
23055,"MainThread",54844864687648,224625,"Running","[NULL]","[NULL]"
23055,"MainThread",54844864912273,9852125,"S","[NULL]","[NULL]"
23055,"MainThread",54844874764398,122041,"R","[NULL]","[NULL]"
23055,"MainThread",54844874886439,173917,"Running","[NULL]","[NULL]"
23055,"MainThread",54844875060356,15917,"R+","[NULL]","[NULL]"
23055,"MainThread",54844875076273,36791,"Running","[NULL]","[NULL]"
23055,"MainThread",54844875113064,16484709,"S","[NULL]","[NULL]"
23055,"MainThread",54844891597773,38625,"R","[NULL]","[NULL]"
23055,"MainThread",54844891636398,43833,"Running","[NULL]","[NULL]"
23055,"MainThread",54844891680231,85500,"R","[NULL]","[NULL]"
23055,"MainThread",54844891765731,170792,"Running","[NULL]","[NULL]"
23055,"MainThread",54844891936523,16164333,"S","[NULL]","[NULL]"
23055,"MainThread",54844908100856,23417,"R","[NULL]","[NULL]"
23055,"MainThread",54844908124273,98875,"Running","[NULL]","[NULL]"
23055,"MainThread",54844908223148,18041,"R+","[NULL]","[NULL]"
23055,"MainThread",54844908241189,39500,"Running","[NULL]","[NULL]"
23055,"MainThread",54844908280689,16557750,"S","[NULL]","[NULL]"
23055,"MainThread",54844924838439,103959,"R","[NULL]","[NULL]"
23055,"MainThread",54844924942398,161875,"Running","[NULL]","[NULL]"
23055,"MainThread",54844925104273,16359083,"S","[NULL]","[NULL]"
23055,"MainThread",54844941463356,90542,"R","[NULL]","[NULL]"
23055,"MainThread",54844941553898,110000,"Running","[NULL]","[NULL]"
23055,"MainThread",54844941663898,16680125,"S","[NULL]","[NULL]"
23055,"MainThread",54844958344023,115000,"R","[NULL]","[NULL]"
23055,"MainThread",54844958459023,91875,"Running","[NULL]","[NULL]"
23055,"MainThread",54844958550898,16136500,"S","[NULL]","[NULL]"
23055,"MainThread",54844974687398,103500,"R","[NULL]","[NULL]"
23055,"MainThread",54844974790898,91416,"Running","[NULL]","[NULL]"
23055,"MainThread",54844974882314,22953667,"S","[NULL]","[NULL]"
23055,"MainThread",54844997835981,185250,"R","[NULL]","[NULL]"
23055,"MainThread",54844998021231,166125,"Running","[NULL]","[NULL]"
23055,"MainThread",54844998187356,11419209,"S","[NULL]","[NULL]"
23055,"MainThread",54845009606565,113916,"R","[NULL]","[NULL]"
23055,"MainThread",54845009720481,123167,"Running","[NULL]","[NULL]"
23055,"MainThread",54845009843648,17283583,"S","[NULL]","[NULL]"
23055,"MainThread",54845027127231,243709,"R","[NULL]","[NULL]"
23055,"MainThread",54845027370940,71458,"Running","[NULL]","[NULL]"
23055,"MainThread",54845027442398,78125,"R+","[NULL]","[NULL]"
23055,"MainThread",54845027520523,47542,"Running","[NULL]","[NULL]"
23055,"MainThread",54845027568065,14858750,"S","[NULL]","[NULL]"
23055,"MainThread",54845042426815,132291,"R","[NULL]","[NULL]"
23055,"MainThread",54845042559106,139792,"Running","[NULL]","[NULL]"
23055,"MainThread",54845042698898,21702208,"S","[NULL]","[NULL]"
23055,"MainThread",54845064401106,90459,"R","[NULL]","[NULL]"
23055,"MainThread",54845064491565,119041,"Running","[NULL]","[NULL]"
23055,"MainThread",54845064610606,18625,"R+","[NULL]","[NULL]"
23055,"MainThread",54845064629231,39334,"Running","[NULL]","[NULL]"
23055,"MainThread",54845064668565,12618083,"S","[NULL]","[NULL]"
23055,"MainThread",54845077286648,28125,"R","[NULL]","[NULL]"
23055,"MainThread",54845077314773,72417,"Running","[NULL]","[NULL]"
23055,"MainThread",54845077387190,22041,"R+","[NULL]","[NULL]"
23055,"MainThread",54845077409231,28167,"Running","[NULL]","[NULL]"
23055,"MainThread",54845077437398,14205042,"S","[NULL]","[NULL]"
23055,"MainThread",54845091642440,186666,"R","[NULL]","[NULL]"
23055,"MainThread",54845091829106,580167,"Running","[NULL]","[NULL]"
23055,"MainThread",54845092409273,15903333,"S","[NULL]","[NULL]"
23055,"MainThread",54845108312606,162625,"R","[NULL]","[NULL]"
23055,"MainThread",54845108475231,166125,"Running","[NULL]","[NULL]"
23055,"MainThread",54845108641356,24541709,"S","[NULL]","[NULL]"
23055,"MainThread",54845133183065,130875,"R","[NULL]","[NULL]"
23055,"MainThread",54845133313940,509375,"Running","[NULL]","[NULL]"
23055,"MainThread",54845133823315,10555666,"S","[NULL]","[NULL]"
23055,"MainThread",54845144378981,177084,"R","[NULL]","[NULL]"
23055,"MainThread",54845144556065,554458,"Running","[NULL]","[NULL]"
23055,"MainThread",54845145110523,15925125,"S","[NULL]","[NULL]"
23055,"MainThread",54845161035648,199583,"R","[NULL]","[NULL]"
23055,"MainThread",54845161235231,149084,"Running","[NULL]","[NULL]"
23055,"MainThread",54845161384315,21916,"R+","[NULL]","[NULL]"
23055,"MainThread",54845161406231,44709,"Running","[NULL]","[NULL]"
23055,"MainThread",54845161450940,19253125,"S","[NULL]","[NULL]"
23055,"MainThread",54845180704065,192291,"R","[NULL]","[NULL]"
23055,"MainThread",54845180896356,1658584,"Running","[NULL]","[NULL]"
23055,"MainThread",54845182554940,73625,"R+","[NULL]","[NULL]"
23055,"MainThread",54845182628565,148083,"Running","[NULL]","[NULL]"
23055,"MainThread",54845182776648,12545042,"S","[NULL]","[NULL]"
23055,"MainThread",54845195321690,240000,"R","[NULL]","[NULL]"
23055,"MainThread",54845195561690,1501375,"Running","[NULL]","[NULL]"
23055,"MainThread",54845197063065,11292666,"S","[NULL]","[NULL]"
23055,"MainThread",54845208355731,169042,"R","[NULL]","[NULL]"
23055,"MainThread",54845208524773,158000,"Running","[NULL]","[NULL]"
23055,"MainThread",54845208682773,16483583,"S","[NULL]","[NULL]"
23055,"MainThread",54845225166356,179709,"R","[NULL]","[NULL]"
23055,"MainThread",54845225346065,200375,"Running","[NULL]","[NULL]"
23055,"MainThread",54845225546440,16240500,"S","[NULL]","[NULL]"
23055,"MainThread",54845241786940,308250,"R","[NULL]","[NULL]"
23055,"MainThread",54845242095190,196958,"Running","[NULL]","[NULL]"
23055,"MainThread",54845242292148,19672125,"S","[NULL]","[NULL]"
23055,"MainThread",54845261964273,187792,"R","[NULL]","[NULL]"
23055,"MainThread",54845262152065,175916,"Running","[NULL]","[NULL]"
23055,"MainThread",54845262327981,18128709,"S","[NULL]","[NULL]"
23055,"MainThread",54845280456690,232375,"R","[NULL]","[NULL]"
23055,"MainThread",54845280689065,917208,"Running","[NULL]","[NULL]"
23055,"MainThread",54845281606273,11364625,"S","[NULL]","[NULL]"
23055,"MainThread",54845292970898,455542,"R","[NULL]","[NULL]"
23055,"MainThread",54845293426440,764875,"Running","[NULL]","[NULL]"
23055,"MainThread",54845294191315,15231208,"S","[NULL]","[NULL]"
23055,"MainThread",54845309422523,56750,"R","[NULL]","[NULL]"
23055,"MainThread",54845309479273,401458,"Running","[NULL]","[NULL]"
23055,"MainThread",54845309880731,21057542,"S","[NULL]","[NULL]"
23055,"MainThread",54845330938273,1927708,"R","[NULL]","[NULL]"
23055,"MainThread",54845332865981,143167,"Running","[NULL]","[NULL]"
23055,"MainThread",54845333009148,18750,"R+","[NULL]","[NULL]"
23055,"MainThread",54845333027898,43042,"Running","[NULL]","[NULL]"
23055,"MainThread",54845333070940,11640916,"S","[NULL]","[NULL]"
23055,"MainThread",54845344711856,187667,"R","[NULL]","[NULL]"
23055,"MainThread",54845344899523,332292,"Running","[NULL]","[NULL]"
23055,"MainThread",54845345231815,13165375,"S","[NULL]","[NULL]"
23055,"MainThread",54845358397190,160708,"R","[NULL]","[NULL]"
23055,"MainThread",54845358557898,396042,"Running","[NULL]","[NULL]"
23055,"MainThread",54845358953940,16611666,"S","[NULL]","[NULL]"
23055,"MainThread",54845375565606,127667,"R","[NULL]","[NULL]"
23055,"MainThread",54845375693273,185500,"Running","[NULL]","[NULL]"
23055,"MainThread",54845375878773,16023750,"S","[NULL]","[NULL]"
23055,"MainThread",54845391902523,205750,"R","[NULL]","[NULL]"
23055,"MainThread",54845392108273,147583,"Running","[NULL]","[NULL]"
23055,"MainThread",54845392255856,15930334,"S","[NULL]","[NULL]"
23055,"MainThread",54845408186190,32708,"R","[NULL]","[NULL]"
23055,"MainThread",54845408218898,64417,"Running","[NULL]","[NULL]"
23055,"MainThread",54845408283315,115833,"R","[NULL]","[NULL]"
23055,"MainThread",54845408399148,92833,"Running","[NULL]","[NULL]"
23055,"MainThread",54845408491981,20417,"R+","[NULL]","[NULL]"
23055,"MainThread",54845408512398,38042,"Running","[NULL]","[NULL]"
23055,"MainThread",54845408550440,16578166,"S","[NULL]","[NULL]"
23055,"MainThread",54845425128606,152334,"R","[NULL]","[NULL]"
23055,"MainThread",54845425280940,139791,"Running","[NULL]","[NULL]"
23055,"MainThread",54845425420731,16221667,"S","[NULL]","[NULL]"
23055,"MainThread",54845441642398,188333,"R","[NULL]","[NULL]"
23055,"MainThread",54845441830731,140750,"Running","[NULL]","[NULL]"
23055,"MainThread",54845441971481,18282750,"S","[NULL]","[NULL]"
23055,"MainThread",54845460254231,118042,"R","[NULL]","[NULL]"
23055,"MainThread",54845460372273,535083,"Running","[NULL]","[NULL]"
23055,"MainThread",54845460907356,43000,"R+","[NULL]","[NULL]"
23055,"MainThread",54845460950356,85292,"Running","[NULL]","[NULL]"
23055,"MainThread",54845461035648,17665292,"S","[NULL]","[NULL]"
23055,"MainThread",54845478700940,115166,"R","[NULL]","[NULL]"
23055,"MainThread",54845478816106,2133875,"Running","[NULL]","[NULL]"
23055,"MainThread",54845480949981,11862959,"S","[NULL]","[NULL]"
23055,"MainThread",54845492812940,265541,"R","[NULL]","[NULL]"
23055,"MainThread",54845493078481,637375,"Running","[NULL]","[NULL]"
23055,"MainThread",54845493715856,15948709,"S","[NULL]","[NULL]"
23055,"MainThread",54845509664565,259250,"R","[NULL]","[NULL]"
23055,"MainThread",54845509923815,441791,"Running","[NULL]","[NULL]"
23055,"MainThread",54845510365606,29625,"R+","[NULL]","[NULL]"
23055,"MainThread",54845510395231,69584,"Running","[NULL]","[NULL]"
23055,"MainThread",54845510464815,17955166,"S","[NULL]","[NULL]"
23055,"MainThread",54845528419981,110834,"R","[NULL]","[NULL]"
23055,"MainThread",54845528530815,444750,"Running","[NULL]","[NULL]"
23055,"MainThread",54845528975565,109458,"R+","[NULL]","[NULL]"
23055,"MainThread",54845529085023,77375,"Running","[NULL]","[NULL]"
23055,"MainThread",54845529162398,12472458,"S","[NULL]","[NULL]"
23055,"MainThread",54845541634856,122459,"R","[NULL]","[NULL]"
23055,"MainThread",54845541757315,391375,"Running","[NULL]","[NULL]"
23055,"MainThread",54845542148690,26666,"R+","[NULL]","[NULL]"
23055,"MainThread",54845542175356,64292,"Running","[NULL]","[NULL]"
23055,"MainThread",54845542239648,20764208,"S","[NULL]","[NULL]"
23055,"MainThread",54845563003856,401125,"R","[NULL]","[NULL]"
23055,"MainThread",54845563404981,376292,"Running","[NULL]","[NULL]"
23055,"MainThread",54845563781273,13602875,"S","[NULL]","[NULL]"
23055,"MainThread",54845577384148,78500,"R","[NULL]","[NULL]"
23055,"MainThread",54845577462648,359625,"Running","[NULL]","[NULL]"
23055,"MainThread",54845577822273,18738792,"S","[NULL]","[NULL]"
23055,"MainThread",54845596561065,190125,"R","[NULL]","[NULL]"
23055,"MainThread",54845596751190,479875,"Running","[NULL]","[NULL]"
23055,"MainThread",54845597231065,46833,"R+","[NULL]","[NULL]"
23055,"MainThread",54845597277898,68333,"Running","[NULL]","[NULL]"
23055,"MainThread",54845597346231,11812584,"S","[NULL]","[NULL]"
23055,"MainThread",54845609158815,195250,"R","[NULL]","[NULL]"
23055,"MainThread",54845609354065,263500,"Running","[NULL]","[NULL]"
23055,"MainThread",54845609617565,15320125,"S","[NULL]","[NULL]"
23055,"MainThread",54845624937690,191666,"R","[NULL]","[NULL]"
23055,"MainThread",54845625129356,5337209,"Running","[NULL]","[NULL]"
23055,"MainThread",54845630466565,25250,"R+","[NULL]","[NULL]"
23055,"MainThread",54845630491815,41833,"Running","[NULL]","[NULL]"
23055,"MainThread",54845630533648,14210542,"S","[NULL]","[NULL]"
23055,"MainThread",54845644744190,121375,"R","[NULL]","[NULL]"
23055,"MainThread",54845644865565,857583,"Running","[NULL]","[NULL]"
23055,"MainThread",54845645723148,16434458,"S","[NULL]","[NULL]"
23055,"MainThread",54845662157606,111125,"R","[NULL]","[NULL]"
23055,"MainThread",54845662268731,696959,"Running","[NULL]","[NULL]"
23055,"MainThread",54845662965690,34708,"R+","[NULL]","[NULL]"
23055,"MainThread",54845663000398,111292,"Running","[NULL]","[NULL]"
23055,"MainThread",54845663111690,14003666,"S","[NULL]","[NULL]"
23055,"MainThread",54845677115356,207500,"R","[NULL]","[NULL]"
23055,"MainThread",54845677322856,749417,"Running","[NULL]","[NULL]"
23055,"MainThread",54845678072273,39375,"R+","[NULL]","[NULL]"
23055,"MainThread",54845678111648,240125,"Running","[NULL]","[NULL]"
23055,"MainThread",54845678351773,14178542,"S","[NULL]","[NULL]"
23055,"MainThread",54845692530315,450083,"R","[NULL]","[NULL]"
23055,"MainThread",54845692980398,1197625,"Running","[NULL]","[NULL]"
23055,"MainThread",54845694178023,31125,"R+","[NULL]","[NULL]"
23055,"MainThread",54845694209148,315042,"Running","[NULL]","[NULL]"
23055,"MainThread",54845694524190,15205375,"S","[NULL]","[NULL]"
23055,"MainThread",54845709729565,58667,"R","[NULL]","[NULL]"
23055,"MainThread",54845709788232,492500,"Running","[NULL]","[NULL]"
23055,"MainThread",54845710280732,67583,"R+","[NULL]","[NULL]"
23055,"MainThread",54845710348315,81708,"Running","[NULL]","[NULL]"
23055,"MainThread",54845710430023,15442959,"S","[NULL]","[NULL]"
23055,"MainThread",54845725872982,43416,"R","[NULL]","[NULL]"
23055,"MainThread",54845725916398,285500,"Running","[NULL]","[NULL]"
23055,"MainThread",54845726201898,19301125,"S","[NULL]","[NULL]"
23055,"MainThread",54845745503023,252000,"R","[NULL]","[NULL]"
23055,"MainThread",54845745755023,714084,"Running","[NULL]","[NULL]"
23055,"MainThread",54845746469107,250416,"R+","[NULL]","[NULL]"
23055,"MainThread",54845746719523,120584,"Running","[NULL]","[NULL]"
23055,"MainThread",54845746840107,14216416,"S","[NULL]","[NULL]"
23055,"MainThread",54845761056523,165750,"R","[NULL]","[NULL]"
23055,"MainThread",54845761222273,349167,"Running","[NULL]","[NULL]"
23055,"MainThread",54845761571440,17323292,"S","[NULL]","[NULL]"
23055,"MainThread",54845778894732,77166,"R","[NULL]","[NULL]"
23055,"MainThread",54845778971898,508792,"Running","[NULL]","[NULL]"
23055,"MainThread",54845779480690,41750,"R+","[NULL]","[NULL]"
23055,"MainThread",54845779522440,121875,"Running","[NULL]","[NULL]"
23055,"MainThread",54845779644315,12001792,"S","[NULL]","[NULL]"
23055,"MainThread",54845791646107,112375,"R","[NULL]","[NULL]"
23055,"MainThread",54845791758482,474791,"Running","[NULL]","[NULL]"
23055,"MainThread",54845792233273,32959,"R+","[NULL]","[NULL]"
23055,"MainThread",54845792266232,82083,"Running","[NULL]","[NULL]"
23055,"MainThread",54845792348315,15504375,"S","[NULL]","[NULL]"
23055,"MainThread",54845807852690,136875,"R","[NULL]","[NULL]"
23055,"MainThread",54845807989565,128292,"Running","[NULL]","[NULL]"
23055,"MainThread",54845808117857,167916,"R","[NULL]","[NULL]"
23055,"MainThread",54845808285773,368667,"Running","[NULL]","[NULL]"
23055,"MainThread",54845808654440,15893375,"S","[NULL]","[NULL]"
23055,"MainThread",54845824547815,77708,"R","[NULL]","[NULL]"
23055,"MainThread",54845824625523,146042,"Running","[NULL]","[NULL]"
23055,"MainThread",54845824771565,13833,"R+","[NULL]","[NULL]"
23055,"MainThread",54845824785398,33875,"Running","[NULL]","[NULL]"
23055,"MainThread",54845824819273,23311917,"S","[NULL]","[NULL]"
23055,"MainThread",54845848131190,77875,"R","[NULL]","[NULL]"
23055,"MainThread",54845848209065,178750,"Running","[NULL]","[NULL]"
23055,"MainThread",54845848387815,11417,"R+","[NULL]","[NULL]"
23055,"MainThread",54845848399232,36791,"Running","[NULL]","[NULL]"
23055,"MainThread",54845848436023,13949625,"S","[NULL]","[NULL]"
23055,"MainThread",54845862385648,127500,"R","[NULL]","[NULL]"
23055,"MainThread",54845862513148,154209,"Running","[NULL]","[NULL]"
23055,"MainThread",54845862667357,12008500,"S","[NULL]","[NULL]"
23055,"MainThread",54845874675857,82166,"R","[NULL]","[NULL]"
23055,"MainThread",54845874758023,162959,"Running","[NULL]","[NULL]"
23055,"MainThread",54845874920982,16278291,"S","[NULL]","[NULL]"
23055,"MainThread",54845891199273,91917,"R","[NULL]","[NULL]"
23055,"MainThread",54845891291190,145250,"Running","[NULL]","[NULL]"
23055,"MainThread",54845891436440,16378250,"S","[NULL]","[NULL]"
23055,"MainThread",54845907814690,88208,"R","[NULL]","[NULL]"
23055,"MainThread",54845907902898,337750,"Running","[NULL]","[NULL]"
23055,"MainThread",54845908240648,16803750,"S","[NULL]","[NULL]"
23055,"MainThread",54845925044398,78000,"R","[NULL]","[NULL]"
23055,"MainThread",54845925122398,160125,"Running","[NULL]","[NULL]"
23055,"MainThread",54845925282523,17598584,"S","[NULL]","[NULL]"
23055,"MainThread",54845942881107,128250,"R","[NULL]","[NULL]"
23055,"MainThread",54845943009357,85250,"Running","[NULL]","[NULL]"
23055,"MainThread",54845943094607,14888833,"S","[NULL]","[NULL]"
23055,"MainThread",54845957983440,92292,"R","[NULL]","[NULL]"
23055,"MainThread",54845958075732,167791,"Running","[NULL]","[NULL]"
23055,"MainThread",54845958243523,17748875,"S","[NULL]","[NULL]"
23055,"MainThread",54845975992398,189834,"R","[NULL]","[NULL]"
23055,"MainThread",54845976182232,45791,"Running","[NULL]","[NULL]"
23055,"MainThread",54845976228023,10334,"R+","[NULL]","[NULL]"
23055,"MainThread",54845976238357,17166,"Running","[NULL]","[NULL]"
23055,"MainThread",54845976255523,16229084,"S","[NULL]","[NULL]"
23055,"MainThread",54845992484607,97375,"R","[NULL]","[NULL]"
23055,"MainThread",54845992581982,211875,"Running","[NULL]","[NULL]"
23055,"MainThread",54845992793857,15550458,"S","[NULL]","[NULL]"
23055,"MainThread",54846008344315,85708,"R","[NULL]","[NULL]"
23055,"MainThread",54846008430023,166125,"Running","[NULL]","[NULL]"
23055,"MainThread",54846008596148,16341709,"S","[NULL]","[NULL]"
23055,"MainThread",54846024937857,90458,"R","[NULL]","[NULL]"
23055,"MainThread",54846025028315,172250,"Running","[NULL]","[NULL]"
23055,"MainThread",54846025200565,16521667,"S","[NULL]","[NULL]"
23055,"MainThread",54846041722232,155583,"R","[NULL]","[NULL]"
23055,"MainThread",54846041877815,176542,"Running","[NULL]","[NULL]"
23055,"MainThread",54846042054357,15836166,"S","[NULL]","[NULL]"
23055,"MainThread",54846057890523,81667,"R","[NULL]","[NULL]"
23055,"MainThread",54846057972190,175083,"Running","[NULL]","[NULL]"
23055,"MainThread",54846058147273,16622084,"S","[NULL]","[NULL]"
23055,"MainThread",54846074769357,165708,"R","[NULL]","[NULL]"
23055,"MainThread",54846074935065,907750,"Running","[NULL]","[NULL]"
23055,"MainThread",54846075842815,15623042,"S","[NULL]","[NULL]"
23055,"MainThread",54846091465857,113750,"R","[NULL]","[NULL]"
23055,"MainThread",54846091579607,705041,"Running","[NULL]","[NULL]"
23055,"MainThread",54846092284648,17926792,"S","[NULL]","[NULL]"
23055,"MainThread",54846110211440,102500,"R","[NULL]","[NULL]"
23055,"MainThread",54846110313940,262250,"Running","[NULL]","[NULL]"
23055,"MainThread",54846110576190,19217417,"S","[NULL]","[NULL]"
23055,"MainThread",54846129793607,240375,"R","[NULL]","[NULL]"
23055,"MainThread",54846130033982,230708,"Running","[NULL]","[NULL]"
23055,"MainThread",54846130264690,16107000,"S","[NULL]","[NULL]"
23055,"MainThread",54846146371690,216208,"R","[NULL]","[NULL]"
23055,"MainThread",54846146587898,461334,"Running","[NULL]","[NULL]"
23055,"MainThread",54846147049232,14233791,"S","[NULL]","[NULL]"
23055,"MainThread",54846161283023,1037667,"R","[NULL]","[NULL]"
23055,"MainThread",54846162320690,454583,"Running","[NULL]","[NULL]"
23055,"MainThread",54846162775273,14577625,"S","[NULL]","[NULL]"
23055,"MainThread",54846177352898,1675292,"R","[NULL]","[NULL]"
23055,"MainThread",54846179028190,601583,"Running","[NULL]","[NULL]"
23055,"MainThread",54846179629773,13290125,"S","[NULL]","[NULL]"
23055,"MainThread",54846192919898,379750,"R","[NULL]","[NULL]"
23055,"MainThread",54846193299648,786000,"Running","[NULL]","[NULL]"
23055,"MainThread",54846194085648,15723709,"S","[NULL]","[NULL]"
23055,"MainThread",54846209809357,619000,"R","[NULL]","[NULL]"
23055,"MainThread",54846210428357,489750,"Running","[NULL]","[NULL]"
23055,"MainThread",54846210918107,63208,"R+","[NULL]","[NULL]"
23055,"MainThread",54846210981315,99167,"Running","[NULL]","[NULL]"
23055,"MainThread",54846211080482,14403166,"S","[NULL]","[NULL]"
23055,"MainThread",54846225483648,51667,"R","[NULL]","[NULL]"
23055,"MainThread",54846225535315,298167,"Running","[NULL]","[NULL]"
23055,"MainThread",54846225833482,21867125,"S","[NULL]","[NULL]"
23055,"MainThread",54846247700607,667333,"R","[NULL]","[NULL]"
23055,"MainThread",54846248367940,391833,"Running","[NULL]","[NULL]"
23055,"MainThread",54846248759773,13578334,"S","[NULL]","[NULL]"
23055,"MainThread",54846262338107,348458,"R","[NULL]","[NULL]"
23055,"MainThread",54846262686565,170042,"Running","[NULL]","[NULL]"
23055,"MainThread",54846262856607,22166,"R+","[NULL]","[NULL]"
23055,"MainThread",54846262878773,51750,"Running","[NULL]","[NULL]"
23055,"MainThread",54846262930523,15052417,"S","[NULL]","[NULL]"
23055,"MainThread",54846277982940,70083,"R","[NULL]","[NULL]"
23055,"MainThread",54846278053023,352167,"Running","[NULL]","[NULL]"
23055,"MainThread",54846278405190,13284958,"S","[NULL]","[NULL]"
23055,"MainThread",54846291690148,39834,"R","[NULL]","[NULL]"
23055,"MainThread",54846291729982,256833,"Running","[NULL]","[NULL]"
23055,"MainThread",54846291986815,181917,"R+","[NULL]","[NULL]"
23055,"MainThread",54846292168732,73041,"Running","[NULL]","[NULL]"
23055,"MainThread",54846292241773,18161917,"S","[NULL]","[NULL]"
23055,"MainThread",54846310403690,152583,"R","[NULL]","[NULL]"
23055,"MainThread",54846310556273,518334,"Running","[NULL]","[NULL]"
23055,"MainThread",54846311074607,13986375,"S","[NULL]","[NULL]"
23055,"MainThread",54846325060982,110583,"R","[NULL]","[NULL]"
23055,"MainThread",54846325171565,415167,"Running","[NULL]","[NULL]"
23055,"MainThread",54846325586732,16825000,"S","[NULL]","[NULL]"
23055,"MainThread",54846342411732,745750,"R","[NULL]","[NULL]"
23055,"MainThread",54846343157482,1036500,"Running","[NULL]","[NULL]"
23055,"MainThread",54846344193982,14566416,"S","[NULL]","[NULL]"
23055,"MainThread",54846358760398,722000,"R","[NULL]","[NULL]"
23055,"MainThread",54846359482398,816917,"Running","[NULL]","[NULL]"
23055,"MainThread",54846360299315,20668958,"S","[NULL]","[NULL]"
23055,"MainThread",54846380968273,317250,"R","[NULL]","[NULL]"
23055,"MainThread",54846381285523,280959,"Running","[NULL]","[NULL]"
23055,"MainThread",54846381566482,22875,"R+","[NULL]","[NULL]"
23055,"MainThread",54846381589357,64166,"Running","[NULL]","[NULL]"
23055,"MainThread",54846381653523,10485417,"S","[NULL]","[NULL]"
23055,"MainThread",54846392138940,156042,"R","[NULL]","[NULL]"
23055,"MainThread",54846392294982,212166,"Running","[NULL]","[NULL]"
23055,"MainThread",54846392507148,16217376,"S","[NULL]","[NULL]"
23055,"MainThread",54846408724524,205458,"R","[NULL]","[NULL]"
23055,"MainThread",54846408929982,173542,"Running","[NULL]","[NULL]"
23055,"MainThread",54846409103524,25021875,"S","[NULL]","[NULL]"
23055,"MainThread",54846434125399,137333,"R","[NULL]","[NULL]"
23055,"MainThread",54846434262732,252708,"Running","[NULL]","[NULL]"
23055,"MainThread",54846434515440,6716000,"S","[NULL]","[NULL]"
23055,"MainThread",54846441231440,152584,"R","[NULL]","[NULL]"
23055,"MainThread",54846441384024,183208,"Running","[NULL]","[NULL]"
23055,"MainThread",54846441567232,16524833,"S","[NULL]","[NULL]"
23055,"MainThread",54846458092065,138792,"R","[NULL]","[NULL]"
23055,"MainThread",54846458230857,190458,"Running","[NULL]","[NULL]"
23055,"MainThread",54846458421315,18552084,"S","[NULL]","[NULL]"
23055,"MainThread",54846476973399,90125,"R","[NULL]","[NULL]"
23055,"MainThread",54846477063524,102166,"Running","[NULL]","[NULL]"
23055,"MainThread",54846477165690,11709,"R+","[NULL]","[NULL]"
23055,"MainThread",54846477177399,46875,"Running","[NULL]","[NULL]"
23055,"MainThread",54846477224274,18512250,"S","[NULL]","[NULL]"
23055,"MainThread",54846495736524,29000,"R","[NULL]","[NULL]"
23055,"MainThread",54846495765524,157166,"Running","[NULL]","[NULL]"
23055,"MainThread",54846495922690,14554042,"S","[NULL]","[NULL]"
23055,"MainThread",54846510476732,151292,"R","[NULL]","[NULL]"
23055,"MainThread",54846510628024,331833,"Running","[NULL]","[NULL]"
23055,"MainThread",54846510959857,14148125,"S","[NULL]","[NULL]"
23055,"MainThread",54846525107982,189917,"R","[NULL]","[NULL]"
23055,"MainThread",54846525297899,219250,"Running","[NULL]","[NULL]"
23055,"MainThread",54846525517149,22047166,"S","[NULL]","[NULL]"
23055,"MainThread",54846547564315,318834,"R","[NULL]","[NULL]"
23055,"MainThread",54846547883149,458958,"Running","[NULL]","[NULL]"
23055,"MainThread",54846548342107,11583,"R","[NULL]","[NULL]"
23055,"MainThread",54846548353690,165875,"Running","[NULL]","[NULL]"
23055,"MainThread",54846548519565,11813584,"S","[NULL]","[NULL]"
23055,"MainThread",54846560333149,169541,"R","[NULL]","[NULL]"
23055,"MainThread",54846560502690,94500,"Running","[NULL]","[NULL]"
23055,"MainThread",54846560597190,20917,"R+","[NULL]","[NULL]"
23055,"MainThread",54846560618107,29167,"Running","[NULL]","[NULL]"
23055,"MainThread",54846560647274,15728583,"S","[NULL]","[NULL]"
23055,"MainThread",54846576375857,206000,"R","[NULL]","[NULL]"
23055,"MainThread",54846576581857,230500,"Running","[NULL]","[NULL]"
23055,"MainThread",54846576812357,27042,"R+","[NULL]","[NULL]"
23055,"MainThread",54846576839399,39625,"Running","[NULL]","[NULL]"
23055,"MainThread",54846576879024,17818875,"S","[NULL]","[NULL]"
23055,"MainThread",54846594697899,627291,"R","[NULL]","[NULL]"
23055,"MainThread",54846595325190,360084,"Running","[NULL]","[NULL]"
23055,"MainThread",54846595685274,12875208,"S","[NULL]","[NULL]"
23055,"MainThread",54846608560482,121542,"R","[NULL]","[NULL]"
23055,"MainThread",54846608682024,613958,"Running","[NULL]","[NULL]"
23055,"MainThread",54846609295982,20607750,"S","[NULL]","[NULL]"
23055,"MainThread",54846629903732,79625,"R","[NULL]","[NULL]"
23055,"MainThread",54846629983357,747500,"Running","[NULL]","[NULL]"
23055,"MainThread",54846630730857,16147833,"S","[NULL]","[NULL]"
23055,"MainThread",54846646878690,368667,"R","[NULL]","[NULL]"
23055,"MainThread",54846647247357,1909250,"Running","[NULL]","[NULL]"
23055,"MainThread",54846649156607,9423208,"S","[NULL]","[NULL]"
23055,"MainThread",54846658579815,115292,"R","[NULL]","[NULL]"
23055,"MainThread",54846658695107,363542,"Running","[NULL]","[NULL]"
23055,"MainThread",54846659058649,17298083,"S","[NULL]","[NULL]"
23055,"MainThread",54846676356732,112958,"R","[NULL]","[NULL]"
23055,"MainThread",54846676469690,626917,"Running","[NULL]","[NULL]"
23055,"MainThread",54846677096607,86875,"R+","[NULL]","[NULL]"
23055,"MainThread",54846677183482,133250,"Running","[NULL]","[NULL]"
23055,"MainThread",54846677316732,14165958,"S","[NULL]","[NULL]"
23055,"MainThread",54846691482690,190459,"R","[NULL]","[NULL]"
23055,"MainThread",54846691673149,1187083,"Running","[NULL]","[NULL]"
23055,"MainThread",54846692860232,53208,"R+","[NULL]","[NULL]"
23055,"MainThread",54846692913440,122042,"Running","[NULL]","[NULL]"
23055,"MainThread",54846693035482,17978333,"S","[NULL]","[NULL]"
23055,"MainThread",54846711013815,185084,"R","[NULL]","[NULL]"
23055,"MainThread",54846711198899,1102958,"Running","[NULL]","[NULL]"
23055,"MainThread",54846712301857,47958,"R+","[NULL]","[NULL]"
23055,"MainThread",54846712349815,95750,"Running","[NULL]","[NULL]"
23055,"MainThread",54846712445565,13649584,"S","[NULL]","[NULL]"
23055,"MainThread",54846726095149,122541,"R","[NULL]","[NULL]"
23055,"MainThread",54846726217690,736792,"Running","[NULL]","[NULL]"
23055,"MainThread",54846726954482,65583,"R+","[NULL]","[NULL]"
23055,"MainThread",54846727020065,101459,"Running","[NULL]","[NULL]"
23055,"MainThread",54846727121524,20380500,"S","[NULL]","[NULL]"
23055,"MainThread",54846747502024,376291,"R","[NULL]","[NULL]"
23055,"MainThread",54846747878315,761917,"Running","[NULL]","[NULL]"
23055,"MainThread",54846748640232,36042,"R+","[NULL]","[NULL]"
23055,"MainThread",54846748676274,75875,"Running","[NULL]","[NULL]"
23055,"MainThread",54846748752149,9353458,"S","[NULL]","[NULL]"
23055,"MainThread",54846758105607,183458,"R","[NULL]","[NULL]"
23055,"MainThread",54846758289065,291750,"Running","[NULL]","[NULL]"
23055,"MainThread",54846758580815,45167,"R+","[NULL]","[NULL]"
23055,"MainThread",54846758625982,67292,"Running","[NULL]","[NULL]"
23055,"MainThread",54846758693274,22309083,"S","[NULL]","[NULL]"
23055,"MainThread",54846781002357,208458,"R","[NULL]","[NULL]"
23055,"MainThread",54846781210815,695875,"Running","[NULL]","[NULL]"
23055,"MainThread",54846781906690,63750,"R+","[NULL]","[NULL]"
23055,"MainThread",54846781970440,91500,"Running","[NULL]","[NULL]"
23055,"MainThread",54846782061940,13545500,"S","[NULL]","[NULL]"
23055,"MainThread",54846795607440,254584,"R","[NULL]","[NULL]"
23055,"MainThread",54846795862024,435916,"Running","[NULL]","[NULL]"
23055,"MainThread",54846796297940,44542,"R+","[NULL]","[NULL]"
23055,"MainThread",54846796342482,79792,"Running","[NULL]","[NULL]"
23055,"MainThread",54846796422274,14351333,"S","[NULL]","[NULL]"
23055,"MainThread",54846810773607,316958,"R","[NULL]","[NULL]"
23055,"MainThread",54846811090565,229459,"Running","[NULL]","[NULL]"
23055,"MainThread",54846811320024,27416,"R+","[NULL]","[NULL]"
23055,"MainThread",54846811347440,54584,"Running","[NULL]","[NULL]"
23055,"MainThread",54846811402024,16038750,"S","[NULL]","[NULL]"
23055,"MainThread",54846827440774,45083,"R","[NULL]","[NULL]"
23055,"MainThread",54846827485857,258667,"Running","[NULL]","[NULL]"
23055,"MainThread",54846827744524,15402625,"S","[NULL]","[NULL]"
23055,"MainThread",54846843147149,471541,"R","[NULL]","[NULL]"
23055,"MainThread",54846843618690,542709,"Running","[NULL]","[NULL]"
23055,"MainThread",54846844161399,27375,"R+","[NULL]","[NULL]"
23055,"MainThread",54846844188774,84583,"Running","[NULL]","[NULL]"
23055,"MainThread",54846844273357,16977042,"S","[NULL]","[NULL]"
23055,"MainThread",54846861250399,102625,"R","[NULL]","[NULL]"
23055,"MainThread",54846861353024,74750,"Running","[NULL]","[NULL]"
23055,"MainThread",54846861427774,25166,"R+","[NULL]","[NULL]"
23055,"MainThread",54846861452940,21375,"Running","[NULL]","[NULL]"
23055,"MainThread",54846861474315,13221209,"S","[NULL]","[NULL]"
23055,"MainThread",54846874695524,129333,"R","[NULL]","[NULL]"
23055,"MainThread",54846874824857,148083,"Running","[NULL]","[NULL]"
23055,"MainThread",54846874972940,16499375,"S","[NULL]","[NULL]"
23055,"MainThread",54846891472315,178792,"R","[NULL]","[NULL]"
23055,"MainThread",54846891651107,163750,"Running","[NULL]","[NULL]"
23055,"MainThread",54846891814857,25042,"R+","[NULL]","[NULL]"
23055,"MainThread",54846891839899,69500,"Running","[NULL]","[NULL]"
23055,"MainThread",54846891909399,15924875,"S","[NULL]","[NULL]"
23055,"MainThread",54846907834274,1258833,"R","[NULL]","[NULL]"
23055,"MainThread",54846909093107,311375,"Running","[NULL]","[NULL]"
23055,"MainThread",54846909404482,15090375,"S","[NULL]","[NULL]"
23055,"MainThread",54846924494857,75875,"R","[NULL]","[NULL]"
23055,"MainThread",54846924570732,283208,"Running","[NULL]","[NULL]"
23055,"MainThread",54846924853940,16451875,"S","[NULL]","[NULL]"
23055,"MainThread",54846941305815,111000,"R","[NULL]","[NULL]"
23055,"MainThread",54846941416815,166834,"Running","[NULL]","[NULL]"
23055,"MainThread",54846941583649,16827708,"S","[NULL]","[NULL]"
23055,"MainThread",54846958411357,241542,"R","[NULL]","[NULL]"
23055,"MainThread",54846958652899,157916,"Running","[NULL]","[NULL]"
23055,"MainThread",54846958810815,16029000,"S","[NULL]","[NULL]"
23055,"MainThread",54846974839815,263584,"R","[NULL]","[NULL]"
23055,"MainThread",54846975103399,194291,"Running","[NULL]","[NULL]"
23055,"MainThread",54846975297690,16321084,"S","[NULL]","[NULL]"
23055,"MainThread",54846991618774,187333,"R","[NULL]","[NULL]"
23055,"MainThread",54846991806107,181500,"Running","[NULL]","[NULL]"
23055,"MainThread",54846991987607,18397500,"S","[NULL]","[NULL]"
23055,"MainThread",54847010385107,147125,"R","[NULL]","[NULL]"
23055,"MainThread",54847010532232,634625,"Running","[NULL]","[NULL]"
23055,"MainThread",54847011166857,13863958,"S","[NULL]","[NULL]"
23055,"MainThread",54847025030815,115292,"R","[NULL]","[NULL]"
23055,"MainThread",54847025146107,355958,"Running","[NULL]","[NULL]"
23055,"MainThread",54847025502065,21896667,"S","[NULL]","[NULL]"
23055,"MainThread",54847047398732,304292,"R","[NULL]","[NULL]"
23055,"MainThread",54847047703024,692958,"Running","[NULL]","[NULL]"
23055,"MainThread",54847048395982,12913125,"S","[NULL]","[NULL]"
23055,"MainThread",54847061309107,137292,"R","[NULL]","[NULL]"
23055,"MainThread",54847061446399,404166,"Running","[NULL]","[NULL]"
23055,"MainThread",54847061850565,15947750,"S","[NULL]","[NULL]"
23055,"MainThread",54847077798315,133042,"R","[NULL]","[NULL]"
23055,"MainThread",54847077931357,465917,"Running","[NULL]","[NULL]"
23055,"MainThread",54847078397274,14451833,"S","[NULL]","[NULL]"
23055,"MainThread",54847092849107,17167,"R","[NULL]","[NULL]"
23055,"MainThread",54847092866274,170958,"Running","[NULL]","[NULL]"
23055,"MainThread",54847093037232,429000,"R","[NULL]","[NULL]"
23055,"MainThread",54847093466232,378167,"Running","[NULL]","[NULL]"
23055,"MainThread",54847093844399,17177667,"S","[NULL]","[NULL]"
23055,"MainThread",54847111022066,487791,"R","[NULL]","[NULL]"
23055,"MainThread",54847111509857,456959,"Running","[NULL]","[NULL]"
23055,"MainThread",54847111966816,17412791,"S","[NULL]","[NULL]"
23055,"MainThread",54847129379607,545834,"R","[NULL]","[NULL]"
23055,"MainThread",54847129925441,627666,"Running","[NULL]","[NULL]"
23055,"MainThread",54847130553107,11203209,"S","[NULL]","[NULL]"
23055,"MainThread",54847141756316,209666,"R","[NULL]","[NULL]"
23055,"MainThread",54847141965982,389709,"Running","[NULL]","[NULL]"
23055,"MainThread",54847142355691,21059083,"S","[NULL]","[NULL]"
23055,"MainThread",54847163414774,58208,"R","[NULL]","[NULL]"
23055,"MainThread",54847163472982,78917,"Running","[NULL]","[NULL]"
23055,"MainThread",54847163551899,93792,"R","[NULL]","[NULL]"
23055,"MainThread",54847163645691,1769291,"Running","[NULL]","[NULL]"
23055,"MainThread",54847165414982,12909959,"S","[NULL]","[NULL]"
23055,"MainThread",54847178324941,311416,"R","[NULL]","[NULL]"
23055,"MainThread",54847178636357,516667,"Running","[NULL]","[NULL]"
23055,"MainThread",54847179153024,17348625,"S","[NULL]","[NULL]"
23055,"MainThread",54847196501649,216667,"R","[NULL]","[NULL]"
23055,"MainThread",54847196718316,528541,"Running","[NULL]","[NULL]"
23055,"MainThread",54847197246857,13380917,"S","[NULL]","[NULL]"
23055,"MainThread",54847210627774,188583,"R","[NULL]","[NULL]"
23055,"MainThread",54847210816357,231625,"Running","[NULL]","[NULL]"
23055,"MainThread",54847211047982,17315000,"S","[NULL]","[NULL]"
23055,"MainThread",54847228362982,114750,"R","[NULL]","[NULL]"
23055,"MainThread",54847228477732,163417,"Running","[NULL]","[NULL]"
23055,"MainThread",54847228641149,342792,"R+","[NULL]","[NULL]"
23055,"MainThread",54847228983941,534166,"Running","[NULL]","[NULL]"
23055,"MainThread",54847229518107,154042,"R+","[NULL]","[NULL]"
23055,"MainThread",54847229672149,92000,"Running","[NULL]","[NULL]"
23055,"MainThread",54847229764149,12509792,"S","[NULL]","[NULL]"
23055,"MainThread",54847242273941,58916,"R","[NULL]","[NULL]"
23055,"MainThread",54847242332857,459084,"Running","[NULL]","[NULL]"
23055,"MainThread",54847242791941,24795208,"S","[NULL]","[NULL]"
23055,"MainThread",54847267587149,508125,"R","[NULL]","[NULL]"
23055,"MainThread",54847268095274,579958,"Running","[NULL]","[NULL]"
23055,"MainThread",54847268675232,41125,"R+","[NULL]","[NULL]"
23055,"MainThread",54847268716357,59042,"Running","[NULL]","[NULL]"
23055,"MainThread",54847268775399,8366750,"S","[NULL]","[NULL]"
23055,"MainThread",54847277142149,226958,"R","[NULL]","[NULL]"
23055,"MainThread",54847277369107,67542,"Running","[NULL]","[NULL]"
23055,"MainThread",54847277436649,15167,"R+","[NULL]","[NULL]"
23055,"MainThread",54847277451816,17958,"Running","[NULL]","[NULL]"
23055,"MainThread",54847277469774,14635583,"S","[NULL]","[NULL]"
23055,"MainThread",54847292105357,473750,"R","[NULL]","[NULL]"
23055,"MainThread",54847292579107,194459,"Running","[NULL]","[NULL]"
23055,"MainThread",54847292773566,20125,"R+","[NULL]","[NULL]"
23055,"MainThread",54847292793691,49500,"Running","[NULL]","[NULL]"
23055,"MainThread",54847292843191,21001333,"S","[NULL]","[NULL]"
23055,"MainThread",54847313844524,378125,"R","[NULL]","[NULL]"
23055,"MainThread",54847314222649,523375,"Running","[NULL]","[NULL]"
23055,"MainThread",54847314746024,118875,"R+","[NULL]","[NULL]"
23055,"MainThread",54847314864899,75333,"Running","[NULL]","[NULL]"
23055,"MainThread",54847314940232,12863209,"S","[NULL]","[NULL]"
23055,"MainThread",54847327803441,669416,"R","[NULL]","[NULL]"
23055,"MainThread",54847328472857,432459,"Running","[NULL]","[NULL]"
23055,"MainThread",54847328905316,18573875,"S","[NULL]","[NULL]"
23055,"MainThread",54847347479191,303166,"R","[NULL]","[NULL]"
23055,"MainThread",54847347782357,634959,"Running","[NULL]","[NULL]"
23055,"MainThread",54847348417316,8208,"R","[NULL]","[NULL]"
23055,"MainThread",54847348425524,84583,"Running","[NULL]","[NULL]"
23055,"MainThread",54847348510107,30292,"R+","[NULL]","[NULL]"
23055,"MainThread",54847348540399,58500,"Running","[NULL]","[NULL]"
23055,"MainThread",54847348598899,11235792,"S","[NULL]","[NULL]"
23055,"MainThread",54847359834691,126166,"R","[NULL]","[NULL]"
23055,"MainThread",54847359960857,208667,"Running","[NULL]","[NULL]"
23055,"MainThread",54847360169524,11500,"R+","[NULL]","[NULL]"
23055,"MainThread",54847360181024,25625,"Running","[NULL]","[NULL]"
23055,"MainThread",54847360206649,22973083,"S","[NULL]","[NULL]"
23055,"MainThread",54847383179732,89667,"R","[NULL]","[NULL]"
23055,"MainThread",54847383269399,535333,"Running","[NULL]","[NULL]"
23055,"MainThread",54847383804732,10523209,"S","[NULL]","[NULL]"
23055,"MainThread",54847394327941,246583,"R","[NULL]","[NULL]"
23055,"MainThread",54847394574524,503917,"Running","[NULL]","[NULL]"
23055,"MainThread",54847395078441,56083,"R+","[NULL]","[NULL]"
23055,"MainThread",54847395134524,297542,"Running","[NULL]","[NULL]"
23055,"MainThread",54847395432066,13333916,"S","[NULL]","[NULL]"
23055,"MainThread",54847408765982,110709,"R","[NULL]","[NULL]"
23055,"MainThread",54847408876691,337375,"Running","[NULL]","[NULL]"
23055,"MainThread",54847409214066,16762666,"S","[NULL]","[NULL]"
23055,"MainThread",54847425976732,43209,"R","[NULL]","[NULL]"
23055,"MainThread",54847426019941,46000,"Running","[NULL]","[NULL]"
23055,"MainThread",54847426065941,87125,"R","[NULL]","[NULL]"
23055,"MainThread",54847426153066,362291,"Running","[NULL]","[NULL]"
23055,"MainThread",54847426515357,22745917,"S","[NULL]","[NULL]"
23055,"MainThread",54847449261274,156917,"R","[NULL]","[NULL]"
23055,"MainThread",54847449418191,812375,"Running","[NULL]","[NULL]"
23055,"MainThread",54847450230566,50166,"R+","[NULL]","[NULL]"
23055,"MainThread",54847450280732,67167,"Running","[NULL]","[NULL]"
23055,"MainThread",54847450347899,8490792,"S","[NULL]","[NULL]"
23055,"MainThread",54847458838691,523125,"R","[NULL]","[NULL]"
23055,"MainThread",54847459361816,343916,"Running","[NULL]","[NULL]"
23055,"MainThread",54847459705732,31542,"R+","[NULL]","[NULL]"
23055,"MainThread",54847459737274,59292,"Running","[NULL]","[NULL]"
23055,"MainThread",54847459796566,15924625,"S","[NULL]","[NULL]"
23055,"MainThread",54847475721191,188291,"R","[NULL]","[NULL]"
23055,"MainThread",54847475909482,667709,"Running","[NULL]","[NULL]"
23055,"MainThread",54847476577191,17924291,"S","[NULL]","[NULL]"
23055,"MainThread",54847494501482,117875,"R","[NULL]","[NULL]"
23055,"MainThread",54847494619357,425542,"Running","[NULL]","[NULL]"
23055,"MainThread",54847495044899,13536292,"S","[NULL]","[NULL]"
23055,"MainThread",54847508581191,147625,"R","[NULL]","[NULL]"
23055,"MainThread",54847508728816,376583,"Running","[NULL]","[NULL]"
23055,"MainThread",54847509105399,31125,"R+","[NULL]","[NULL]"
23055,"MainThread",54847509136524,74792,"Running","[NULL]","[NULL]"
23055,"MainThread",54847509211316,18145083,"S","[NULL]","[NULL]"
23055,"MainThread",54847527356399,486667,"R","[NULL]","[NULL]"
23055,"MainThread",54847527843066,782041,"Running","[NULL]","[NULL]"
23055,"MainThread",54847528625107,16865084,"S","[NULL]","[NULL]"
23055,"MainThread",54847545490191,537208,"R","[NULL]","[NULL]"
23055,"MainThread",54847546027399,306125,"Running","[NULL]","[NULL]"
23055,"MainThread",54847546333524,33417,"R+","[NULL]","[NULL]"
23055,"MainThread",54847546366941,93875,"Running","[NULL]","[NULL]"
23055,"MainThread",54847546460816,16236041,"S","[NULL]","[NULL]"
23055,"MainThread",54847562696857,937292,"R","[NULL]","[NULL]"
23055,"MainThread",54847563634149,305833,"Running","[NULL]","[NULL]"
23055,"MainThread",54847563939982,41792,"R+","[NULL]","[NULL]"
23055,"MainThread",54847563981774,442500,"Running","[NULL]","[NULL]"
23055,"MainThread",54847564424274,13952833,"S","[NULL]","[NULL]"
23055,"MainThread",54847578377107,399209,"R","[NULL]","[NULL]"
23055,"MainThread",54847578776316,596916,"Running","[NULL]","[NULL]"
23055,"MainThread",54847579373232,14709000,"S","[NULL]","[NULL]"
23055,"MainThread",54847594082232,213459,"R","[NULL]","[NULL]"
23055,"MainThread",54847594295691,837291,"Running","[NULL]","[NULL]"
23055,"MainThread",54847595132982,14222334,"S","[NULL]","[NULL]"
23055,"MainThread",54847609355316,665708,"R","[NULL]","[NULL]"
23055,"MainThread",54847610021024,1573042,"Running","[NULL]","[NULL]"
23055,"MainThread",54847611594066,111250,"R+","[NULL]","[NULL]"
23055,"MainThread",54847611705316,126333,"Running","[NULL]","[NULL]"
23055,"MainThread",54847611831649,16675542,"S","[NULL]","[NULL]"
23055,"MainThread",54847628507191,504125,"R","[NULL]","[NULL]"
23055,"MainThread",54847629011316,312208,"Running","[NULL]","[NULL]"
23055,"MainThread",54847629323524,47958,"R+","[NULL]","[NULL]"
23055,"MainThread",54847629371482,63334,"Running","[NULL]","[NULL]"
23055,"MainThread",54847629434816,12212000,"S","[NULL]","[NULL]"
23055,"MainThread",54847641646816,394333,"R","[NULL]","[NULL]"
23055,"MainThread",54847642041149,431042,"Running","[NULL]","[NULL]"
23055,"MainThread",54847642472191,20660958,"S","[NULL]","[NULL]"
23055,"MainThread",54847663133149,198625,"R","[NULL]","[NULL]"
23055,"MainThread",54847663331774,338000,"Running","[NULL]","[NULL]"
23055,"MainThread",54847663669774,14931958,"S","[NULL]","[NULL]"
23055,"MainThread",54847678601732,233959,"R","[NULL]","[NULL]"
23055,"MainThread",54847678835691,333458,"Running","[NULL]","[NULL]"
23055,"MainThread",54847679169149,13360917,"S","[NULL]","[NULL]"
23055,"MainThread",54847692530066,310500,"R","[NULL]","[NULL]"
23055,"MainThread",54847692840566,165625,"Running","[NULL]","[NULL]"
23055,"MainThread",54847693006191,24083,"R+","[NULL]","[NULL]"
23055,"MainThread",54847693030274,51917,"Running","[NULL]","[NULL]"
23055,"MainThread",54847693082191,15334083,"S","[NULL]","[NULL]"
23055,"MainThread",54847708416274,178458,"R","[NULL]","[NULL]"
23055,"MainThread",54847708594732,486375,"Running","[NULL]","[NULL]"
23055,"MainThread",54847709081107,20891750,"S","[NULL]","[NULL]"
23055,"MainThread",54847729972857,181375,"R","[NULL]","[NULL]"
23055,"MainThread",54847730154232,868875,"Running","[NULL]","[NULL]"
23055,"MainThread",54847731023107,14462917,"S","[NULL]","[NULL]"
23055,"MainThread",54847745486024,927458,"R","[NULL]","[NULL]"
23055,"MainThread",54847746413482,466292,"Running","[NULL]","[NULL]"
23055,"MainThread",54847746879774,13830000,"S","[NULL]","[NULL]"
23055,"MainThread",54847760709774,426542,"R","[NULL]","[NULL]"
23055,"MainThread",54847761136316,262750,"Running","[NULL]","[NULL]"
23055,"MainThread",54847761399066,26125,"R+","[NULL]","[NULL]"
23055,"MainThread",54847761425191,59083,"Running","[NULL]","[NULL]"
23055,"MainThread",54847761484274,22363667,"S","[NULL]","[NULL]"
23055,"MainThread",54847783847941,267625,"R","[NULL]","[NULL]"
23055,"MainThread",54847784115566,753166,"Running","[NULL]","[NULL]"
23055,"MainThread",54847784868732,6810167,"S","[NULL]","[NULL]"
23055,"MainThread",54847791678899,153458,"R","[NULL]","[NULL]"
23055,"MainThread",54847791832357,482167,"Running","[NULL]","[NULL]"
23055,"MainThread",54847792314524,15647167,"S","[NULL]","[NULL]"
23055,"MainThread",54847807961691,262083,"R","[NULL]","[NULL]"
23055,"MainThread",54847808223774,229000,"Running","[NULL]","[NULL]"
23055,"MainThread",54847808452774,16169292,"S","[NULL]","[NULL]"
23055,"MainThread",54847824622066,97667,"R","[NULL]","[NULL]"
23055,"MainThread",54847824719733,195958,"Running","[NULL]","[NULL]"
23055,"MainThread",54847824915691,17362583,"S","[NULL]","[NULL]"
23055,"MainThread",54847842278274,114209,"R","[NULL]","[NULL]"
23055,"MainThread",54847842392483,203666,"Running","[NULL]","[NULL]"
23055,"MainThread",54847842596149,15535584,"S","[NULL]","[NULL]"
23055,"MainThread",54847858131733,179208,"R","[NULL]","[NULL]"
23055,"MainThread",54847858310941,106375,"Running","[NULL]","[NULL]"
23055,"MainThread",54847858417316,16447125,"S","[NULL]","[NULL]"
23055,"MainThread",54847874864441,124583,"R","[NULL]","[NULL]"
23055,"MainThread",54847874989024,204209,"Running","[NULL]","[NULL]"
23055,"MainThread",54847875193233,16638750,"S","[NULL]","[NULL]"
23055,"MainThread",54847891831983,22958,"R","[NULL]","[NULL]"
23055,"MainThread",54847891854941,165292,"Running","[NULL]","[NULL]"
23055,"MainThread",54847892020233,499708,"R","[NULL]","[NULL]"
23055,"MainThread",54847892519941,159958,"Running","[NULL]","[NULL]"
23055,"MainThread",54847892679899,16590584,"S","[NULL]","[NULL]"
23055,"MainThread",54847909270483,262541,"R","[NULL]","[NULL]"
23055,"MainThread",54847909533024,83875,"Running","[NULL]","[NULL]"
23055,"MainThread",54847909616899,35375,"R+","[NULL]","[NULL]"
23055,"MainThread",54847909652274,204167,"Running","[NULL]","[NULL]"
23055,"MainThread",54847909856441,14558458,"S","[NULL]","[NULL]"
23055,"MainThread",54847924414899,24667,"R","[NULL]","[NULL]"
23055,"MainThread",54847924439566,67583,"Running","[NULL]","[NULL]"
23055,"MainThread",54847924507149,8500,"R+","[NULL]","[NULL]"
23055,"MainThread",54847924515649,19500,"Running","[NULL]","[NULL]"
23055,"MainThread",54847924535149,16780584,"S","[NULL]","[NULL]"
23055,"MainThread",54847941315733,108250,"R","[NULL]","[NULL]"
23055,"MainThread",54847941423983,476875,"Running","[NULL]","[NULL]"
23055,"MainThread",54847941900858,26435791,"S","[NULL]","[NULL]"
23055,"MainThread",54847968336649,182959,"R","[NULL]","[NULL]"
23055,"MainThread",54847968519608,884875,"Running","[NULL]","[NULL]"
23055,"MainThread",54847969404483,5389166,"S","[NULL]","[NULL]"
23055,"MainThread",54847974793649,187375,"R","[NULL]","[NULL]"
23055,"MainThread",54847974981024,177667,"Running","[NULL]","[NULL]"
23055,"MainThread",54847975158691,52625,"R+","[NULL]","[NULL]"
23055,"MainThread",54847975211316,64417,"Running","[NULL]","[NULL]"
23055,"MainThread",54847975275733,17205291,"S","[NULL]","[NULL]"
23055,"MainThread",54847992481024,86792,"R","[NULL]","[NULL]"
23055,"MainThread",54847992567816,172042,"Running","[NULL]","[NULL]"
23055,"MainThread",54847992739858,19625,"R+","[NULL]","[NULL]"
23055,"MainThread",54847992759483,29500,"Running","[NULL]","[NULL]"
23055,"MainThread",54847992788983,16613750,"S","[NULL]","[NULL]"
23055,"MainThread",54848009402733,156541,"R","[NULL]","[NULL]"
23055,"MainThread",54848009559274,155042,"Running","[NULL]","[NULL]"
23055,"MainThread",54848009714316,15103875,"S","[NULL]","[NULL]"
23055,"MainThread",54848024818191,176875,"R","[NULL]","[NULL]"
23055,"MainThread",54848024995066,194042,"Running","[NULL]","[NULL]"
23055,"MainThread",54848025189108,17184083,"S","[NULL]","[NULL]"
23055,"MainThread",54848042373191,149833,"R","[NULL]","[NULL]"
23055,"MainThread",54848042523024,200792,"Running","[NULL]","[NULL]"
23055,"MainThread",54848042723816,20027500,"S","[NULL]","[NULL]"
23055,"MainThread",54848062751316,104833,"R","[NULL]","[NULL]"
23055,"MainThread",54848062856149,279875,"Running","[NULL]","[NULL]"
23055,"MainThread",54848063136024,37792,"R+","[NULL]","[NULL]"
23055,"MainThread",54848063173816,55292,"Running","[NULL]","[NULL]"
23055,"MainThread",54848063229108,18428416,"S","[NULL]","[NULL]"
23055,"MainThread",54848081657524,210042,"R","[NULL]","[NULL]"
23055,"MainThread",54848081867566,264208,"Running","[NULL]","[NULL]"
23055,"MainThread",54848082131774,34375,"R+","[NULL]","[NULL]"
23055,"MainThread",54848082166149,168750,"Running","[NULL]","[NULL]"
23055,"MainThread",54848082334899,10154042,"S","[NULL]","[NULL]"
23055,"MainThread",54848092488941,119375,"R","[NULL]","[NULL]"
23055,"MainThread",54848092608316,93083,"Running","[NULL]","[NULL]"
23055,"MainThread",54848092701399,15084,"R","[NULL]","[NULL]"
23055,"MainThread",54848092716483,747375,"Running","[NULL]","[NULL]"
23055,"MainThread",54848093463858,15341875,"S","[NULL]","[NULL]"
23055,"MainThread",54848108805733,215250,"R","[NULL]","[NULL]"
23055,"MainThread",54848109020983,191541,"Running","[NULL]","[NULL]"
23055,"MainThread",54848109212524,15374709,"S","[NULL]","[NULL]"
23055,"MainThread",54848124587233,184208,"R","[NULL]","[NULL]"
23055,"MainThread",54848124771441,177500,"Running","[NULL]","[NULL]"
23055,"MainThread",54848124948941,22939875,"S","[NULL]","[NULL]"
23055,"MainThread",54848147888816,234208,"R","[NULL]","[NULL]"
23055,"MainThread",54848148123024,140542,"Running","[NULL]","[NULL]"
23055,"MainThread",54848148263566,19750,"R+","[NULL]","[NULL]"
23055,"MainThread",54848148283316,57000,"Running","[NULL]","[NULL]"
23055,"MainThread",54848148340316,9380708,"S","[NULL]","[NULL]"
23055,"MainThread",54848157721024,68000,"R","[NULL]","[NULL]"
23055,"MainThread",54848157789024,88584,"Running","[NULL]","[NULL]"
23055,"MainThread",54848157877608,187000,"R","[NULL]","[NULL]"
23055,"MainThread",54848158064608,72000,"Running","[NULL]","[NULL]"
23055,"MainThread",54848158136608,15333,"R+","[NULL]","[NULL]"
23055,"MainThread",54848158151941,36583,"Running","[NULL]","[NULL]"
23055,"MainThread",54848158188524,17152209,"S","[NULL]","[NULL]"
23055,"MainThread",54848175340733,276958,"R","[NULL]","[NULL]"
23055,"MainThread",54848175617691,1237250,"Running","[NULL]","[NULL]"
23055,"MainThread",54848176854941,20455875,"S","[NULL]","[NULL]"
23055,"MainThread",54848197310816,231708,"R","[NULL]","[NULL]"
23055,"MainThread",54848197542524,1883375,"Running","[NULL]","[NULL]"
23055,"MainThread",54848199425899,11029750,"S","[NULL]","[NULL]"
23055,"MainThread",54848210455649,515459,"R","[NULL]","[NULL]"
23055,"MainThread",54848210971108,583333,"Running","[NULL]","[NULL]"
23055,"MainThread",54848211554441,14323167,"S","[NULL]","[NULL]"
23055,"MainThread",54848225877608,78625,"R","[NULL]","[NULL]"
23055,"MainThread",54848225956233,138666,"Running","[NULL]","[NULL]"
23055,"MainThread",54848226094899,18334,"R+","[NULL]","[NULL]"
23055,"MainThread",54848226113233,34750,"Running","[NULL]","[NULL]"
23055,"MainThread",54848226147983,15824958,"S","[NULL]","[NULL]"
23055,"MainThread",54848241972941,78042,"R","[NULL]","[NULL]"
23055,"MainThread",54848242050983,635791,"Running","[NULL]","[NULL]"
23055,"MainThread",54848242686774,22820084,"S","[NULL]","[NULL]"
23055,"MainThread",54848265506858,256458,"R","[NULL]","[NULL]"
23055,"MainThread",54848265763316,611333,"Running","[NULL]","[NULL]"
23055,"MainThread",54848266374649,10915334,"S","[NULL]","[NULL]"
23055,"MainThread",54848277289983,315666,"R","[NULL]","[NULL]"
23055,"MainThread",54848277605649,234917,"Running","[NULL]","[NULL]"
23055,"MainThread",54848277840566,19173458,"S","[NULL]","[NULL]"
23055,"MainThread",54848297014024,142917,"R","[NULL]","[NULL]"
23055,"MainThread",54848297156941,7113875,"Running","[NULL]","[NULL]"
23055,"MainThread",54848304270816,166417,"R+","[NULL]","[NULL]"
23055,"MainThread",54848304437233,1192875,"Running","[NULL]","[NULL]"
23055,"MainThread",54848305630108,3098333,"S","[NULL]","[NULL]"
23055,"MainThread",54848308728441,42000,"R","[NULL]","[NULL]"
23055,"MainThread",54848308770441,364708,"Running","[NULL]","[NULL]"
23055,"MainThread",54848309135149,18368042,"S","[NULL]","[NULL]"
23055,"MainThread",54848327503191,288333,"R","[NULL]","[NULL]"
23055,"MainThread",54848327791524,501000,"Running","[NULL]","[NULL]"
23055,"MainThread",54848328292524,6500,"R","[NULL]","[NULL]"
23055,"MainThread",54848328299024,324084,"Running","[NULL]","[NULL]"
23055,"MainThread",54848328623108,81500,"R+","[NULL]","[NULL]"
23055,"MainThread",54848328704608,78000,"Running","[NULL]","[NULL]"
23055,"MainThread",54848328782608,14807416,"S","[NULL]","[NULL]"
23055,"MainThread",54848343590024,645250,"R","[NULL]","[NULL]"
23055,"MainThread",54848344235274,476542,"Running","[NULL]","[NULL]"
23055,"MainThread",54848344711816,14297167,"S","[NULL]","[NULL]"
23055,"MainThread",54848359008983,209416,"R","[NULL]","[NULL]"
23055,"MainThread",54848359218399,407209,"Running","[NULL]","[NULL]"
23055,"MainThread",54848359625608,83541,"R+","[NULL]","[NULL]"
23055,"MainThread",54848359709149,113875,"Running","[NULL]","[NULL]"
23055,"MainThread",54848359823024,16839959,"S","[NULL]","[NULL]"
23055,"MainThread",54848376662983,136125,"R","[NULL]","[NULL]"
23055,"MainThread",54848376799108,134166,"Running","[NULL]","[NULL]"
23055,"MainThread",54848376933274,134542,"R+","[NULL]","[NULL]"
23055,"MainThread",54848377067816,213625,"Running","[NULL]","[NULL]"
23055,"MainThread",54848377281441,14398375,"S","[NULL]","[NULL]"
23055,"MainThread",54848391679816,126542,"R","[NULL]","[NULL]"
23055,"MainThread",54848391806358,490291,"Running","[NULL]","[NULL]"
23055,"MainThread",54848392296649,15993042,"S","[NULL]","[NULL]"
23055,"MainThread",54848408289691,87667,"R","[NULL]","[NULL]"
23055,"MainThread",54848408377358,105625,"Running","[NULL]","[NULL]"
23055,"MainThread",54848408482983,11875,"R+","[NULL]","[NULL]"
23055,"MainThread",54848408494858,60166,"Running","[NULL]","[NULL]"
23055,"MainThread",54848408555024,16487917,"S","[NULL]","[NULL]"
23055,"MainThread",54848425042941,91667,"R","[NULL]","[NULL]"
23055,"MainThread",54848425134608,107833,"Running","[NULL]","[NULL]"
23055,"MainThread",54848425242441,15966667,"S","[NULL]","[NULL]"
23055,"MainThread",54848441209108,171583,"R","[NULL]","[NULL]"
23055,"MainThread",54848441380691,126667,"Running","[NULL]","[NULL]"
23055,"MainThread",54848441507358,19203791,"S","[NULL]","[NULL]"
23055,"MainThread",54848460711149,51125,"R","[NULL]","[NULL]"
23055,"MainThread",54848460762274,174042,"Running","[NULL]","[NULL]"
23055,"MainThread",54848460936316,12167,"R+","[NULL]","[NULL]"
23055,"MainThread",54848460948483,31750,"Running","[NULL]","[NULL]"
23055,"MainThread",54848460980233,13503166,"S","[NULL]","[NULL]"
23055,"MainThread",54848474483399,145584,"R","[NULL]","[NULL]"
23055,"MainThread",54848474628983,95000,"Running","[NULL]","[NULL]"
23055,"MainThread",54848474723983,18208458,"S","[NULL]","[NULL]"
23055,"MainThread",54848492932441,27042,"R","[NULL]","[NULL]"
23055,"MainThread",54848492959483,71333,"Running","[NULL]","[NULL]"
23055,"MainThread",54848493030816,17167,"R+","[NULL]","[NULL]"
23055,"MainThread",54848493047983,21916,"Running","[NULL]","[NULL]"
23055,"MainThread",54848493069899,15765459,"S","[NULL]","[NULL]"
23055,"MainThread",54848508835358,30125,"R","[NULL]","[NULL]"
23055,"MainThread",54848508865483,199583,"Running","[NULL]","[NULL]"
23055,"MainThread",54848509065066,16289000,"S","[NULL]","[NULL]"
23055,"MainThread",54848525354066,250500,"R","[NULL]","[NULL]"
23055,"MainThread",54848525604566,138792,"Running","[NULL]","[NULL]"
23055,"MainThread",54848525743358,12667,"R+","[NULL]","[NULL]"
23055,"MainThread",54848525756025,35375,"Running","[NULL]","[NULL]"
23055,"MainThread",54848525791400,17988166,"S","[NULL]","[NULL]"
23055,"MainThread",54848543779566,140084,"R","[NULL]","[NULL]"
23055,"MainThread",54848543919650,414208,"Running","[NULL]","[NULL]"
23055,"MainThread",54848544333858,24125,"R+","[NULL]","[NULL]"
23055,"MainThread",54848544357983,28250,"Running","[NULL]","[NULL]"
23055,"MainThread",54848544386233,13795292,"S","[NULL]","[NULL]"
23055,"MainThread",54848558181525,119208,"R","[NULL]","[NULL]"
23055,"MainThread",54848558300733,96042,"Running","[NULL]","[NULL]"
23055,"MainThread",54848558396775,16041,"R+","[NULL]","[NULL]"
23055,"MainThread",54848558412816,27292,"Running","[NULL]","[NULL]"
23055,"MainThread",54848558440108,18852167,"S","[NULL]","[NULL]"
23055,"MainThread",54848577292275,146250,"R","[NULL]","[NULL]"
23055,"MainThread",54848577438525,159250,"Running","[NULL]","[NULL]"
23055,"MainThread",54848577597775,19791,"R+","[NULL]","[NULL]"
23055,"MainThread",54848577617566,29209,"Running","[NULL]","[NULL]"
23055,"MainThread",54848577646775,17627416,"S","[NULL]","[NULL]"
23055,"MainThread",54848595274191,246500,"R","[NULL]","[NULL]"
23055,"MainThread",54848595520691,156125,"Running","[NULL]","[NULL]"
23055,"MainThread",54848595676816,13532042,"S","[NULL]","[NULL]"
23055,"MainThread",54848609208858,154208,"R","[NULL]","[NULL]"
23055,"MainThread",54848609363066,138459,"Running","[NULL]","[NULL]"
23055,"MainThread",54848609501525,16288000,"S","[NULL]","[NULL]"
23055,"MainThread",54848625789525,530875,"R","[NULL]","[NULL]"
23055,"MainThread",54848626320400,220250,"Running","[NULL]","[NULL]"
23055,"MainThread",54848626540650,21791,"R+","[NULL]","[NULL]"
23055,"MainThread",54848626562441,36209,"Running","[NULL]","[NULL]"
23055,"MainThread",54848626598650,15392000,"S","[NULL]","[NULL]"
23055,"MainThread",54848641990650,86041,"R","[NULL]","[NULL]"
23055,"MainThread",54848642076691,126042,"Running","[NULL]","[NULL]"
23055,"MainThread",54848642202733,13833,"R+","[NULL]","[NULL]"
23055,"MainThread",54848642216566,34834,"Running","[NULL]","[NULL]"
23055,"MainThread",54848642251400,26194958,"S","[NULL]","[NULL]"
23055,"MainThread",54848668446358,215000,"R","[NULL]","[NULL]"
23055,"MainThread",54848668661358,517083,"Running","[NULL]","[NULL]"
23055,"MainThread",54848669178441,81000,"R+","[NULL]","[NULL]"
23055,"MainThread",54848669259441,81500,"Running","[NULL]","[NULL]"
23055,"MainThread",54848669340941,8574375,"S","[NULL]","[NULL]"
23055,"MainThread",54848677915316,350250,"R","[NULL]","[NULL]"
23055,"MainThread",54848678265566,599084,"Running","[NULL]","[NULL]"
23055,"MainThread",54848678864650,45750,"R+","[NULL]","[NULL]"
23055,"MainThread",54848678910400,112500,"Running","[NULL]","[NULL]"
23055,"MainThread",54848679022900,12947000,"S","[NULL]","[NULL]"
23055,"MainThread",54848691969900,203375,"R","[NULL]","[NULL]"
23055,"MainThread",54848692173275,333375,"Running","[NULL]","[NULL]"
23055,"MainThread",54848692506650,15758291,"S","[NULL]","[NULL]"
23055,"MainThread",54848708264941,1174167,"R","[NULL]","[NULL]"
23055,"MainThread",54848709439108,347167,"Running","[NULL]","[NULL]"
23055,"MainThread",54848709786275,22750,"R+","[NULL]","[NULL]"
23055,"MainThread",54848709809025,70708,"Running","[NULL]","[NULL]"
23055,"MainThread",54848709879733,23518625,"S","[NULL]","[NULL]"
23055,"MainThread",54848733398358,353708,"R","[NULL]","[NULL]"
23055,"MainThread",54848733752066,254000,"Running","[NULL]","[NULL]"
23055,"MainThread",54848734006066,212875,"R+","[NULL]","[NULL]"
23055,"MainThread",54848734218941,114167,"Running","[NULL]","[NULL]"
23055,"MainThread",54848734333108,8276500,"S","[NULL]","[NULL]"
23055,"MainThread",54848742609608,147250,"R","[NULL]","[NULL]"
23055,"MainThread",54848742756858,356542,"Running","[NULL]","[NULL]"
23055,"MainThread",54848743113400,19605458,"S","[NULL]","[NULL]"
23055,"MainThread",54848762718858,48667,"R","[NULL]","[NULL]"
23055,"MainThread",54848762767525,308291,"Running","[NULL]","[NULL]"
23055,"MainThread",54848763075816,16363709,"S","[NULL]","[NULL]"
23055,"MainThread",54848779439525,89125,"R","[NULL]","[NULL]"
23055,"MainThread",54848779528650,246583,"Running","[NULL]","[NULL]"
23055,"MainThread",54848779775233,46167,"R+","[NULL]","[NULL]"
23055,"MainThread",54848779821400,103708,"Running","[NULL]","[NULL]"
23055,"MainThread",54848779925108,12252125,"S","[NULL]","[NULL]"
23055,"MainThread",54848792177233,2114333,"R","[NULL]","[NULL]"
23055,"MainThread",54848794291566,384875,"Running","[NULL]","[NULL]"
23055,"MainThread",54848794676441,14445667,"S","[NULL]","[NULL]"
23055,"MainThread",54848809122108,451417,"R","[NULL]","[NULL]"
23055,"MainThread",54848809573525,329333,"Running","[NULL]","[NULL]"
23055,"MainThread",54848809902858,228917,"R+","[NULL]","[NULL]"
23055,"MainThread",54848810131775,70166,"Running","[NULL]","[NULL]"
23055,"MainThread",54848810201941,18085917,"S","[NULL]","[NULL]"
23055,"MainThread",54848828287858,75292,"R","[NULL]","[NULL]"
23055,"MainThread",54848828363150,362291,"Running","[NULL]","[NULL]"
23055,"MainThread",54848828725441,50875,"R+","[NULL]","[NULL]"
23055,"MainThread",54848828776316,93042,"Running","[NULL]","[NULL]"
23055,"MainThread",54848828869358,16967375,"S","[NULL]","[NULL]"
23055,"MainThread",54848845836733,120417,"R","[NULL]","[NULL]"
23055,"MainThread",54848845957150,253958,"Running","[NULL]","[NULL]"
23055,"MainThread",54848846211108,19625,"R+","[NULL]","[NULL]"
23055,"MainThread",54848846230733,54792,"Running","[NULL]","[NULL]"
23055,"MainThread",54848846285525,15348458,"S","[NULL]","[NULL]"
23055,"MainThread",54848861633983,379333,"R","[NULL]","[NULL]"
23055,"MainThread",54848862013316,511709,"Running","[NULL]","[NULL]"
23055,"MainThread",54848862525025,15190708,"S","[NULL]","[NULL]"
23055,"MainThread",54848877715733,112083,"R","[NULL]","[NULL]"
23055,"MainThread",54848877827816,437417,"Running","[NULL]","[NULL]"
23055,"MainThread",54848878265233,33667,"R+","[NULL]","[NULL]"
23055,"MainThread",54848878298900,59541,"Running","[NULL]","[NULL]"
23055,"MainThread",54848878358441,16285625,"S","[NULL]","[NULL]"
23055,"MainThread",54848894644066,145292,"R","[NULL]","[NULL]"
23055,"MainThread",54848894789358,331167,"Running","[NULL]","[NULL]"
23055,"MainThread",54848895120525,17770958,"S","[NULL]","[NULL]"
23055,"MainThread",54848912891483,114833,"R","[NULL]","[NULL]"
23055,"MainThread",54848913006316,320375,"Running","[NULL]","[NULL]"
23055,"MainThread",54848913326691,15477834,"S","[NULL]","[NULL]"
23055,"MainThread",54848928804525,203333,"R","[NULL]","[NULL]"
23055,"MainThread",54848929007858,276583,"Running","[NULL]","[NULL]"
23055,"MainThread",54848929284441,24792,"R+","[NULL]","[NULL]"
23055,"MainThread",54848929309233,61208,"Running","[NULL]","[NULL]"
23055,"MainThread",54848929370441,15563625,"S","[NULL]","[NULL]"
23055,"MainThread",54848944934066,265417,"R","[NULL]","[NULL]"
23055,"MainThread",54848945199483,353000,"Running","[NULL]","[NULL]"
23055,"MainThread",54848945552483,31417,"R+","[NULL]","[NULL]"
23055,"MainThread",54848945583900,113416,"Running","[NULL]","[NULL]"
23055,"MainThread",54848945697316,14545084,"S","[NULL]","[NULL]"
23055,"MainThread",54848960242400,356000,"R","[NULL]","[NULL]"
23055,"MainThread",54848960598400,518125,"Running","[NULL]","[NULL]"
23055,"MainThread",54848961116525,16846125,"S","[NULL]","[NULL]"
23055,"MainThread",54848977962650,149250,"R","[NULL]","[NULL]"
23055,"MainThread",54848978111900,379041,"Running","[NULL]","[NULL]"
23055,"MainThread",54848978490941,13786292,"S","[NULL]","[NULL]"
23055,"MainThread",54848992277233,2068833,"R","[NULL]","[NULL]"
23055,"MainThread",54848994346066,397792,"Running","[NULL]","[NULL]"
23055,"MainThread",54848994743858,131167,"R+","[NULL]","[NULL]"
23055,"MainThread",54848994875025,91250,"Running","[NULL]","[NULL]"
23055,"MainThread",54848994966275,13311125,"S","[NULL]","[NULL]"
23055,"MainThread",54849008277400,52583,"R","[NULL]","[NULL]"
23055,"MainThread",54849008329983,350292,"Running","[NULL]","[NULL]"
23055,"MainThread",54849008680275,18229583,"S","[NULL]","[NULL]"
23055,"MainThread",54849026909858,111833,"R","[NULL]","[NULL]"
23055,"MainThread",54849027021691,181209,"Running","[NULL]","[NULL]"
23055,"MainThread",54849027202900,13890375,"S","[NULL]","[NULL]"
23055,"MainThread",54849041093275,54541,"R","[NULL]","[NULL]"
23055,"MainThread",54849041147816,96625,"Running","[NULL]","[NULL]"
23055,"MainThread",54849041244441,17459,"R+","[NULL]","[NULL]"
23055,"MainThread",54849041261900,33208,"Running","[NULL]","[NULL]"
23055,"MainThread",54849041295108,24426208,"S","[NULL]","[NULL]"
23055,"MainThread",54849065721316,349292,"R","[NULL]","[NULL]"
23055,"MainThread",54849066070608,472917,"Running","[NULL]","[NULL]"
23055,"MainThread",54849066543525,12049791,"S","[NULL]","[NULL]"
23055,"MainThread",54849078593316,292417,"R","[NULL]","[NULL]"
23055,"MainThread",54849078885733,434333,"Running","[NULL]","[NULL]"
23055,"MainThread",54849079320066,14147125,"S","[NULL]","[NULL]"
23055,"MainThread",54849093467191,76875,"R","[NULL]","[NULL]"
23055,"MainThread",54849093544066,380250,"Running","[NULL]","[NULL]"
23055,"MainThread",54849093924316,14322959,"S","[NULL]","[NULL]"
23055,"MainThread",54849108247275,276291,"R","[NULL]","[NULL]"
23055,"MainThread",54849108523566,395167,"Running","[NULL]","[NULL]"
23055,"MainThread",54849108918733,23895083,"S","[NULL]","[NULL]"
23055,"MainThread",54849132813816,364500,"R","[NULL]","[NULL]"
23055,"MainThread",54849133178316,438584,"Running","[NULL]","[NULL]"
23055,"MainThread",54849133616900,52125,"R+","[NULL]","[NULL]"
23055,"MainThread",54849133669025,96166,"Running","[NULL]","[NULL]"
23055,"MainThread",54849133765191,10655500,"S","[NULL]","[NULL]"
23055,"MainThread",54849144420691,123042,"R","[NULL]","[NULL]"
23055,"MainThread",54849144543733,346583,"Running","[NULL]","[NULL]"
23055,"MainThread",54849144890316,28500,"R+","[NULL]","[NULL]"
23055,"MainThread",54849144918816,59584,"Running","[NULL]","[NULL]"
23055,"MainThread",54849144978400,16674916,"S","[NULL]","[NULL]"
23055,"MainThread",54849161653316,185042,"R","[NULL]","[NULL]"
23055,"MainThread",54849161838358,227917,"Running","[NULL]","[NULL]"
23055,"MainThread",54849162066275,24000,"R+","[NULL]","[NULL]"
23055,"MainThread",54849162090275,43166,"Running","[NULL]","[NULL]"
23055,"MainThread",54849162133441,13816000,"S","[NULL]","[NULL]"
23055,"MainThread",54849175949441,226375,"R","[NULL]","[NULL]"
23055,"MainThread",54849176175816,567709,"Running","[NULL]","[NULL]"
23055,"MainThread",54849176743525,43083,"R+","[NULL]","[NULL]"
23055,"MainThread",54849176786608,106417,"Running","[NULL]","[NULL]"
23055,"MainThread",54849176893025,19821542,"S","[NULL]","[NULL]"
23055,"MainThread",54849196714567,435708,"R","[NULL]","[NULL]"
23055,"MainThread",54849197150275,793042,"Running","[NULL]","[NULL]"
23055,"MainThread",54849197943317,10315750,"S","[NULL]","[NULL]"
23055,"MainThread",54849208259067,156250,"R","[NULL]","[NULL]"
23055,"MainThread",54849208415317,144875,"Running","[NULL]","[NULL]"
23055,"MainThread",54849208560192,25504375,"S","[NULL]","[NULL]"
23055,"MainThread",54849234064567,287291,"R","[NULL]","[NULL]"
23055,"MainThread",54849234351858,955250,"Running","[NULL]","[NULL]"
23055,"MainThread",54849235307108,8412500,"S","[NULL]","[NULL]"
23055,"MainThread",54849243719608,169542,"R","[NULL]","[NULL]"
23055,"MainThread",54849243889150,369667,"Running","[NULL]","[NULL]"
23055,"MainThread",54849244258817,5875,"R","[NULL]","[NULL]"
23055,"MainThread",54849244264692,503583,"Running","[NULL]","[NULL]"
23055,"MainThread",54849244768275,17315042,"S","[NULL]","[NULL]"
23055,"MainThread",54849262083317,105125,"R","[NULL]","[NULL]"
23055,"MainThread",54849262188442,552666,"Running","[NULL]","[NULL]"
23055,"MainThread",54849262741108,11859500,"S","[NULL]","[NULL]"
23055,"MainThread",54849274600608,110167,"R","[NULL]","[NULL]"
23055,"MainThread",54849274710775,355917,"Running","[NULL]","[NULL]"
23055,"MainThread",54849275066692,16721500,"S","[NULL]","[NULL]"
23055,"MainThread",54849291788192,159125,"R","[NULL]","[NULL]"
23055,"MainThread",54849291947317,438958,"Running","[NULL]","[NULL]"
23055,"MainThread",54849292386275,38042,"R+","[NULL]","[NULL]"
23055,"MainThread",54849292424317,46708,"Running","[NULL]","[NULL]"
23055,"MainThread",54849292471025,17217583,"S","[NULL]","[NULL]"
23055,"MainThread",54849309688608,231334,"R","[NULL]","[NULL]"
23055,"MainThread",54849309919942,258625,"Running","[NULL]","[NULL]"
23055,"MainThread",54849310178567,21125,"R+","[NULL]","[NULL]"
23055,"MainThread",54849310199692,94208,"Running","[NULL]","[NULL]"
23055,"MainThread",54849310293900,16959833,"S","[NULL]","[NULL]"
23055,"MainThread",54849327253733,220250,"R","[NULL]","[NULL]"
23055,"MainThread",54849327473983,171667,"Running","[NULL]","[NULL]"
23055,"MainThread",54849327645650,14833,"R+","[NULL]","[NULL]"
23055,"MainThread",54849327660483,21709,"Running","[NULL]","[NULL]"
23055,"MainThread",54849327682192,20265166,"S","[NULL]","[NULL]"
23055,"MainThread",54849347947358,132250,"R","[NULL]","[NULL]"
23055,"MainThread",54849348079608,532834,"Running","[NULL]","[NULL]"
23055,"MainThread",54849348612442,9563583,"S","[NULL]","[NULL]"
23055,"MainThread",54849358176025,79917,"R","[NULL]","[NULL]"
23055,"MainThread",54849358255942,160583,"Running","[NULL]","[NULL]"
23055,"MainThread",54849358416525,16188625,"S","[NULL]","[NULL]"
23055,"MainThread",54849374605150,89458,"R","[NULL]","[NULL]"
23055,"MainThread",54849374694608,113042,"Running","[NULL]","[NULL]"
23055,"MainThread",54849374807650,22378333,"S","[NULL]","[NULL]"
23055,"MainThread",54849397185983,20334,"R","[NULL]","[NULL]"
23055,"MainThread",54849397206317,80833,"Running","[NULL]","[NULL]"
23055,"MainThread",54849397287150,9708,"R+","[NULL]","[NULL]"
23055,"MainThread",54849397296858,22667,"Running","[NULL]","[NULL]"
23055,"MainThread",54849397319525,11454292,"S","[NULL]","[NULL]"
23055,"MainThread",54849408773817,31708,"R","[NULL]","[NULL]"
23055,"MainThread",54849408805525,98583,"Running","[NULL]","[NULL]"
23055,"MainThread",54849408904108,20858375,"S","[NULL]","[NULL]"
23055,"MainThread",54849429762483,12209,"R","[NULL]","[NULL]"
23055,"MainThread",54849429774692,95041,"Running","[NULL]","[NULL]"
23055,"MainThread",54849429869733,9459,"R+","[NULL]","[NULL]"
23055,"MainThread",54849429879192,26916,"Running","[NULL]","[NULL]"
23055,"MainThread",54849429906108,16828042,"S","[NULL]","[NULL]"
23055,"MainThread",54849446734150,159958,"R","[NULL]","[NULL]"
23055,"MainThread",54849446894108,64875,"Running","[NULL]","[NULL]"
23055,"MainThread",54849446958983,11750,"R+","[NULL]","[NULL]"
23055,"MainThread",54849446970733,17917,"Running","[NULL]","[NULL]"
23055,"MainThread",54849446988650,14963958,"S","[NULL]","[NULL]"
23055,"MainThread",54849461952608,231667,"R","[NULL]","[NULL]"
23055,"MainThread",54849462184275,128792,"Running","[NULL]","[NULL]"
23055,"MainThread",54849462313067,14188125,"S","[NULL]","[NULL]"
23055,"MainThread",54849476501192,150666,"R","[NULL]","[NULL]"
23055,"MainThread",54849476651858,69375,"Running","[NULL]","[NULL]"
23055,"MainThread",54849476721233,14709,"R+","[NULL]","[NULL]"
23055,"MainThread",54849476735942,24458,"Running","[NULL]","[NULL]"
23055,"MainThread",54849476760400,18906542,"S","[NULL]","[NULL]"
23055,"MainThread",54849495666942,181125,"R","[NULL]","[NULL]"
23055,"MainThread",54849495848067,122291,"Running","[NULL]","[NULL]"
23055,"MainThread",54849495970358,12357375,"S","[NULL]","[NULL]"
23055,"MainThread",54849508327733,126542,"R","[NULL]","[NULL]"
23055,"MainThread",54849508454275,147375,"Running","[NULL]","[NULL]"
23055,"MainThread",54849508601650,17953125,"S","[NULL]","[NULL]"
23055,"MainThread",54849526554775,282875,"R","[NULL]","[NULL]"
23055,"MainThread",54849526837650,149917,"Running","[NULL]","[NULL]"
23055,"MainThread",54849526987567,17440125,"S","[NULL]","[NULL]"
23055,"MainThread",54849544427692,152750,"R","[NULL]","[NULL]"
23055,"MainThread",54849544580442,202458,"Running","[NULL]","[NULL]"
23055,"MainThread",54849544782900,17652667,"S","[NULL]","[NULL]"
23055,"MainThread",54849562435567,38916,"R","[NULL]","[NULL]"
23055,"MainThread",54849562474483,374459,"Running","[NULL]","[NULL]"
23055,"MainThread",54849562848942,13243291,"S","[NULL]","[NULL]"
23055,"MainThread",54849576092233,302584,"R","[NULL]","[NULL]"
23055,"MainThread",54849576394817,98375,"Running","[NULL]","[NULL]"
23055,"MainThread",54849576493192,22208,"R+","[NULL]","[NULL]"
23055,"MainThread",54849576515400,38958,"Running","[NULL]","[NULL]"
23055,"MainThread",54849576554358,17161250,"S","[NULL]","[NULL]"
23055,"MainThread",54849593715608,534959,"R","[NULL]","[NULL]"
23055,"MainThread",54849594250567,442208,"Running","[NULL]","[NULL]"
23055,"MainThread",54849594692775,50375,"R+","[NULL]","[NULL]"
23055,"MainThread",54849594743150,85917,"Running","[NULL]","[NULL]"
23055,"MainThread",54849594829067,13680708,"S","[NULL]","[NULL]"
23055,"MainThread",54849608509775,171583,"R","[NULL]","[NULL]"
23055,"MainThread",54849608681358,521334,"Running","[NULL]","[NULL]"
23055,"MainThread",54849609202692,16142833,"S","[NULL]","[NULL]"
23055,"MainThread",54849625345525,133042,"R","[NULL]","[NULL]"
23055,"MainThread",54849625478567,263000,"Running","[NULL]","[NULL]"
23055,"MainThread",54849625741567,2248083,"R+","[NULL]","[NULL]"
23055,"MainThread",54849627989650,149458,"Running","[NULL]","[NULL]"
23055,"MainThread",54849628139108,18681042,"S","[NULL]","[NULL]"
23055,"MainThread",54849646820150,114625,"R","[NULL]","[NULL]"
23055,"MainThread",54849646934775,490833,"Running","[NULL]","[NULL]"
23055,"MainThread",54849647425608,39292,"R+","[NULL]","[NULL]"
23055,"MainThread",54849647464900,83958,"Running","[NULL]","[NULL]"
23055,"MainThread",54849647548858,10530042,"S","[NULL]","[NULL]"
23055,"MainThread",54849658078900,101458,"R","[NULL]","[NULL]"
23055,"MainThread",54849658180358,191584,"Running","[NULL]","[NULL]"
23055,"MainThread",54849658371942,14958,"R+","[NULL]","[NULL]"
23055,"MainThread",54849658386900,42375,"Running","[NULL]","[NULL]"
23055,"MainThread",54849658429275,16355250,"S","[NULL]","[NULL]"
23055,"MainThread",54849674784525,321917,"R","[NULL]","[NULL]"
23055,"MainThread",54849675106442,194666,"Running","[NULL]","[NULL]"
23055,"MainThread",54849675301108,20459,"R+","[NULL]","[NULL]"
23055,"MainThread",54849675321567,35625,"Running","[NULL]","[NULL]"
23055,"MainThread",54849675357192,16161708,"S","[NULL]","[NULL]"
23055,"MainThread",54849691518900,140833,"R","[NULL]","[NULL]"
23055,"MainThread",54849691659733,279792,"Running","[NULL]","[NULL]"
23055,"MainThread",54849691939525,16231375,"S","[NULL]","[NULL]"
23055,"MainThread",54849708170900,101250,"R","[NULL]","[NULL]"
23055,"MainThread",54849708272150,119042,"Running","[NULL]","[NULL]"
23055,"MainThread",54849708391192,18688000,"S","[NULL]","[NULL]"
23055,"MainThread",54849727079192,121875,"R","[NULL]","[NULL]"
23055,"MainThread",54849727201067,184208,"Running","[NULL]","[NULL]"
23055,"MainThread",54849727385275,14696333,"S","[NULL]","[NULL]"
23055,"MainThread",54849742081608,60542,"R","[NULL]","[NULL]"
23055,"MainThread",54849742142150,66875,"Running","[NULL]","[NULL]"
23055,"MainThread",54849742209025,13083,"R+","[NULL]","[NULL]"
23055,"MainThread",54849742222108,45334,"Running","[NULL]","[NULL]"
23055,"MainThread",54849742267442,21122541,"S","[NULL]","[NULL]"
23055,"MainThread",54849763389983,75625,"R","[NULL]","[NULL]"
23055,"MainThread",54849763465608,406792,"Running","[NULL]","[NULL]"
23055,"MainThread",54849763872400,12987708,"S","[NULL]","[NULL]"
23055,"MainThread",54849776860108,84875,"R","[NULL]","[NULL]"
23055,"MainThread",54849776944983,107500,"Running","[NULL]","[NULL]"
23055,"MainThread",54849777052483,11125,"R+","[NULL]","[NULL]"
23055,"MainThread",54849777063608,26167,"Running","[NULL]","[NULL]"
23055,"MainThread",54849777089775,20652750,"S","[NULL]","[NULL]"
23055,"MainThread",54849797742525,155833,"R","[NULL]","[NULL]"
23055,"MainThread",54849797898358,100959,"Running","[NULL]","[NULL]"
23055,"MainThread",54849797999317,26041,"R+","[NULL]","[NULL]"
23055,"MainThread",54849798025358,30875,"Running","[NULL]","[NULL]"
23055,"MainThread",54849798056233,12537625,"S","[NULL]","[NULL]"
23055,"MainThread",54849810593858,110625,"R","[NULL]","[NULL]"
23055,"MainThread",54849810704483,248500,"Running","[NULL]","[NULL]"
23055,"MainThread",54849810952983,26209,"R+","[NULL]","[NULL]"
23055,"MainThread",54849810979192,33458,"Running","[NULL]","[NULL]"
23055,"MainThread",54849811012650,18031083,"S","[NULL]","[NULL]"
23055,"MainThread",54849829043733,222584,"R","[NULL]","[NULL]"
23055,"MainThread",54849829266317,246166,"Running","[NULL]","[NULL]"
23055,"MainThread",54849829512483,32375,"R+","[NULL]","[NULL]"
23055,"MainThread",54849829544858,41959,"Running","[NULL]","[NULL]"
23055,"MainThread",54849829586817,17913625,"S","[NULL]","[NULL]"
23055,"MainThread",54849847500442,358541,"R","[NULL]","[NULL]"
23055,"MainThread",54849847858983,352625,"Running","[NULL]","[NULL]"
23055,"MainThread",54849848211608,60917,"R","[NULL]","[NULL]"
23055,"MainThread",54849848272525,271958,"Running","[NULL]","[NULL]"
23055,"MainThread",54849848544483,53542,"R+","[NULL]","[NULL]"
23055,"MainThread",54849848598025,236000,"Running","[NULL]","[NULL]"
23055,"MainThread",54849848834025,13674917,"S","[NULL]","[NULL]"
23055,"MainThread",54849862508942,376583,"R","[NULL]","[NULL]"
23055,"MainThread",54849862885525,294875,"Running","[NULL]","[NULL]"
23055,"MainThread",54849863180400,32958,"R+","[NULL]","[NULL]"
23055,"MainThread",54849863213358,60459,"Running","[NULL]","[NULL]"
23055,"MainThread",54849863273817,16153291,"S","[NULL]","[NULL]"
23055,"MainThread",54849879427108,51209,"R","[NULL]","[NULL]"
23055,"MainThread",54849879478317,445416,"Running","[NULL]","[NULL]"
23055,"MainThread",54849879923733,14970959,"S","[NULL]","[NULL]"
23055,"MainThread",54849894894692,44625,"R","[NULL]","[NULL]"
23055,"MainThread",54849894939317,356500,"Running","[NULL]","[NULL]"
23055,"MainThread",54849895295817,14293583,"S","[NULL]","[NULL]"
23055,"MainThread",54849909589400,290042,"R","[NULL]","[NULL]"
23055,"MainThread",54849909879442,318958,"Running","[NULL]","[NULL]"
23055,"MainThread",54849910198400,33709,"R+","[NULL]","[NULL]"
23055,"MainThread",54849910232109,70000,"Running","[NULL]","[NULL]"
23055,"MainThread",54849910302109,17348291,"S","[NULL]","[NULL]"
23055,"MainThread",54849927650400,3689000,"R","[NULL]","[NULL]"
23055,"MainThread",54849931339400,256750,"Running","[NULL]","[NULL]"
23055,"MainThread",54849931596150,13446709,"S","[NULL]","[NULL]"
23055,"MainThread",54849945042859,122416,"R","[NULL]","[NULL]"
23055,"MainThread",54849945165275,727000,"Running","[NULL]","[NULL]"
23055,"MainThread",54849945892275,49834,"R+","[NULL]","[NULL]"
23055,"MainThread",54849945942109,307708,"Running","[NULL]","[NULL]"
23055,"MainThread",54849946249817,12261333,"S","[NULL]","[NULL]"
23055,"MainThread",54849958511150,190542,"R","[NULL]","[NULL]"
23055,"MainThread",54849958701692,188333,"Running","[NULL]","[NULL]"
23055,"MainThread",54849958890025,24167,"R+","[NULL]","[NULL]"
23055,"MainThread",54849958914192,48667,"Running","[NULL]","[NULL]"
23055,"MainThread",54849958962859,24008833,"S","[NULL]","[NULL]"
23055,"MainThread",54849982971692,158250,"R","[NULL]","[NULL]"
23055,"MainThread",54849983129942,129042,"Running","[NULL]","[NULL]"
23055,"MainThread",54849983258984,9708,"R","[NULL]","[NULL]"
23055,"MainThread",54849983268692,629750,"Running","[NULL]","[NULL]"
23055,"MainThread",54849983898442,7415792,"S","[NULL]","[NULL]"
23055,"MainThread",54849991314234,119083,"R","[NULL]","[NULL]"
23055,"MainThread",54849991433317,321250,"Running","[NULL]","[NULL]"
23055,"MainThread",54849991754567,599417,"R","[NULL]","[NULL]"
23055,"MainThread",54849992353984,356208,"Running","[NULL]","[NULL]"
23055,"MainThread",54849992710192,61208,"R+","[NULL]","[NULL]"
23055,"MainThread",54849992771400,97000,"Running","[NULL]","[NULL]"
23055,"MainThread",54849992868400,17061709,"S","[NULL]","[NULL]"
23055,"MainThread",54850009930109,199750,"R","[NULL]","[NULL]"
23055,"MainThread",54850010129859,219166,"Running","[NULL]","[NULL]"
23055,"MainThread",54850010349025,15089375,"S","[NULL]","[NULL]"
23055,"MainThread",54850025438400,86209,"R","[NULL]","[NULL]"
23055,"MainThread",54850025524609,238375,"Running","[NULL]","[NULL]"
23055,"MainThread",54850025762984,17518083,"S","[NULL]","[NULL]"
23055,"MainThread",54850043281067,107875,"R","[NULL]","[NULL]"
23055,"MainThread",54850043388942,881833,"Running","[NULL]","[NULL]"
23055,"MainThread",54850044270775,18459584,"S","[NULL]","[NULL]"
23055,"MainThread",54850062730359,129625,"R","[NULL]","[NULL]"
23055,"MainThread",54850062859984,621750,"Running","[NULL]","[NULL]"
23055,"MainThread",54850063481734,170000,"R+","[NULL]","[NULL]"
23055,"MainThread",54850063651734,115375,"Running","[NULL]","[NULL]"
23055,"MainThread",54850063767109,14289708,"S","[NULL]","[NULL]"
23055,"MainThread",54850078056817,328208,"R","[NULL]","[NULL]"
23055,"MainThread",54850078385025,277292,"Running","[NULL]","[NULL]"
23055,"MainThread",54850078662317,82042,"R+","[NULL]","[NULL]"
23055,"MainThread",54850078744359,107166,"Running","[NULL]","[NULL]"
23055,"MainThread",54850078851525,15687667,"S","[NULL]","[NULL]"
23055,"MainThread",54850094539192,12458,"R","[NULL]","[NULL]"
23055,"MainThread",54850094551650,230209,"Running","[NULL]","[NULL]"
23055,"MainThread",54850094781859,20458,"R+","[NULL]","[NULL]"
23055,"MainThread",54850094802317,56417,"Running","[NULL]","[NULL]"
23055,"MainThread",54850094858734,15799666,"S","[NULL]","[NULL]"
23055,"MainThread",54850110658400,202500,"R","[NULL]","[NULL]"
23055,"MainThread",54850110860900,360209,"Running","[NULL]","[NULL]"
23055,"MainThread",54850111221109,42291,"R+","[NULL]","[NULL]"
23055,"MainThread",54850111263400,63875,"Running","[NULL]","[NULL]"
23055,"MainThread",54850111327275,23855584,"S","[NULL]","[NULL]"
23055,"MainThread",54850135182859,339375,"R","[NULL]","[NULL]"
23055,"MainThread",54850135522234,653083,"Running","[NULL]","[NULL]"
23055,"MainThread",54850136175317,64250,"R+","[NULL]","[NULL]"
23055,"MainThread",54850136239567,83125,"Running","[NULL]","[NULL]"
23055,"MainThread",54850136322692,8262958,"S","[NULL]","[NULL]"
23055,"MainThread",54850144585650,456792,"R","[NULL]","[NULL]"
23055,"MainThread",54850145042442,507708,"Running","[NULL]","[NULL]"
23055,"MainThread",54850145550150,80209,"R+","[NULL]","[NULL]"
23055,"MainThread",54850145630359,93833,"Running","[NULL]","[NULL]"
23055,"MainThread",54850145724192,15208208,"S","[NULL]","[NULL]"
23055,"MainThread",54850160932400,80334,"R","[NULL]","[NULL]"
23055,"MainThread",54850161012734,519708,"Running","[NULL]","[NULL]"
23055,"MainThread",54850161532442,14131917,"S","[NULL]","[NULL]"
23055,"MainThread",54850175664359,159083,"R","[NULL]","[NULL]"
23055,"MainThread",54850175823442,521042,"Running","[NULL]","[NULL]"
23055,"MainThread",54850176344484,7166,"R+","[NULL]","[NULL]"
23055,"MainThread",54850176351650,736167,"Running","[NULL]","[NULL]"
23055,"MainThread",54850177087817,21757417,"S","[NULL]","[NULL]"
23055,"MainThread",54850198845234,82875,"R","[NULL]","[NULL]"
23055,"MainThread",54850198928109,199583,"Running","[NULL]","[NULL]"
23055,"MainThread",54850199127692,9448208,"S","[NULL]","[NULL]"
23055,"MainThread",54850208575900,115209,"R","[NULL]","[NULL]"
23055,"MainThread",54850208691109,963833,"Running","[NULL]","[NULL]"
23055,"MainThread",54850209654942,20343833,"S","[NULL]","[NULL]"
23055,"MainThread",54850229998775,326292,"R","[NULL]","[NULL]"
23055,"MainThread",54850230325067,770500,"Running","[NULL]","[NULL]"
23055,"MainThread",54850231095567,14921542,"S","[NULL]","[NULL]"
23055,"MainThread",54850246017109,125625,"R","[NULL]","[NULL]"
23055,"MainThread",54850246142734,843250,"Running","[NULL]","[NULL]"
23055,"MainThread",54850246985984,15309666,"S","[NULL]","[NULL]"
23055,"MainThread",54850262295650,735542,"R","[NULL]","[NULL]"
23055,"MainThread",54850263031192,738500,"Running","[NULL]","[NULL]"
23055,"MainThread",54850263769692,11012333,"S","[NULL]","[NULL]"
23055,"MainThread",54850274782025,83792,"R","[NULL]","[NULL]"
23055,"MainThread",54850274865817,251083,"Running","[NULL]","[NULL]"
23055,"MainThread",54850275116900,16112917,"S","[NULL]","[NULL]"
23055,"MainThread",54850291229817,91125,"R","[NULL]","[NULL]"
23055,"MainThread",54850291320942,289542,"Running","[NULL]","[NULL]"
